# 3ds Max Wavefront OBJ Exporter v0.99 - (c)2007 guruware
# File Created: 15.03.2025 15:49:59

mtllib piernaTrasera.mtl

#
# object C_rculo_002
#

v  -0.0750 0.0449 -0.4242
v  -0.0724 0.0434 -0.4119
v  -0.0537 0.0514 -0.4144
v  -0.0557 0.0531 -0.4268
v  -0.0348 0.0594 -0.4159
v  -0.0363 0.0614 -0.4283
v  -0.0559 0.0505 -0.4391
v  -0.0758 0.0420 -0.4365
v  -0.0360 0.0590 -0.4407
v  -0.0910 0.0355 -0.4084
v  -0.0864 0.0298 -0.3983
v  -0.0682 0.0375 -0.4017
v  -0.0500 0.0453 -0.4041
v  -0.0316 0.0531 -0.4056
v  -0.0132 0.0610 -0.4061
v  -0.0160 0.0675 -0.4164
v  -0.0169 0.0697 -0.4288
v  -0.0160 0.0675 -0.4413
v  -0.0336 0.0523 -0.4510
v  -0.0132 0.0610 -0.4516
v  -0.0541 0.0436 -0.4494
v  -0.0744 0.0349 -0.4467
v  -0.0946 0.0263 -0.4429
v  -0.0955 0.0336 -0.4328
v  -0.0942 0.0367 -0.4206
v  -0.0479 -0.0187 -0.4242
v  -0.0286 -0.0105 -0.4268
v  -0.0284 -0.0078 -0.4144
v  -0.0472 -0.0158 -0.4119
v  -0.0505 -0.0172 -0.4365
v  -0.0307 -0.0088 -0.4391
v  -0.0092 -0.0022 -0.4283
v  -0.0096 0.0002 -0.4159
v  -0.0107 -0.0003 -0.4407
v  -0.0658 -0.0237 -0.4084
v  -0.0485 -0.0087 -0.4017
v  -0.0667 -0.0165 -0.3983
v  -0.0671 -0.0269 -0.4206
v  -0.0702 -0.0256 -0.4328
v  -0.0748 -0.0199 -0.4429
v  -0.0547 -0.0113 -0.4467
v  -0.0344 -0.0027 -0.4494
v  -0.0139 0.0060 -0.4510
v  0.0093 0.0083 -0.4413
v  0.0065 0.0148 -0.4516
v  0.0102 0.0061 -0.4288
v  0.0093 0.0083 -0.4164
v  -0.0119 0.0069 -0.4056
v  0.0065 0.0148 -0.4061
v  -0.0303 -0.0009 -0.4041
v  -0.1232 -0.0508 -0.4037
v  -0.1048 -0.0429 -0.4103
v  -0.1024 -0.0394 -0.3984
v  -0.1203 -0.0470 -0.3920
v  -0.1280 -0.0503 -0.4154
v  -0.1090 -0.0422 -0.4222
v  -0.0860 -0.0350 -0.4159
v  -0.0842 -0.0316 -0.4039
v  -0.0897 -0.0340 -0.4280
v  -0.1199 -0.0391 -0.3823
v  -0.1371 -0.0465 -0.3751
v  -0.1379 -0.0545 -0.3846
v  -0.1414 -0.0586 -0.3961
v  -0.1467 -0.0583 -0.4075
v  -0.1531 -0.0533 -0.4171
v  -0.1340 -0.0452 -0.4251
v  -0.1145 -0.0369 -0.4321
v  -0.0948 -0.0285 -0.4380
v  -0.0847 -0.0241 -0.3939
v  -0.1024 -0.0317 -0.3885
v  -0.1935 -0.0808 -0.3676
v  -0.1765 -0.0735 -0.3780
v  -0.1721 -0.0691 -0.3670
v  -0.1885 -0.0761 -0.3569
v  -0.2003 -0.0811 -0.3782
v  -0.1829 -0.0737 -0.3890
v  -0.1592 -0.0661 -0.3875
v  -0.1552 -0.0619 -0.3763
v  -0.1650 -0.0661 -0.3987
v  -0.1864 -0.0675 -0.3481
v  -0.2020 -0.0741 -0.3374
v  -0.2045 -0.0829 -0.3459
v  -0.2099 -0.0878 -0.3563
v  -0.2172 -0.0883 -0.3666
v  -0.2252 -0.0840 -0.3752
v  -0.2079 -0.0767 -0.3871
v  -0.1901 -0.0691 -0.3980
v  -0.1718 -0.0613 -0.4080
v  -0.1539 -0.0537 -0.3669
v  -0.1704 -0.0607 -0.3579
v  -0.2558 -0.1074 -0.3173
v  -0.2411 -0.1011 -0.3311
v  -0.2348 -0.0958 -0.3215
v  -0.2491 -0.1019 -0.3081
v  -0.2644 -0.1085 -0.3265
v  -0.2493 -0.1020 -0.3407
v  -0.2258 -0.0945 -0.3441
v  -0.2199 -0.0895 -0.3341
v  -0.2335 -0.0953 -0.3541
v  -0.2455 -0.0927 -0.3004
v  -0.2588 -0.0984 -0.2866
v  -0.2628 -0.1077 -0.2939
v  -0.2699 -0.1134 -0.3027
v  -0.2789 -0.1146 -0.3115
v  -0.2736 -0.1047 -0.3341
v  -0.2884 -0.1110 -0.3188
v  -0.2581 -0.0981 -0.3487
v  -0.2419 -0.0912 -0.3623
v  -0.2170 -0.0806 -0.3258
v  -0.2315 -0.0867 -0.3135
v  -0.3080 -0.1296 -0.2547
v  -0.2960 -0.1245 -0.2714
v  -0.2881 -0.1186 -0.2635
v  -0.2997 -0.1235 -0.2473
v  -0.3181 -0.1313 -0.2621
v  -0.3058 -0.1261 -0.2793
v  -0.2833 -0.1191 -0.2874
v  -0.2758 -0.1133 -0.2790
v  -0.2927 -0.1205 -0.2957
v  -0.2949 -0.1138 -0.2412
v  -0.3055 -0.1183 -0.2248
v  -0.3106 -0.1281 -0.2305
v  -0.3192 -0.1344 -0.2374
v  -0.3296 -0.1363 -0.2443
v  -0.3403 -0.1331 -0.2501
v  -0.3285 -0.1281 -0.2683
v  -0.3159 -0.1227 -0.2858
v  -0.3025 -0.1170 -0.3027
v  -0.2715 -0.1038 -0.2721
v  -0.2836 -0.1089 -0.2570
v  -0.3479 -0.1466 -0.1823
v  -0.3392 -0.1429 -0.2012
v  -0.3300 -0.1364 -0.1953
v  -0.3385 -0.1400 -0.1770
v  -0.3592 -0.1489 -0.1876
v  -0.3502 -0.1450 -0.2070
v  -0.3296 -0.1388 -0.2196
v  -0.3207 -0.1325 -0.2132
v  -0.3403 -0.1408 -0.2260
v  -0.3327 -0.1299 -0.1726
v  -0.3402 -0.1331 -0.1543
v  -0.3462 -0.1433 -0.1582
v  -0.3558 -0.1500 -0.1630
v  -0.3673 -0.1523 -0.1677
v  -0.3788 -0.1495 -0.1717
v  -0.3705 -0.1460 -0.1920
v  -0.3613 -0.1421 -0.2119
v  -0.3512 -0.1378 -0.2313
v  -0.3154 -0.1225 -0.2079
v  -0.3244 -0.1264 -0.1905
v  -0.3741 -0.1578 -0.1028
v  -0.3689 -0.1556 -0.1232
v  -0.3589 -0.1487 -0.1196
v  -0.3639 -0.1509 -0.0998
v  -0.3861 -0.1603 -0.1058
v  -0.3808 -0.1581 -0.1268
v  -0.3628 -0.1530 -0.1432
v  -0.3530 -0.1462 -0.1391
v  -0.3745 -0.1554 -0.1474
v  -0.3575 -0.1405 -0.0973
v  -0.3615 -0.1422 -0.0777
v  -0.3681 -0.1526 -0.0797
v  -0.3784 -0.1596 -0.0822
v  -0.3905 -0.1622 -0.0846
v  -0.4026 -0.1597 -0.0866
v  -0.3981 -0.1578 -0.1083
v  -0.3926 -0.1554 -0.1298
v  -0.3862 -0.1527 -0.1509
v  -0.3468 -0.1359 -0.1356
v  -0.3526 -0.1384 -0.1166
v  -0.3855 -0.1626 -0.0193
v  -0.3841 -0.1620 -0.0404
v  -0.3736 -0.1550 -0.0391
v  -0.3750 -0.1556 -0.0187
v  -0.3978 -0.1653 -0.0199
v  -0.3964 -0.1647 -0.0416
v  -0.3817 -0.1610 -0.0613
v  -0.3713 -0.1540 -0.0595
v  -0.3939 -0.1637 -0.0632
v  -0.3683 -0.1451 -0.0182
v  -0.3688 -0.1453 0.0019
v  -0.3755 -0.1558 0.0019
v  -0.3860 -0.1628 0.0019
v  -0.3983 -0.1655 0.0019
v  -0.4101 -0.1629 -0.0204
v  -0.4106 -0.1631 0.0019
v  -0.4086 -0.1622 -0.0426
v  -0.4061 -0.1612 -0.0647
v  -0.3647 -0.1435 -0.0580
v  -0.3669 -0.1445 -0.0381
v  -0.3817 -0.1610 0.0651
v  -0.3841 -0.1620 0.0441
v  -0.3736 -0.1550 0.0429
v  -0.3713 -0.1540 0.0632
v  -0.3939 -0.1637 0.0669
v  -0.3964 -0.1647 0.0453
v  -0.3855 -0.1626 0.0230
v  -0.3750 -0.1556 0.0224
v  -0.3978 -0.1653 0.0236
v  -0.3647 -0.1435 0.0617
v  -0.3615 -0.1422 0.0815
v  -0.3681 -0.1526 0.0835
v  -0.3784 -0.1596 0.0859
v  -0.3905 -0.1622 0.0883
v  -0.4061 -0.1612 0.0684
v  -0.4026 -0.1597 0.0903
v  -0.4086 -0.1622 0.0463
v  -0.4101 -0.1629 0.0241
v  -0.3683 -0.1451 0.0219
v  -0.3669 -0.1445 0.0418
v  -0.3628 -0.1530 0.1470
v  -0.3689 -0.1556 0.1269
v  -0.3589 -0.1487 0.1233
v  -0.3530 -0.1462 0.1428
v  -0.3745 -0.1554 0.1512
v  -0.3808 -0.1581 0.1305
v  -0.3741 -0.1578 0.1065
v  -0.3639 -0.1509 0.1035
v  -0.3861 -0.1603 0.1095
v  -0.3468 -0.1359 0.1393
v  -0.3402 -0.1331 0.1580
v  -0.3462 -0.1433 0.1619
v  -0.3558 -0.1500 0.1667
v  -0.3673 -0.1523 0.1714
v  -0.3862 -0.1527 0.1546
v  -0.3788 -0.1495 0.1754
v  -0.3926 -0.1554 0.1335
v  -0.3981 -0.1578 0.1120
v  -0.3575 -0.1405 0.1010
v  -0.3526 -0.1384 0.1203
v  -0.3296 -0.1388 0.2233
v  -0.3392 -0.1429 0.2049
v  -0.3300 -0.1364 0.1990
v  -0.3207 -0.1325 0.2169
v  -0.3403 -0.1408 0.2297
v  -0.3502 -0.1450 0.2108
v  -0.3479 -0.1466 0.1860
v  -0.3385 -0.1400 0.1807
v  -0.3592 -0.1489 0.1913
v  -0.3154 -0.1225 0.2116
v  -0.3055 -0.1183 0.2285
v  -0.3106 -0.1281 0.2342
v  -0.3192 -0.1344 0.2411
v  -0.3296 -0.1363 0.2481
v  -0.3512 -0.1378 0.2350
v  -0.3403 -0.1331 0.2538
v  -0.3613 -0.1421 0.2156
v  -0.3705 -0.1460 0.1957
v  -0.3327 -0.1299 0.1763
v  -0.3244 -0.1264 0.1942
v  -0.2833 -0.1191 0.2911
v  -0.2960 -0.1245 0.2751
v  -0.2881 -0.1186 0.2672
v  -0.2758 -0.1133 0.2828
v  -0.2927 -0.1205 0.2995
v  -0.3058 -0.1261 0.2830
v  -0.3080 -0.1296 0.2584
v  -0.2997 -0.1235 0.2510
v  -0.3181 -0.1313 0.2658
v  -0.2715 -0.1038 0.2758
v  -0.2588 -0.0984 0.2903
v  -0.2628 -0.1077 0.2976
v  -0.2699 -0.1134 0.3064
v  -0.2789 -0.1146 0.3152
v  -0.3025 -0.1170 0.3064
v  -0.2884 -0.1110 0.3225
v  -0.3159 -0.1227 0.2895
v  -0.3285 -0.1281 0.2720
v  -0.2949 -0.1138 0.2449
v  -0.2836 -0.1089 0.2607
v  -0.2258 -0.0945 0.3478
v  -0.2411 -0.1011 0.3348
v  -0.2348 -0.0958 0.3252
v  -0.2199 -0.0895 0.3378
v  -0.2335 -0.0953 0.3578
v  -0.2493 -0.1020 0.3444
v  -0.2558 -0.1074 0.3210
v  -0.2491 -0.1019 0.3118
v  -0.2644 -0.1085 0.3302
v  -0.2170 -0.0806 0.3295
v  -0.2020 -0.0741 0.3411
v  -0.2045 -0.0829 0.3496
v  -0.2099 -0.0878 0.3600
v  -0.2172 -0.0883 0.3703
v  -0.2419 -0.0912 0.3661
v  -0.2252 -0.0840 0.3789
v  -0.2581 -0.0981 0.3524
v  -0.2736 -0.1047 0.3378
v  -0.2455 -0.0927 0.3041
v  -0.2315 -0.0867 0.3172
v  -0.1592 -0.0661 0.3912
v  -0.1765 -0.0735 0.3817
v  -0.1721 -0.0691 0.3707
v  -0.1552 -0.0619 0.3800
v  -0.1650 -0.0661 0.4025
v  -0.1829 -0.0737 0.3927
v  -0.1935 -0.0808 0.3713
v  -0.1885 -0.0761 0.3606
v  -0.2003 -0.0811 0.3820
v  -0.1539 -0.0537 0.3707
v  -0.1371 -0.0465 0.3788
v  -0.1379 -0.0545 0.3883
v  -0.1414 -0.0586 0.3998
v  -0.1467 -0.0583 0.4113
v  -0.1718 -0.0613 0.4118
v  -0.1531 -0.0533 0.4208
v  -0.1901 -0.0691 0.4018
v  -0.2079 -0.0767 0.3908
v  -0.1864 -0.0675 0.3518
v  -0.1704 -0.0607 0.3617
v  -0.0860 -0.0350 0.4197
v  -0.1048 -0.0429 0.4140
v  -0.1024 -0.0394 0.4021
v  -0.0842 -0.0316 0.4076
v  -0.0897 -0.0340 0.4317
v  -0.1090 -0.0422 0.4259
v  -0.1232 -0.0508 0.4074
v  -0.1203 -0.0470 0.3957
v  -0.1280 -0.0503 0.4191
v  -0.0847 -0.0241 0.3976
v  -0.0667 -0.0165 0.4020
v  -0.0658 -0.0237 0.4121
v  -0.0671 -0.0269 0.4243
v  -0.0702 -0.0256 0.4365
v  -0.0948 -0.0285 0.4417
v  -0.0748 -0.0199 0.4466
v  -0.1145 -0.0369 0.4358
v  -0.1340 -0.0452 0.4288
v  -0.1199 -0.0391 0.3860
v  -0.1024 -0.0317 0.3923
v  -0.0092 -0.0022 0.4320
v  -0.0286 -0.0105 0.4305
v  -0.0284 -0.0078 0.4181
v  -0.0096 0.0002 0.4196
v  -0.0107 -0.0003 0.4445
v  -0.0307 -0.0088 0.4429
v  -0.0479 -0.0187 0.4279
v  -0.0472 -0.0158 0.4156
v  -0.0505 -0.0172 0.4402
v  -0.0119 0.0069 0.4093
v  0.0065 0.0148 0.4098
v  0.0093 0.0083 0.4201
v  0.0102 0.0061 0.4326
v  0.0093 0.0083 0.4450
v  -0.0139 0.0060 0.4548
v  0.0065 0.0148 0.4553
v  -0.0344 -0.0027 0.4531
v  -0.0547 -0.0113 0.4504
v  -0.0485 -0.0087 0.4054
v  -0.0303 -0.0009 0.4079
v  0.0684 0.0309 0.4279
v  0.0491 0.0227 0.4305
v  0.0470 0.0243 0.4181
v  0.0658 0.0323 0.4156
v  0.0691 0.0338 0.4402
v  0.0493 0.0253 0.4429
v  0.0297 0.0144 0.4320
v  0.0282 0.0163 0.4196
v  0.0293 0.0168 0.4445
v  0.0616 0.0382 0.4054
v  0.0797 0.0460 0.4020
v  0.0844 0.0403 0.4121
v  0.0875 0.0390 0.4243
v  0.0888 0.0422 0.4365
v  0.0677 0.0409 0.4504
v  0.0879 0.0495 0.4466
v  0.0474 0.0322 0.4531
v  0.0270 0.0235 0.4548
v  0.0249 0.0226 0.4093
v  0.0433 0.0304 0.4079
v  0.1437 0.0630 0.4074
v  0.1252 0.0551 0.4140
v  0.1210 0.0559 0.4021
v  0.1389 0.0635 0.3957
v  0.1466 0.0668 0.4191
v  0.1276 0.0587 0.4259
v  0.1065 0.0471 0.4197
v  0.1028 0.0481 0.4076
v  0.1084 0.0505 0.4317
v  0.1330 0.0687 0.3860
v  0.1501 0.0760 0.3788
v  0.1565 0.0710 0.3883
v  0.1618 0.0707 0.3998
v  0.1653 0.0748 0.4113
v  0.1471 0.0747 0.4288
v  0.1662 0.0828 0.4208
v  0.1276 0.0664 0.4358
v  0.1079 0.0580 0.4417
v  0.0977 0.0536 0.3976
v  0.1155 0.0612 0.3923
v  0.2139 0.0929 0.3713
v  0.1970 0.0857 0.3817
v  0.1907 0.0856 0.3707
v  0.2071 0.0926 0.3606
v  0.2189 0.0976 0.3820
v  0.2015 0.0902 0.3927
v  0.1796 0.0783 0.3912
v  0.1738 0.0784 0.3800
v  0.1836 0.0826 0.4025
v  0.1995 0.0970 0.3518
v  0.2150 0.1037 0.3411
v  0.2231 0.0994 0.3496
v  0.2303 0.0999 0.3600
v  0.2358 0.1048 0.3703
v  0.2210 0.1062 0.3908
v  0.2383 0.1136 0.3789
v  0.2032 0.0986 0.4018
v  0.1849 0.0908 0.4118
v  0.1670 0.0832 0.3707
v  0.1834 0.0902 0.3617
v  0.2763 0.1195 0.3210
v  0.2616 0.1133 0.3348
v  0.2534 0.1123 0.3252
v  0.2677 0.1184 0.3118
v  0.2831 0.1250 0.3302
v  0.2679 0.1185 0.3444
v  0.2462 0.1067 0.3478
v  0.2385 0.1060 0.3378
v  0.2521 0.1118 0.3578
v  0.2586 0.1222 0.3041
v  0.2719 0.1279 0.2903
v  0.2814 0.1243 0.2976
v  0.2904 0.1255 0.3064
v  0.2975 0.1312 0.3152
v  0.2866 0.1342 0.3378
v  0.3015 0.1405 0.3225
v  0.2711 0.1276 0.3524
v  0.2550 0.1207 0.3661
v  0.2301 0.1101 0.3295
v  0.2446 0.1163 0.3172
v  0.3285 0.1418 0.2584
v  0.3165 0.1367 0.2751
v  0.3067 0.1351 0.2672
v  0.3183 0.1400 0.2510
v  0.3367 0.1479 0.2658
v  0.3244 0.1426 0.2830
v  0.3038 0.1313 0.2911
v  0.2944 0.1298 0.2828
v  0.3113 0.1370 0.2995
v  0.3080 0.1433 0.2449
v  0.3186 0.1478 0.2285
v  0.3292 0.1447 0.2342
v  0.3397 0.1466 0.2412
v  0.3482 0.1528 0.2481
v  0.3416 0.1576 0.2720
v  0.3533 0.1626 0.2538
v  0.3290 0.1522 0.2895
v  0.3156 0.1465 0.3064
v  0.2846 0.1333 0.2758
v  0.2966 0.1385 0.2607
v  0.3684 0.1588 0.1860
v  0.3596 0.1551 0.2049
v  0.3486 0.1529 0.1990
v  0.3571 0.1566 0.1807
v  0.3778 0.1654 0.1913
v  0.3688 0.1615 0.2108
v  0.3501 0.1510 0.2233
v  0.3393 0.1490 0.2169
v  0.3589 0.1573 0.2297
v  0.3458 0.1594 0.1763
v  0.3533 0.1626 0.1580
v  0.3648 0.1598 0.1619
v  0.3763 0.1622 0.1667
v  0.3859 0.1688 0.1714
v  0.3836 0.1755 0.1957
v  0.3919 0.1791 0.1754
v  0.3744 0.1716 0.2156
v  0.3643 0.1673 0.2350
v  0.3284 0.1520 0.2116
v  0.3375 0.1559 0.1942
v  0.3946 0.1700 0.1065
v  0.3894 0.1677 0.1269
v  0.3775 0.1652 0.1233
v  0.3825 0.1674 0.1035
v  0.4047 0.1769 0.1095
v  0.3994 0.1746 0.1305
v  0.3833 0.1651 0.1470
v  0.3716 0.1627 0.1428
v  0.3931 0.1719 0.1512
v  0.3706 0.1700 0.1010
v  0.3746 0.1717 0.0815
v  0.3867 0.1692 0.0835
v  0.3988 0.1718 0.0859
v  0.4091 0.1787 0.0883
v  0.4111 0.1873 0.1120
v  0.4156 0.1892 0.0903
v  0.4057 0.1849 0.1335
v  0.3993 0.1822 0.1546
v  0.3599 0.1654 0.1393
v  0.3657 0.1679 0.1203
v  0.4059 0.1748 0.0230
v  0.4045 0.1742 0.0441
v  0.3922 0.1715 0.0429
v  0.3936 0.1721 0.0224
v  0.4164 0.1819 0.0236
v  0.4150 0.1812 0.0453
v  0.4021 0.1732 0.0651
v  0.3899 0.1705 0.0632
v  0.4125 0.1802 0.0669
v  0.3814 0.1746 0.0219
v  0.3818 0.1748 0.0019
v  0.3941 0.1723 0.0019
v  0.4064 0.1750 0.0019
v  0.4169 0.1821 0.0019
v  0.4231 0.1924 0.0241
v  0.4236 0.1926 0.0019
v  0.4216 0.1917 0.0463
v  0.4191 0.1907 0.0684
v  0.3778 0.1730 0.0617
v  0.3800 0.1740 0.0418
v  0.4021 0.1732 -0.0613
v  0.4045 0.1742 -0.0404
v  0.3922 0.1715 -0.0391
v  0.3899 0.1705 -0.0595
v  0.4125 0.1802 -0.0632
v  0.4150 0.1812 -0.0416
v  0.4059 0.1748 -0.0193
v  0.3936 0.1721 -0.0187
v  0.4164 0.1819 -0.0199
v  0.3778 0.1730 -0.0580
v  0.3746 0.1717 -0.0777
v  0.3867 0.1692 -0.0797
v  0.3988 0.1718 -0.0822
v  0.4091 0.1787 -0.0846
v  0.4191 0.1907 -0.0647
v  0.4156 0.1892 -0.0866
v  0.4216 0.1917 -0.0426
v  0.4231 0.1924 -0.0204
v  0.3814 0.1746 -0.0182
v  0.3800 0.1740 -0.0381
v  0.3833 0.1651 -0.1432
v  0.3894 0.1677 -0.1232
v  0.3775 0.1652 -0.1196
v  0.3716 0.1627 -0.1391
v  0.3931 0.1719 -0.1474
v  0.3994 0.1746 -0.1268
v  0.3946 0.1700 -0.1028
v  0.3825 0.1674 -0.0998
v  0.4047 0.1769 -0.1058
v  0.3599 0.1654 -0.1356
v  0.3533 0.1626 -0.1543
v  0.3648 0.1598 -0.1582
v  0.3763 0.1622 -0.1630
v  0.3859 0.1688 -0.1677
v  0.3993 0.1822 -0.1509
v  0.3919 0.1791 -0.1717
v  0.4057 0.1849 -0.1298
v  0.4111 0.1873 -0.1083
v  0.3706 0.1700 -0.0973
v  0.3657 0.1679 -0.1166
v  0.3501 0.1510 -0.2196
v  0.3596 0.1551 -0.2012
v  0.3486 0.1529 -0.1953
v  0.3393 0.1490 -0.2132
v  0.3589 0.1573 -0.2260
v  0.3688 0.1615 -0.2070
v  0.3684 0.1588 -0.1823
v  0.3571 0.1566 -0.1770
v  0.3778 0.1654 -0.1876
v  0.3284 0.1520 -0.2079
v  0.3186 0.1478 -0.2248
v  0.3292 0.1447 -0.2305
v  0.3397 0.1466 -0.2374
v  0.3482 0.1528 -0.2443
v  0.3643 0.1673 -0.2313
v  0.3533 0.1626 -0.2501
v  0.3744 0.1716 -0.2119
v  0.3836 0.1755 -0.1920
v  0.3458 0.1594 -0.1726
v  0.3375 0.1559 -0.1905
v  0.3038 0.1313 -0.2874
v  0.3165 0.1367 -0.2714
v  0.3067 0.1351 -0.2635
v  0.2944 0.1298 -0.2790
v  0.3113 0.1370 -0.2957
v  0.3244 0.1426 -0.2793
v  0.3285 0.1418 -0.2547
v  0.3183 0.1400 -0.2473
v  0.3367 0.1479 -0.2621
v  0.2846 0.1333 -0.2721
v  0.2719 0.1279 -0.2866
v  0.2814 0.1243 -0.2939
v  0.2904 0.1255 -0.3027
v  0.2975 0.1312 -0.3115
v  0.3156 0.1465 -0.3027
v  0.3015 0.1405 -0.3188
v  0.3290 0.1522 -0.2858
v  0.3416 0.1576 -0.2683
v  0.3080 0.1433 -0.2412
v  0.2966 0.1385 -0.2570
v  0.2462 0.1067 -0.3441
v  0.2616 0.1133 -0.3311
v  0.2534 0.1123 -0.3215
v  0.2385 0.1060 -0.3341
v  0.2521 0.1118 -0.3541
v  0.2679 0.1185 -0.3407
v  0.2763 0.1195 -0.3173
v  0.2677 0.1184 -0.3081
v  0.2831 0.1250 -0.3265
v  0.2301 0.1101 -0.3258
v  0.2150 0.1037 -0.3374
v  0.2231 0.0994 -0.3459
v  0.2303 0.0999 -0.3563
v  0.2358 0.1048 -0.3666
v  0.2550 0.1207 -0.3623
v  0.2383 0.1136 -0.3752
v  0.2711 0.1276 -0.3487
v  0.2866 0.1342 -0.3341
v  0.2586 0.1222 -0.3004
v  0.2446 0.1163 -0.3135
v  0.1796 0.0783 -0.3875
v  0.1970 0.0857 -0.3780
v  0.1907 0.0856 -0.3670
v  0.1738 0.0784 -0.3763
v  0.1836 0.0826 -0.3987
v  0.2015 0.0902 -0.3890
v  0.2139 0.0929 -0.3676
v  0.2071 0.0926 -0.3569
v  0.2189 0.0976 -0.3782
v  0.1670 0.0832 -0.3669
v  0.1501 0.0760 -0.3751
v  0.1565 0.0710 -0.3846
v  0.1618 0.0707 -0.3961
v  0.1653 0.0748 -0.4075
v  0.1849 0.0908 -0.4080
v  0.1662 0.0828 -0.4171
v  0.2032 0.0986 -0.3980
v  0.2210 0.1062 -0.3871
v  0.1995 0.0970 -0.3481
v  0.1834 0.0902 -0.3579
v  0.1065 0.0471 -0.4159
v  0.1252 0.0551 -0.4103
v  0.1210 0.0559 -0.3984
v  0.1028 0.0481 -0.4039
v  0.1084 0.0505 -0.4280
v  0.1276 0.0587 -0.4222
v  0.1437 0.0630 -0.4037
v  0.1389 0.0635 -0.3920
v  0.1466 0.0668 -0.4154
v  0.0977 0.0536 -0.3939
v  0.0797 0.0460 -0.3983
v  0.0844 0.0403 -0.4084
v  0.0875 0.0390 -0.4206
v  0.0888 0.0422 -0.4328
v  0.1079 0.0580 -0.4380
v  0.0879 0.0495 -0.4429
v  0.1276 0.0664 -0.4321
v  0.1471 0.0747 -0.4251
v  0.1330 0.0687 -0.3823
v  0.1155 0.0612 -0.3885
v  0.0297 0.0144 -0.4283
v  0.0491 0.0227 -0.4268
v  0.0470 0.0243 -0.4144
v  0.0282 0.0163 -0.4159
v  0.0293 0.0168 -0.4407
v  0.0493 0.0253 -0.4391
v  0.0684 0.0309 -0.4242
v  0.0658 0.0323 -0.4119
v  0.0691 0.0338 -0.4365
v  0.0249 0.0226 -0.4056
v  0.0270 0.0235 -0.4510
v  0.0474 0.0322 -0.4494
v  0.0677 0.0409 -0.4467
v  0.0616 0.0382 -0.4017
v  0.0433 0.0304 -0.4041
v  -0.1276 0.0199 -0.3984
v  -0.1319 0.0206 -0.4103
v  -0.1504 0.0128 -0.4037
v  -0.1456 0.0122 -0.3920
v  -0.1094 0.0276 -0.4039
v  -0.1131 0.0286 -0.4159
v  -0.1343 0.0170 -0.4222
v  -0.1533 0.0089 -0.4154
v  -0.1150 0.0253 -0.4280
v  -0.1396 0.0071 -0.3823
v  -0.1632 0.0047 -0.3846
v  -0.1568 -0.0002 -0.3751
v  -0.1221 0.0145 -0.3885
v  -0.1044 0.0221 -0.3939
v  -0.1145 0.0178 -0.4380
v  -0.1343 0.0094 -0.4321
v  -0.1537 0.0011 -0.4251
v  -0.1728 -0.0071 -0.4171
v  -0.1719 0.0010 -0.4075
v  -0.1685 0.0050 -0.3961
v  -0.1973 -0.0098 -0.3670
v  -0.2036 -0.0100 -0.3780
v  -0.2206 -0.0172 -0.3676
v  -0.2138 -0.0168 -0.3569
v  -0.1805 -0.0026 -0.3763
v  -0.1863 -0.0026 -0.3875
v  -0.2081 -0.0144 -0.3890
v  -0.2255 -0.0219 -0.3782
v  -0.1902 -0.0068 -0.3987
v  -0.2297 -0.0236 -0.3459
v  -0.2217 -0.0279 -0.3374
v  -0.2061 -0.0213 -0.3481
v  -0.1901 -0.0144 -0.3579
v  -0.1736 -0.0074 -0.3669
v  -0.1915 -0.0150 -0.4080
v  -0.2098 -0.0228 -0.3980
v  -0.2276 -0.0304 -0.3871
v  -0.2449 -0.0378 -0.3752
v  -0.2424 -0.0291 -0.3666
v  -0.2370 -0.0242 -0.3563
v  -0.2600 -0.0366 -0.3215
v  -0.2682 -0.0375 -0.3311
v  -0.2829 -0.0438 -0.3173
v  -0.2743 -0.0427 -0.3081
v  -0.2452 -0.0302 -0.3341
v  -0.2529 -0.0310 -0.3441
v  -0.2746 -0.0428 -0.3407
v  -0.2897 -0.0492 -0.3265
v  -0.2588 -0.0360 -0.3541
v  -0.2880 -0.0485 -0.2939
v  -0.2785 -0.0521 -0.2866
v  -0.2652 -0.0465 -0.3004
v  -0.2513 -0.0405 -0.3135
v  -0.2367 -0.0343 -0.3258
v  -0.2617 -0.0449 -0.3623
v  -0.2778 -0.0518 -0.3487
v  -0.2933 -0.0584 -0.3341
v  -0.3081 -0.0648 -0.3188
v  -0.3042 -0.0554 -0.3115
v  -0.2970 -0.0498 -0.3027
v  -0.3134 -0.0593 -0.2635
v  -0.3231 -0.0609 -0.2714
v  -0.3351 -0.0660 -0.2547
v  -0.3250 -0.0643 -0.2473
v  -0.3010 -0.0541 -0.2790
v  -0.3104 -0.0555 -0.2874
v  -0.3311 -0.0669 -0.2793
v  -0.3434 -0.0721 -0.2621
v  -0.3180 -0.0613 -0.2957
v  -0.3359 -0.0689 -0.2305
v  -0.3252 -0.0720 -0.2248
v  -0.3146 -0.0675 -0.2412
v  -0.3033 -0.0627 -0.2570
v  -0.2912 -0.0576 -0.2721
v  -0.3222 -0.0708 -0.3027
v  -0.3356 -0.0765 -0.2858
v  -0.3482 -0.0819 -0.2683
v  -0.3600 -0.0869 -0.2501
v  -0.3549 -0.0770 -0.2443
v  -0.3463 -0.0708 -0.2374
v  -0.3553 -0.0772 -0.1953
v  -0.3663 -0.0793 -0.2012
v  -0.3750 -0.0830 -0.1823
v  -0.3638 -0.0808 -0.1770
v  -0.3460 -0.0732 -0.2132
v  -0.3567 -0.0752 -0.2196
v  -0.3755 -0.0858 -0.2070
v  -0.3844 -0.0896 -0.1876
v  -0.3656 -0.0816 -0.2260
v  -0.3714 -0.0841 -0.1582
v  -0.3599 -0.0868 -0.1543
v  -0.3524 -0.0837 -0.1726
v  -0.3441 -0.0801 -0.1905
v  -0.3351 -0.0763 -0.2079
v  -0.3709 -0.0915 -0.2313
v  -0.3810 -0.0959 -0.2119
v  -0.3902 -0.0998 -0.1920
v  -0.3985 -0.1033 -0.1717
v  -0.3926 -0.0931 -0.1677
v  -0.3829 -0.0864 -0.1630
v  -0.3841 -0.0895 -0.1196
v  -0.3960 -0.0920 -0.1232
v  -0.4012 -0.0942 -0.1028
v  -0.3892 -0.0916 -0.0998
v  -0.3782 -0.0870 -0.1391
v  -0.3899 -0.0894 -0.1432
v  -0.4060 -0.0988 -0.1268
v  -0.4114 -0.1011 -0.1058
v  -0.3998 -0.0961 -0.1474
v  -0.3933 -0.0934 -0.0797
v  -0.3813 -0.0959 -0.0777
v  -0.3772 -0.0942 -0.0973
v  -0.3723 -0.0921 -0.1166
v  -0.3665 -0.0897 -0.1356
v  -0.4059 -0.1065 -0.1509
v  -0.4123 -0.1092 -0.1298
v  -0.4178 -0.1115 -0.1083
v  -0.4223 -0.1134 -0.0866
v  -0.4158 -0.1030 -0.0846
v  -0.4055 -0.0960 -0.0822
v  -0.3989 -0.0958 -0.0391
v  -0.4112 -0.0985 -0.0404
v  -0.4126 -0.0991 -0.0193
v  -0.4002 -0.0964 -0.0187
v  -0.3965 -0.0948 -0.0595
v  -0.4088 -0.0974 -0.0613
v  -0.4216 -0.1055 -0.0416
v  -0.4231 -0.1061 -0.0199
v  -0.4192 -0.1044 -0.0632
v  -0.4007 -0.0966 0.0019
v  -0.3885 -0.0990 0.0019
v  -0.3880 -0.0988 -0.0182
v  -0.3867 -0.0982 -0.0381
v  -0.3844 -0.0973 -0.0580
v  -0.4258 -0.1149 -0.0647
v  -0.4283 -0.1160 -0.0426
v  -0.4298 -0.1166 -0.0204
v  -0.4303 -0.1169 0.0019
v  -0.4236 -0.1063 0.0019
v  -0.4131 -0.0993 0.0019
v  -0.3989 -0.0958 0.0429
v  -0.4112 -0.0985 0.0441
v  -0.4088 -0.0974 0.0651
v  -0.3965 -0.0948 0.0632
v  -0.4002 -0.0964 0.0224
v  -0.4126 -0.0991 0.0230
v  -0.4216 -0.1055 0.0453
v  -0.4192 -0.1044 0.0669
v  -0.4231 -0.1061 0.0236
v  -0.3933 -0.0934 0.0835
v  -0.3813 -0.0959 0.0815
v  -0.3844 -0.0973 0.0617
v  -0.3867 -0.0982 0.0418
v  -0.3880 -0.0988 0.0219
v  -0.4298 -0.1166 0.0241
v  -0.4283 -0.1160 0.0463
v  -0.4258 -0.1149 0.0684
v  -0.4223 -0.1134 0.0903
v  -0.4158 -0.1030 0.0883
v  -0.4055 -0.0960 0.0859
v  -0.3841 -0.0895 0.1233
v  -0.3960 -0.0920 0.1269
v  -0.3899 -0.0894 0.1470
v  -0.3782 -0.0870 0.1428
v  -0.3892 -0.0916 0.1035
v  -0.4012 -0.0942 0.1065
v  -0.4060 -0.0988 0.1305
v  -0.3998 -0.0961 0.1512
v  -0.4114 -0.1011 0.1095
v  -0.3714 -0.0841 0.1619
v  -0.3599 -0.0868 0.1580
v  -0.3665 -0.0897 0.1393
v  -0.3723 -0.0921 0.1203
v  -0.3772 -0.0942 0.1010
v  -0.4178 -0.1115 0.1120
v  -0.4123 -0.1092 0.1335
v  -0.4059 -0.1065 0.1546
v  -0.3985 -0.1033 0.1754
v  -0.3926 -0.0931 0.1714
v  -0.3829 -0.0864 0.1667
v  -0.3553 -0.0772 0.1990
v  -0.3663 -0.0793 0.2049
v  -0.3567 -0.0752 0.2233
v  -0.3460 -0.0732 0.2169
v  -0.3638 -0.0808 0.1807
v  -0.3750 -0.0830 0.1860
v  -0.3755 -0.0858 0.2108
v  -0.3656 -0.0816 0.2297
v  -0.3844 -0.0896 0.1913
v  -0.3359 -0.0689 0.2342
v  -0.3252 -0.0720 0.2285
v  -0.3351 -0.0763 0.2116
v  -0.3441 -0.0801 0.1942
v  -0.3524 -0.0837 0.1763
v  -0.3902 -0.0998 0.1957
v  -0.3810 -0.0959 0.2156
v  -0.3709 -0.0915 0.2350
v  -0.3600 -0.0869 0.2538
v  -0.3549 -0.0770 0.2481
v  -0.3463 -0.0708 0.2411
v  -0.3134 -0.0593 0.2672
v  -0.3231 -0.0609 0.2751
v  -0.3104 -0.0555 0.2911
v  -0.3010 -0.0541 0.2828
v  -0.3250 -0.0643 0.2510
v  -0.3351 -0.0660 0.2584
v  -0.3311 -0.0669 0.2830
v  -0.3180 -0.0613 0.2995
v  -0.3434 -0.0721 0.2658
v  -0.2880 -0.0485 0.2976
v  -0.2785 -0.0521 0.2903
v  -0.2912 -0.0576 0.2758
v  -0.3033 -0.0627 0.2607
v  -0.3146 -0.0675 0.2449
v  -0.3482 -0.0819 0.2720
v  -0.3356 -0.0765 0.2895
v  -0.3222 -0.0708 0.3064
v  -0.3081 -0.0648 0.3225
v  -0.3042 -0.0554 0.3152
v  -0.2970 -0.0498 0.3064
v  -0.2600 -0.0366 0.3252
v  -0.2682 -0.0375 0.3348
v  -0.2529 -0.0310 0.3478
v  -0.2452 -0.0302 0.3378
v  -0.2743 -0.0427 0.3118
v  -0.2829 -0.0438 0.3210
v  -0.2746 -0.0428 0.3444
v  -0.2588 -0.0360 0.3578
v  -0.2897 -0.0492 0.3302
v  -0.2297 -0.0236 0.3496
v  -0.2217 -0.0279 0.3411
v  -0.2367 -0.0343 0.3295
v  -0.2513 -0.0405 0.3172
v  -0.2652 -0.0465 0.3041
v  -0.2933 -0.0584 0.3378
v  -0.2778 -0.0518 0.3524
v  -0.2617 -0.0449 0.3661
v  -0.2449 -0.0378 0.3789
v  -0.2424 -0.0291 0.3703
v  -0.2370 -0.0242 0.3600
v  -0.1973 -0.0098 0.3707
v  -0.2036 -0.0100 0.3817
v  -0.1863 -0.0026 0.3912
v  -0.1805 -0.0026 0.3800
v  -0.2138 -0.0168 0.3606
v  -0.2206 -0.0172 0.3713
v  -0.2081 -0.0144 0.3927
v  -0.1902 -0.0068 0.4025
v  -0.2255 -0.0219 0.3820
v  -0.1632 0.0047 0.3883
v  -0.1568 -0.0002 0.3788
v  -0.1736 -0.0074 0.3707
v  -0.1901 -0.0144 0.3617
v  -0.2061 -0.0213 0.3518
v  -0.2276 -0.0304 0.3908
v  -0.2098 -0.0228 0.4018
v  -0.1915 -0.0150 0.4118
v  -0.1728 -0.0071 0.4208
v  -0.1719 0.0010 0.4113
v  -0.1685 0.0050 0.3998
v  -0.1276 0.0199 0.4021
v  -0.1319 0.0206 0.4140
v  -0.1131 0.0286 0.4197
v  -0.1094 0.0276 0.4076
v  -0.1456 0.0122 0.3957
v  -0.1504 0.0128 0.4074
v  -0.1343 0.0170 0.4259
v  -0.1150 0.0253 0.4317
v  -0.1533 0.0089 0.4191
v  -0.0910 0.0355 0.4121
v  -0.0864 0.0298 0.4020
v  -0.1044 0.0221 0.3976
v  -0.1221 0.0145 0.3923
v  -0.1396 0.0071 0.3860
v  -0.1537 0.0011 0.4288
v  -0.1343 0.0094 0.4358
v  -0.1145 0.0178 0.4417
v  -0.0946 0.0263 0.4466
v  -0.0955 0.0336 0.4365
v  -0.0942 0.0367 0.4243
v  -0.0537 0.0514 0.4181
v  -0.0557 0.0531 0.4305
v  -0.0363 0.0614 0.4320
v  -0.0348 0.0594 0.4196
v  -0.0724 0.0434 0.4156
v  -0.0750 0.0449 0.4279
v  -0.0559 0.0505 0.4429
v  -0.0360 0.0590 0.4445
v  -0.0758 0.0420 0.4402
v  -0.0160 0.0675 0.4201
v  -0.0132 0.0610 0.4098
v  -0.0316 0.0531 0.4093
v  -0.0500 0.0453 0.4079
v  -0.0682 0.0375 0.4054
v  -0.0744 0.0349 0.4504
v  -0.0541 0.0436 0.4531
v  -0.0336 0.0523 0.4548
v  -0.0132 0.0610 0.4553
v  -0.0160 0.0675 0.4450
v  -0.0169 0.0697 0.4326
v  0.0218 0.0836 0.4181
v  0.0220 0.0862 0.4305
v  0.0413 0.0945 0.4279
v  0.0405 0.0916 0.4156
v  0.0029 0.0755 0.4196
v  0.0026 0.0780 0.4320
v  0.0240 0.0845 0.4429
v  0.0439 0.0930 0.4402
v  0.0040 0.0760 0.4445
v  0.0591 0.0995 0.4121
v  0.0600 0.0922 0.4020
v  0.0419 0.0845 0.4054
v  0.0236 0.0767 0.4079
v  0.0052 0.0688 0.4093
v  0.0073 0.0697 0.4548
v  0.0277 0.0784 0.4531
v  0.0480 0.0871 0.4504
v  0.0682 0.0957 0.4466
v  0.0636 0.1014 0.4365
v  0.0604 0.1026 0.4243
v  0.0957 0.1151 0.4021
v  0.0981 0.1187 0.4140
v  0.1166 0.1266 0.4074
v  0.1137 0.1228 0.3957
v  0.0775 0.1074 0.4076
v  0.0794 0.1107 0.4197
v  0.1024 0.1179 0.4259
v  0.1214 0.1260 0.4191
v  0.0831 0.1097 0.4317
v  0.1313 0.1303 0.3883
v  0.1304 0.1222 0.3788
v  0.1132 0.1149 0.3860
v  0.0958 0.1074 0.3923
v  0.0780 0.0999 0.3976
v  0.0882 0.1042 0.4417
v  0.1079 0.1126 0.4358
v  0.1273 0.1209 0.4288
v  0.1464 0.1291 0.4208
v  0.1400 0.1340 0.4113
v  0.1347 0.1343 0.3998
v  0.1654 0.1448 0.3707
v  0.1699 0.1493 0.3817
v  0.1868 0.1565 0.3713
v  0.1819 0.1518 0.3606
v  0.1486 0.1376 0.3800
v  0.1525 0.1419 0.3912
v  0.1762 0.1494 0.3927
v  0.1936 0.1569 0.3820
v  0.1583 0.1418 0.4025
v  0.1978 0.1586 0.3496
v  0.1953 0.1499 0.3411
v  0.1798 0.1433 0.3518
v  0.1637 0.1364 0.3617
v  0.1473 0.1294 0.3707
v  0.1652 0.1370 0.4118
v  0.1834 0.1448 0.4018
v  0.2013 0.1524 0.3908
v  0.2186 0.1598 0.3789
v  0.2105 0.1641 0.3703
v  0.2032 0.1635 0.3600
v  0.2281 0.1716 0.3252
v  0.2345 0.1768 0.3348
v  0.2492 0.1831 0.3210
v  0.2424 0.1777 0.3118
v  0.2132 0.1652 0.3378
v  0.2191 0.1703 0.3478
v  0.2426 0.1778 0.3444
v  0.2578 0.1842 0.3302
v  0.2269 0.1710 0.3578
v  0.2561 0.1835 0.2976
v  0.2522 0.1741 0.2903
v  0.2388 0.1685 0.3041
v  0.2249 0.1625 0.3172
v  0.2104 0.1563 0.3295
v  0.2353 0.1669 0.3661
v  0.2514 0.1738 0.3524
v  0.2669 0.1804 0.3378
v  0.2818 0.1867 0.3225
v  0.2723 0.1904 0.3152
v  0.2633 0.1891 0.3064
v  0.2815 0.1943 0.2672
v  0.2894 0.2002 0.2751
v  0.3014 0.2053 0.2584
v  0.2931 0.1993 0.2510
v  0.2691 0.1890 0.2828
v  0.2767 0.1948 0.2911
v  0.2992 0.2018 0.2830
v  0.3115 0.2071 0.2658
v  0.2861 0.1963 0.2995
v  0.3040 0.2039 0.2342
v  0.2989 0.1940 0.2285
v  0.2883 0.1895 0.2449
v  0.2769 0.1847 0.2607
v  0.2649 0.1796 0.2758
v  0.2959 0.1928 0.3064
v  0.3093 0.1985 0.2895
v  0.3218 0.2038 0.2720
v  0.3336 0.2089 0.2538
v  0.3230 0.2120 0.2481
v  0.3126 0.2101 0.2412
v  0.3234 0.2122 0.1990
v  0.3325 0.2186 0.2049
v  0.3413 0.2224 0.1860
v  0.3319 0.2158 0.1807
v  0.3141 0.2082 0.2169
v  0.3230 0.2146 0.2233
v  0.3435 0.2208 0.2108
v  0.3525 0.2246 0.1913
v  0.3337 0.2166 0.2297
v  0.3395 0.2191 0.1619
v  0.3335 0.2088 0.1580
v  0.3261 0.2056 0.1763
v  0.3178 0.2021 0.1942
v  0.3087 0.1982 0.2116
v  0.3446 0.2135 0.2350
v  0.3547 0.2178 0.2156
v  0.3639 0.2218 0.1957
v  0.3722 0.2253 0.1754
v  0.3607 0.2281 0.1714
v  0.3492 0.2257 0.1667
v  0.3522 0.2245 0.1233
v  0.3623 0.2313 0.1269
v  0.3674 0.2335 0.1065
v  0.3573 0.2266 0.1035
v  0.3463 0.2220 0.1428
v  0.3562 0.2287 0.1470
v  0.3741 0.2338 0.1305
v  0.3795 0.2361 0.1095
v  0.3679 0.2311 0.1512
v  0.3614 0.2284 0.0835
v  0.3549 0.2179 0.0815
v  0.3509 0.2162 0.1010
v  0.3459 0.2141 0.1203
v  0.3402 0.2117 0.1393
v  0.3795 0.2284 0.1546
v  0.3860 0.2312 0.1335
v  0.3914 0.2335 0.1120
v  0.3959 0.2354 0.0903
v  0.3839 0.2380 0.0883
v  0.3717 0.2353 0.0859
v  0.3670 0.2308 0.0429
v  0.3774 0.2378 0.0441
v  0.3788 0.2384 0.0230
v  0.3683 0.2313 0.0224
v  0.3646 0.2298 0.0632
v  0.3750 0.2368 0.0651
v  0.3897 0.2405 0.0453
v  0.3912 0.2411 0.0236
v  0.3873 0.2394 0.0669
v  0.3688 0.2315 0.0019
v  0.3621 0.2210 0.0019
v  0.3617 0.2208 0.0219
v  0.3603 0.2202 0.0418
v  0.3580 0.2193 0.0617
v  0.3994 0.2369 0.0684
v  0.4019 0.2380 0.0463
v  0.4034 0.2386 0.0241
v  0.4039 0.2388 0.0019
v  0.3917 0.2413 0.0019
v  0.3793 0.2386 0.0019
v  0.3670 0.2308 -0.0391
v  0.3774 0.2378 -0.0404
v  0.3750 0.2368 -0.0613
v  0.3646 0.2298 -0.0595
v  0.3683 0.2313 -0.0187
v  0.3788 0.2384 -0.0193
v  0.3897 0.2405 -0.0416
v  0.3873 0.2394 -0.0632
v  0.3912 0.2411 -0.0199
v  0.3614 0.2284 -0.0797
v  0.3549 0.2179 -0.0777
v  0.3580 0.2193 -0.0580
v  0.3603 0.2202 -0.0381
v  0.3617 0.2208 -0.0182
v  0.4034 0.2386 -0.0204
v  0.4019 0.2380 -0.0426
v  0.3994 0.2369 -0.0647
v  0.3959 0.2354 -0.0866
v  0.3839 0.2380 -0.0846
v  0.3717 0.2353 -0.0822
v  0.3522 0.2245 -0.1196
v  0.3623 0.2313 -0.1232
v  0.3562 0.2287 -0.1432
v  0.3463 0.2220 -0.1391
v  0.3573 0.2266 -0.0998
v  0.3674 0.2335 -0.1028
v  0.3741 0.2338 -0.1268
v  0.3679 0.2311 -0.1474
v  0.3795 0.2361 -0.1058
v  0.3395 0.2191 -0.1582
v  0.3335 0.2088 -0.1543
v  0.3402 0.2117 -0.1356
v  0.3459 0.2141 -0.1166
v  0.3509 0.2162 -0.0973
v  0.3914 0.2335 -0.1083
v  0.3860 0.2312 -0.1298
v  0.3795 0.2284 -0.1509
v  0.3722 0.2253 -0.1717
v  0.3607 0.2281 -0.1677
v  0.3492 0.2257 -0.1630
v  0.3234 0.2122 -0.1953
v  0.3325 0.2186 -0.2012
v  0.3230 0.2146 -0.2196
v  0.3141 0.2082 -0.2132
v  0.3319 0.2158 -0.1770
v  0.3413 0.2224 -0.1823
v  0.3435 0.2208 -0.2070
v  0.3337 0.2166 -0.2260
v  0.3525 0.2246 -0.1876
v  0.3040 0.2039 -0.2305
v  0.2989 0.1940 -0.2248
v  0.3087 0.1982 -0.2079
v  0.3178 0.2021 -0.1905
v  0.3261 0.2056 -0.1726
v  0.3639 0.2218 -0.1920
v  0.3547 0.2178 -0.2119
v  0.3446 0.2135 -0.2313
v  0.3336 0.2089 -0.2501
v  0.3230 0.2120 -0.2443
v  0.3126 0.2101 -0.2374
v  0.2815 0.1943 -0.2635
v  0.2894 0.2002 -0.2714
v  0.2767 0.1948 -0.2874
v  0.2691 0.1890 -0.2790
v  0.2931 0.1993 -0.2473
v  0.3014 0.2053 -0.2547
v  0.2992 0.2018 -0.2793
v  0.2861 0.1963 -0.2957
v  0.3115 0.2071 -0.2621
v  0.2561 0.1835 -0.2939
v  0.2522 0.1741 -0.2866
v  0.2649 0.1796 -0.2721
v  0.2769 0.1847 -0.2570
v  0.2883 0.1895 -0.2412
v  0.3218 0.2038 -0.2683
v  0.3093 0.1985 -0.2858
v  0.2959 0.1928 -0.3027
v  0.2818 0.1867 -0.3188
v  0.2723 0.1904 -0.3115
v  0.2633 0.1891 -0.3027
v  0.2281 0.1716 -0.3215
v  0.2345 0.1768 -0.3311
v  0.2191 0.1703 -0.3441
v  0.2132 0.1652 -0.3341
v  0.2424 0.1777 -0.3081
v  0.2492 0.1831 -0.3173
v  0.2426 0.1778 -0.3407
v  0.2269 0.1710 -0.3541
v  0.2578 0.1842 -0.3265
v  0.1978 0.1586 -0.3459
v  0.1953 0.1499 -0.3374
v  0.2104 0.1563 -0.3258
v  0.2249 0.1625 -0.3135
v  0.2388 0.1685 -0.3004
v  0.2669 0.1804 -0.3341
v  0.2514 0.1738 -0.3487
v  0.2353 0.1669 -0.3623
v  0.2186 0.1598 -0.3752
v  0.2105 0.1641 -0.3666
v  0.2032 0.1635 -0.3563
v  0.1654 0.1448 -0.3670
v  0.1699 0.1493 -0.3780
v  0.1525 0.1419 -0.3875
v  0.1486 0.1376 -0.3763
v  0.1819 0.1518 -0.3569
v  0.1868 0.1565 -0.3676
v  0.1762 0.1494 -0.3890
v  0.1583 0.1418 -0.3987
v  0.1936 0.1569 -0.3782
v  0.1313 0.1303 -0.3846
v  0.1304 0.1222 -0.3751
v  0.1473 0.1294 -0.3669
v  0.1637 0.1364 -0.3579
v  0.1798 0.1433 -0.3481
v  0.2013 0.1524 -0.3871
v  0.1834 0.1448 -0.3980
v  0.1652 0.1370 -0.4080
v  0.1464 0.1291 -0.4171
v  0.1400 0.1340 -0.4075
v  0.1347 0.1343 -0.3961
v  0.0957 0.1151 -0.3984
v  0.0981 0.1187 -0.4103
v  0.0794 0.1107 -0.4159
v  0.0775 0.1074 -0.4039
v  0.1137 0.1228 -0.3920
v  0.1166 0.1266 -0.4037
v  0.1024 0.1179 -0.4222
v  0.0831 0.1097 -0.4280
v  0.1214 0.1260 -0.4154
v  0.0591 0.0995 -0.4084
v  0.0600 0.0922 -0.3983
v  0.0780 0.0999 -0.3939
v  0.0958 0.1074 -0.3885
v  0.1132 0.1149 -0.3823
v  0.1273 0.1209 -0.4251
v  0.1079 0.1126 -0.4321
v  0.0882 0.1042 -0.4380
v  0.0682 0.0957 -0.4429
v  0.0636 0.1014 -0.4328
v  0.0604 0.1026 -0.4206
v  0.0218 0.0836 -0.4144
v  0.0220 0.0862 -0.4268
v  0.0026 0.0780 -0.4283
v  0.0029 0.0755 -0.4159
v  0.0405 0.0916 -0.4119
v  0.0413 0.0945 -0.4242
v  0.0240 0.0845 -0.4391
v  0.0040 0.0760 -0.4407
v  0.0439 0.0930 -0.4365
v  0.0052 0.0688 -0.4056
v  0.0236 0.0767 -0.4041
v  0.0419 0.0845 -0.4017
v  0.0480 0.0871 -0.4467
v  0.0277 0.0784 -0.4494
v  0.0073 0.0697 -0.4510
v  0.4068 0.1978 -0.1316
v  0.4033 0.2113 -0.1322
v  0.4089 0.2136 -0.1104
v  0.4124 0.2002 -0.1099
v  0.4003 0.1950 -0.1531
v  0.3968 0.2085 -0.1538
v  0.3961 0.2231 -0.1316
v  0.4016 0.2255 -0.1099
v  0.3896 0.2203 -0.1531
v  0.4169 0.2021 -0.0878
v  0.3929 0.1919 -0.1741
v  0.3893 0.2053 -0.1749
v  0.3821 0.2171 -0.1741
v  0.4062 0.2274 -0.0878
v  0.4135 0.2156 -0.0883
v  0.0383 0.0407 -0.3978
v  0.0327 0.0532 -0.3957
v  0.0147 0.0456 -0.3971
v  0.0202 0.0330 -0.3992
v  0.0563 0.0483 -0.3954
v  0.0506 0.0609 -0.3933
v  0.0275 0.0660 -0.3978
v  0.0094 0.0582 -0.3992
v  0.0455 0.0736 -0.3954
v  0.0021 0.0252 -0.3997
v  0.0741 0.0560 -0.3920
v  0.0684 0.0684 -0.3899
v  0.0634 0.0812 -0.3920
v  -0.0087 0.0505 -0.3997
v  -0.0033 0.0379 -0.3976
v  -0.3237 -0.1137 -0.1874
v  -0.3274 -0.1003 -0.1864
v  -0.3355 -0.1037 -0.1689
v  -0.3319 -0.1171 -0.1698
v  -0.3148 -0.1099 -0.2046
v  -0.3185 -0.0965 -0.2035
v  -0.3345 -0.0884 -0.1874
v  -0.3426 -0.0919 -0.1698
v  -0.3256 -0.0846 -0.2046
v  -0.3392 -0.1203 -0.1518
v  -0.3051 -0.1057 -0.2212
v  -0.3088 -0.0924 -0.2201
v  -0.3159 -0.0804 -0.2212
v  -0.3500 -0.0950 -0.1518
v  -0.3428 -0.1069 -0.1510
v  0.3751 0.1843 -0.2149
v  0.3715 0.1977 -0.2159
v  0.3808 0.2017 -0.1957
v  0.3844 0.1883 -0.1947
v  0.3649 0.1799 -0.2345
v  0.3612 0.1933 -0.2356
v  0.3643 0.2096 -0.2149
v  0.3737 0.2136 -0.1947
v  0.3541 0.2052 -0.2345
v  0.3538 0.1752 -0.2536
v  0.3500 0.1885 -0.2548
v  0.3430 0.2005 -0.2536
v  -0.0394 0.0076 -0.4558
v  -0.0450 0.0201 -0.4579
v  -0.0242 0.0290 -0.4596
v  -0.0187 0.0164 -0.4574
v  -0.0600 -0.0012 -0.4530
v  -0.0657 0.0113 -0.4551
v  -0.0502 0.0328 -0.4558
v  -0.0295 0.0417 -0.4574
v  -0.0708 0.0241 -0.4530
v  0.0021 0.0252 -0.4580
v  -0.0805 -0.0100 -0.4491
v  -0.0862 0.0025 -0.4512
v  -0.0912 0.0153 -0.4491
v  -0.0087 0.0505 -0.4580
v  -0.0033 0.0379 -0.4601
v  -0.3514 -0.1255 -0.1147
v  -0.3549 -0.1120 -0.1141
v  -0.3598 -0.1141 -0.0952
v  -0.3563 -0.1275 -0.0957
v  -0.3457 -0.1231 -0.1334
v  -0.3493 -0.1096 -0.1327
v  -0.3622 -0.1002 -0.1147
v  -0.3670 -0.1023 -0.0957
v  -0.3565 -0.0978 -0.1334
v  -0.3602 -0.1292 -0.0765
v  -0.3710 -0.1040 -0.0765
v  -0.3637 -0.1158 -0.0761
v  0.3290 0.1646 -0.2899
v  0.3252 0.1779 -0.2912
v  0.3380 0.1834 -0.2733
v  0.3418 0.1701 -0.2721
v  0.3155 0.1589 -0.3069
v  0.3115 0.1721 -0.3084
v  0.3183 0.1899 -0.2899
v  0.3310 0.1954 -0.2721
v  0.3047 0.1842 -0.3069
v  0.3012 0.1528 -0.3233
v  0.2972 0.1660 -0.3248
v  0.2904 0.1780 -0.3233
v  -0.1207 -0.0271 -0.4382
v  -0.1267 -0.0147 -0.4402
v  -0.1066 -0.0061 -0.4463
v  -0.1007 -0.0186 -0.4442
v  -0.1404 -0.0355 -0.4311
v  -0.1465 -0.0232 -0.4331
v  -0.1315 -0.0018 -0.4382
v  -0.1115 0.0067 -0.4442
v  -0.1512 -0.0102 -0.4311
v  -0.1598 -0.0438 -0.4230
v  -0.1659 -0.0315 -0.4249
v  -0.1706 -0.0185 -0.4230
v  -0.3656 -0.1315 -0.0375
v  -0.3690 -0.1180 -0.0373
v  -0.3703 -0.1186 -0.0177
v  -0.3669 -0.1321 -0.0178
v  -0.3633 -0.1306 -0.0571
v  -0.3668 -0.1171 -0.0567
v  -0.3763 -0.1062 -0.0375
v  -0.3777 -0.1068 -0.0178
v  -0.3741 -0.1053 -0.0571
v  -0.3673 -0.1323 0.0019
v  -0.3781 -0.1070 0.0019
v  -0.3708 -0.1188 0.0019
v  0.2704 0.1397 -0.3536
v  0.2663 0.1528 -0.3552
v  0.2821 0.1596 -0.3404
v  0.2861 0.1464 -0.3389
v  0.2540 0.1327 -0.3675
v  0.2498 0.1458 -0.3692
v  0.2596 0.1649 -0.3536
v  0.2754 0.1716 -0.3389
v  0.2433 0.1580 -0.3675
v  0.2371 0.1254 -0.3805
v  0.2328 0.1385 -0.3823
v  0.2263 0.1507 -0.3805
v  -0.1973 -0.0598 -0.4037
v  -0.2036 -0.0475 -0.4056
v  -0.1850 -0.0396 -0.4158
v  -0.1788 -0.0519 -0.4138
v  -0.2154 -0.0675 -0.3926
v  -0.2218 -0.0553 -0.3944
v  -0.2081 -0.0345 -0.4037
v  -0.1896 -0.0266 -0.4138
v  -0.2262 -0.0422 -0.3926
v  -0.2329 -0.0750 -0.3805
v  -0.2394 -0.0628 -0.3823
v  -0.2437 -0.0497 -0.3805
v  -0.3656 -0.1315 0.0412
v  -0.3690 -0.1180 0.0410
v  -0.3668 -0.1171 0.0605
v  -0.3633 -0.1306 0.0608
v  -0.3669 -0.1321 0.0216
v  -0.3703 -0.1186 0.0215
v  -0.3763 -0.1062 0.0412
v  -0.3741 -0.1053 0.0608
v  -0.3777 -0.1068 0.0216
v  -0.3602 -0.1292 0.0802
v  -0.3710 -0.1040 0.0802
v  -0.3637 -0.1158 0.0798
v  0.2015 0.1103 -0.4037
v  0.1970 0.1233 -0.4056
v  0.2151 0.1310 -0.3944
v  0.2195 0.1180 -0.3926
v  0.1829 0.1023 -0.4138
v  0.1784 0.1153 -0.4158
v  0.1907 0.1355 -0.4037
v  0.2087 0.1432 -0.3926
v  0.1721 0.1276 -0.4138
v  0.1639 0.0943 -0.4230
v  0.1593 0.1072 -0.4249
v  0.1532 0.1195 -0.4230
v  -0.2663 -0.0892 -0.3536
v  -0.2729 -0.0771 -0.3552
v  -0.2565 -0.0701 -0.3692
v  -0.2499 -0.0822 -0.3675
v  -0.2820 -0.0959 -0.3389
v  -0.2887 -0.0838 -0.3404
v  -0.2771 -0.0639 -0.3536
v  -0.2607 -0.0569 -0.3675
v  -0.2928 -0.0706 -0.3389
v  -0.2970 -0.1023 -0.3233
v  -0.3038 -0.0902 -0.3248
v  -0.3078 -0.0770 -0.3233
v  -0.3514 -0.1255 0.1184
v  -0.3549 -0.1120 0.1178
v  -0.3493 -0.1096 0.1364
v  -0.3457 -0.1231 0.1371
v  -0.3563 -0.1275 0.0994
v  -0.3598 -0.1141 0.0989
v  -0.3622 -0.1002 0.1184
v  -0.3565 -0.0978 0.1371
v  -0.3670 -0.1023 0.0994
v  -0.3392 -0.1203 0.1555
v  -0.3500 -0.0950 0.1555
v  -0.3428 -0.1069 0.1547
v  0.1249 0.0776 -0.4382
v  0.1200 0.0905 -0.4402
v  0.1398 0.0989 -0.4331
v  0.1446 0.0860 -0.4311
v  0.1048 0.0691 -0.4442
v  0.0999 0.0819 -0.4463
v  0.1141 0.1029 -0.4382
v  0.1338 0.1113 -0.4311
v  0.0941 0.0943 -0.4442
v  0.0846 0.0604 -0.4491
v  0.0796 0.0732 -0.4512
v  0.0738 0.0857 -0.4491
v  -0.3249 -0.1142 -0.2899
v  -0.3318 -0.1022 -0.2912
v  -0.3182 -0.0964 -0.3084
v  -0.3114 -0.1084 -0.3069
v  -0.3377 -0.1196 -0.2721
v  -0.3446 -0.1077 -0.2733
v  -0.3357 -0.0889 -0.2899
v  -0.3221 -0.0831 -0.3069
v  -0.3485 -0.0943 -0.2721
v  -0.3496 -0.1247 -0.2536
v  -0.3567 -0.1128 -0.2548
v  -0.3604 -0.0994 -0.2536
v  -0.3237 -0.1137 0.1912
v  -0.3274 -0.1003 0.1902
v  -0.3185 -0.0965 0.2072
v  -0.3148 -0.1099 0.2083
v  -0.3319 -0.1171 0.1736
v  -0.3355 -0.1037 0.1726
v  -0.3345 -0.0884 0.1912
v  -0.3256 -0.0846 0.2083
v  -0.3426 -0.0919 0.1736
v  -0.3051 -0.1057 0.2250
v  -0.3159 -0.0804 0.2250
v  -0.3088 -0.0924 0.2238
v  0.0435 0.0429 -0.4558
v  0.0383 0.0556 -0.4579
v  0.0590 0.0645 -0.4551
v  0.0641 0.0517 -0.4530
v  0.0228 0.0341 -0.4574
v  0.0175 0.0468 -0.4596
v  0.0327 0.0682 -0.4558
v  0.0534 0.0770 -0.4530
v  0.0120 0.0594 -0.4574
v  -0.3710 -0.1338 -0.2149
v  -0.3781 -0.1219 -0.2159
v  -0.3678 -0.1175 -0.2356
v  -0.3607 -0.1295 -0.2345
v  -0.3803 -0.1378 -0.1947
v  -0.3875 -0.1259 -0.1957
v  -0.3818 -0.1085 -0.2149
v  -0.3715 -0.1042 -0.2345
v  -0.3911 -0.1125 -0.1947
v  -0.3887 -0.1414 -0.1741
v  -0.3959 -0.1295 -0.1749
v  -0.3995 -0.1161 -0.1741
v  -0.2835 -0.0965 0.2566
v  -0.2874 -0.0832 0.2553
v  -0.2756 -0.0782 0.2701
v  -0.2716 -0.0915 0.2715
v  -0.2946 -0.1013 0.2411
v  -0.2985 -0.0880 0.2398
v  -0.2943 -0.0712 0.2566
v  -0.2824 -0.0662 0.2715
v  -0.3054 -0.0760 0.2411
v  -0.2591 -0.0861 0.2858
v  -0.2699 -0.0609 0.2858
v  -0.2631 -0.0729 0.2843
v  -0.4027 -0.1474 -0.1316
v  -0.4100 -0.1355 -0.1322
v  -0.4034 -0.1327 -0.1538
v  -0.3962 -0.1446 -0.1531
v  -0.4083 -0.1497 -0.1099
v  -0.4155 -0.1379 -0.1104
v  -0.4135 -0.1221 -0.1316
v  -0.4070 -0.1193 -0.1531
v  -0.4190 -0.1244 -0.1099
v  -0.4128 -0.1517 -0.0878
v  -0.4201 -0.1398 -0.0883
v  -0.4236 -0.1264 -0.0878
v  -0.2323 -0.0747 0.3123
v  -0.2364 -0.0615 0.3106
v  -0.2222 -0.0554 0.3227
v  -0.2180 -0.0686 0.3244
v  -0.2460 -0.0805 0.2994
v  -0.2501 -0.0673 0.2978
v  -0.2431 -0.0494 0.3123
v  -0.2288 -0.0433 0.3244
v  -0.2568 -0.0553 0.2994
v  -0.2032 -0.0623 0.3358
v  -0.2139 -0.0370 0.3358
v  -0.2075 -0.0492 0.3340
v  -0.4189 -0.1542 -0.0432
v  -0.4262 -0.1424 -0.0434
v  -0.4237 -0.1414 -0.0659
v  -0.4163 -0.1532 -0.0656
v  -0.4204 -0.1549 -0.0207
v  -0.4278 -0.1431 -0.0208
v  -0.4297 -0.1290 -0.0432
v  -0.4271 -0.1279 -0.0656
v  -0.4312 -0.1296 -0.0207
v  -0.4209 -0.1551 0.0019
v  -0.4283 -0.1433 0.0019
v  -0.4317 -0.1298 0.0019
v  -0.1721 -0.0490 0.3560
v  -0.1765 -0.0360 0.3541
v  -0.1604 -0.0291 0.3630
v  -0.1559 -0.0421 0.3649
v  -0.1878 -0.0557 0.3463
v  -0.1922 -0.0427 0.3445
v  -0.1828 -0.0237 0.3560
v  -0.1667 -0.0168 0.3649
v  -0.1986 -0.0305 0.3463
v  -0.1393 -0.0350 0.3729
v  -0.1501 -0.0098 0.3729
v  -0.1439 -0.0221 0.3709
v  -0.4189 -0.1542 0.0469
v  -0.4262 -0.1424 0.0471
v  -0.4278 -0.1431 0.0245
v  -0.4204 -0.1549 0.0244
v  -0.4163 -0.1532 0.0693
v  -0.4237 -0.1414 0.0696
v  -0.4297 -0.1290 0.0469
v  -0.4312 -0.1296 0.0244
v  -0.4271 -0.1279 0.0693
v  -0.4128 -0.1517 0.0916
v  -0.4201 -0.1398 0.0920
v  -0.4236 -0.1264 0.0916
v  -0.1052 -0.0205 0.3861
v  -0.1100 -0.0076 0.3841
v  -0.0926 -0.0002 0.3893
v  -0.0877 -0.0130 0.3914
v  -0.1224 -0.0278 0.3800
v  -0.1271 -0.0149 0.3780
v  -0.1159 0.0048 0.3861
v  -0.0985 0.0122 0.3914
v  -0.1332 -0.0025 0.3800
v  -0.0700 -0.0055 0.3957
v  -0.0808 0.0198 0.3957
v  -0.0750 0.0073 0.3936
v  -0.4027 -0.1474 0.1353
v  -0.4100 -0.1355 0.1360
v  -0.4155 -0.1379 0.1141
v  -0.4083 -0.1497 0.1136
v  -0.3962 -0.1446 0.1568
v  -0.4034 -0.1327 0.1575
v  -0.4135 -0.1221 0.1353
v  -0.4190 -0.1244 0.1136
v  -0.4070 -0.1193 0.1568
v  -0.3887 -0.1414 0.1778
v  -0.3959 -0.1295 0.1786
v  -0.3995 -0.1161 0.1778
v  -0.0341 0.0098 0.4015
v  -0.0393 0.0225 0.3994
v  -0.0214 0.0302 0.4008
v  -0.0161 0.0175 0.4030
v  -0.0521 0.0021 0.3991
v  -0.0572 0.0149 0.3970
v  -0.0449 0.0351 0.4015
v  -0.0268 0.0428 0.4030
v  -0.0629 0.0274 0.3991
v  0.0021 0.0252 0.4034
v  -0.0087 0.0505 0.4034
v  -0.0033 0.0379 0.4013
v  -0.3710 -0.1338 0.2186
v  -0.3781 -0.1219 0.2196
v  -0.3875 -0.1259 0.1994
v  -0.3803 -0.1378 0.1985
v  -0.3607 -0.1295 0.2383
v  -0.3678 -0.1175 0.2394
v  -0.3818 -0.1085 0.2186
v  -0.3911 -0.1125 0.1985
v  -0.3715 -0.1042 0.2383
v  -0.3496 -0.1247 0.2573
v  -0.3567 -0.1128 0.2585
v  -0.3604 -0.0994 0.2573
v  0.0383 0.0407 0.4015
v  0.0327 0.0532 0.3994
v  0.0506 0.0609 0.3970
v  0.0563 0.0483 0.3991
v  0.0202 0.0330 0.4030
v  0.0147 0.0456 0.4008
v  0.0275 0.0660 0.4015
v  0.0455 0.0736 0.3991
v  0.0094 0.0582 0.4030
v  0.0741 0.0560 0.3957
v  0.0634 0.0812 0.3957
v  0.0684 0.0684 0.3936
v  -0.3249 -0.1142 0.2936
v  -0.3318 -0.1022 0.2949
v  -0.3446 -0.1077 0.2771
v  -0.3377 -0.1196 0.2758
v  -0.3114 -0.1084 0.3107
v  -0.3182 -0.0964 0.3121
v  -0.3357 -0.0889 0.2936
v  -0.3485 -0.0943 0.2758
v  -0.3221 -0.0831 0.3107
v  -0.2970 -0.1023 0.3270
v  -0.3038 -0.0902 0.3285
v  -0.3078 -0.0770 0.3270
v  0.1093 0.0710 0.3861
v  0.1033 0.0834 0.3841
v  0.1205 0.0907 0.3780
v  0.1265 0.0783 0.3800
v  0.0918 0.0635 0.3914
v  0.0860 0.0759 0.3893
v  0.0985 0.0962 0.3861
v  0.1157 0.1036 0.3800
v  0.0810 0.0888 0.3914
v  0.1434 0.0855 0.3729
v  0.1327 0.1108 0.3729
v  0.1373 0.0978 0.3709
v  -0.2663 -0.0892 0.3573
v  -0.2729 -0.0771 0.3590
v  -0.2887 -0.0838 0.3442
v  -0.2820 -0.0959 0.3426
v  -0.2499 -0.0822 0.3712
v  -0.2565 -0.0701 0.3729
v  -0.2771 -0.0639 0.3573
v  -0.2928 -0.0706 0.3426
v  -0.2607 -0.0569 0.3712
v  -0.2329 -0.0750 0.3842
v  -0.2394 -0.0628 0.3860
v  -0.2437 -0.0497 0.3842
v  0.1762 0.0995 0.3560
v  0.1699 0.1117 0.3541
v  0.1856 0.1184 0.3445
v  0.1920 0.1062 0.3463
v  0.1600 0.0926 0.3649
v  0.1538 0.1049 0.3630
v  0.1654 0.1248 0.3560
v  0.1812 0.1315 0.3463
v  0.1492 0.1179 0.3649
v  0.2073 0.1127 0.3358
v  0.1965 0.1380 0.3358
v  0.2008 0.1249 0.3340
v  -0.1973 -0.0598 0.4074
v  -0.2036 -0.0475 0.4093
v  -0.2218 -0.0553 0.3981
v  -0.2154 -0.0675 0.3963
v  -0.1788 -0.0519 0.4175
v  -0.1850 -0.0396 0.4195
v  -0.2081 -0.0345 0.4074
v  -0.2262 -0.0422 0.3963
v  -0.1896 -0.0266 0.4175
v  -0.1598 -0.0438 0.4267
v  -0.1659 -0.0315 0.4287
v  -0.1706 -0.0185 0.4267
v  0.2364 0.1252 0.3123
v  0.2298 0.1373 0.3106
v  0.2434 0.1431 0.2978
v  0.2501 0.1310 0.2994
v  0.2221 0.1191 0.3244
v  0.2156 0.1312 0.3227
v  0.2256 0.1504 0.3123
v  0.2394 0.1563 0.2994
v  0.2113 0.1443 0.3244
v  0.2633 0.1366 0.2858
v  0.2525 0.1619 0.2858
v  0.2565 0.1487 0.2843
v  -0.1207 -0.0271 0.4419
v  -0.1267 -0.0147 0.4439
v  -0.1465 -0.0232 0.4368
v  -0.1404 -0.0355 0.4348
v  -0.1007 -0.0186 0.4479
v  -0.1066 -0.0061 0.4500
v  -0.1315 -0.0018 0.4419
v  -0.1512 -0.0102 0.4348
v  -0.1115 0.0067 0.4479
v  -0.0805 -0.0100 0.4529
v  -0.0862 0.0025 0.4550
v  -0.0912 0.0153 0.4529
v  0.2876 0.1470 0.2566
v  0.2807 0.1590 0.2553
v  0.2918 0.1637 0.2398
v  0.2988 0.1517 0.2411
v  0.2758 0.1419 0.2715
v  0.2689 0.1540 0.2701
v  0.2768 0.1723 0.2566
v  0.2880 0.1770 0.2411
v  0.2650 0.1672 0.2715
v  0.3092 0.1562 0.2250
v  0.2984 0.1815 0.2250
v  0.3022 0.1681 0.2238
v  -0.0394 0.0076 0.4595
v  -0.0450 0.0201 0.4616
v  -0.0657 0.0113 0.4588
v  -0.0600 -0.0012 0.4567
v  -0.0187 0.0164 0.4611
v  -0.0242 0.0290 0.4633
v  -0.0502 0.0328 0.4595
v  -0.0708 0.0241 0.4567
v  -0.0295 0.0417 0.4611
v  0.0021 0.0252 0.4617
v  -0.0033 0.0379 0.4638
v  -0.0087 0.0505 0.4617
v  0.3278 0.1641 0.1912
v  0.3207 0.1760 0.1902
v  0.3288 0.1795 0.1726
v  0.3360 0.1676 0.1736
v  0.3189 0.1603 0.2083
v  0.3118 0.1723 0.2072
v  0.3171 0.1894 0.1912
v  0.3252 0.1929 0.1736
v  0.3081 0.1856 0.2083
v  0.3433 0.1708 0.1555
v  0.3326 0.1960 0.1555
v  0.3361 0.1826 0.1547
v  0.0435 0.0429 0.4595
v  0.0383 0.0556 0.4616
v  0.0175 0.0468 0.4633
v  0.0228 0.0341 0.4611
v  0.0641 0.0517 0.4567
v  0.0590 0.0645 0.4588
v  0.0327 0.0682 0.4595
v  0.0120 0.0594 0.4611
v  0.0534 0.0770 0.4567
v  0.0846 0.0604 0.4529
v  0.0796 0.0732 0.4550
v  0.0738 0.0857 0.4529
v  0.3556 0.1760 0.1184
v  0.3483 0.1878 0.1178
v  0.3531 0.1898 0.0989
v  0.3604 0.1780 0.0994
v  0.3499 0.1735 0.1371
v  0.3426 0.1854 0.1364
v  0.3448 0.2012 0.1184
v  0.3496 0.2033 0.0994
v  0.3391 0.1988 0.1371
v  0.3644 0.1797 0.0802
v  0.3536 0.2050 0.0802
v  0.3571 0.1915 0.0798
v  0.1249 0.0776 0.4419
v  0.1200 0.0905 0.4439
v  0.0999 0.0819 0.4500
v  0.1048 0.0691 0.4479
v  0.1446 0.0860 0.4348
v  0.1398 0.0989 0.4368
v  0.1141 0.1029 0.4419
v  0.0941 0.0943 0.4479
v  0.1338 0.1113 0.4348
v  0.1639 0.0943 0.4267
v  0.1593 0.1072 0.4287
v  0.1532 0.1195 0.4267
v  0.3697 0.1820 0.0412
v  0.3623 0.1938 0.0410
v  0.3637 0.1944 0.0215
v  0.3710 0.1825 0.0216
v  0.3675 0.1810 0.0608
v  0.3601 0.1928 0.0605
v  0.3589 0.2073 0.0412
v  0.3602 0.2078 0.0216
v  0.3567 0.2063 0.0608
v  0.3715 0.1827 0.0019
v  0.3607 0.2080 0.0019
v  0.3641 0.1945 0.0019
v  0.2015 0.1103 0.4074
v  0.1970 0.1233 0.4093
v  0.1784 0.1153 0.4195
v  0.1829 0.1023 0.4175
v  0.2195 0.1180 0.3963
v  0.2151 0.1310 0.3981
v  0.1907 0.1355 0.4074
v  0.1721 0.1276 0.4175
v  0.2087 0.1432 0.3963
v  0.2371 0.1254 0.3842
v  0.2328 0.1385 0.3860
v  0.2263 0.1507 0.3842
v  0.3697 0.1820 -0.0375
v  0.3623 0.1938 -0.0373
v  0.3601 0.1928 -0.0567
v  0.3675 0.1810 -0.0571
v  0.3710 0.1825 -0.0178
v  0.3637 0.1944 -0.0177
v  0.3589 0.2073 -0.0375
v  0.3567 0.2063 -0.0571
v  0.3602 0.2078 -0.0178
v  0.3644 0.1797 -0.0765
v  0.3536 0.2050 -0.0765
v  0.3571 0.1915 -0.0761
v  0.2704 0.1397 0.3573
v  0.2663 0.1528 0.3590
v  0.2498 0.1458 0.3729
v  0.2540 0.1327 0.3712
v  0.2861 0.1464 0.3426
v  0.2821 0.1596 0.3442
v  0.2596 0.1649 0.3573
v  0.2433 0.1580 0.3712
v  0.2754 0.1716 0.3426
v  0.3012 0.1528 0.3270
v  0.2972 0.1660 0.3285
v  0.2904 0.1780 0.3270
v  0.3556 0.1760 -0.1147
v  0.3483 0.1878 -0.1141
v  0.3426 0.1854 -0.1327
v  0.3499 0.1735 -0.1334
v  0.3604 0.1780 -0.0957
v  0.3531 0.1898 -0.0952
v  0.3448 0.2012 -0.1147
v  0.3391 0.1988 -0.1334
v  0.3496 0.2033 -0.0957
v  0.3433 0.1708 -0.1518
v  0.3326 0.1960 -0.1518
v  0.3361 0.1826 -0.1510
v  0.3290 0.1646 0.2936
v  0.3252 0.1779 0.2949
v  0.3115 0.1721 0.3121
v  0.3155 0.1589 0.3107
v  0.3418 0.1701 0.2758
v  0.3380 0.1834 0.2771
v  0.3183 0.1899 0.2936
v  0.3047 0.1842 0.3107
v  0.3310 0.1954 0.2758
v  0.3538 0.1752 0.2573
v  0.3500 0.1885 0.2585
v  0.3430 0.2005 0.2573
v  0.3278 0.1641 -0.1874
v  0.3207 0.1760 -0.1864
v  0.3118 0.1723 -0.2035
v  0.3189 0.1603 -0.2046
v  0.3360 0.1676 -0.1698
v  0.3288 0.1795 -0.1689
v  0.3171 0.1894 -0.1874
v  0.3081 0.1856 -0.2046
v  0.3252 0.1929 -0.1698
v  0.3092 0.1562 -0.2212
v  0.2984 0.1815 -0.2212
v  0.3022 0.1681 -0.2201
v  -0.0341 0.0098 -0.3978
v  -0.0393 0.0225 -0.3957
v  -0.0572 0.0149 -0.3933
v  -0.0521 0.0021 -0.3954
v  -0.0161 0.0175 -0.3992
v  -0.0214 0.0302 -0.3971
v  -0.0449 0.0351 -0.3978
v  -0.0629 0.0274 -0.3954
v  -0.0268 0.0428 -0.3992
v  -0.0700 -0.0055 -0.3920
v  -0.0808 0.0198 -0.3920
v  -0.0750 0.0073 -0.3899
v  0.3751 0.1843 0.2186
v  0.3715 0.1977 0.2196
v  0.3612 0.1933 0.2394
v  0.3649 0.1799 0.2383
v  0.3844 0.1883 0.1985
v  0.3808 0.2017 0.1994
v  0.3643 0.2096 0.2186
v  0.3541 0.2052 0.2383
v  0.3737 0.2136 0.1985
v  0.3929 0.1919 0.1778
v  0.3893 0.2053 0.1786
v  0.3821 0.2171 0.1778
v  0.2876 0.1470 -0.2529
v  0.2807 0.1590 -0.2515
v  0.2689 0.1540 -0.2664
v  0.2758 0.1419 -0.2678
v  0.2988 0.1517 -0.2374
v  0.2918 0.1637 -0.2361
v  0.2768 0.1723 -0.2529
v  0.2650 0.1672 -0.2678
v  0.2880 0.1770 -0.2374
v  0.2633 0.1366 -0.2821
v  0.2525 0.1619 -0.2821
v  0.2565 0.1487 -0.2806
v  -0.1052 -0.0205 -0.3824
v  -0.1100 -0.0076 -0.3804
v  -0.1271 -0.0149 -0.3742
v  -0.1224 -0.0278 -0.3762
v  -0.0877 -0.0130 -0.3877
v  -0.0926 -0.0002 -0.3856
v  -0.1159 0.0048 -0.3824
v  -0.1332 -0.0025 -0.3762
v  -0.0985 0.0122 -0.3877
v  -0.1393 -0.0350 -0.3691
v  -0.1501 -0.0098 -0.3691
v  -0.1439 -0.0221 -0.3672
v  0.4068 0.1978 0.1353
v  0.4033 0.2113 0.1360
v  0.3968 0.2085 0.1575
v  0.4003 0.1950 0.1568
v  0.4124 0.2002 0.1136
v  0.4089 0.2136 0.1141
v  0.3961 0.2231 0.1353
v  0.3896 0.2203 0.1568
v  0.4016 0.2255 0.1136
v  0.4169 0.2021 0.0916
v  0.4135 0.2156 0.0920
v  0.4062 0.2274 0.0916
v  0.2364 0.1252 -0.3086
v  0.2298 0.1373 -0.3069
v  0.2156 0.1312 -0.3190
v  0.2221 0.1191 -0.3207
v  0.2501 0.1310 -0.2957
v  0.2434 0.1431 -0.2941
v  0.2256 0.1504 -0.3086
v  0.2113 0.1443 -0.3207
v  0.2394 0.1563 -0.2957
v  0.2073 0.1127 -0.3320
v  0.1965 0.1380 -0.3320
v  0.2008 0.1249 -0.3303
v  -0.1721 -0.0490 -0.3523
v  -0.1765 -0.0360 -0.3504
v  -0.1922 -0.0427 -0.3408
v  -0.1878 -0.0557 -0.3426
v  -0.1559 -0.0421 -0.3612
v  -0.1604 -0.0291 -0.3592
v  -0.1828 -0.0237 -0.3523
v  -0.1986 -0.0305 -0.3426
v  -0.1667 -0.0168 -0.3612
v  -0.2032 -0.0623 -0.3320
v  -0.2139 -0.0370 -0.3320
v  -0.2075 -0.0492 -0.3303
v  0.4230 0.2047 0.0469
v  0.4196 0.2182 0.0471
v  0.4170 0.2171 0.0696
v  0.4205 0.2036 0.0693
v  0.4246 0.2054 0.0244
v  0.4211 0.2188 0.0245
v  0.4122 0.2300 0.0469
v  0.4097 0.2289 0.0693
v  0.4138 0.2307 0.0244
v  0.4251 0.2056 0.0019
v  0.4216 0.2191 0.0019
v  0.4143 0.2309 0.0019
v  0.1762 0.0995 -0.3523
v  0.1699 0.1117 -0.3504
v  0.1538 0.1049 -0.3592
v  0.1600 0.0926 -0.3612
v  0.1920 0.1062 -0.3426
v  0.1856 0.1184 -0.3408
v  0.1654 0.1248 -0.3523
v  0.1492 0.1179 -0.3612
v  0.1812 0.1315 -0.3426
v  0.1434 0.0855 -0.3691
v  0.1327 0.1108 -0.3691
v  0.1373 0.0978 -0.3672
v  -0.2323 -0.0747 -0.3086
v  -0.2364 -0.0615 -0.3069
v  -0.2501 -0.0673 -0.2941
v  -0.2460 -0.0805 -0.2957
v  -0.2180 -0.0686 -0.3207
v  -0.2222 -0.0554 -0.3190
v  -0.2431 -0.0494 -0.3086
v  -0.2568 -0.0553 -0.2957
v  -0.2288 -0.0433 -0.3207
v  -0.2591 -0.0861 -0.2821
v  -0.2699 -0.0609 -0.2821
v  -0.2631 -0.0729 -0.2806
v  0.4230 0.2047 -0.0432
v  0.4196 0.2182 -0.0434
v  0.4211 0.2188 -0.0208
v  0.4246 0.2054 -0.0207
v  0.4205 0.2036 -0.0656
v  0.4170 0.2171 -0.0659
v  0.4122 0.2300 -0.0432
v  0.4138 0.2307 -0.0207
v  0.4097 0.2289 -0.0656
v  0.1093 0.0710 -0.3824
v  0.1033 0.0834 -0.3804
v  0.0860 0.0759 -0.3856
v  0.0918 0.0635 -0.3877
v  0.1265 0.0783 -0.3762
v  0.1205 0.0907 -0.3742
v  0.0985 0.0962 -0.3824
v  0.0810 0.0888 -0.3877
v  0.1157 0.1036 -0.3762
v  -0.2835 -0.0965 -0.2529
v  -0.2874 -0.0832 -0.2515
v  -0.2985 -0.0880 -0.2361
v  -0.2946 -0.1013 -0.2374
v  -0.2716 -0.0915 -0.2678
v  -0.2756 -0.0782 -0.2664
v  -0.2943 -0.0712 -0.2529
v  -0.3054 -0.0760 -0.2374
v  -0.2824 -0.0662 -0.2678
v  0.0076 0.0283 -0.4025
v  0.0747 0.0571 -0.3948
v  0.1393 0.0847 -0.3719
v  0.1987 0.1101 -0.3349
v  0.2508 0.1324 -0.2851
v  0.2936 0.1507 -0.2243
v  0.3254 0.1643 -0.1550
v  0.3449 0.1727 -0.0798
v  0.3516 0.1755 -0.0016
v  0.3449 0.1727 0.0766
v  0.3254 0.1643 0.1518
v  0.2936 0.1507 0.2211
v  0.2508 0.1324 0.2819
v  0.1987 0.1101 0.3317
v  0.1393 0.0847 0.3687
v  0.0747 0.0571 0.3916
v  0.0076 0.0283 0.3993
v  -0.0594 -0.0004 0.3916
v  -0.1240 -0.0280 0.3687
v  -0.1834 -0.0534 0.3317
v  -0.2355 -0.0757 0.2819
v  -0.2783 -0.0940 0.2211
v  -0.3101 -0.1076 0.1518
v  -0.3297 -0.1160 0.0766
v  -0.3363 -0.1188 -0.0016
v  -0.3297 -0.1160 -0.0798
v  -0.3101 -0.1076 -0.1550
v  -0.2783 -0.0940 -0.2243
v  -0.2355 -0.0757 -0.2851
v  -0.0594 -0.0004 -0.3948
v  -0.1834 -0.0534 -0.3349
v  -0.1240 -0.0280 -0.3719
v  -0.3016 -0.1815 0.0766
v  -0.2637 -0.1865 0.0696
v  -0.2697 -0.1890 -0.0016
v  -0.3082 -0.1843 -0.0016
v  -0.0959 -0.0935 0.3687
v  -0.1554 -0.1189 0.3317
v  0.0357 -0.0372 -0.4025
v  -0.0314 -0.0659 -0.3948
v  0.2789 0.0669 -0.2851
v  0.3216 0.0852 -0.2243
v  -0.0314 -0.0659 0.3916
v  -0.0959 -0.0935 -0.3719
v  0.2267 0.0446 -0.3349
v  0.0357 -0.0372 0.3993
v  -0.1554 -0.1189 -0.3349
v  0.1673 0.0191 -0.3719
v  0.1028 -0.0085 0.3916
v  -0.2075 -0.1412 -0.2851
v  0.1028 -0.0085 -0.3948
v  0.1673 0.0191 0.3687
v  -0.2503 -0.1595 -0.2243
v  0.2267 0.0446 0.3317
v  -0.2820 -0.1731 -0.1550
v  0.2789 0.0669 0.2819
v  -0.3016 -0.1815 -0.0798
v  0.3216 0.0852 0.2211
v  0.3534 0.0988 0.1518
v  0.3730 0.1071 0.0766
v  -0.2820 -0.1731 0.1518
v  0.3796 0.1099 -0.0016
v  -0.2503 -0.1595 0.2211
v  0.3730 0.1071 -0.0798
v  -0.2075 -0.1412 0.2819
v  0.3534 0.0988 -0.1550
v  -0.1780 -0.1498 0.2564
v  -0.1918 -0.1671 0.2773
v  -0.2339 -0.1852 0.2175
v  -0.2169 -0.1665 0.2011
v  0.3504 0.0763 0.0696
v  0.3326 0.0686 0.1380
v  -0.2459 -0.1789 0.1380
v  0.3564 0.0788 -0.0016
v  0.3504 0.0763 -0.0728
v  0.3326 0.0686 -0.1412
v  -0.1306 -0.1295 0.3018
v  0.3037 0.0563 -0.2043
v  -0.0765 -0.1064 0.3355
v  -0.0177 -0.0812 -0.3595
v  0.0434 -0.0551 -0.3665
v  0.2647 0.0396 -0.2596
v  -0.0177 -0.0812 0.3563
v  -0.0765 -0.1064 -0.3387
v  0.2173 0.0193 -0.3050
v  0.0434 -0.0551 0.3633
v  -0.1306 -0.1295 -0.3050
v  0.1632 -0.0039 -0.3387
v  0.1044 -0.0290 0.3563
v  -0.1780 -0.1498 -0.2596
v  0.1044 -0.0290 -0.3595
v  0.1632 -0.0039 0.3355
v  -0.2169 -0.1665 -0.2043
v  0.2173 0.0193 0.3018
v  -0.2459 -0.1789 -0.1412
v  0.2647 0.0396 0.2564
v  -0.2637 -0.1865 -0.0728
v  0.3037 0.0563 0.2011
v  -0.0820 -0.1202 0.3628
v  -0.0185 -0.0930 0.3853
v  0.0138 -0.1686 0.3853
v  -0.0497 -0.1957 0.3628
v  0.3601 0.0690 -0.1526
v  0.3794 0.0772 -0.0786
v  -0.1405 -0.1452 0.3264
v  0.3289 0.0556 -0.2207
v  -0.0185 -0.0930 -0.3885
v  0.0475 -0.0648 -0.3961
v  0.2868 0.0376 -0.2805
v  -0.0820 -0.1202 -0.3660
v  0.2355 0.0157 -0.3296
v  0.0475 -0.0648 0.3929
v  -0.1405 -0.1452 -0.3296
v  0.1770 -0.0094 -0.3660
v  0.1135 -0.0365 0.3853
v  -0.1918 -0.1671 -0.2805
v  0.1135 -0.0365 -0.3885
v  0.1770 -0.0094 0.3628
v  -0.2339 -0.1852 -0.2207
v  0.2355 0.0157 0.3264
v  -0.2652 -0.1985 -0.1526
v  0.2868 0.0376 0.2773
v  -0.2844 -0.2068 -0.0786
v  0.3289 0.0556 0.2175
v  -0.2909 -0.2096 -0.0016
v  0.3601 0.0690 0.1494
v  -0.2844 -0.2068 0.0754
v  0.3794 0.0772 0.0754
v  -0.2652 -0.1985 0.1494
v  0.3859 0.0800 -0.0016
v  0.2093 -0.0849 0.3628
v  0.2044 -0.1116 0.3238
v  0.1477 -0.1359 0.3439
v  0.1458 -0.1121 0.3853
v  -0.0497 -0.1957 -0.3660
v  0.0138 -0.1686 -0.3885
v  0.2678 -0.0599 -0.3296
v  0.3191 -0.0380 -0.2805
v  0.0798 -0.1403 0.3929
v  -0.1082 -0.2208 -0.3296
v  0.2093 -0.0849 -0.3660
v  -0.1595 -0.2427 -0.2805
v  0.1458 -0.1121 -0.3885
v  -0.2016 -0.2607 -0.2207
v  0.0798 -0.1403 -0.3961
v  0.2678 -0.0599 0.3264
v  -0.2328 -0.2741 -0.1526
v  0.3191 -0.0380 0.2773
v  -0.2521 -0.2823 -0.0786
v  0.3612 -0.0199 0.2175
v  -0.2586 -0.2851 -0.0016
v  0.3925 -0.0066 0.1494
v  -0.2521 -0.2823 0.0754
v  0.4117 0.0017 0.0754
v  -0.2328 -0.2741 0.1494
v  0.4182 0.0045 -0.0016
v  -0.2016 -0.2607 0.2175
v  0.4117 0.0017 -0.0786
v  -0.1595 -0.2427 0.2773
v  0.3925 -0.0066 -0.1526
v  -0.1082 -0.2208 0.3264
v  0.3612 -0.0199 -0.2207
v  0.3400 -0.0536 0.1941
v  0.3798 -0.0655 0.2170
v  0.3379 -0.0835 0.2766
v  0.3024 -0.0697 0.2475
v  -0.1626 -0.2686 -0.1973
v  -0.1250 -0.2525 -0.2507
v  0.1477 -0.1359 -0.3471
v  0.0887 -0.1611 -0.3539
v  0.2566 -0.0893 0.2913
v  -0.1905 -0.2806 -0.1364
v  -0.2077 -0.2879 -0.0703
v  -0.2135 -0.2904 -0.0016
v  0.3679 -0.0417 0.1332
v  -0.2077 -0.2879 0.0671
v  0.3851 -0.0343 0.0671
v  -0.1905 -0.2806 0.1332
v  0.3909 -0.0318 -0.0016
v  -0.1626 -0.2686 0.1941
v  0.3851 -0.0343 -0.0703
v  -0.1250 -0.2525 0.2475
v  0.3679 -0.0417 -0.1364
v  -0.0792 -0.2329 0.2913
v  0.3400 -0.0536 -0.1973
v  -0.0269 -0.2106 0.3238
v  0.0297 -0.1863 -0.3471
v  0.3024 -0.0697 -0.2507
v  0.0297 -0.1863 0.3439
v  -0.0269 -0.2106 -0.3270
v  0.2566 -0.0893 -0.2945
v  0.0887 -0.1611 0.3507
v  -0.0792 -0.2329 -0.2945
v  0.2044 -0.1116 -0.3270
v  0.4687 -0.1159 -0.0016
v  0.4622 -0.1186 0.0752
v  0.4302 -0.0440 0.0752
v  0.4367 -0.0412 -0.0016
v  -0.2319 -0.3272 -0.0784
v  -0.2384 -0.3300 -0.0016
v  0.4110 -0.0522 0.1490
v  -0.2319 -0.3272 0.0752
v  -0.2127 -0.3190 0.1490
v  -0.1815 -0.3057 0.2170
v  0.4302 -0.0440 -0.0784
v  -0.1395 -0.2877 0.2766
v  0.4110 -0.0522 -0.1522
v  -0.0883 -0.2658 0.3255
v  0.3798 -0.0655 -0.2202
v  -0.0300 -0.2409 0.3619
v  0.0333 -0.2138 -0.3875
v  0.0992 -0.1856 -0.3950
v  0.3379 -0.0835 -0.2798
v  0.0333 -0.2138 0.3843
v  -0.0300 -0.2409 -0.3651
v  0.2867 -0.1054 -0.3287
v  0.0992 -0.1856 0.3918
v  -0.0883 -0.2658 -0.3287
v  0.2283 -0.1303 -0.3651
v  0.1650 -0.1574 0.3843
v  -0.1395 -0.2877 -0.2798
v  0.1650 -0.1574 -0.3875
v  0.2283 -0.1303 0.3619
v  -0.1815 -0.3057 -0.2202
v  0.2867 -0.1054 0.3255
v  -0.2127 -0.3190 -0.1522
v  0.4118 -0.1402 -0.2202
v  0.3865 -0.1906 -0.1896
v  0.4136 -0.1800 -0.1311
v  0.4430 -0.1268 -0.1522
v  -0.1495 -0.3803 0.2170
v  -0.1807 -0.3937 0.1490
v  0.4622 -0.1186 -0.0784
v  -0.1076 -0.3624 0.2766
v  -0.0564 -0.3405 0.3255
v  0.0020 -0.3155 0.3619
v  0.0653 -0.2884 -0.3875
v  0.1311 -0.2603 -0.3950
v  0.3698 -0.1581 -0.2798
v  0.0653 -0.2884 0.3843
v  0.0020 -0.3155 -0.3651
v  0.3186 -0.1800 -0.3287
v  0.1311 -0.2603 0.3918
v  -0.0564 -0.3405 -0.3287
v  0.2603 -0.2050 -0.3651
v  0.1970 -0.2321 0.3843
v  -0.1076 -0.3624 -0.2798
v  0.1970 -0.2321 -0.3875
v  0.2603 -0.2050 0.3619
v  -0.1495 -0.3803 -0.2202
v  0.3186 -0.1800 0.3255
v  -0.1807 -0.3937 -0.1522
v  0.3698 -0.1581 0.2766
v  -0.1999 -0.4019 -0.0784
v  0.4118 -0.1402 0.2170
v  -0.2064 -0.4047 -0.0016
v  0.4430 -0.1268 0.1490
v  -0.1999 -0.4019 0.0752
v  0.4808 -0.1777 0.0744
v  0.4615 -0.1853 0.1474
v  0.4136 -0.1800 0.1279
v  0.4303 -0.1735 0.0644
v  0.0299 -0.3304 0.3110
v  -0.0209 -0.3503 0.2797
v  0.0850 -0.3088 -0.3334
v  0.1423 -0.2863 -0.3400
v  0.3499 -0.2050 -0.2409
v  0.0850 -0.3088 0.3303
v  0.0299 -0.3304 -0.3142
v  0.3054 -0.2224 -0.2829
v  0.1423 -0.2863 0.3368
v  -0.0209 -0.3503 -0.2829
v  0.2547 -0.2423 -0.3142
v  0.1996 -0.2639 0.3303
v  -0.0654 -0.3677 -0.2409
v  0.1996 -0.2639 -0.3334
v  0.2547 -0.2423 0.3110
v  -0.1019 -0.3821 -0.1896
v  0.3054 -0.2224 0.2797
v  -0.1291 -0.3927 -0.1311
v  0.3499 -0.2050 0.2377
v  -0.1458 -0.3992 -0.0676
v  0.3865 -0.1906 0.1864
v  -0.1514 -0.4014 -0.0016
v  -0.1458 -0.3992 0.0644
v  -0.1291 -0.3927 0.1279
v  0.4360 -0.1712 -0.0016
v  -0.1019 -0.3821 0.1864
v  0.4303 -0.1735 -0.0676
v  -0.0654 -0.3677 0.2377
v  0.4615 -0.1853 -0.1506
v  0.4851 -0.2579 -0.1506
v  0.5043 -0.2504 -0.0776
v  0.4808 -0.1777 -0.0776
v  -0.1631 -0.4301 0.1474
v  -0.1824 -0.4376 0.0744
v  0.4873 -0.1752 -0.0016
v  -0.1319 -0.4178 0.2148
v  -0.0899 -0.4014 0.2738
v  -0.0386 -0.3813 0.3222
v  0.4303 -0.1975 -0.2180
v  0.0198 -0.3584 0.3582
v  0.0832 -0.3335 -0.3836
v  0.1492 -0.3077 -0.3911
v  0.3882 -0.2140 -0.2770
v  0.0832 -0.3335 0.3804
v  0.0198 -0.3584 -0.3614
v  0.3370 -0.2341 -0.3254
v  0.1492 -0.3077 0.3879
v  -0.0386 -0.3813 -0.3254
v  0.2786 -0.2570 -0.3614
v  0.2151 -0.2818 0.3804
v  -0.0899 -0.4014 -0.2770
v  0.2151 -0.2818 -0.3836
v  0.2786 -0.2570 0.3582
v  -0.1319 -0.4178 -0.2180
v  0.3370 -0.2341 0.3222
v  -0.1631 -0.4301 -0.1506
v  0.3882 -0.2140 0.2738
v  -0.1824 -0.4376 -0.0776
v  0.4303 -0.1975 0.2148
v  -0.1889 -0.4402 -0.0016
v  0.3893 -0.3381 -0.2374
v  0.4118 -0.2866 -0.2770
v  0.3606 -0.3067 -0.3254
v  0.3450 -0.3537 -0.2789
v  -0.0151 -0.4539 0.3222
v  -0.0663 -0.4740 0.2738
v  0.4538 -0.2702 -0.2180
v  0.0434 -0.4310 0.3582
v  0.1068 -0.4062 -0.3836
v  0.1727 -0.3803 -0.3911
v  0.1068 -0.4062 0.3804
v  0.0434 -0.4310 -0.3614
v  0.1727 -0.3803 0.3879
v  -0.0151 -0.4539 -0.3254
v  0.3021 -0.3296 -0.3614
v  0.2387 -0.3545 0.3804
v  -0.0663 -0.4740 -0.2770
v  0.2387 -0.3545 -0.3836
v  0.3021 -0.3296 0.3582
v  -0.1083 -0.4905 -0.2180
v  0.3606 -0.3067 0.3222
v  -0.1396 -0.5027 -0.1506
v  0.4118 -0.2866 0.2738
v  -0.1588 -0.5103 -0.0776
v  0.4538 -0.2702 0.2148
v  -0.1653 -0.5128 -0.0016
v  0.4851 -0.2579 0.1474
v  -0.1588 -0.5103 0.0744
v  0.5043 -0.2504 0.0744
v  -0.1396 -0.5027 0.1474
v  0.5108 -0.2478 -0.0016
v  -0.1083 -0.4905 0.2148
v  0.1873 -0.4322 -0.3787
v  0.2518 -0.4095 -0.3715
v  0.2397 -0.3909 -0.3287
v  0.1827 -0.4110 -0.3351
v  0.1827 -0.4110 0.3319
v  0.1257 -0.4312 0.3255
v  0.0203 -0.4683 -0.2789
v  0.0709 -0.4505 -0.3097
v  0.2945 -0.3716 -0.3097
v  0.2397 -0.3909 0.3255
v  -0.0239 -0.4840 -0.2374
v  0.2945 -0.3716 0.3065
v  -0.0603 -0.4968 -0.1869
v  0.3450 -0.3537 0.2757
v  -0.0873 -0.5063 -0.1292
v  0.3893 -0.3381 0.2342
v  -0.1039 -0.5122 -0.0667
v  0.4257 -0.3253 0.1837
v  -0.1095 -0.5142 -0.0016
v  0.4527 -0.3157 0.1260
v  -0.1039 -0.5122 0.0635
v  0.4693 -0.3099 0.0635
v  -0.0873 -0.5063 0.1260
v  0.4749 -0.3079 -0.0016
v  -0.0603 -0.4968 0.1837
v  0.4693 -0.3099 -0.0667
v  -0.0239 -0.4840 0.2342
v  0.4527 -0.3157 -0.1292
v  0.0203 -0.4683 0.2757
v  0.4257 -0.3253 -0.1869
v  0.0709 -0.4505 0.3065
v  0.1257 -0.4312 -0.3287
v  0.4926 -0.3244 0.1427
v  0.5077 -0.3937 0.1427
v  0.4771 -0.4045 0.2079
v  0.4621 -0.3352 0.2079
v  0.3709 -0.3674 0.3120
v  0.3138 -0.3876 0.3468
v  -0.0875 -0.5292 -0.2111
v  -0.1180 -0.5400 -0.1459
v  0.4210 -0.3497 0.2651
v  -0.1369 -0.5466 -0.0752
v  -0.1432 -0.5489 -0.0016
v  -0.1369 -0.5466 0.0720
v  0.5114 -0.3178 0.0720
v  -0.1180 -0.5400 0.1427
v  0.5178 -0.3156 -0.0016
v  -0.0875 -0.5292 0.2079
v  0.5114 -0.3178 -0.0752
v  -0.0464 -0.5147 0.2651
v  0.4926 -0.3244 -0.1459
v  0.0037 -0.4970 0.3120
v  0.4621 -0.3352 -0.2111
v  0.0608 -0.4768 0.3468
v  0.1228 -0.4550 -0.3715
v  0.4210 -0.3497 -0.2683
v  0.1228 -0.4550 0.3683
v  0.0608 -0.4768 -0.3500
v  0.3709 -0.3674 -0.3152
v  0.1873 -0.4322 0.3755
v  0.0037 -0.4970 -0.3152
v  0.3138 -0.3876 -0.3500
v  0.2518 -0.4095 0.3683
v  -0.0464 -0.5147 -0.2683
v  0.4865 -0.4432 -0.0016
v  0.5328 -0.3848 -0.0016
v  0.5265 -0.3871 -0.0752
v  0.4811 -0.4448 -0.0632
v  -0.1218 -0.6159 0.0720
v  -0.1282 -0.6181 -0.0016
v  0.5265 -0.3871 0.0720
v  -0.1030 -0.6092 0.1427
v  -0.0725 -0.5985 0.2079
v  -0.0314 -0.5839 0.2651
v  0.5077 -0.3937 -0.1459
v  0.0187 -0.5663 0.3120
v  0.4771 -0.4045 -0.2111
v  0.0759 -0.5461 0.3468
v  0.2023 -0.5015 -0.3787
v  0.1379 -0.5242 -0.3715
v  0.4360 -0.4190 -0.2683
v  0.1379 -0.5242 0.3683
v  0.0759 -0.5461 -0.3500
v  0.3859 -0.4367 -0.3152
v  0.2023 -0.5015 0.3755
v  0.0187 -0.5663 -0.3152
v  0.3288 -0.4568 -0.3500
v  0.2668 -0.4787 0.3683
v  -0.0314 -0.5839 -0.2683
v  0.2668 -0.4787 -0.3715
v  0.3288 -0.4568 0.3468
v  -0.0725 -0.5985 -0.2111
v  0.3859 -0.4367 0.3120
v  -0.1030 -0.6092 -0.1459
v  0.4360 -0.4190 0.2651
v  -0.1218 -0.6159 -0.0752
v  0.2078 -0.5269 -0.3172
v  0.1535 -0.5432 -0.3111
v  0.1477 -0.5787 -0.3593
v  0.2105 -0.5598 -0.3663
v  0.0108 -0.5861 0.2216
v  -0.0238 -0.5965 0.1737
v  0.4653 -0.4495 -0.1224
v  0.0530 -0.5734 0.2608
v  0.4395 -0.4573 -0.1769
v  0.1012 -0.5589 0.2900
v  0.4049 -0.4677 -0.2248
v  0.1535 -0.5432 0.3079
v  0.1012 -0.5589 -0.2932
v  0.3626 -0.4804 -0.2640
v  0.2078 -0.5269 0.3140
v  0.0530 -0.5734 -0.2640
v  0.3145 -0.4948 -0.2932
v  0.2622 -0.5105 0.3079
v  0.0108 -0.5861 -0.2248
v  0.2622 -0.5105 -0.3111
v  0.3145 -0.4948 0.2900
v  -0.0238 -0.5965 -0.1769
v  0.3626 -0.4804 0.2608
v  -0.0496 -0.6042 -0.1224
v  0.4049 -0.4677 0.2216
v  -0.0654 -0.6090 -0.0632
v  0.4395 -0.4573 0.1737
v  -0.0708 -0.6106 -0.0016
v  0.4653 -0.4495 0.1192
v  -0.0654 -0.6090 0.0600
v  0.4811 -0.4448 0.0600
v  -0.0496 -0.6042 0.1192
v  -0.0171 -0.6282 -0.2595
v  -0.0112 -0.7003 -0.2595
v  0.0376 -0.6856 -0.3048
v  0.0317 -0.6136 -0.3048
v  0.4382 -0.4914 -0.2595
v  0.4782 -0.4794 -0.2042
v  0.1477 -0.5787 0.3561
v  0.0873 -0.5968 0.3353
v  0.0873 -0.5968 -0.3385
v  0.3894 -0.5061 -0.3048
v  0.2105 -0.5598 0.3631
v  0.3337 -0.5228 -0.3385
v  0.2733 -0.5409 0.3561
v  0.2733 -0.5409 -0.3593
v  0.3337 -0.5228 0.3353
v  -0.0572 -0.6402 -0.2042
v  0.3894 -0.5061 0.3016
v  -0.0869 -0.6492 -0.1412
v  0.4382 -0.4914 0.2563
v  -0.1052 -0.6547 -0.0727
v  0.4782 -0.4794 0.2010
v  -0.1114 -0.6565 -0.0016
v  0.5080 -0.4704 0.1380
v  -0.1052 -0.6547 0.0695
v  0.5263 -0.4649 0.0695
v  -0.0869 -0.6492 0.1380
v  0.5325 -0.4631 -0.0016
v  -0.0572 -0.6402 0.2010
v  0.5263 -0.4649 -0.0727
v  -0.0171 -0.6282 0.2563
v  0.5080 -0.4704 -0.1412
v  0.0317 -0.6136 0.3016
v  -0.0474 -0.7193 -0.0612
v  -0.0320 -0.7151 -0.1186
v  -0.0810 -0.7212 -0.1412
v  -0.0994 -0.7267 -0.0727
v  0.2792 -0.6130 -0.3593
v  0.3396 -0.5949 -0.3385
v  0.3396 -0.5949 0.3353
v  0.2792 -0.6130 0.3561
v  -0.0513 -0.7123 -0.2042
v  0.2164 -0.6319 -0.3663
v  0.3953 -0.5781 0.3016
v  0.4441 -0.5635 0.2563
v  0.4841 -0.5514 0.2010
v  -0.1055 -0.7286 -0.0016
v  0.5139 -0.5425 0.1380
v  -0.0994 -0.7267 0.0695
v  0.5322 -0.5370 0.0695
v  -0.0810 -0.7212 0.1380
v  0.5384 -0.5351 -0.0016
v  -0.0513 -0.7123 0.2010
v  0.5322 -0.5370 -0.0727
v  -0.0112 -0.7003 0.2563
v  0.5139 -0.5425 -0.1412
v  0.0376 -0.6856 0.3016
v  0.4841 -0.5514 -0.2042
v  0.0932 -0.6689 0.3353
v  0.1536 -0.6507 -0.3593
v  0.4441 -0.5635 -0.2595
v  0.1536 -0.6507 0.3561
v  0.0932 -0.6689 -0.3385
v  0.3953 -0.5781 -0.3048
v  0.2164 -0.6319 0.3631
v  -0.0320 -0.7151 0.1154
v  -0.0726 -0.7454 0.1346
v  -0.0905 -0.7503 0.0678
v  -0.0474 -0.7193 0.0580
v  0.4423 -0.5850 0.1682
v  0.4087 -0.5943 0.2146
v  -0.0526 -0.7207 -0.0016
v  0.4673 -0.5782 0.1154
v  0.4827 -0.5740 0.0580
v  0.4878 -0.5726 -0.0016
v  -0.0070 -0.7082 0.1682
v  0.4827 -0.5740 -0.0612
v  0.0266 -0.6990 0.2146
v  0.4673 -0.5782 -0.1186
v  0.0675 -0.6878 0.2526
v  0.4423 -0.5850 -0.1714
v  0.1142 -0.6750 0.2808
v  0.1649 -0.6611 -0.3014
v  0.2176 -0.6466 -0.3073
v  0.4087 -0.5943 -0.2178
v  0.1649 -0.6611 0.2982
v  0.1142 -0.6750 -0.2840
v  0.3678 -0.6055 -0.2558
v  0.2176 -0.6466 0.3041
v  0.0675 -0.6878 -0.2558
v  0.3210 -0.6183 -0.2840
v  0.2703 -0.6322 0.2982
v  0.0266 -0.6990 -0.2178
v  0.2703 -0.6322 -0.3014
v  0.3210 -0.6183 0.2808
v  -0.0070 -0.7082 -0.1714
v  0.3678 -0.6055 0.2526
v  0.0432 -0.7136 0.2942
v  0.0445 -0.7858 0.2942
v  -0.0032 -0.7989 0.2500
v  -0.0044 -0.7267 0.2500
v  0.5325 -0.5795 -0.0016
v  0.5264 -0.5812 0.0678
v  -0.0436 -0.7374 0.1961
v  0.5264 -0.5812 -0.0710
v  0.5085 -0.5861 -0.1378
v  0.4795 -0.5940 -0.1993
v  0.0976 -0.6987 0.3271
v  0.1566 -0.6825 -0.3506
v  0.2180 -0.6657 -0.3574
v  0.4404 -0.6048 -0.2532
v  0.1566 -0.6825 0.3474
v  0.0976 -0.6987 -0.3303
v  0.3927 -0.6178 -0.2974
v  0.2180 -0.6657 0.3542
v  0.0432 -0.7136 -0.2974
v  0.3383 -0.6327 -0.3303
v  0.2793 -0.6489 0.3474
v  -0.0044 -0.7267 -0.2532
v  0.2793 -0.6489 -0.3506
v  0.3383 -0.6327 0.3271
v  -0.0436 -0.7374 -0.1993
v  0.3927 -0.6178 0.2942
v  -0.0726 -0.7454 -0.1378
v  0.4404 -0.6048 0.2500
v  -0.0905 -0.7503 -0.0710
v  0.4795 -0.5940 0.1961
v  -0.0966 -0.7519 -0.0016
v  0.5085 -0.5861 0.1346
v  0.2192 -0.7379 0.3542
v  0.2197 -0.7661 0.3085
v  0.1665 -0.7767 0.3025
v  0.1578 -0.7548 0.3474
v  0.4807 -0.6663 -0.1993
v  0.5098 -0.6583 -0.1378
v  0.0988 -0.7709 0.3271
v  0.1578 -0.7548 -0.3506
v  0.2192 -0.7379 -0.3574
v  0.4416 -0.6770 -0.2532
v  0.0988 -0.7709 -0.3303
v  0.3939 -0.6900 -0.2974
v  0.0445 -0.7858 -0.2974
v  0.3396 -0.7049 -0.3303
v  0.2806 -0.7211 0.3474
v  -0.0032 -0.7989 -0.2532
v  0.2806 -0.7211 -0.3506
v  0.3396 -0.7049 0.3271
v  -0.0423 -0.8096 -0.1993
v  0.3939 -0.6900 0.2942
v  -0.0714 -0.8176 -0.1378
v  0.4416 -0.6770 0.2500
v  -0.0893 -0.8225 -0.0710
v  0.4807 -0.6663 0.1961
v  -0.0953 -0.8241 -0.0016
v  0.5098 -0.6583 0.1346
v  -0.0893 -0.8225 0.0678
v  0.5277 -0.6534 0.0678
v  -0.0714 -0.8176 0.1346
v  0.5337 -0.6517 -0.0016
v  -0.0423 -0.8096 0.1961
v  0.5277 -0.6534 -0.0710
v  0.3711 -0.7359 0.2562
v  0.3890 -0.7460 0.2903
v  0.3356 -0.7566 0.3227
v  0.3240 -0.7453 0.2849
v  0.0682 -0.7963 -0.2594
v  0.1153 -0.7869 -0.2881
v  0.3240 -0.7453 -0.2881
v  0.3711 -0.7359 -0.2594
v  0.2729 -0.7555 0.3025
v  0.0269 -0.8046 -0.2208
v  0.2729 -0.7555 -0.3057
v  -0.0070 -0.8114 -0.1739
v  0.2197 -0.7661 -0.3117
v  -0.0322 -0.8164 -0.1203
v  0.4125 -0.7277 0.2176
v  -0.0477 -0.8195 -0.0621
v  0.4464 -0.7209 0.1707
v  -0.0529 -0.8205 -0.0016
v  0.4716 -0.7159 0.1171
v  -0.0477 -0.8195 0.0589
v  0.4871 -0.7128 0.0589
v  -0.0322 -0.8164 0.1171
v  0.4923 -0.7117 -0.0016
v  -0.0070 -0.8114 0.1707
v  0.4871 -0.7128 -0.0621
v  0.0269 -0.8046 0.2176
v  0.4716 -0.7159 -0.1203
v  0.0682 -0.7963 0.2562
v  0.4464 -0.7209 -0.1739
v  0.1153 -0.7869 0.2849
v  0.1665 -0.7767 -0.3057
v  0.4125 -0.7277 -0.2208
v  0.5027 -0.7233 0.1327
v  0.4914 -0.7964 0.1327
v  0.4629 -0.8021 0.1934
v  0.4741 -0.7290 0.1934
v  -0.0391 -0.8314 -0.1966
v  -0.0676 -0.8371 -0.1359
v  0.4358 -0.7366 0.2466
v  -0.0852 -0.8406 -0.0701
v  -0.0911 -0.8418 -0.0016
v  -0.0852 -0.8406 0.0669
v  0.5202 -0.7198 0.0669
v  -0.0676 -0.8371 0.1327
v  0.5262 -0.7186 -0.0016
v  -0.0391 -0.8314 0.1934
v  0.5202 -0.7198 -0.0701
v  -0.0007 -0.8237 0.2466
v  0.5027 -0.7233 -0.1359
v  0.0460 -0.8144 0.2903
v  0.4741 -0.7290 -0.1966
v  0.0994 -0.8037 0.3227
v  0.1573 -0.7922 -0.3459
v  0.2175 -0.7802 -0.3526
v  0.4358 -0.7366 -0.2498
v  0.1573 -0.7922 0.3427
v  0.0994 -0.8037 -0.3259
v  0.3890 -0.7460 -0.2935
v  0.2175 -0.7802 0.3494
v  0.0460 -0.8144 -0.2935
v  0.3356 -0.7566 -0.3259
v  0.2777 -0.7682 0.3427
v  -0.0007 -0.8237 -0.2498
v  0.2777 -0.7682 -0.3459
v  0.5089 -0.7929 -0.0701
v  0.4702 -0.8311 -0.0625
v  0.4754 -0.8302 -0.0016
v  0.5149 -0.7917 -0.0016
v  -0.0965 -0.9137 0.0669
v  -0.1024 -0.9149 -0.0016
v  0.5089 -0.7929 0.0669
v  -0.0789 -0.9102 0.1327
v  -0.0504 -0.9045 0.1934
v  -0.0120 -0.8969 0.2466
v  0.4914 -0.7964 -0.1359
v  0.0348 -0.8875 0.2903
v  0.4629 -0.8021 -0.1966
v  0.0881 -0.8769 0.3227
v  0.2062 -0.8533 -0.3526
v  0.1460 -0.8653 -0.3459
v  0.4245 -0.8098 -0.2498
v  0.1460 -0.8653 0.3427
v  0.0881 -0.8769 -0.3259
v  0.3777 -0.8191 -0.2935
v  0.2062 -0.8533 0.3494
v  0.0348 -0.8875 -0.2935
v  0.3243 -0.8297 -0.3259
v  0.2664 -0.8413 0.3427
v  -0.0120 -0.8969 -0.2498
v  0.2664 -0.8413 -0.3459
v  0.3243 -0.8297 0.3227
v  -0.0504 -0.9045 -0.1966
v  0.3777 -0.8191 0.2903
v  -0.0789 -0.9102 -0.1359
v  0.4245 -0.8098 0.2466
v  -0.0965 -0.9137 -0.0701
v  0.2664 -0.8874 0.3428
v  0.2561 -0.8661 0.3046
v  0.3072 -0.8578 0.2868
v  0.3239 -0.8780 0.3228
v  0.0102 -0.9064 0.2191
v  -0.0237 -0.9119 0.1718
v  0.4547 -0.8336 -0.1211
v  0.0515 -0.8996 0.2579
v  0.4295 -0.8377 -0.1750
v  0.0986 -0.8919 0.2868
v  0.1497 -0.8836 -0.3078
v  0.2029 -0.8748 -0.3138
v  0.3956 -0.8433 -0.2223
v  0.1497 -0.8836 0.3046
v  0.0986 -0.8919 -0.2900
v  0.3543 -0.8501 -0.2611
v  0.2029 -0.8748 0.3106
v  0.0515 -0.8996 -0.2611
v  0.3072 -0.8578 -0.2900
v  0.0102 -0.9064 -0.2223
v  0.2561 -0.8661 -0.3078
v  -0.0237 -0.9119 -0.1750
v  0.3543 -0.8501 0.2579
v  -0.0489 -0.9161 -0.1211
v  0.3956 -0.8433 0.2191
v  -0.0644 -0.9186 -0.0625
v  0.4295 -0.8377 0.1718
v  -0.0696 -0.9195 -0.0016
v  0.4547 -0.8336 0.1179
v  -0.0644 -0.9186 0.0593
v  0.4702 -0.8311 0.0593
v  -0.0489 -0.9161 0.1179
v  0.4318 -0.9135 0.2467
v  0.4233 -0.8617 0.2467
v  0.4615 -0.8554 0.1935
v  0.4699 -0.9073 0.1935
v  -0.0483 -0.9389 -0.1967
v  -0.0102 -0.9327 -0.2499
v  0.2066 -0.8972 -0.3527
v  0.2664 -0.8874 -0.3460
v  0.3769 -0.8693 0.2904
v  -0.0766 -0.9436 -0.1360
v  -0.0941 -0.9464 -0.0701
v  -0.1000 -0.9474 -0.0016
v  0.4898 -0.8508 0.1328
v  -0.0941 -0.9464 0.0669
v  0.5072 -0.8479 0.0669
v  -0.0766 -0.9436 0.1328
v  0.5131 -0.8470 -0.0016
v  -0.0483 -0.9389 0.1935
v  0.5072 -0.8479 -0.0701
v  -0.0102 -0.9327 0.2467
v  0.4898 -0.8508 -0.1360
v  0.0363 -0.9251 0.2904
v  0.4615 -0.8554 -0.1967
v  0.0893 -0.9164 0.3228
v  0.1468 -0.9070 -0.3460
v  0.4233 -0.8617 -0.2499
v  0.1468 -0.9070 0.3428
v  0.0893 -0.9164 -0.3260
v  0.3769 -0.8693 -0.2936
v  0.2066 -0.8972 0.3495
v  0.0363 -0.9251 -0.2936
v  0.3239 -0.8780 -0.3260
v  0.4937 -0.9719 0.0600
v  0.5157 -0.8998 0.0669
v  0.5216 -0.8988 -0.0016
v  0.4990 -0.9717 -0.0016
v  -0.0856 -0.9983 -0.0701
v  -0.0915 -0.9992 -0.0016
v  0.4983 -0.9026 0.1328
v  -0.0856 -0.9983 0.0669
v  -0.0682 -0.9954 0.1328
v  -0.0398 -0.9908 0.1935
v  0.5157 -0.8998 -0.0701
v  -0.0017 -0.9845 0.2467
v  0.4983 -0.9026 -0.1360
v  0.0447 -0.9769 0.2904
v  0.4699 -0.9073 -0.1967
v  0.0977 -0.9682 0.3228
v  0.1553 -0.9588 -0.3460
v  0.2151 -0.9490 -0.3527
v  0.4318 -0.9135 -0.2499
v  0.1553 -0.9588 0.3428
v  0.0977 -0.9682 -0.3260
v  0.3854 -0.9211 -0.2936
v  0.2151 -0.9490 0.3495
v  0.0447 -0.9769 -0.2936
v  0.3324 -0.9298 -0.3260
v  0.2749 -0.9392 0.3428
v  -0.0017 -0.9845 -0.2499
v  0.2749 -0.9392 -0.3460
v  0.3324 -0.9298 0.3228
v  -0.0398 -0.9908 -0.1967
v  0.3854 -0.9211 0.2904
v  -0.0682 -0.9954 -0.1360
v  0.1655 -0.9801 -0.3112
v  0.1131 -0.9815 -0.2932
v  0.0649 -0.9827 -0.2640
v  0.0226 -0.9837 -0.2248
v  -0.0122 -0.9846 -0.1770
v  -0.0379 -0.9853 -0.1224
v  -0.0538 -0.9857 -0.0632
v  -0.0592 -0.9858 -0.0016
v  -0.0538 -0.9857 0.0600
v  -0.0379 -0.9853 0.1192
v  -0.0122 -0.9846 0.1738
v  0.0226 -0.9837 0.2216
v  0.0649 -0.9827 0.2608
v  0.1131 -0.9815 0.2900
v  0.1655 -0.9801 0.3080
v  0.2199 -0.9788 0.3140
v  0.2744 -0.9774 0.3080
v  0.3267 -0.9761 0.2900
v  0.3750 -0.9749 0.2608
v  0.4173 -0.9738 0.2216
v  0.4520 -0.9729 0.1738
v  0.4778 -0.9723 0.1192
v  0.4937 -0.9719 -0.0632
v  0.4778 -0.9723 -0.1224
v  0.4520 -0.9729 -0.1769
v  0.4173 -0.9738 -0.2248
v  0.3750 -0.9749 -0.2640
v  0.3267 -0.9761 -0.2932
v  0.2744 -0.9774 -0.3112
v  0.2199 -0.9788 -0.3172
v  0.1973 -0.9721 -0.3581
v  0.2672 -0.9721 -0.3512
v  0.3344 -0.9721 -0.3308
v  0.3963 -0.9721 -0.2977
v  0.4506 -0.9721 -0.2532
v  0.4951 -0.9721 -0.1989
v  0.5282 -0.9721 -0.1370
v  0.5486 -0.9721 -0.0698
v  0.5555 -0.9721 0.0001
v  0.5486 -0.9721 0.0700
v  0.5282 -0.9721 0.1371
v  0.4951 -0.9721 0.1991
v  0.4506 -0.9721 0.2533
v  0.3963 -0.9721 0.2979
v  0.3344 -0.9721 0.3310
v  0.2672 -0.9721 0.3514
v  0.1973 -0.9721 0.3582
v  0.1274 -0.9721 0.3514
v  0.0603 -0.9721 0.3310
v  -0.0017 -0.9721 0.2979
v  -0.0559 -0.9721 0.2533
v  -0.1005 -0.9721 0.1991
v  -0.1336 -0.9721 0.1371
v  -0.1540 -0.9721 0.0700
v  -0.1608 -0.9721 0.0001
v  -0.1540 -0.9721 -0.0698
v  -0.1336 -0.9721 -0.1370
v  -0.1005 -0.9721 -0.1989
v  -0.0559 -0.9721 -0.2532
v  0.1274 -0.9721 -0.3512
v  -0.0017 -0.9721 -0.2977
v  0.0603 -0.9721 -0.3308
v  -0.0704 -1.0030 -0.2677
v  -0.0704 -1.0378 -0.2677
v  -0.0130 -1.0378 -0.3148
v  -0.0130 -1.0030 -0.3148
v  -0.1813 -1.0030 0.0001
v  -0.1741 -1.0030 0.0740
v  0.5687 -1.0030 0.0740
v  0.5472 -1.0030 0.1450
v  -0.1525 -1.0030 0.1450
v  0.5760 -1.0030 0.0001
v  -0.1175 -1.0030 0.2105
v  0.5687 -1.0030 -0.0738
v  -0.0704 -1.0030 0.2678
v  0.5472 -1.0030 -0.1448
v  -0.0130 -1.0030 0.3149
v  0.5122 -1.0030 -0.2103
v  0.0524 -1.0030 0.3499
v  0.1973 -1.0030 -0.3786
v  0.1234 -1.0030 -0.3713
v  0.4651 -1.0030 -0.2677
v  0.1234 -1.0030 0.3715
v  0.0524 -1.0030 -0.3497
v  0.4077 -1.0030 -0.3148
v  0.1973 -1.0030 0.3787
v  0.3422 -1.0030 -0.3497
v  0.2712 -1.0030 0.3715
v  0.2712 -1.0030 -0.3713
v  0.3422 -1.0030 0.3499
v  -0.1175 -1.0030 -0.2103
v  0.4077 -1.0030 0.3149
v  -0.1525 -1.0030 -0.1448
v  0.4651 -1.0030 0.2678
v  -0.1741 -1.0030 -0.0738
v  0.5122 -1.0030 0.2105
v  0.1234 -1.0378 -0.3713
v  0.0524 -1.0378 -0.3497
v  -0.1175 -1.0378 -0.2103
v  -0.1525 -1.0378 -0.1448
v  -0.1741 -1.0378 -0.0738
v  -0.1813 -1.0378 0.0001
v  -0.1741 -1.0378 0.0740
v  -0.1525 -1.0378 0.1450
v  -0.1175 -1.0378 0.2105
v  -0.0704 -1.0378 0.2678
v  -0.0130 -1.0378 0.3149
v  0.0524 -1.0378 0.3499
v  0.1234 -1.0378 0.3715
v  0.1973 -1.0378 0.3787
v  0.2712 -1.0378 0.3715
v  0.3422 -1.0378 0.3499
v  0.4077 -1.0378 0.3149
v  0.4651 -1.0378 0.2678
v  0.5122 -1.0378 0.2105
v  0.5472 -1.0378 0.1450
v  0.5687 -1.0378 0.0740
v  0.5760 -1.0378 0.0001
v  0.5687 -1.0378 -0.0738
v  0.5472 -1.0378 -0.1448
v  0.5122 -1.0378 -0.2103
v  0.4651 -1.0378 -0.2677
v  0.4077 -1.0378 -0.3148
v  0.3422 -1.0378 -0.3497
v  0.2712 -1.0378 -0.3713
v  0.1973 -1.0378 -0.3786
v  0.1967 -1.0367 -0.3756
v  0.2703 -1.0367 -0.3684
v  0.3411 -1.0367 -0.3469
v  0.4064 -1.0367 -0.3120
v  0.4636 -1.0367 -0.2651
v  0.5105 -1.0367 -0.2079
v  0.5454 -1.0367 -0.1427
v  0.5668 -1.0367 -0.0719
v  0.5741 -1.0367 0.0018
v  0.5668 -1.0367 0.0754
v  0.5454 -1.0367 0.1462
v  0.5105 -1.0367 0.2114
v  0.4636 -1.0367 0.2686
v  0.4064 -1.0367 0.3155
v  0.3411 -1.0367 0.3504
v  0.2703 -1.0367 0.3719
v  0.1967 -1.0367 0.3791
v  0.1231 -1.0367 0.3719
v  0.0523 -1.0367 0.3504
v  -0.0129 -1.0367 0.3155
v  -0.0701 -1.0367 0.2686
v  -0.1171 -1.0367 0.2114
v  -0.1519 -1.0367 0.1462
v  -0.1734 -1.0367 0.0754
v  -0.1807 -1.0367 0.0018
v  -0.1734 -1.0367 -0.0719
v  -0.1519 -1.0367 -0.1427
v  -0.1171 -1.0367 -0.2079
v  -0.0701 -1.0367 -0.2651
v  0.1231 -1.0367 -0.3684
v  -0.0129 -1.0367 -0.3120
v  0.0523 -1.0367 -0.3469
v  0.1037 -1.2159 -0.4659
v  0.0142 -1.2159 -0.4388
v  -0.0682 -1.2159 -0.3947
v  -0.1405 -1.2159 -0.3354
v  -0.1998 -1.2159 -0.2632
v  -0.2438 -1.2159 -0.1807
v  -0.2710 -1.2159 -0.0913
v  -0.2801 -1.2159 0.0018
v  -0.2710 -1.2159 0.0948
v  -0.2438 -1.2159 0.1842
v  -0.1998 -1.2159 0.2667
v  -0.1405 -1.2159 0.3390
v  -0.0682 -1.2159 0.3983
v  0.0142 -1.2159 0.4423
v  0.1037 -1.2159 0.4695
v  0.1967 -1.2159 0.4786
v  0.2897 -1.2159 0.4695
v  0.3792 -1.2159 0.4423
v  0.4616 -1.2159 0.3983
v  0.5339 -1.2159 0.3390
v  0.5932 -1.2159 0.2667
v  0.6373 -1.2159 0.1842
v  0.6644 -1.2159 0.0948
v  0.6736 -1.2159 0.0018
v  0.6644 -1.2159 -0.0913
v  0.6373 -1.2159 -0.1807
v  0.5932 -1.2159 -0.2632
v  0.5339 -1.2159 -0.3354
v  0.4616 -1.2159 -0.3947
v  0.3792 -1.2159 -0.4388
v  0.2897 -1.2159 -0.4659
v  0.1967 -1.2159 -0.4751
v  0.1980 -1.2146 -0.4772
v  0.2915 -1.2146 -0.4680
v  0.3814 -1.2146 -0.4407
v  0.4643 -1.2146 -0.3964
v  0.5369 -1.2146 -0.3368
v  0.5965 -1.2146 -0.2642
v  0.6408 -1.2146 -0.1813
v  0.6681 -1.2146 -0.0914
v  0.6773 -1.2146 0.0021
v  0.6681 -1.2146 0.0956
v  0.6408 -1.2146 0.1856
v  0.5965 -1.2146 0.2684
v  0.5369 -1.2146 0.3411
v  0.4643 -1.2146 0.4007
v  0.3814 -1.2146 0.4450
v  0.2915 -1.2146 0.4723
v  0.1980 -1.2146 0.4815
v  0.1044 -1.2146 0.4723
v  0.0145 -1.2146 0.4450
v  -0.0683 -1.2146 0.4007
v  -0.1410 -1.2146 0.3411
v  -0.2006 -1.2146 0.2684
v  -0.2449 -1.2146 0.1856
v  -0.2722 -1.2146 0.0956
v  -0.2814 -1.2146 0.0021
v  -0.2722 -1.2146 -0.0914
v  -0.2449 -1.2146 -0.1813
v  -0.2006 -1.2146 -0.2642
v  -0.1410 -1.2146 -0.3368
v  0.1044 -1.2146 -0.4680
v  -0.0683 -1.2146 -0.3964
v  0.0145 -1.2146 -0.4407
v  0.7029 -1.2360 -0.0983
v  0.7029 -1.3368 -0.0983
v  0.7128 -1.3368 0.0021
v  0.7128 -1.2360 0.0021
v  0.3950 -1.2360 -0.4735
v  0.4840 -1.2360 -0.4260
v  0.2984 -1.2360 0.5071
v  0.1980 -1.2360 0.5170
v  -0.1661 -1.2360 -0.3619
v  -0.0881 -1.2360 -0.4260
v  0.2984 -1.2360 -0.5028
v  0.3950 -1.2360 0.4778
v  -0.2301 -1.2360 -0.2839
v  0.1980 -1.2360 -0.5127
v  0.4840 -1.2360 0.4302
v  -0.2777 -1.2360 -0.1949
v  0.5620 -1.2360 0.3662
v  -0.3070 -1.2360 -0.0983
v  0.6260 -1.2360 0.2882
v  -0.3169 -1.2360 0.0021
v  0.6736 -1.2360 0.1991
v  -0.3070 -1.2360 0.1026
v  0.7029 -1.2360 0.1026
v  -0.2777 -1.2360 0.1991
v  -0.2301 -1.2360 0.2882
v  -0.1661 -1.2360 0.3662
v  0.6736 -1.2360 -0.1949
v  -0.0881 -1.2360 0.4302
v  0.6260 -1.2360 -0.2839
v  0.0009 -1.2360 0.4778
v  0.0975 -1.2360 -0.5028
v  0.5620 -1.2360 -0.3619
v  0.0975 -1.2360 0.5071
v  0.0009 -1.2360 -0.4735
v  0.0975 -1.3368 -0.5028
v  0.0009 -1.3368 -0.4735
v  -0.0881 -1.3368 -0.4260
v  -0.1661 -1.3368 -0.3619
v  -0.2301 -1.3368 -0.2839
v  -0.2777 -1.3368 -0.1949
v  -0.3070 -1.3368 -0.0983
v  -0.3169 -1.3368 0.0021
v  -0.3070 -1.3368 0.1026
v  -0.2777 -1.3368 0.1991
v  -0.2301 -1.3368 0.2882
v  -0.1661 -1.3368 0.3662
v  -0.0881 -1.3368 0.4302
v  0.0009 -1.3368 0.4778
v  0.0975 -1.3368 0.5071
v  0.1980 -1.3368 0.5170
v  0.2984 -1.3368 0.5071
v  0.3950 -1.3368 0.4778
v  0.4840 -1.3368 0.4302
v  0.5620 -1.3368 0.3662
v  0.6260 -1.3368 0.2882
v  0.6736 -1.3368 0.1991
v  0.7029 -1.3368 0.1026
v  0.6736 -1.3368 -0.1949
v  0.6260 -1.3368 -0.2839
v  0.5620 -1.3368 -0.3619
v  0.4840 -1.3368 -0.4260
v  0.3950 -1.3368 -0.4735
v  0.2984 -1.3368 -0.5028
v  0.1980 -1.3368 -0.5127
v  0.6455 -1.2637 -0.2580
v  0.6494 -1.2637 -0.2595
v  0.6494 -1.3381 -0.2595
v  0.6455 -1.3381 -0.2580
v  0.6535 -1.2637 -0.2602
v  0.6535 -1.3381 -0.2602
v  0.6577 -1.2637 -0.2601
v  0.6577 -1.3381 -0.2601
v  0.6618 -1.2637 -0.2591
v  0.6618 -1.3381 -0.2591
v  0.6656 -1.2637 -0.2574
v  0.6656 -1.3381 -0.2574
v  0.6690 -1.3381 -0.2550
v  0.6690 -1.2637 -0.2550
v  0.6719 -1.3381 -0.2519
v  0.6719 -1.2637 -0.2519
v  0.6741 -1.2637 -0.2484
v  0.6741 -1.3381 -0.2484
v  0.6756 -1.3381 -0.2445
v  0.6756 -1.2637 -0.2445
v  0.6763 -1.3381 -0.2403
v  0.6763 -1.2637 -0.2403
v  0.6761 -1.3381 -0.2362
v  0.6761 -1.2637 -0.2362
v  0.6752 -1.2637 -0.2321
v  0.6752 -1.3381 -0.2321
v  0.6735 -1.3381 -0.2283
v  0.6735 -1.2637 -0.2283
v  0.6710 -1.3381 -0.2249
v  0.6710 -1.2637 -0.2249
v  0.6680 -1.3381 -0.2220
v  0.6680 -1.2637 -0.2220
v  0.6645 -1.3381 -0.2198
v  0.6645 -1.2637 -0.2198
v  0.6605 -1.3381 -0.2183
v  0.6605 -1.2637 -0.2183
v  0.6564 -1.3381 -0.2176
v  0.6564 -1.2637 -0.2176
v  0.6522 -1.3381 -0.2177
v  0.6522 -1.2637 -0.2177
v  0.6482 -1.2637 -0.2187
v  0.6482 -1.3381 -0.2187
v  0.6443 -1.2637 -0.2204
v  0.6443 -1.3381 -0.2204
v  0.6409 -1.3381 -0.2228
v  0.6409 -1.2637 -0.2228
v  0.6381 -1.3381 -0.2258
v  0.6381 -1.2637 -0.2258
v  0.6358 -1.2637 -0.2294
v  0.6358 -1.3381 -0.2294
v  0.6344 -1.2637 -0.2333
v  0.6344 -1.3381 -0.2333
v  0.6337 -1.3381 -0.2374
v  0.6337 -1.2637 -0.2374
v  0.6338 -1.2637 -0.2416
v  0.6338 -1.3381 -0.2416
v  0.6347 -1.3381 -0.2457
v  0.6347 -1.2637 -0.2457
v  0.6364 -1.3381 -0.2495
v  0.6364 -1.2637 -0.2495
v  0.6389 -1.2637 -0.2529
v  0.6389 -1.3381 -0.2529
v  0.6655 -1.2453 -0.2441
v  0.6666 -1.2455 -0.2415
v  0.6419 -1.2637 -0.2558
v  0.6419 -1.3381 -0.2558
v  0.6554 -1.2493 -0.2528
v  0.6410 -1.2385 -0.2457
v  0.6410 -1.2365 -0.2436
v  0.6578 -1.2480 -0.2520
v  0.6570 -1.2577 -0.2246
v  0.6593 -1.2560 -0.2249
v  0.6425 -1.2617 -0.2419
v  0.6427 -1.2625 -0.2391
v  0.6601 -1.2468 -0.2506
v  0.6651 -1.2508 -0.2287
v  0.6663 -1.2493 -0.2308
v  0.6459 -1.2630 -0.2312
v  0.6477 -1.2625 -0.2290
v  0.6484 -1.2542 -0.2521
v  0.6506 -1.2525 -0.2529
v  0.6464 -1.2560 -0.2509
v  0.6672 -1.2460 -0.2387
v  0.6546 -1.2592 -0.2250
v  0.6428 -1.2605 -0.2445
v  0.6622 -1.2460 -0.2488
v  0.6635 -1.2525 -0.2269
v  0.6444 -1.2632 -0.2336
v  0.6529 -1.2508 -0.2531
v  0.6674 -1.2468 -0.2359
v  0.6521 -1.2605 -0.2258
v  0.6436 -1.2592 -0.2470
v  0.6641 -1.2455 -0.2466
v  0.6615 -1.2542 -0.2256
v  0.6433 -1.2630 -0.2363
v  0.6671 -1.2480 -0.2332
v  0.6498 -1.2617 -0.2272
v  0.6448 -1.2577 -0.2491
v  0.6419 -1.2434 -0.2486
v  0.6428 -1.2461 -0.2494
v  0.6440 -1.2487 -0.2497
v  0.6454 -1.2512 -0.2494
v  0.6469 -1.2536 -0.2486
v  0.6485 -1.2556 -0.2474
v  0.6502 -1.2573 -0.2457
v  0.6518 -1.2586 -0.2437
v  0.6534 -1.2593 -0.2413
v  0.6547 -1.2596 -0.2388
v  0.6559 -1.2593 -0.2361
v  0.6569 -1.2586 -0.2335
v  0.6575 -1.2573 -0.2310
v  0.6578 -1.2556 -0.2286
v  0.6579 -1.2536 -0.2266
v  0.6575 -1.2512 -0.2249
v  0.6569 -1.2487 -0.2237
v  0.6560 -1.2461 -0.2229
v  0.6548 -1.2434 -0.2226
v  0.6535 -1.2409 -0.2229
v  0.6519 -1.2385 -0.2237
v  0.6503 -1.2365 -0.2249
v  0.6487 -1.2348 -0.2266
v  0.6470 -1.2335 -0.2286
v  0.6455 -1.2328 -0.2310
v  0.6441 -1.2325 -0.2335
v  0.6429 -1.2328 -0.2361
v  0.6420 -1.2335 -0.2388
v  0.6414 -1.2348 -0.2413
v  0.6413 -1.2409 -0.2474
v  0.6868 -1.2637 0.2001
v  0.6868 -1.3381 0.2001
v  0.6839 -1.3381 0.1971
v  0.6839 -1.2637 0.1971
v  0.6891 -1.3381 0.2036
v  0.6891 -1.2637 0.2036
v  0.6906 -1.2637 0.2075
v  0.6906 -1.3381 0.2075
v  0.6914 -1.3381 0.2116
v  0.6914 -1.2637 0.2116
v  0.6913 -1.2637 0.2158
v  0.6913 -1.3381 0.2158
v  0.6905 -1.3381 0.2199
v  0.6905 -1.2637 0.2199
v  0.6888 -1.3381 0.2237
v  0.6888 -1.2637 0.2237
v  0.6865 -1.2637 0.2272
v  0.6865 -1.3381 0.2272
v  0.6835 -1.3381 0.2301
v  0.6835 -1.2637 0.2301
v  0.6800 -1.2637 0.2324
v  0.6800 -1.3381 0.2324
v  0.6761 -1.2637 0.2339
v  0.6761 -1.3381 0.2339
v  0.6720 -1.3381 0.2347
v  0.6720 -1.2637 0.2347
v  0.6678 -1.2637 0.2347
v  0.6678 -1.3381 0.2347
v  0.6637 -1.2637 0.2338
v  0.6637 -1.3381 0.2338
v  0.6599 -1.3381 0.2322
v  0.6599 -1.2637 0.2322
v  0.6564 -1.2637 0.2298
v  0.6564 -1.3381 0.2298
v  0.6535 -1.2637 0.2268
v  0.6535 -1.3381 0.2268
v  0.6512 -1.3381 0.2233
v  0.6512 -1.2637 0.2233
v  0.6496 -1.3381 0.2194
v  0.6496 -1.2637 0.2194
v  0.6489 -1.2637 0.2153
v  0.6489 -1.3381 0.2153
v  0.6489 -1.3381 0.2111
v  0.6489 -1.2637 0.2111
v  0.6498 -1.2637 0.2070
v  0.6498 -1.3381 0.2070
v  0.6514 -1.2637 0.2032
v  0.6514 -1.3381 0.2032
v  0.6538 -1.3381 0.1997
v  0.6538 -1.2637 0.1997
v  0.6568 -1.3381 0.1968
v  0.6568 -1.2637 0.1968
v  0.6603 -1.2637 0.1945
v  0.6603 -1.3381 0.1945
v  0.6642 -1.3381 0.1929
v  0.6642 -1.2637 0.1929
v  0.6683 -1.2637 0.1922
v  0.6683 -1.3381 0.1922
v  0.6725 -1.2637 0.1922
v  0.6725 -1.3381 0.1922
v  0.6765 -1.3381 0.1931
v  0.6765 -1.2637 0.1931
v  0.6771 -1.2455 0.2231
v  0.6792 -1.2453 0.2210
v  0.6804 -1.2637 0.1947
v  0.6804 -1.3381 0.1947
v  0.6833 -1.2480 0.2108
v  0.6831 -1.2493 0.2082
v  0.6708 -1.2385 0.1979
v  0.6689 -1.2365 0.1988
v  0.6579 -1.2577 0.2210
v  0.6590 -1.2560 0.2231
v  0.6679 -1.2617 0.2008
v  0.6654 -1.2625 0.2021
v  0.6829 -1.2468 0.2135
v  0.6673 -1.2493 0.2271
v  0.6648 -1.2508 0.2268
v  0.6581 -1.2625 0.2108
v  0.6594 -1.2630 0.2082
v  0.6796 -1.2542 0.2021
v  0.6812 -1.2525 0.2038
v  0.6777 -1.2560 0.2008
v  0.6749 -1.2460 0.2248
v  0.6572 -1.2592 0.2186
v  0.6705 -1.2605 0.2001
v  0.6821 -1.2460 0.2161
v  0.6626 -1.2525 0.2260
v  0.6611 -1.2632 0.2058
v  0.6824 -1.2508 0.2059
v  0.6724 -1.2468 0.2261
v  0.6570 -1.2605 0.2161
v  0.6730 -1.2592 0.1998
v  0.6809 -1.2455 0.2187
v  0.6606 -1.2542 0.2248
v  0.6631 -1.2630 0.2038
v  0.6698 -1.2480 0.2268
v  0.6573 -1.2617 0.2134
v  0.6755 -1.2577 0.2001
v  0.6756 -1.2487 0.1991
v  0.6759 -1.2512 0.2005
v  0.6758 -1.2536 0.2022
v  0.6753 -1.2556 0.2042
v  0.6745 -1.2573 0.2064
v  0.6732 -1.2586 0.2087
v  0.6717 -1.2593 0.2110
v  0.6699 -1.2596 0.2133
v  0.6680 -1.2593 0.2154
v  0.6660 -1.2586 0.2173
v  0.6639 -1.2573 0.2189
v  0.6619 -1.2556 0.2202
v  0.6600 -1.2536 0.2210
v  0.6584 -1.2512 0.2214
v  0.6570 -1.2487 0.2213
v  0.6559 -1.2461 0.2208
v  0.6552 -1.2434 0.2198
v  0.6549 -1.2409 0.2185
v  0.6550 -1.2385 0.2168
v  0.6555 -1.2365 0.2148
v  0.6563 -1.2348 0.2126
v  0.6576 -1.2335 0.2103
v  0.6591 -1.2328 0.2079
v  0.6609 -1.2325 0.2057
v  0.6628 -1.2328 0.2035
v  0.6648 -1.2335 0.2016
v  0.6669 -1.2348 0.2000
v  0.6724 -1.2409 0.1975
v  0.6749 -1.2461 0.1981
v  0.6738 -1.2434 0.1976
v  0.7184 -1.2637 -0.0381
v  0.7184 -1.3381 -0.0381
v  0.7142 -1.3381 -0.0384
v  0.7142 -1.2637 -0.0384
v  0.7225 -1.3381 -0.0371
v  0.7225 -1.2637 -0.0371
v  0.7262 -1.2637 -0.0353
v  0.7262 -1.3381 -0.0353
v  0.7296 -1.2637 -0.0327
v  0.7296 -1.3381 -0.0327
v  0.7323 -1.3381 -0.0296
v  0.7323 -1.2637 -0.0296
v  0.7344 -1.2637 -0.0260
v  0.7344 -1.3381 -0.0260
v  0.7358 -1.2637 -0.0220
v  0.7358 -1.3381 -0.0220
v  0.7364 -1.3381 -0.0179
v  0.7364 -1.2637 -0.0179
v  0.7361 -1.2637 -0.0137
v  0.7361 -1.3381 -0.0137
v  0.7351 -1.2637 -0.0097
v  0.7351 -1.3381 -0.0097
v  0.7332 -1.3381 -0.0059
v  0.7332 -1.2637 -0.0059
v  0.7307 -1.2637 -0.0026
v  0.7307 -1.3381 -0.0026
v  0.7276 -1.2637 0.0002
v  0.7276 -1.3381 0.0002
v  0.7240 -1.3381 0.0023
v  0.7240 -1.2637 0.0023
v  0.7200 -1.3381 0.0037
v  0.7200 -1.2637 0.0037
v  0.7159 -1.2637 0.0043
v  0.7159 -1.3381 0.0043
v  0.7117 -1.3381 0.0040
v  0.7117 -1.2637 0.0040
v  0.7076 -1.3381 0.0029
v  0.7076 -1.2637 0.0029
v  0.7039 -1.2637 0.0011
v  0.7039 -1.3381 0.0011
v  0.7005 -1.3381 -0.0014
v  0.7005 -1.2637 -0.0014
v  0.6978 -1.2637 -0.0045
v  0.6978 -1.3381 -0.0045
v  0.6957 -1.2637 -0.0082
v  0.6957 -1.3381 -0.0082
v  0.6943 -1.3381 -0.0121
v  0.6943 -1.2637 -0.0121
v  0.6937 -1.3381 -0.0163
v  0.6937 -1.2637 -0.0163
v  0.6940 -1.2637 -0.0204
v  0.6940 -1.3381 -0.0204
v  0.6950 -1.3381 -0.0245
v  0.6950 -1.2637 -0.0245
v  0.6969 -1.2637 -0.0282
v  0.6969 -1.3381 -0.0282
v  0.6994 -1.2637 -0.0316
v  0.6994 -1.3381 -0.0316
v  0.7025 -1.3381 -0.0344
v  0.7025 -1.2637 -0.0344
v  0.7061 -1.2637 -0.0365
v  0.7061 -1.3381 -0.0365
v  0.7269 -1.2453 -0.0175
v  0.7267 -1.2455 -0.0146
v  0.7101 -1.2637 -0.0378
v  0.7101 -1.3381 -0.0378
v  0.7211 -1.2493 -0.0296
v  0.7051 -1.2385 -0.0290
v  0.7043 -1.2365 -0.0271
v  0.7230 -1.2480 -0.0278
v  0.7111 -1.2577 -0.0032
v  0.7133 -1.2560 -0.0025
v  0.7049 -1.2617 -0.0249
v  0.7039 -1.2625 -0.0223
v  0.7246 -1.2468 -0.0257
v  0.7221 -1.2493 -0.0050
v  0.7201 -1.2508 -0.0036
v  0.7044 -1.2625 -0.0110
v  0.7036 -1.2630 -0.0137
v  0.7168 -1.2525 -0.0317
v  0.7145 -1.2542 -0.0319
v  0.7122 -1.2560 -0.0315
v  0.7262 -1.2460 -0.0118
v  0.7090 -1.2592 -0.0045
v  0.7063 -1.2605 -0.0272
v  0.7257 -1.2460 -0.0231
v  0.7179 -1.2525 -0.0027
v  0.7033 -1.2632 -0.0166
v  0.7191 -1.2508 -0.0309
v  0.7252 -1.2468 -0.0092
v  0.7071 -1.2605 -0.0063
v  0.7080 -1.2592 -0.0291
v  0.7265 -1.2455 -0.0204
v  0.7156 -1.2542 -0.0023
v  0.7034 -1.2630 -0.0195
v  0.7238 -1.2480 -0.0069
v  0.7056 -1.2617 -0.0085
v  0.7100 -1.2577 -0.0306
v  0.7072 -1.2434 -0.0313
v  0.7083 -1.2461 -0.0316
v  0.7095 -1.2487 -0.0314
v  0.7106 -1.2512 -0.0306
v  0.7117 -1.2536 -0.0293
v  0.7127 -1.2556 -0.0274
v  0.7135 -1.2573 -0.0252
v  0.7142 -1.2586 -0.0227
v  0.7146 -1.2593 -0.0199
v  0.7148 -1.2596 -0.0171
v  0.7148 -1.2593 -0.0142
v  0.7146 -1.2586 -0.0114
v  0.7141 -1.2573 -0.0088
v  0.7135 -1.2556 -0.0065
v  0.7126 -1.2536 -0.0047
v  0.7117 -1.2512 -0.0033
v  0.7106 -1.2487 -0.0024
v  0.7094 -1.2461 -0.0021
v  0.7083 -1.2434 -0.0023
v  0.7071 -1.2409 -0.0031
v  0.7061 -1.2385 -0.0044
v  0.7051 -1.2365 -0.0062
v  0.7043 -1.2348 -0.0084
v  0.7036 -1.2335 -0.0110
v  0.7032 -1.2328 -0.0137
v  0.7029 -1.2325 -0.0166
v  0.7030 -1.2328 -0.0195
v  0.7032 -1.2335 -0.0223
v  0.7036 -1.2348 -0.0249
v  0.7061 -1.2409 -0.0304
# 3552 vertices

vn -0.3644 0.9127 0.1848
vn -0.3643 0.9128 0.1847
vn -0.3727 0.9092 0.1857
vn -0.4063 0.8949 -0.1848
vn -0.4063 0.8948 -0.1848
vn -0.4062 0.8949 -0.1848
vn -0.3980 0.8984 -0.1857
vn -0.2344 0.7964 0.5575
vn -0.2597 0.7856 0.5616
vn -0.2851 0.7748 0.5643
vn -0.3106 0.7639 0.5657
vn -0.3811 0.9056 0.1862
vn -0.3895 0.9020 -0.1863
vn -0.3896 0.9020 -0.1861
vn -0.3362 0.7530 -0.5657
vn -0.3617 0.7421 -0.5643
vn -0.3871 0.7313 -0.5616
vn -0.4122 0.7206 -0.5575
vn -0.4122 0.7205 -0.5576
vn -0.4145 0.8914 -0.1832
vn -0.4146 0.8913 -0.1835
vn -0.3561 0.9163 0.1835
vn 0.4063 -0.8948 0.1848
vn 0.3644 -0.9127 -0.1848
vn 0.3980 -0.8984 0.1857
vn 0.3727 -0.9092 -0.1857
vn 0.4123 -0.7205 0.5575
vn 0.4146 -0.8913 0.1835
vn 0.3561 -0.9163 -0.1835
vn 0.3561 -0.9162 -0.1835
vn 0.2344 -0.7964 -0.5575
vn 0.2343 -0.7964 -0.5575
vn 0.2597 -0.7856 -0.5616
vn 0.2851 -0.7748 -0.5643
vn 0.3106 -0.7639 -0.5657
vn 0.3811 -0.9056 -0.1862
vn 0.3896 -0.9020 0.1862
vn 0.3362 -0.7530 0.5657
vn 0.3617 -0.7421 0.5643
vn 0.3871 -0.7313 0.5616
vn 0.4391 -0.8809 0.1768
vn 0.3316 -0.9267 -0.1768
vn 0.3317 -0.9267 -0.1768
vn 0.4310 -0.8843 0.1795
vn 0.3397 -0.9233 -0.1795
vn 0.5107 -0.6786 0.5279
vn 0.4470 -0.8775 0.1738
vn 0.4471 -0.8774 0.1741
vn 0.3237 -0.9301 -0.1738
vn 0.1361 -0.8383 -0.5280
vn 0.1361 -0.8383 -0.5279
vn 0.1601 -0.8281 -0.5373
vn 0.1845 -0.8177 -0.5453
vn 0.2093 -0.8071 -0.5521
vn 0.3478 -0.9198 -0.1818
vn 0.3478 -0.9198 -0.1817
vn 0.4229 -0.8878 0.1817
vn 0.4374 -0.7098 0.5521
vn 0.4622 -0.6993 0.5453
vn 0.4622 -0.6992 0.5453
vn 0.4866 -0.6888 0.5373
vn 0.4698 -0.8678 0.1620
vn 0.4698 -0.8678 0.1619
vn 0.3009 -0.9398 -0.1620
vn 0.4624 -0.8709 0.1663
vn 0.3083 -0.9366 -0.1663
vn 0.6018 -0.6397 0.4781
vn 0.4770 -0.8647 0.1573
vn 0.2937 -0.9429 -0.1572
vn 0.2937 -0.9429 -0.1573
vn 0.0448 -0.8772 -0.4781
vn 0.0449 -0.8772 -0.4781
vn 0.0668 -0.8678 -0.4923
vn 0.0893 -0.8582 -0.5054
vn 0.0893 -0.8582 -0.5055
vn 0.1126 -0.8484 -0.5172
vn 0.1124 -0.8484 -0.5173
vn 0.3159 -0.9334 -0.1702
vn 0.4548 -0.8742 0.1702
vn 0.5343 -0.6685 0.5173
vn 0.5574 -0.6587 0.5054
vn 0.5574 -0.6587 0.5053
vn 0.5799 -0.6492 0.4922
vn 0.5799 -0.6491 0.4923
vn 0.4972 -0.8561 0.1410
vn 0.4972 -0.8561 0.1411
vn 0.2735 -0.9515 -0.1410
vn 0.4907 -0.8589 0.1468
vn 0.2800 -0.9487 -0.1468
vn 0.6823 -0.6054 0.4098
vn 0.5035 -0.8534 0.1349
vn 0.2672 -0.9541 -0.1349
vn 0.2671 -0.9542 -0.1349
vn -0.0355 -0.9115 -0.4098
vn -0.0166 -0.9034 -0.4285
vn 0.0032 -0.8950 -0.4461
vn 0.0031 -0.8950 -0.4461
vn 0.0237 -0.8862 -0.4626
vn 0.2867 -0.9458 -0.1522
vn 0.2867 -0.9459 -0.1522
vn 0.4840 -0.8617 0.1522
vn 0.6231 -0.6307 0.4626
vn 0.6436 -0.6219 0.4461
vn 0.6633 -0.6135 0.4285
vn 0.5204 -0.8462 0.1146
vn 0.2502 -0.9614 -0.1146
vn 0.2503 -0.9614 -0.1146
vn 0.5151 -0.8485 0.1216
vn 0.2556 -0.9591 -0.1216
vn 0.7489 -0.5770 0.3258
vn 0.5254 -0.8441 0.1072
vn 0.5254 -0.8441 0.1071
vn 0.2453 -0.9635 -0.1072
vn -0.1022 -0.9399 -0.3258
vn -0.0869 -0.9334 -0.3481
vn -0.0708 -0.9265 -0.3696
vn -0.0536 -0.9192 -0.3901
vn 0.2613 -0.9567 -0.1284
vn 0.5094 -0.8509 0.1284
vn 0.7004 -0.5977 0.3902
vn 0.7175 -0.5904 0.3696
vn 0.7337 -0.5835 0.3481
vn 0.5386 -0.8384 0.0838
vn 0.5384 -0.8385 0.0837
vn 0.2323 -0.9690 -0.0837
vn 0.5344 -0.8402 0.0918
vn 0.2363 -0.9673 -0.0918
vn 0.2363 -0.9673 -0.0919
vn 0.7992 -0.5556 0.2293
vn 0.5420 -0.8370 0.0755
vn 0.2287 -0.9706 -0.0755
vn 0.2286 -0.9706 -0.0755
vn -0.1526 -0.9613 -0.2293
vn -0.1415 -0.9567 -0.2544
vn -0.1295 -0.9516 -0.2789
vn -0.1164 -0.9460 -0.3027
vn -0.1164 -0.9459 -0.3027
vn 0.2406 -0.9655 -0.0996
vn 0.5301 -0.8421 0.0996
vn 0.7631 -0.5710 0.3027
vn 0.7763 -0.5654 0.2789
vn 0.7883 -0.5602 0.2544
vn 0.5504 -0.8334 0.0497
vn 0.5504 -0.8334 0.0496
vn 0.2202 -0.9742 -0.0497
vn 0.5480 -0.8344 0.0584
vn 0.2227 -0.9731 -0.0584
vn 0.8312 -0.5419 0.1240
vn 0.5525 -0.8325 0.0408
vn 0.2182 -0.9751 -0.0408
vn 0.2182 -0.9750 -0.0408
vn -0.1845 -0.9750 -0.1240
vn -0.1783 -0.9723 -0.1509
vn -0.1708 -0.9692 -0.1774
vn -0.1708 -0.9692 -0.1775
vn -0.1622 -0.9655 -0.2037
vn -0.1622 -0.9655 -0.2036
vn 0.2255 -0.9719 -0.0670
vn 0.5452 -0.8356 0.0670
vn 0.8090 -0.5513 0.2036
vn 0.8090 -0.5514 0.2036
vn 0.8176 -0.5478 0.1775
vn 0.8176 -0.5477 0.1775
vn 0.8250 -0.5446 0.1508
vn 0.8250 -0.5447 0.1509
vn 0.5562 -0.8309 0.0137
vn 0.2145 -0.9766 -0.0137
vn 0.5554 -0.8313 0.0228
vn 0.2153 -0.9763 -0.0228
vn 0.8437 -0.5366 0.0139
vn 0.5566 -0.8308 0.0046
vn 0.5565 -0.8308 0.0046
vn 0.2141 -0.9768 -0.0046
vn 0.2142 -0.9768 -0.0044
vn -0.1970 -0.9803 -0.0139
vn -0.1957 -0.9798 -0.0416
vn -0.1932 -0.9787 -0.0692
vn -0.1895 -0.9771 -0.0967
vn 0.2166 -0.9757 -0.0318
vn 0.5541 -0.8318 0.0318
vn 0.5543 -0.8317 0.0318
vn 0.8362 -0.5398 0.0967
vn 0.8362 -0.5398 0.0966
vn 0.8400 -0.5382 0.0692
vn 0.8425 -0.5371 0.0416
vn 0.5554 -0.8313 -0.0228
vn 0.5554 -0.8313 -0.0227
vn 0.2153 -0.9763 0.0228
vn 0.5562 -0.8310 -0.0137
vn 0.5562 -0.8309 -0.0137
vn 0.2145 -0.9766 0.0137
vn 0.8362 -0.5398 -0.0967
vn 0.5541 -0.8318 -0.0318
vn 0.5541 -0.8319 -0.0319
vn 0.2166 -0.9757 0.0318
vn -0.1895 -0.9771 0.0967
vn -0.1932 -0.9787 0.0692
vn -0.1957 -0.9798 0.0416
vn -0.1970 -0.9803 0.0139
vn 0.2146 -0.9767 0.0042
vn 0.2142 -0.9768 0.0045
vn 0.5566 -0.8308 -0.0046
vn 0.8437 -0.5366 -0.0139
vn 0.8425 -0.5371 -0.0416
vn 0.8400 -0.5382 -0.0693
vn 0.8400 -0.5382 -0.0692
vn 0.5480 -0.8344 -0.0584
vn 0.2227 -0.9731 0.0584
vn 0.5503 -0.8335 -0.0498
vn 0.5504 -0.8334 -0.0497
vn 0.2203 -0.9742 0.0497
vn 0.8090 -0.5514 -0.2036
vn 0.5452 -0.8356 -0.0670
vn 0.2255 -0.9719 0.0670
vn -0.1622 -0.9655 0.2037
vn -0.1622 -0.9655 0.2036
vn -0.1709 -0.9692 0.1774
vn -0.1709 -0.9692 0.1775
vn -0.1783 -0.9723 0.1509
vn -0.1845 -0.9750 0.1240
vn 0.2182 -0.9750 0.0408
vn 0.5525 -0.8325 -0.0408
vn 0.8312 -0.5419 -0.1240
vn 0.8251 -0.5445 -0.1507
vn 0.8250 -0.5446 -0.1509
vn 0.8176 -0.5478 -0.1775
vn 0.8176 -0.5477 -0.1775
vn 0.5347 -0.8401 -0.0918
vn 0.5344 -0.8402 -0.0918
vn 0.2363 -0.9673 0.0918
vn 0.2362 -0.9673 0.0919
vn 0.5384 -0.8385 -0.0837
vn 0.5384 -0.8385 -0.0838
vn 0.2323 -0.9690 0.0837
vn 0.7631 -0.5709 -0.3027
vn 0.5301 -0.8421 -0.0996
vn 0.2406 -0.9655 0.0996
vn -0.1164 -0.9459 0.3027
vn -0.1164 -0.9460 0.3027
vn -0.1295 -0.9515 0.2789
vn -0.1415 -0.9567 0.2544
vn -0.1415 -0.9567 0.2543
vn -0.1525 -0.9613 0.2293
vn 0.2287 -0.9706 0.0755
vn 0.2286 -0.9706 0.0755
vn 0.5420 -0.8370 -0.0755
vn 0.7992 -0.5556 -0.2293
vn 0.7883 -0.5602 -0.2544
vn 0.7763 -0.5653 -0.2789
vn 0.7763 -0.5654 -0.2789
vn 0.5151 -0.8485 -0.1216
vn 0.2556 -0.9591 0.1216
vn 0.5203 -0.8462 -0.1146
vn 0.5204 -0.8462 -0.1146
vn 0.2503 -0.9614 0.1146
vn 0.7004 -0.5977 -0.3901
vn 0.5094 -0.8509 -0.1284
vn 0.2613 -0.9567 0.1284
vn -0.0536 -0.9192 0.3901
vn -0.0708 -0.9265 0.3696
vn -0.0869 -0.9334 0.3481
vn -0.1022 -0.9399 0.3258
vn 0.2453 -0.9635 0.1072
vn 0.5254 -0.8441 -0.1072
vn 0.7489 -0.5770 -0.3258
vn 0.7337 -0.5835 -0.3481
vn 0.7175 -0.5904 -0.3696
vn 0.4907 -0.8589 -0.1468
vn 0.2800 -0.9487 0.1468
vn 0.4972 -0.8561 -0.1410
vn 0.2735 -0.9515 0.1410
vn 0.2735 -0.9515 0.1409
vn 0.6231 -0.6307 -0.4626
vn 0.4840 -0.8617 -0.1522
vn 0.2867 -0.9458 0.1523
vn 0.0237 -0.8863 0.4626
vn 0.0031 -0.8950 0.4461
vn -0.0166 -0.9034 0.4285
vn -0.0355 -0.9115 0.4098
vn 0.2671 -0.9542 0.1349
vn 0.2672 -0.9542 0.1349
vn 0.5035 -0.8534 -0.1349
vn 0.6823 -0.6054 -0.4098
vn 0.6634 -0.6135 -0.4285
vn 0.6436 -0.6219 -0.4461
vn 0.4624 -0.8709 -0.1662
vn 0.4624 -0.8709 -0.1663
vn 0.3083 -0.9366 0.1663
vn 0.4697 -0.8678 -0.1620
vn 0.4698 -0.8678 -0.1620
vn 0.3009 -0.9398 0.1620
vn 0.5343 -0.6685 -0.5173
vn 0.4548 -0.8742 -0.1702
vn 0.3159 -0.9334 0.1702
vn 0.3161 -0.9334 0.1700
vn 0.1124 -0.8484 0.5173
vn 0.0893 -0.8582 0.5054
vn 0.0894 -0.8583 0.5053
vn 0.0668 -0.8679 0.4923
vn 0.0668 -0.8679 0.4922
vn 0.0449 -0.8772 0.4781
vn 0.2937 -0.9429 0.1573
vn 0.4770 -0.8647 -0.1574
vn 0.4772 -0.8647 -0.1568
vn 0.6018 -0.6397 -0.4781
vn 0.5799 -0.6491 -0.4923
vn 0.5574 -0.6587 -0.5054
vn 0.4310 -0.8843 -0.1795
vn 0.3397 -0.9233 0.1795
vn 0.4391 -0.8809 -0.1768
vn 0.3316 -0.9267 0.1768
vn 0.3317 -0.9267 0.1768
vn 0.4374 -0.7098 -0.5521
vn 0.4229 -0.8878 -0.1817
vn 0.3478 -0.9198 0.1817
vn 0.2093 -0.8071 0.5521
vn 0.1845 -0.8176 0.5454
vn 0.1601 -0.8281 0.5373
vn 0.1361 -0.8383 0.5279
vn 0.3237 -0.9301 0.1738
vn 0.4470 -0.8775 -0.1737
vn 0.5107 -0.6786 -0.5279
vn 0.4866 -0.6888 -0.5374
vn 0.4866 -0.6888 -0.5373
vn 0.4622 -0.6993 -0.5453
vn 0.3980 -0.8984 -0.1857
vn 0.3727 -0.9092 0.1857
vn 0.4063 -0.8948 -0.1848
vn 0.3644 -0.9127 0.1848
vn 0.3362 -0.7530 -0.5657
vn 0.3362 -0.7529 -0.5657
vn 0.3896 -0.9020 -0.1862
vn 0.3811 -0.9056 0.1862
vn 0.3106 -0.7639 0.5657
vn 0.2851 -0.7748 0.5643
vn 0.2597 -0.7856 0.5616
vn 0.2343 -0.7964 0.5576
vn 0.2344 -0.7964 0.5575
vn 0.3561 -0.9163 0.1835
vn 0.4146 -0.8913 -0.1835
vn 0.4123 -0.7205 -0.5575
vn 0.3871 -0.7313 -0.5616
vn 0.3617 -0.7421 -0.5643
vn 0.3980 -0.8984 0.1856
vn 0.4122 -0.7205 0.5576
vn 0.4124 -0.7205 0.5575
vn 0.3617 -0.7422 0.5643
vn 0.3896 -0.9020 0.1860
vn 0.3812 -0.9056 -0.1862
vn 0.2597 -0.7857 -0.5614
vn 0.2596 -0.7856 -0.5616
vn 0.4391 -0.8809 0.1767
vn 0.3397 -0.9232 -0.1795
vn 0.4311 -0.8843 0.1796
vn 0.3235 -0.9302 -0.1734
vn 0.3237 -0.9301 -0.1737
vn 0.4470 -0.8775 0.1737
vn 0.4866 -0.6889 0.5373
vn 0.4375 -0.7098 0.5521
vn 0.4699 -0.8678 0.1618
vn 0.4699 -0.8677 0.1620
vn 0.4624 -0.8709 0.1664
vn 0.0450 -0.8771 -0.4781
vn 0.2936 -0.9429 -0.1573
vn 0.4770 -0.8647 0.1572
vn 0.5800 -0.6491 0.4922
vn 0.3160 -0.9333 -0.1703
vn 0.3159 -0.9334 -0.1703
vn 0.0669 -0.8679 -0.4923
vn -0.0354 -0.9115 -0.4098
vn 0.4841 -0.8617 0.1523
vn 0.4840 -0.8617 0.1523
vn 0.0237 -0.8863 -0.4626
vn 0.0236 -0.8863 -0.4625
vn 0.0030 -0.8950 -0.4461
vn 0.2501 -0.9614 -0.1146
vn 0.5204 -0.8462 0.1145
vn -0.0536 -0.9192 -0.3902
vn -0.0870 -0.9334 -0.3481
vn -0.1524 -0.9613 -0.2293
vn 0.7762 -0.5654 0.2789
vn 0.7763 -0.5653 0.2789
vn 0.5301 -0.8421 0.0997
vn -0.1295 -0.9515 -0.2789
vn 0.5505 -0.8334 0.0497
vn 0.2228 -0.9731 -0.0585
vn 0.2182 -0.9750 -0.0409
vn 0.2183 -0.9750 -0.0408
vn 0.8313 -0.5419 0.1240
vn 0.8250 -0.5446 0.1509
vn -0.1620 -0.9655 -0.2038
vn -0.1709 -0.9692 -0.1775
vn 0.5554 -0.8313 0.0229
vn 0.2144 -0.9767 -0.0043
vn 0.2142 -0.9768 -0.0045
vn 0.8364 -0.5396 0.0967
vn 0.5541 -0.8319 0.0317
vn -0.1932 -0.9787 -0.0693
vn 0.2152 -0.9763 0.0228
vn 0.2143 -0.9767 0.0138
vn -0.1895 -0.9771 0.0966
vn 0.5541 -0.8319 -0.0318
vn 0.8437 -0.5367 -0.0139
vn 0.2144 -0.9767 0.0043
vn -0.1957 -0.9798 0.0417
vn -0.1958 -0.9798 0.0417
vn -0.1932 -0.9787 0.0693
vn 0.2226 -0.9732 0.0585
vn 0.2202 -0.9742 0.0497
vn -0.1623 -0.9655 0.2036
vn 0.2183 -0.9750 0.0408
vn 0.5300 -0.8421 -0.0997
vn 0.7632 -0.5709 -0.3027
vn 0.7762 -0.5654 -0.2789
vn 0.7762 -0.5656 -0.2787
vn 0.7881 -0.5604 -0.2545
vn 0.7992 -0.5556 -0.2292
vn -0.1295 -0.9516 0.2789
vn 0.2503 -0.9614 0.1145
vn 0.2502 -0.9614 0.1146
vn -0.0537 -0.9192 0.3900
vn 0.7004 -0.5977 -0.3902
vn 0.7337 -0.5836 -0.3481
vn 0.0237 -0.8862 0.4626
vn 0.2867 -0.9458 0.1522
vn 0.2867 -0.9459 0.1522
vn 0.6436 -0.6219 -0.4462
vn 0.6633 -0.6135 -0.4285
vn 0.2672 -0.9541 0.1349
vn 0.3082 -0.9367 0.1664
vn 0.3009 -0.9398 0.1619
vn 0.4698 -0.8678 -0.1619
vn 0.3160 -0.9334 0.1703
vn 0.3159 -0.9334 0.1704
vn 0.6018 -0.6397 -0.4780
vn 0.4770 -0.8647 -0.1573
vn 0.4769 -0.8648 -0.1573
vn 0.2938 -0.9428 0.1573
vn 0.0448 -0.8773 0.4778
vn 0.0669 -0.8679 0.4922
vn 0.0671 -0.8677 0.4925
vn 0.0895 -0.8582 0.5055
vn 0.3397 -0.9232 0.1795
vn 0.3315 -0.9267 0.1769
vn 0.4229 -0.8878 -0.1816
vn 0.4866 -0.6889 -0.5373
vn 0.5106 -0.6787 -0.5279
vn 0.3235 -0.9302 0.1734
vn 0.3237 -0.9301 0.1737
vn 0.1845 -0.8177 0.5453
vn 0.3727 -0.9092 0.1858
vn 0.3895 -0.9020 -0.1862
vn 0.3895 -0.9020 -0.1863
vn 0.3362 -0.7529 -0.5658
vn 0.3363 -0.7530 -0.5656
vn 0.4120 -0.7207 -0.5576
vn 0.4124 -0.7205 -0.5575
vn 0.2598 -0.7856 0.5616
vn 0.2850 -0.7747 0.5644
vn -0.3316 0.9267 0.1768
vn -0.3397 0.9233 0.1795
vn -0.4391 0.8809 -0.1768
vn -0.4310 0.8843 -0.1795
vn -0.1361 0.8383 0.5279
vn -0.1601 0.8281 0.5373
vn -0.1845 0.8176 0.5454
vn -0.2093 0.8071 0.5521
vn -0.3478 0.9198 0.1817
vn -0.4229 0.8878 -0.1817
vn -0.4373 0.7099 -0.5522
vn -0.4374 0.7098 -0.5521
vn -0.4622 0.6993 -0.5453
vn -0.4866 0.6888 -0.5373
vn -0.4866 0.6889 -0.5373
vn -0.5107 0.6786 -0.5278
vn -0.5107 0.6786 -0.5279
vn -0.4470 0.8775 -0.1737
vn -0.4470 0.8775 -0.1738
vn -0.3237 0.9301 0.1738
vn -0.3237 0.9300 0.1739
vn -0.3009 0.9398 0.1620
vn -0.3083 0.9366 0.1663
vn -0.4698 0.8678 -0.1620
vn -0.4624 0.8709 -0.1663
vn -0.0449 0.8772 0.4781
vn -0.0668 0.8678 0.4923
vn -0.0893 0.8583 0.5054
vn -0.0893 0.8582 0.5054
vn -0.1124 0.8484 0.5173
vn -0.3159 0.9334 0.1703
vn -0.4548 0.8742 -0.1702
vn -0.4547 0.8742 -0.1702
vn -0.5343 0.6685 -0.5173
vn -0.5574 0.6587 -0.5054
vn -0.5799 0.6491 -0.4923
vn -0.6018 0.6397 -0.4781
vn -0.4770 0.8647 -0.1573
vn -0.2937 0.9429 0.1573
vn -0.2735 0.9515 0.1410
vn -0.2800 0.9487 0.1468
vn -0.4971 0.8561 -0.1411
vn -0.4972 0.8561 -0.1410
vn -0.4907 0.8589 -0.1468
vn -0.4908 0.8588 -0.1468
vn 0.0355 0.9115 0.4098
vn 0.0166 0.9034 0.4285
vn -0.0031 0.8950 0.4461
vn -0.0237 0.8863 0.4626
vn -0.2867 0.9458 0.1523
vn -0.4840 0.8617 -0.1522
vn -0.6231 0.6307 -0.4626
vn -0.6436 0.6219 -0.4461
vn -0.6437 0.6219 -0.4461
vn -0.6633 0.6135 -0.4286
vn -0.6633 0.6135 -0.4285
vn -0.6823 0.6054 -0.4098
vn -0.6822 0.6054 -0.4099
vn -0.5035 0.8534 -0.1349
vn -0.2672 0.9541 0.1348
vn -0.2672 0.9542 0.1349
vn -0.2503 0.9614 0.1146
vn -0.2556 0.9591 0.1216
vn -0.5204 0.8462 -0.1147
vn -0.5203 0.8462 -0.1146
vn -0.5149 0.8486 -0.1217
vn -0.5151 0.8484 -0.1217
vn 0.1022 0.9399 0.3258
vn 0.0869 0.9334 0.3481
vn 0.0708 0.9265 0.3696
vn 0.0708 0.9265 0.3695
vn 0.0536 0.9192 0.3902
vn 0.0536 0.9192 0.3901
vn -0.2613 0.9567 0.1284
vn -0.5094 0.8509 -0.1284
vn -0.7004 0.5976 -0.3902
vn -0.7004 0.5977 -0.3901
vn -0.7175 0.5904 -0.3696
vn -0.7175 0.5904 -0.3697
vn -0.7337 0.5835 -0.3481
vn -0.7489 0.5770 -0.3259
vn -0.7489 0.5770 -0.3258
vn -0.5253 0.8441 -0.1071
vn -0.5254 0.8441 -0.1072
vn -0.2453 0.9635 0.1072
vn -0.2323 0.9690 0.0837
vn -0.2363 0.9673 0.0917
vn -0.2363 0.9673 0.0918
vn -0.5385 0.8384 -0.0837
vn -0.5384 0.8385 -0.0837
vn -0.5344 0.8402 -0.0918
vn 0.1524 0.9614 0.2293
vn 0.1415 0.9567 0.2544
vn 0.1295 0.9515 0.2789
vn 0.1164 0.9460 0.3027
vn -0.2406 0.9655 0.0996
vn -0.5301 0.8421 -0.0996
vn -0.5300 0.8421 -0.0996
vn -0.7633 0.5707 -0.3029
vn -0.7632 0.5707 -0.3029
vn -0.7763 0.5654 -0.2789
vn -0.7763 0.5653 -0.2790
vn -0.7883 0.5602 -0.2544
vn -0.7992 0.5556 -0.2293
vn -0.5420 0.8370 -0.0755
vn -0.2287 0.9706 0.0755
vn -0.2202 0.9742 0.0496
vn -0.2203 0.9742 0.0497
vn -0.2227 0.9731 0.0584
vn -0.5503 0.8335 -0.0497
vn -0.5504 0.8334 -0.0497
vn -0.5480 0.8344 -0.0584
vn 0.1845 0.9750 0.1240
vn 0.1845 0.9750 0.1241
vn 0.1783 0.9723 0.1509
vn 0.1709 0.9692 0.1775
vn 0.1622 0.9655 0.2037
vn 0.1622 0.9655 0.2036
vn -0.2255 0.9719 0.0670
vn -0.2254 0.9719 0.0670
vn -0.5452 0.8356 -0.0670
vn -0.5452 0.8356 -0.0669
vn -0.8090 0.5514 -0.2036
vn -0.8176 0.5477 -0.1775
vn -0.8250 0.5446 -0.1509
vn -0.8250 0.5446 -0.1510
vn -0.8312 0.5419 -0.1240
vn -0.8315 0.5415 -0.1240
vn -0.5525 0.8325 -0.0408
vn -0.2182 0.9750 0.0408
vn -0.2145 0.9766 0.0137
vn -0.2145 0.9766 0.0138
vn -0.2153 0.9763 0.0228
vn -0.2154 0.9763 0.0228
vn -0.5562 0.8309 -0.0137
vn -0.5554 0.8313 -0.0228
vn 0.1970 0.9803 0.0139
vn 0.1957 0.9798 0.0416
vn 0.1932 0.9787 0.0692
vn 0.1895 0.9771 0.0967
vn -0.2166 0.9757 0.0318
vn -0.5541 0.8318 -0.0318
vn -0.8362 0.5398 -0.0967
vn -0.8364 0.5395 -0.0967
vn -0.8400 0.5382 -0.0692
vn -0.8425 0.5371 -0.0416
vn -0.8437 0.5366 -0.0139
vn -0.5566 0.8308 -0.0046
vn -0.2141 0.9768 0.0046
vn -0.2140 0.9768 0.0046
vn -0.2153 0.9763 -0.0228
vn -0.2144 0.9766 -0.0137
vn -0.2145 0.9766 -0.0137
vn -0.5554 0.8313 0.0228
vn -0.5562 0.8309 0.0137
vn 0.1895 0.9771 -0.0967
vn 0.1895 0.9771 -0.0968
vn 0.1932 0.9787 -0.0692
vn 0.1957 0.9798 -0.0416
vn 0.1970 0.9803 -0.0139
vn -0.2140 0.9768 -0.0046
vn -0.5566 0.8308 0.0046
vn -0.8437 0.5367 0.0139
vn -0.8438 0.5366 0.0139
vn -0.8425 0.5371 0.0416
vn -0.8400 0.5382 0.0692
vn -0.8362 0.5399 0.0967
vn -0.8362 0.5398 0.0968
vn -0.5541 0.8318 0.0318
vn -0.2166 0.9757 -0.0318
vn -0.2227 0.9731 -0.0584
vn -0.2203 0.9742 -0.0497
vn -0.5480 0.8344 0.0584
vn -0.5503 0.8335 0.0497
vn 0.1622 0.9655 -0.2036
vn 0.1621 0.9655 -0.2037
vn 0.1709 0.9692 -0.1775
vn 0.1783 0.9723 -0.1509
vn 0.1845 0.9750 -0.1240
vn -0.2182 0.9750 -0.0408
vn -0.5525 0.8325 0.0408
vn -0.8312 0.5419 0.1240
vn -0.8250 0.5446 0.1510
vn -0.8250 0.5446 0.1509
vn -0.8176 0.5477 0.1775
vn -0.8090 0.5514 0.2036
vn -0.5452 0.8356 0.0670
vn -0.2255 0.9719 -0.0670
vn -0.2254 0.9719 -0.0670
vn -0.2363 0.9673 -0.0918
vn -0.2323 0.9690 -0.0837
vn -0.2324 0.9690 -0.0837
vn -0.5344 0.8402 0.0919
vn -0.5344 0.8402 0.0918
vn -0.5345 0.8402 0.0918
vn -0.5385 0.8385 0.0837
vn -0.5384 0.8385 0.0837
vn 0.1164 0.9460 -0.3027
vn 0.1295 0.9515 -0.2789
vn 0.1415 0.9567 -0.2544
vn 0.1416 0.9567 -0.2544
vn 0.1525 0.9613 -0.2293
vn -0.2287 0.9706 -0.0755
vn -0.2287 0.9706 -0.0756
vn -0.5420 0.8370 0.0755
vn -0.7992 0.5556 0.2293
vn -0.7883 0.5602 0.2544
vn -0.7883 0.5602 0.2545
vn -0.7763 0.5654 0.2789
vn -0.7632 0.5709 0.3027
vn -0.5301 0.8421 0.0996
vn -0.2406 0.9655 -0.0995
vn -0.2408 0.9655 -0.0995
vn -0.2556 0.9591 -0.1215
vn -0.2556 0.9591 -0.1216
vn -0.2503 0.9614 -0.1146
vn -0.2504 0.9613 -0.1146
vn -0.5151 0.8485 0.1216
vn -0.5150 0.8485 0.1216
vn -0.5203 0.8462 0.1146
vn -0.5204 0.8462 0.1147
vn 0.0536 0.9192 -0.3901
vn 0.0708 0.9265 -0.3696
vn 0.0869 0.9334 -0.3481
vn 0.1022 0.9399 -0.3258
vn -0.2453 0.9635 -0.1072
vn -0.5253 0.8441 0.1072
vn -0.5254 0.8441 0.1072
vn -0.7489 0.5770 0.3258
vn -0.7337 0.5835 0.3481
vn -0.7175 0.5904 0.3696
vn -0.7004 0.5977 0.3902
vn -0.5094 0.8509 0.1284
vn -0.2613 0.9567 -0.1283
vn -0.2613 0.9567 -0.1284
vn -0.2800 0.9487 -0.1468
vn -0.2735 0.9515 -0.1410
vn -0.4907 0.8589 0.1468
vn -0.4972 0.8561 0.1410
vn -0.4972 0.8561 0.1411
vn -0.0237 0.8862 -0.4626
vn -0.0238 0.8862 -0.4627
vn -0.0031 0.8950 -0.4461
vn 0.0166 0.9034 -0.4285
vn 0.0355 0.9115 -0.4098
vn -0.2672 0.9541 -0.1349
vn -0.2671 0.9542 -0.1349
vn -0.5035 0.8534 0.1349
vn -0.6823 0.6054 0.4098
vn -0.6634 0.6135 0.4285
vn -0.6632 0.6136 0.4286
vn -0.6436 0.6219 0.4461
vn -0.6231 0.6307 0.4626
vn -0.4840 0.8617 0.1522
vn -0.2867 0.9458 -0.1522
vn -0.3083 0.9366 -0.1663
vn -0.3009 0.9398 -0.1620
vn -0.4624 0.8709 0.1663
vn -0.4698 0.8678 0.1620
vn -0.1124 0.8484 -0.5173
vn -0.0893 0.8582 -0.5054
vn -0.0668 0.8678 -0.4923
vn -0.0449 0.8772 -0.4781
vn -0.2937 0.9429 -0.1573
vn -0.4770 0.8647 0.1573
vn -0.6018 0.6397 0.4781
vn -0.5799 0.6491 0.4923
vn -0.5574 0.6587 0.5054
vn -0.5343 0.6685 0.5173
vn -0.4548 0.8742 0.1702
vn -0.4548 0.8742 0.1703
vn -0.3163 0.9333 -0.1701
vn -0.3159 0.9334 -0.1703
vn -0.3397 0.9233 -0.1795
vn -0.3396 0.9233 -0.1795
vn -0.3316 0.9267 -0.1768
vn -0.4310 0.8843 0.1795
vn -0.4391 0.8809 0.1768
vn -0.4391 0.8809 0.1767
vn -0.2093 0.8071 -0.5521
vn -0.1845 0.8176 -0.5454
vn -0.1845 0.8177 -0.5453
vn -0.1601 0.8281 -0.5373
vn -0.1361 0.8383 -0.5279
vn -0.3235 0.9302 -0.1734
vn -0.3237 0.9301 -0.1737
vn -0.4470 0.8775 0.1737
vn -0.5107 0.6786 0.5279
vn -0.4866 0.6888 0.5373
vn -0.4866 0.6889 0.5373
vn -0.4622 0.6993 0.5453
vn -0.4375 0.7098 0.5521
vn -0.4229 0.8878 0.1817
vn -0.4228 0.8878 0.1817
vn -0.3478 0.9198 -0.1817
vn -0.3727 0.9092 -0.1857
vn -0.3644 0.9127 -0.1848
vn -0.3980 0.8984 0.1857
vn -0.4063 0.8948 0.1848
vn -0.3106 0.7639 -0.5657
vn -0.2851 0.7748 -0.5643
vn -0.2597 0.7856 -0.5616
vn -0.2598 0.7856 -0.5616
vn -0.2345 0.7964 -0.5575
vn -0.2344 0.7964 -0.5575
vn -0.3561 0.9163 -0.1835
vn -0.4146 0.8913 0.1835
vn -0.4120 0.7207 0.5576
vn -0.4124 0.7205 0.5575
vn -0.3871 0.7313 0.5616
vn -0.3870 0.7313 0.5616
vn -0.3617 0.7421 0.5643
vn -0.3362 0.7530 0.5657
vn -0.3896 0.9020 0.1862
vn -0.3810 0.9057 -0.1860
vn -0.3811 0.9056 -0.1862
vn -0.3645 0.9127 0.1846
vn -0.4123 0.7205 -0.5575
vn -0.3896 0.9020 -0.1862
vn -0.3811 0.9056 0.1861
vn -0.3106 0.7638 0.5658
vn -0.4375 0.7098 -0.5521
vn -0.1845 0.8177 0.5453
vn -0.3238 0.9300 0.1739
vn -0.4698 0.8678 -0.1619
vn -0.6019 0.6397 -0.4781
vn -0.4548 0.8742 -0.1703
vn -0.3159 0.9334 0.1704
vn -0.3160 0.9334 0.1703
vn -0.4907 0.8588 -0.1468
vn -0.6634 0.6135 -0.4285
vn -0.6634 0.6134 -0.4285
vn -0.6232 0.6306 -0.4626
vn -0.2867 0.9458 0.1522
vn -0.0237 0.8862 0.4626
vn -0.2672 0.9541 0.1350
vn -0.2672 0.9541 0.1349
vn -0.5204 0.8462 -0.1146
vn -0.5150 0.8485 -0.1215
vn -0.2503 0.9613 0.1147
vn -0.7004 0.5977 -0.3902
vn -0.7631 0.5711 -0.3027
vn -0.7631 0.5710 -0.3027
vn 0.1525 0.9613 0.2293
vn -0.2286 0.9706 0.0755
vn -0.5480 0.8345 -0.0584
vn -0.2204 0.9741 0.0497
vn -0.8313 0.5419 -0.1240
vn -0.2182 0.9751 0.0408
vn -0.2144 0.9766 0.0137
vn -0.5554 0.8313 0.0229
vn -0.2145 0.9766 -0.0136
vn -0.8362 0.5398 0.0967
vn -0.8362 0.5398 0.0966
vn -0.8400 0.5382 0.0691
vn -0.8437 0.5366 0.0139
vn -0.5541 0.8318 0.0317
vn -0.5504 0.8334 0.0497
vn -0.2204 0.9741 -0.0497
vn -0.8177 0.5477 0.1775
vn -0.2182 0.9751 -0.0408
vn -0.7631 0.5709 0.3027
vn -0.7763 0.5653 0.2789
vn 0.1524 0.9614 -0.2293
vn 0.1524 0.9613 -0.2293
vn 0.1295 0.9516 -0.2789
vn -0.2406 0.9655 -0.0996
vn -0.5204 0.8462 0.1146
vn -0.5204 0.8462 0.1145
vn -0.2503 0.9613 -0.1147
vn 0.0536 0.9192 -0.3902
vn -0.4908 0.8588 0.1468
vn -0.4971 0.8561 0.1410
vn -0.6633 0.6135 0.4285
vn -0.2672 0.9541 -0.1350
vn -0.2867 0.9459 -0.1522
vn -0.0449 0.8771 -0.4782
vn -0.0893 0.8582 -0.5055
vn -0.3159 0.9334 -0.1704
vn -0.4549 0.8742 0.1700
vn -0.4311 0.8843 0.1795
vn -0.4390 0.8809 0.1767
vn -0.3316 0.9267 -0.1769
vn -0.4374 0.7098 0.5521
vn -0.4471 0.8774 0.1740
vn -0.4470 0.8775 0.1738
vn -0.3237 0.9301 -0.1738
vn -0.1362 0.8383 -0.5279
vn -0.1601 0.8281 -0.5372
vn -0.3477 0.9198 -0.1817
vn -0.4229 0.8878 0.1818
vn -0.3645 0.9127 -0.1848
vn -0.4123 0.7205 0.5575
vn -0.3561 0.9162 -0.1835
vn -0.2344 0.7964 -0.5576
vn 0.9362 0.2326 -0.2636
vn 0.9232 0.2271 -0.3099
vn 0.8160 0.5145 -0.2636
vn 0.8031 0.5090 -0.3099
vn 0.8031 0.5090 -0.3098
vn 0.9746 -0.1166 -0.1911
vn 0.9651 -0.1207 -0.2326
vn 0.9536 -0.1255 -0.2735
vn 0.9404 -0.1312 -0.3138
vn 0.9082 0.2207 -0.3556
vn 0.7880 0.5026 -0.3556
vn 0.5564 0.7694 -0.3138
vn 0.5697 0.7750 -0.2735
vn 0.5811 0.7799 -0.2326
vn 0.5906 0.7840 -0.1911
vn 0.8268 0.5191 -0.2166
vn 0.9470 0.2372 -0.2166
vn -0.0068 -0.1695 0.9855
vn -0.0511 -0.1884 0.9808
vn -0.1269 0.1124 0.9855
vn -0.1270 0.1124 0.9855
vn -0.1714 0.0935 0.9808
vn -0.1713 0.0935 0.9808
vn 0.1722 -0.4588 0.8717
vn 0.1723 -0.4587 0.8717
vn 0.1330 -0.4755 0.8696
vn 0.0938 -0.4922 0.8654
vn 0.0549 -0.5088 0.8592
vn 0.0549 -0.5087 0.8592
vn -0.0953 -0.2072 0.9736
vn -0.0953 -0.2072 0.9737
vn -0.2154 0.0747 0.9737
vn -0.2155 0.0747 0.9736
vn -0.3291 0.3918 0.8592
vn -0.2902 0.4084 0.8654
vn -0.2902 0.4084 0.8655
vn -0.2510 0.4251 0.8696
vn -0.2510 0.4252 0.8696
vn -0.2117 0.4419 0.8717
vn -0.2118 0.4419 0.8717
vn -0.0824 0.1314 0.9879
vn 0.0377 -0.1505 0.9879
vn 0.0377 -0.1504 0.9879
vn 0.8720 0.2052 0.4443
vn 0.8720 0.2052 0.4444
vn 0.8510 0.1964 0.4871
vn 0.8510 0.1963 0.4870
vn 0.7519 0.4871 0.4443
vn 0.7308 0.4782 0.4871
vn 0.9253 -0.1376 0.3534
vn 0.9085 -0.1448 0.3921
vn 0.8899 -0.1527 0.4298
vn 0.8697 -0.1613 0.4665
vn 0.8281 0.1865 0.5286
vn 0.7079 0.4684 0.5286
vn 0.7080 0.4683 0.5287
vn 0.4857 0.7392 0.4665
vn 0.5059 0.7479 0.4298
vn 0.5245 0.7558 0.3921
vn 0.5413 0.7630 0.3534
vn 0.7709 0.4953 0.4005
vn 0.8911 0.2134 0.4005
vn 0.8720 0.2052 -0.4443
vn 0.8510 0.1964 -0.4870
vn 0.8510 0.1963 -0.4871
vn 0.7518 0.4871 -0.4443
vn 0.7519 0.4871 -0.4443
vn 0.7308 0.4782 -0.4870
vn 0.9253 -0.1376 -0.3534
vn 0.9085 -0.1448 -0.3921
vn 0.8899 -0.1527 -0.4298
vn 0.8697 -0.1613 -0.4665
vn 0.8281 0.1865 -0.5286
vn 0.7079 0.4684 -0.5286
vn 0.7079 0.4683 -0.5287
vn 0.4858 0.7392 -0.4665
vn 0.4857 0.7392 -0.4665
vn 0.5060 0.7478 -0.4298
vn 0.5059 0.7479 -0.4298
vn 0.5245 0.7558 -0.3921
vn 0.5244 0.7558 -0.3921
vn 0.5413 0.7629 -0.3534
vn 0.5413 0.7630 -0.3534
vn 0.7709 0.4953 -0.4005
vn 0.8911 0.2134 -0.4005
vn -0.0068 -0.1695 -0.9855
vn -0.0510 -0.1884 -0.9808
vn -0.0511 -0.1884 -0.9808
vn -0.1269 0.1124 -0.9855
vn -0.1270 0.1124 -0.9855
vn -0.1712 0.0936 -0.9808
vn -0.1713 0.0935 -0.9808
vn 0.1723 -0.4587 -0.8717
vn 0.1330 -0.4755 -0.8696
vn 0.0938 -0.4921 -0.8654
vn 0.0935 -0.4923 -0.8654
vn 0.0549 -0.5088 -0.8591
vn -0.0953 -0.2072 -0.9737
vn -0.0953 -0.2072 -0.9736
vn -0.2155 0.0747 -0.9736
vn -0.2154 0.0747 -0.9737
vn -0.3291 0.3918 -0.8592
vn -0.2901 0.4082 -0.8656
vn -0.2511 0.4251 -0.8696
vn -0.2510 0.4251 -0.8696
vn -0.2117 0.4419 -0.8717
vn -0.0824 0.1314 -0.9879
vn 0.0378 -0.1505 -0.9879
vn 0.9362 0.2326 0.2636
vn 0.9232 0.2271 0.3099
vn 0.9233 0.2270 0.3099
vn 0.8160 0.5145 0.2636
vn 0.8033 0.5085 0.3101
vn 0.8031 0.5090 0.3099
vn 0.9746 -0.1166 0.1912
vn 0.9746 -0.1166 0.1911
vn 0.9651 -0.1207 0.2326
vn 0.9536 -0.1255 0.2735
vn 0.9404 -0.1312 0.3138
vn 0.9082 0.2207 0.3556
vn 0.7880 0.5026 0.3556
vn 0.5564 0.7694 0.3138
vn 0.5565 0.7693 0.3138
vn 0.5697 0.7750 0.2735
vn 0.5700 0.7749 0.2732
vn 0.5811 0.7799 0.2326
vn 0.5811 0.7798 0.2326
vn 0.5906 0.7840 0.1911
vn 0.8268 0.5191 0.2166
vn 0.8268 0.5191 0.2167
vn 0.9470 0.2372 0.2166
vn 0.7767 0.1646 -0.6080
vn 0.7485 0.1525 -0.6454
vn 0.6565 0.4465 -0.6080
vn 0.6282 0.4344 -0.6455
vn 0.6282 0.4344 -0.6454
vn 0.8478 -0.1707 -0.5021
vn 0.8243 -0.1807 -0.5365
vn 0.7994 -0.1913 -0.5695
vn 0.7730 -0.2026 -0.6012
vn 0.7730 -0.2027 -0.6012
vn 0.7185 0.1398 -0.6814
vn 0.7184 0.1398 -0.6814
vn 0.5983 0.4217 -0.6814
vn 0.3890 0.6980 -0.6013
vn 0.3890 0.6980 -0.6012
vn 0.4154 0.7093 -0.5695
vn 0.4403 0.7199 -0.5365
vn 0.4638 0.7299 -0.5021
vn 0.6831 0.4578 -0.5690
vn 0.8033 0.1760 -0.5690
vn 0.8033 0.1759 -0.5690
vn -0.1824 -0.2443 -0.9524
vn -0.2250 -0.2625 -0.9383
vn -0.3026 0.0376 -0.9524
vn -0.3453 0.0194 -0.9383
vn -0.3452 0.0194 -0.9383
vn 0.0162 -0.5252 -0.8508
vn -0.0220 -0.5415 -0.8404
vn -0.0596 -0.5576 -0.8280
vn -0.0968 -0.5734 -0.8135
vn -0.0967 -0.5734 -0.8136
vn -0.2670 -0.2804 -0.9220
vn -0.3872 0.0015 -0.9220
vn -0.4806 0.3272 -0.8136
vn -0.4806 0.3273 -0.8136
vn -0.4436 0.3430 -0.8280
vn -0.4060 0.3591 -0.8404
vn -0.3678 0.3753 -0.8508
vn -0.2593 0.0560 -0.9642
vn -0.1391 -0.2259 -0.9642
vn 0.9666 0.2456 0.0727
vn 0.9623 0.2438 0.1209
vn 0.9623 0.2437 0.1209
vn 0.8464 0.5275 0.0727
vn 0.8465 0.5275 0.0727
vn 0.8421 0.5256 0.1209
vn 0.9939 -0.1084 0.0214
vn 0.9919 -0.1092 0.0642
vn 0.9881 -0.1109 0.1067
vn 0.9823 -0.1133 0.1490
vn 0.9557 0.2409 0.1689
vn 0.8357 0.5227 0.1686
vn 0.5983 0.7873 0.1490
vn 0.5983 0.7873 0.1489
vn 0.6041 0.7897 0.1066
vn 0.6041 0.7897 0.1067
vn 0.6080 0.7914 0.0642
vn 0.6099 0.7922 0.0214
vn 0.8486 0.5284 0.0243
vn 0.9688 0.2465 0.0243
vn 0.6538 0.1122 -0.7483
vn 0.6195 0.0975 -0.7789
vn 0.6194 0.0975 -0.7790
vn 0.5336 0.3941 -0.7483
vn 0.4992 0.3794 -0.7790
vn 0.7450 -0.2145 -0.6316
vn 0.7451 -0.2145 -0.6316
vn 0.7159 -0.2269 -0.6603
vn 0.6855 -0.2399 -0.6874
vn 0.6855 -0.2400 -0.6874
vn 0.6539 -0.2534 -0.7129
vn 0.5835 0.0822 -0.8079
vn 0.4634 0.3641 -0.8079
vn 0.2699 0.6472 -0.7129
vn 0.3015 0.6607 -0.6874
vn 0.3319 0.6737 -0.6603
vn 0.3611 0.6861 -0.6316
vn 0.5667 0.4082 -0.7157
vn 0.6869 0.1263 -0.7157
vn -0.3487 -0.3152 -0.8826
vn -0.3486 -0.3152 -0.8827
vn -0.3879 -0.3320 -0.8598
vn -0.4686 -0.0332 -0.8828
vn -0.4688 -0.0333 -0.8827
vn -0.5081 -0.0501 -0.8598
vn -0.5082 -0.0501 -0.8598
vn -0.1331 -0.5889 -0.7972
vn -0.1687 -0.6041 -0.7789
vn -0.2033 -0.6189 -0.7587
vn -0.2371 -0.6333 -0.7367
vn -0.4262 -0.3483 -0.8349
vn -0.5464 -0.0664 -0.8349
vn -0.6212 0.2673 -0.7367
vn -0.6211 0.2673 -0.7367
vn -0.5873 0.2817 -0.7587
vn -0.5873 0.2818 -0.7587
vn -0.5527 0.2965 -0.7789
vn -0.5171 0.3117 -0.7972
vn -0.5171 0.3117 -0.7971
vn -0.4285 -0.0161 -0.9034
vn -0.3083 -0.2980 -0.9034
vn 0.9623 0.2437 -0.1209
vn 0.9666 0.2456 -0.0727
vn 0.8421 0.5256 -0.1209
vn 0.8464 0.5275 -0.0727
vn 0.8465 0.5275 -0.0727
vn 0.9823 -0.1133 -0.1490
vn 0.9824 -0.1131 -0.1488
vn 0.9881 -0.1109 -0.1067
vn 0.9919 -0.1092 -0.0642
vn 0.9939 -0.1084 -0.0214
vn 0.9688 0.2465 -0.0243
vn 0.8486 0.5284 -0.0243
vn 0.6099 0.7922 -0.0214
vn 0.6099 0.7922 -0.0213
vn 0.6079 0.7914 -0.0642
vn 0.6080 0.7913 -0.0642
vn 0.6041 0.7897 -0.1067
vn 0.6041 0.7897 -0.1066
vn 0.5983 0.7873 -0.1490
vn 0.8356 0.5228 -0.1689
vn 0.8355 0.5228 -0.1689
vn 0.9557 0.2409 -0.1689
vn 0.5082 0.0501 -0.8598
vn 0.5081 0.0501 -0.8598
vn 0.4688 0.0333 -0.8827
vn 0.4687 0.0333 -0.8827
vn 0.3879 0.3320 -0.8598
vn 0.3486 0.3152 -0.8827
vn 0.6212 -0.2677 -0.7366
vn 0.6211 -0.2673 -0.7367
vn 0.5873 -0.2817 -0.7587
vn 0.5874 -0.2818 -0.7587
vn 0.5527 -0.2965 -0.7789
vn 0.5172 -0.3120 -0.7969
vn 0.5171 -0.3117 -0.7972
vn 0.4285 0.0161 -0.9034
vn 0.3083 0.2980 -0.9034
vn 0.1331 0.5889 -0.7972
vn 0.1688 0.6043 -0.7786
vn 0.1687 0.6041 -0.7789
vn 0.2034 0.6189 -0.7587
vn 0.2371 0.6333 -0.7367
vn 0.4262 0.3484 -0.8349
vn 0.4262 0.3483 -0.8349
vn 0.5464 0.0664 -0.8349
vn 0.5464 0.0663 -0.8349
vn -0.4992 -0.3794 -0.7790
vn -0.5336 -0.3941 -0.7483
vn -0.6194 -0.0975 -0.7790
vn -0.6538 -0.1122 -0.7483
vn -0.2699 -0.6472 -0.7129
vn -0.3015 -0.6607 -0.6875
vn -0.3015 -0.6607 -0.6874
vn -0.3319 -0.6737 -0.6603
vn -0.3611 -0.6861 -0.6316
vn -0.5667 -0.4082 -0.7157
vn -0.6869 -0.1263 -0.7157
vn -0.7451 0.2145 -0.6315
vn -0.7451 0.2146 -0.6315
vn -0.7159 0.2269 -0.6603
vn -0.6855 0.2399 -0.6874
vn -0.6539 0.2533 -0.7129
vn -0.6538 0.2535 -0.7129
vn -0.5835 -0.0823 -0.8080
vn -0.5835 -0.0822 -0.8079
vn -0.4634 -0.3641 -0.8079
vn 0.8030 0.5090 -0.3099
vn 0.5812 0.7798 -0.2326
vn 0.3452 -0.0194 -0.9383
vn 0.3452 -0.0193 -0.9383
vn 0.3026 -0.0376 -0.9524
vn 0.2250 0.2625 -0.9383
vn 0.1824 0.2443 -0.9524
vn 0.4806 -0.3272 -0.8136
vn 0.4436 -0.3430 -0.8280
vn 0.4060 -0.3591 -0.8404
vn 0.3678 -0.3753 -0.8508
vn 0.2593 -0.0560 -0.9642
vn 0.1391 0.2259 -0.9642
vn -0.0162 0.5252 -0.8508
vn 0.0220 0.5415 -0.8404
vn 0.0597 0.5577 -0.8279
vn 0.0596 0.5576 -0.8279
vn 0.0967 0.5734 -0.8136
vn 0.0967 0.5735 -0.8135
vn 0.2670 0.2804 -0.9220
vn 0.3872 -0.0015 -0.9220
vn -0.6283 -0.4344 -0.6454
vn -0.6282 -0.4345 -0.6455
vn -0.6565 -0.4465 -0.6080
vn -0.7484 -0.1525 -0.6454
vn -0.7767 -0.1646 -0.6080
vn -0.3890 -0.6980 -0.6012
vn -0.4154 -0.7093 -0.5695
vn -0.4155 -0.7093 -0.5695
vn -0.4404 -0.7199 -0.5365
vn -0.4403 -0.7199 -0.5365
vn -0.4638 -0.7299 -0.5021
vn -0.6831 -0.4578 -0.5690
vn -0.8033 -0.1759 -0.5690
vn -0.8478 0.1707 -0.5021
vn -0.8243 0.1807 -0.5365
vn -0.7994 0.1913 -0.5695
vn -0.7730 0.2025 -0.6012
vn -0.7730 0.2026 -0.6012
vn -0.7185 -0.1398 -0.6814
vn -0.7185 -0.1398 -0.6813
vn -0.5983 -0.4217 -0.6814
vn -0.5983 -0.4216 -0.6814
vn 0.8509 0.1964 -0.4871
vn 0.8720 0.2053 -0.4443
vn 0.8720 0.2054 -0.4444
vn 0.7309 0.4782 -0.4870
vn 0.8899 -0.1526 -0.4298
vn 0.5413 0.7630 -0.3533
vn 0.5245 0.7558 -0.3920
vn 0.7079 0.4685 -0.5286
vn 0.1713 -0.0935 -0.9808
vn 0.1713 -0.0934 -0.9808
vn 0.1270 -0.1124 -0.9855
vn 0.1269 -0.1124 -0.9855
vn 0.0511 0.1884 -0.9808
vn 0.0068 0.1695 -0.9855
vn 0.3291 -0.3918 -0.8592
vn 0.3292 -0.3917 -0.8592
vn 0.2901 -0.4082 -0.8656
vn 0.2902 -0.4084 -0.8654
vn 0.2510 -0.4251 -0.8696
vn 0.2117 -0.4419 -0.8717
vn 0.0824 -0.1314 -0.9879
vn -0.0377 0.1505 -0.9879
vn -0.1723 0.4587 -0.8717
vn -0.1330 0.4755 -0.8696
vn -0.0938 0.4921 -0.8655
vn -0.0549 0.5088 -0.8591
vn 0.0953 0.2072 -0.9736
vn 0.0953 0.2072 -0.9737
vn 0.2155 -0.0747 -0.9736
vn -0.7308 -0.4782 -0.4870
vn -0.7518 -0.4871 -0.4443
vn -0.7519 -0.4871 -0.4443
vn -0.8510 -0.1963 -0.4871
vn -0.8510 -0.1963 -0.4870
vn -0.8720 -0.2053 -0.4443
vn -0.4857 -0.7392 -0.4665
vn -0.5059 -0.7478 -0.4298
vn -0.5059 -0.7479 -0.4298
vn -0.5245 -0.7557 -0.3922
vn -0.5245 -0.7558 -0.3921
vn -0.5413 -0.7630 -0.3534
vn -0.5409 -0.7630 -0.3539
vn -0.7709 -0.4953 -0.4005
vn -0.8911 -0.2134 -0.4005
vn -0.9253 0.1376 -0.3534
vn -0.9253 0.1377 -0.3534
vn -0.9085 0.1448 -0.3921
vn -0.8899 0.1527 -0.4298
vn -0.8697 0.1613 -0.4665
vn -0.8281 -0.1865 -0.5286
vn -0.7080 -0.4684 -0.5286
vn -0.7079 -0.4684 -0.5286
vn 0.7484 0.1525 -0.6454
vn 0.4150 0.7095 -0.5695
vn -0.8030 -0.5090 -0.3099
vn -0.8160 -0.5145 -0.2636
vn -0.8160 -0.5145 -0.2635
vn -0.9232 -0.2271 -0.3099
vn -0.9362 -0.2326 -0.2636
vn -0.5564 -0.7694 -0.3138
vn -0.5697 -0.7750 -0.2735
vn -0.5811 -0.7799 -0.2326
vn -0.5906 -0.7840 -0.1911
vn -0.8268 -0.5191 -0.2166
vn -0.9470 -0.2372 -0.2167
vn -0.9470 -0.2372 -0.2166
vn -0.9746 0.1166 -0.1911
vn -0.9651 0.1207 -0.2326
vn -0.9536 0.1256 -0.2735
vn -0.9404 0.1311 -0.3138
vn -0.9404 0.1313 -0.3138
vn -0.9082 -0.2207 -0.3556
vn -0.7880 -0.5026 -0.3556
vn 0.7451 -0.2144 -0.6316
vn -0.8421 -0.5256 -0.1209
vn -0.8465 -0.5275 -0.0727
vn -0.8465 -0.5274 -0.0727
vn -0.9623 -0.2437 -0.1209
vn -0.9666 -0.2456 -0.0727
vn -0.5982 -0.7873 -0.1490
vn -0.5983 -0.7873 -0.1490
vn -0.6041 -0.7897 -0.1067
vn -0.6080 -0.7914 -0.0642
vn -0.6079 -0.7914 -0.0642
vn -0.6099 -0.7922 -0.0214
vn -0.8486 -0.5284 -0.0243
vn -0.9688 -0.2465 -0.0243
vn -0.9939 0.1085 -0.0215
vn -0.9939 0.1086 -0.0215
vn -0.9919 0.1092 -0.0642
vn -0.9919 0.1092 -0.0641
vn -0.9881 0.1109 -0.1067
vn -0.9823 0.1133 -0.1490
vn -0.9557 -0.2409 -0.1689
vn -0.9557 -0.2410 -0.1689
vn -0.8355 -0.5228 -0.1689
vn 0.2031 0.6189 -0.7588
vn 0.2033 0.6189 -0.7587
vn 0.1330 0.5889 -0.7972
vn 0.4286 0.0160 -0.9034
vn -0.8465 -0.5275 0.0727
vn -0.8421 -0.5256 0.1209
vn -0.9666 -0.2456 0.0727
vn -0.9623 -0.2437 0.1209
vn -0.6099 -0.7922 0.0214
vn -0.6079 -0.7914 0.0642
vn -0.6080 -0.7914 0.0642
vn -0.6041 -0.7897 0.1067
vn -0.5983 -0.7873 0.1490
vn -0.8355 -0.5228 0.1689
vn -0.9557 -0.2409 0.1689
vn -0.9823 0.1133 0.1490
vn -0.9881 0.1109 0.1067
vn -0.9881 0.1109 0.1068
vn -0.9919 0.1092 0.0642
vn -0.9919 0.1092 0.0641
vn -0.9939 0.1085 0.0215
vn -0.9939 0.1084 0.0214
vn -0.9688 -0.2465 0.0243
vn -0.8486 -0.5284 0.0243
vn 0.3451 -0.0194 -0.9383
vn 0.4436 -0.3429 -0.8280
vn 0.3873 -0.0015 -0.9220
vn 0.0596 0.5576 -0.8280
vn -0.8160 -0.5145 0.2636
vn -0.8031 -0.5090 0.3099
vn -0.9362 -0.2326 0.2636
vn -0.9233 -0.2271 0.3099
vn -0.9232 -0.2271 0.3099
vn -0.5906 -0.7840 0.1911
vn -0.5811 -0.7799 0.2326
vn -0.5810 -0.7799 0.2326
vn -0.5697 -0.7750 0.2735
vn -0.5564 -0.7694 0.3138
vn -0.7880 -0.5026 0.3556
vn -0.9082 -0.2207 0.3556
vn -0.9404 0.1312 0.3138
vn -0.9536 0.1255 0.2735
vn -0.9536 0.1255 0.2736
vn -0.9651 0.1207 0.2326
vn -0.9746 0.1166 0.1910
vn -0.9746 0.1166 0.1911
vn -0.9470 -0.2372 0.2167
vn -0.9470 -0.2372 0.2166
vn -0.8268 -0.5191 0.2166
vn 0.3294 -0.3914 -0.8592
vn -0.0549 0.5087 -0.8592
vn -0.7518 -0.4871 0.4444
vn -0.7518 -0.4871 0.4443
vn -0.7308 -0.4782 0.4871
vn -0.8720 -0.2053 0.4443
vn -0.8510 -0.1963 0.4871
vn -0.8509 -0.1962 0.4872
vn -0.5412 -0.7630 0.3533
vn -0.5413 -0.7630 0.3534
vn -0.5245 -0.7558 0.3921
vn -0.5059 -0.7479 0.4298
vn -0.4856 -0.7393 0.4665
vn -0.4857 -0.7392 0.4665
vn -0.7079 -0.4684 0.5286
vn -0.8281 -0.1865 0.5286
vn -0.8697 0.1613 0.4664
vn -0.8697 0.1613 0.4665
vn -0.8899 0.1527 0.4298
vn -0.9085 0.1448 0.3921
vn -0.9253 0.1376 0.3534
vn -0.8911 -0.2134 0.4005
vn -0.7709 -0.4953 0.4005
vn 0.0938 -0.4922 -0.8654
vn 0.0377 -0.1505 -0.9879
vn -0.2902 0.4084 -0.8654
vn -0.3291 0.3917 -0.8592
vn -0.6565 -0.4465 0.6080
vn -0.6565 -0.4466 0.6079
vn -0.6283 -0.4344 0.6454
vn -0.6282 -0.4344 0.6454
vn -0.7767 -0.1646 0.6080
vn -0.7484 -0.1525 0.6454
vn -0.7485 -0.1525 0.6454
vn -0.4638 -0.7299 0.5021
vn -0.4403 -0.7199 0.5365
vn -0.4154 -0.7093 0.5695
vn -0.3890 -0.6980 0.6012
vn -0.3890 -0.6980 0.6013
vn -0.5983 -0.4217 0.6814
vn -0.7185 -0.1398 0.6814
vn -0.7185 -0.1398 0.6813
vn -0.7730 0.2026 0.6012
vn -0.7730 0.2026 0.6011
vn -0.7994 0.1914 0.5695
vn -0.7994 0.1913 0.5695
vn -0.8243 0.1807 0.5365
vn -0.8478 0.1706 0.5021
vn -0.8478 0.1707 0.5021
vn -0.8033 -0.1759 0.5690
vn -0.6831 -0.4578 0.5690
vn -0.3027 0.0376 -0.9524
vn -0.0966 -0.5733 -0.8136
vn -0.2594 0.0560 -0.9641
vn -0.3678 0.3752 -0.8508
vn -0.5336 -0.3941 0.7483
vn -0.5337 -0.3941 0.7482
vn -0.4992 -0.3794 0.7790
vn -0.6538 -0.1123 0.7483
vn -0.6539 -0.1122 0.7482
vn -0.6194 -0.0974 0.7790
vn -0.6194 -0.0975 0.7790
vn -0.3611 -0.6861 0.6316
vn -0.3319 -0.6737 0.6603
vn -0.3015 -0.6607 0.6874
vn -0.2699 -0.6472 0.7129
vn -0.4634 -0.3641 0.8079
vn -0.5836 -0.0821 0.8079
vn -0.5835 -0.0822 0.8079
vn -0.6539 0.2534 0.7129
vn -0.6855 0.2399 0.6874
vn -0.7159 0.2269 0.6603
vn -0.7159 0.2269 0.6604
vn -0.7453 0.2145 0.6312
vn -0.7451 0.2145 0.6315
vn -0.6869 -0.1263 0.7157
vn -0.5667 -0.4082 0.7157
vn -0.2371 -0.6332 -0.7367
vn -0.2034 -0.6189 -0.7587
vn -0.1687 -0.6041 -0.7788
vn -0.1332 -0.5889 -0.7972
vn -0.3083 -0.2981 -0.9034
vn -0.3879 -0.3320 0.8598
vn -0.3486 -0.3152 0.8827
vn -0.3485 -0.3151 0.8827
vn -0.5081 -0.0501 0.8598
vn -0.4686 -0.0332 0.8828
vn -0.4688 -0.0333 0.8827
vn -0.2371 -0.6333 0.7367
vn -0.2370 -0.6332 0.7368
vn -0.2034 -0.6190 0.7586
vn -0.2033 -0.6189 0.7587
vn -0.1687 -0.6041 0.7789
vn -0.1331 -0.5889 0.7972
vn -0.1330 -0.5889 0.7972
vn -0.3083 -0.2980 0.9034
vn -0.4285 -0.0161 0.9034
vn -0.5171 0.3117 0.7972
vn -0.5171 0.3117 0.7971
vn -0.5527 0.2965 0.7789
vn -0.5873 0.2817 0.7587
vn -0.6211 0.2673 0.7367
vn -0.5464 -0.0664 0.8349
vn -0.4262 -0.3483 0.8349
vn -0.3612 -0.6861 -0.6315
vn -0.6539 0.2534 -0.7129
vn -0.6855 0.2400 -0.6874
vn -0.7451 0.2145 -0.6316
vn -0.2250 -0.2625 0.9383
vn -0.1824 -0.2443 0.9524
vn -0.3452 0.0193 0.9383
vn -0.3449 0.0197 0.9384
vn -0.3026 0.0376 0.9524
vn -0.0966 -0.5733 0.8136
vn -0.0967 -0.5734 0.8136
vn -0.0596 -0.5576 0.8280
vn -0.0220 -0.5415 0.8404
vn 0.0162 -0.5252 0.8508
vn -0.1391 -0.2259 0.9642
vn -0.2593 0.0560 0.9642
vn -0.3679 0.3753 0.8508
vn -0.3678 0.3753 0.8508
vn -0.4060 0.3591 0.8404
vn -0.4436 0.3430 0.8280
vn -0.4806 0.3272 0.8136
vn -0.3871 0.0015 0.9220
vn -0.3872 0.0015 0.9220
vn -0.2670 -0.2804 0.9220
vn -0.6282 -0.4344 -0.6455
vn -0.6282 -0.4344 -0.6454
vn -0.7484 -0.1525 -0.6455
vn -0.4638 -0.7298 -0.5022
vn -0.4403 -0.7200 -0.5365
vn -0.3890 -0.6979 -0.6013
vn -0.3890 -0.6980 -0.6013
vn -0.7729 0.2026 -0.6013
vn -0.7733 0.2022 -0.6010
vn -0.7994 0.1913 -0.5696
vn -0.8033 -0.1759 -0.5691
vn -0.1713 0.0934 0.9808
vn 0.1331 -0.4755 0.8696
vn -0.2901 0.4082 0.8656
vn -0.2900 0.4082 0.8656
vn -0.3290 0.3916 0.8593
vn -0.7308 -0.4782 -0.4871
vn -0.5412 -0.7630 -0.3535
vn 0.1270 -0.1123 0.9855
vn 0.1270 -0.1124 0.9855
vn 0.1713 -0.0935 0.9808
vn 0.0068 0.1695 0.9855
vn 0.0511 0.1884 0.9808
vn 0.0510 0.1884 0.9808
vn 0.2117 -0.4419 0.8717
vn 0.2510 -0.4251 0.8696
vn 0.2902 -0.4084 0.8654
vn 0.2902 -0.4085 0.8654
vn 0.3291 -0.3918 0.8592
vn 0.2155 -0.0747 0.9736
vn 0.2155 -0.0747 0.9737
vn 0.0953 0.2072 0.9736
vn -0.0549 0.5088 0.8591
vn -0.0549 0.5088 0.8592
vn -0.0938 0.4921 0.8655
vn -0.1330 0.4755 0.8696
vn -0.1723 0.4587 0.8717
vn -0.0377 0.1505 0.9879
vn 0.0824 -0.1314 0.9879
vn -0.8031 -0.5090 -0.3099
vn -0.5906 -0.7840 -0.1910
vn -0.9404 0.1312 -0.3138
vn -0.9536 0.1255 -0.2735
vn -0.9470 -0.2373 -0.2167
vn -0.8268 -0.5191 -0.2167
vn 0.3026 -0.0376 0.9524
vn 0.3452 -0.0194 0.9383
vn 0.1824 0.2443 0.9524
vn 0.2250 0.2625 0.9383
vn 0.3678 -0.3753 0.8508
vn 0.4060 -0.3591 0.8404
vn 0.4059 -0.3591 0.8404
vn 0.4437 -0.3430 0.8280
vn 0.4436 -0.3430 0.8280
vn 0.4806 -0.3272 0.8136
vn 0.3872 -0.0015 0.9220
vn 0.2670 0.2804 0.9220
vn 0.0967 0.5734 0.8136
vn 0.0597 0.5577 0.8279
vn 0.0596 0.5576 0.8280
vn 0.0220 0.5415 0.8404
vn -0.0162 0.5252 0.8508
vn 0.1391 0.2259 0.9642
vn 0.2593 -0.0560 0.9642
vn -0.9623 -0.2436 -0.1209
vn -0.6041 -0.7898 -0.1065
vn -0.5983 -0.7873 -0.1489
vn -0.9939 0.1084 -0.0214
vn 0.4690 0.0334 0.8826
vn 0.4688 0.0333 0.8827
vn 0.5081 0.0501 0.8598
vn 0.5082 0.0501 0.8598
vn 0.3486 0.3152 0.8827
vn 0.3879 0.3321 0.8598
vn 0.3879 0.3320 0.8598
vn 0.5171 -0.3117 0.7972
vn 0.5527 -0.2965 0.7789
vn 0.5873 -0.2817 0.7587
vn 0.6211 -0.2673 0.7367
vn 0.6210 -0.2674 0.7368
vn 0.5464 0.0664 0.8349
vn 0.5464 0.0665 0.8349
vn 0.4262 0.3483 0.8349
vn 0.2371 0.6333 0.7367
vn 0.2033 0.6189 0.7587
vn 0.1687 0.6041 0.7789
vn 0.1687 0.6040 0.7789
vn 0.1331 0.5889 0.7972
vn 0.3083 0.2980 0.9034
vn 0.4285 0.0161 0.9034
vn -0.5982 -0.7874 0.1488
vn -0.6041 -0.7898 0.1065
vn -0.9823 0.1132 0.1491
vn 0.6194 0.0975 0.7790
vn 0.6195 0.0975 0.7789
vn 0.6538 0.1122 0.7483
vn 0.4992 0.3794 0.7790
vn 0.5336 0.3941 0.7483
vn 0.6539 -0.2534 0.7129
vn 0.6855 -0.2399 0.6874
vn 0.7159 -0.2269 0.6603
vn 0.7451 -0.2145 0.6316
vn 0.7450 -0.2145 0.6316
vn 0.6869 0.1263 0.7157
vn 0.5667 0.4082 0.7157
vn 0.3611 0.6861 0.6316
vn 0.3319 0.6737 0.6603
vn 0.3015 0.6607 0.6874
vn 0.2699 0.6472 0.7129
vn 0.4634 0.3641 0.8079
vn 0.5835 0.0822 0.8079
vn -0.9232 -0.2271 0.3100
vn -0.9362 -0.2326 0.2635
vn -0.5811 -0.7799 0.2325
vn -0.9536 0.1256 0.2735
vn 0.7484 0.1525 0.6454
vn 0.7767 0.1646 0.6080
vn 0.6283 0.4344 0.6454
vn 0.6282 0.4344 0.6454
vn 0.6565 0.4465 0.6080
vn 0.7730 -0.2027 0.6012
vn 0.7730 -0.2026 0.6012
vn 0.7995 -0.1910 0.5695
vn 0.7994 -0.1913 0.5695
vn 0.8243 -0.1807 0.5365
vn 0.8478 -0.1707 0.5021
vn 0.8033 0.1759 0.5690
vn 0.6831 0.4578 0.5690
vn 0.4638 0.7299 0.5021
vn 0.4639 0.7298 0.5021
vn 0.4403 0.7199 0.5365
vn 0.4154 0.7094 0.5694
vn 0.4154 0.7093 0.5695
vn 0.3890 0.6980 0.6012
vn 0.5983 0.4217 0.6814
vn 0.5982 0.4217 0.6814
vn 0.7185 0.1398 0.6814
vn -0.7518 -0.4872 0.4444
vn -0.8510 -0.1963 0.4870
vn -0.8721 -0.2052 0.4443
vn -0.5412 -0.7630 0.3534
vn -0.7079 -0.4683 0.5287
vn 0.1269 -0.1124 0.9855
vn 0.3291 -0.3918 0.8591
vn 0.2902 -0.4084 0.8655
vn 0.2117 -0.4420 0.8717
vn -0.0549 0.5087 0.8592
vn 0.8720 0.2053 0.4443
vn 0.7308 0.4782 0.4870
vn 0.7518 0.4871 0.4443
vn 0.9253 -0.1377 0.3534
vn 0.5412 0.7630 0.3534
vn 0.4856 0.7393 0.4665
vn 0.7079 0.4685 0.5286
vn -0.6282 -0.4345 0.6454
vn -0.6282 -0.4344 0.6455
vn -0.7484 -0.1526 0.6455
vn -0.7995 0.1913 0.5695
vn -0.7731 0.2024 0.6011
vn -0.5982 -0.4217 0.6814
vn 0.3677 -0.3754 0.8508
vn 0.1391 0.2260 0.9641
vn -0.0162 0.5253 0.8508
vn 0.2671 0.2805 0.9219
vn 0.3873 -0.0015 0.9220
vn 0.9232 0.2271 0.3100
vn 0.8031 0.5090 0.3098
vn -0.6538 -0.1122 0.7483
vn -0.3015 -0.6607 0.6875
vn -0.3612 -0.6861 0.6315
vn -0.7451 0.2145 0.6316
vn -0.7450 0.2145 0.6316
vn -0.6855 0.2398 0.6875
vn -0.6854 0.2400 0.6874
vn 0.1686 0.6041 0.7789
vn 0.8421 0.5256 0.1210
vn 0.9823 -0.1134 0.1490
vn 0.9939 -0.1084 0.0213
vn 0.9688 0.2466 0.0243
vn 0.8355 0.5228 0.1689
vn -0.3486 -0.3153 0.8827
vn -0.4688 -0.0332 0.8827
vn -0.5526 0.2966 0.7789
vn 0.7451 -0.2144 0.6316
vn 0.5835 0.0823 0.8079
vn 0.9919 -0.1093 -0.0642
vn 0.5983 0.7873 -0.1489
vn 0.6041 0.7897 -0.1068
vn 0.6042 0.7897 -0.1067
vn 0.6080 0.7914 -0.0642
vn 0.8487 0.5284 -0.0243
vn -0.3026 0.0377 0.9524
vn -0.3452 0.0194 0.9383
vn 0.0162 -0.5253 0.8508
vn -0.4060 0.3592 0.8403
vn -0.4064 0.3594 0.8401
vn -0.3678 0.3752 0.8508
vn -0.2594 0.0561 0.9642
vn 0.6282 0.4345 0.6455
vn 0.8477 -0.1707 0.5022
vn 0.7185 0.1399 0.6813
vn 0.5983 0.4216 0.6813
vn 0.4154 0.7093 0.5696
vn 0.3933 -0.9194 -0.0000
vn 0.3933 -0.9194 -0.0001
vn 0.3932 -0.9194 -0.0000
vn 0.3934 -0.9194 -0.0000
vn 0.3934 -0.9194 0.0001
vn 0.3932 -0.9194 -0.0001
vn 0.3932 -0.9195 -0.0001
vn 0.3930 -0.9195 0.0001
vn 0.3934 -0.9194 -0.0001
vn 0.3933 -0.9194 0.0001
vn 0.3931 -0.9195 -0.0000
vn 0.1218 0.9915 -0.0461
vn 0.1217 0.9915 -0.0461
vn 0.4570 0.1955 -0.8677
vn 0.4570 0.1954 -0.8678
vn 0.0964 0.0411 0.9945
vn 0.0965 0.0412 0.9945
vn -0.7299 -0.3123 0.6080
vn 0.2842 0.1216 -0.9510
vn 0.2842 0.1216 0.9510
vn -0.6072 -0.2598 0.7509
vn -0.6070 -0.2599 0.7510
vn 0.0964 0.0414 -0.9945
vn 0.0966 0.0413 -0.9945
vn 0.4570 0.1955 0.8677
vn -0.4570 -0.1955 0.8677
vn -0.4570 -0.1954 0.8678
vn -0.0965 -0.0413 -0.9945
vn -0.0964 -0.0413 -0.9945
vn 0.6070 0.2595 0.7512
vn -0.2843 -0.1216 0.9510
vn -0.2842 -0.1216 0.9510
vn -0.2843 -0.1216 -0.9510
vn -0.2844 -0.1217 -0.9510
vn 0.7301 0.3121 0.6079
vn -0.0964 -0.0413 0.9945
vn -0.0965 -0.0413 0.9945
vn -0.4570 -0.1955 -0.8677
vn -0.4571 -0.1951 -0.8678
vn 0.8228 0.3520 0.4462
vn 0.8228 0.3520 0.4463
vn -0.6072 -0.2598 -0.7509
vn 0.8846 0.3785 0.2724
vn -0.7299 -0.3123 -0.6081
vn -0.7299 -0.3123 -0.6080
vn 0.9156 0.3916 0.0915
vn -0.8227 -0.3522 -0.4462
vn -0.8227 -0.3521 -0.4463
vn 0.9156 0.3916 -0.0915
vn 0.9155 0.3917 -0.0915
vn -0.8846 -0.3784 -0.2724
vn -0.8847 -0.3785 -0.2723
vn 0.8846 0.3785 -0.2724
vn -0.9155 -0.3917 -0.0915
vn 0.8227 0.3520 -0.4463
vn 0.8228 0.3520 -0.4463
vn -0.9155 -0.3917 0.0915
vn 0.7301 0.3121 -0.6079
vn -0.8846 -0.3785 0.2724
vn 0.6072 0.2598 -0.7509
vn 0.6071 0.2597 -0.7510
vn -0.8227 -0.3521 0.4463
vn -0.8227 -0.3520 0.4463
vn 0.6235 -0.7524 -0.2124
vn -0.7844 0.6050 -0.1368
vn -0.7845 0.6049 -0.1368
vn 0.1042 0.9851 -0.1368
vn -0.8012 0.5966 -0.0461
vn -0.8012 0.5967 -0.0461
vn 0.0695 0.9724 -0.2226
vn -0.8012 0.5966 0.0461
vn 0.0187 0.9536 -0.3005
vn 0.0189 0.9536 -0.3005
vn -0.7844 0.6049 0.1368
vn -0.7845 0.6049 0.1368
vn -0.0459 0.9289 -0.3674
vn -0.0461 0.9289 -0.3674
vn -0.7513 0.6213 0.2226
vn -0.1227 0.8990 -0.4204
vn -0.1224 0.8991 -0.4203
vn -0.2991 0.8269 0.4761
vn -0.2991 0.8270 0.4760
vn -0.7027 0.6449 0.3005
vn -0.2082 0.8646 -0.4572
vn -0.2077 0.8647 -0.4573
vn -0.2083 0.8646 0.4573
vn -0.2082 0.8647 0.4572
vn -0.6401 0.6747 0.3674
vn -0.6402 0.6747 0.3674
vn -0.2991 0.8270 -0.4761
vn -0.2991 0.8269 -0.4762
vn -0.1225 0.8991 0.4203
vn -0.1226 0.8990 0.4205
vn -0.5655 0.7095 0.4204
vn -0.3915 0.7875 -0.4760
vn -0.0461 0.9289 0.3673
vn -0.0459 0.9290 0.3673
vn -0.4816 0.7477 0.4571
vn -0.4816 0.7477 0.4572
vn -0.4816 0.7477 -0.4572
vn -0.4817 0.7477 -0.4571
vn 0.0189 0.9536 0.3006
vn 0.0189 0.9536 0.3005
vn -0.3915 0.7875 0.4760
vn -0.5655 0.7095 -0.4204
vn 0.0695 0.9724 0.2226
vn 0.0696 0.9724 0.2226
vn -0.6401 0.6748 -0.3674
vn 0.1041 0.9851 0.1368
vn 0.1042 0.9851 0.1368
vn -0.7027 0.6449 -0.3005
vn 0.1218 0.9915 0.0461
vn -0.7513 0.6213 -0.2226
vn -0.7513 0.6212 -0.2227
vn 0.2843 0.1216 -0.9510
vn 0.0528 -0.9939 0.0969
vn 0.5787 -0.7732 -0.2592
vn 0.5787 -0.7733 -0.2592
vn 0.0776 -0.9844 0.1576
vn 0.0776 -0.9845 0.1576
vn 0.5257 -0.7975 -0.2962
vn 0.5257 -0.7974 -0.2963
vn 0.4028 -0.8518 0.3349
vn 0.4029 -0.8518 0.3348
vn 0.1135 -0.9706 0.2124
vn 0.1136 -0.9706 0.2124
vn 0.4664 -0.8240 -0.3218
vn 0.4663 -0.8240 -0.3217
vn 0.4663 -0.8240 0.3217
vn 0.4663 -0.8241 0.3217
vn 0.1596 -0.9525 0.2593
vn 0.1596 -0.9525 0.2592
vn 0.4030 -0.8518 -0.3348
vn 0.4029 -0.8518 -0.3349
vn 0.5257 -0.7974 0.2963
vn 0.2138 -0.9309 0.2962
vn 0.2139 -0.9309 0.2961
vn 0.3379 -0.8796 -0.3348
vn 0.3379 -0.8795 -0.3350
vn 0.5787 -0.7732 0.2592
vn 0.2740 -0.9063 0.3217
vn 0.2741 -0.9063 -0.3218
vn 0.2740 -0.9063 -0.3217
vn 0.6235 -0.7524 0.2124
vn 0.6235 -0.7524 0.2123
vn 0.3379 -0.8796 0.3347
vn 0.3379 -0.8796 0.3348
vn 0.2138 -0.9309 -0.2962
vn 0.6585 -0.7359 0.1576
vn 0.6586 -0.7358 0.1576
vn 0.1596 -0.9525 -0.2592
vn 0.6825 -0.7245 0.0968
vn 0.6824 -0.7245 0.0969
vn 0.1136 -0.9706 -0.2124
vn 0.6946 -0.7187 0.0327
vn 0.6945 -0.7187 0.0327
vn 0.0777 -0.9844 -0.1576
vn 0.0775 -0.9845 -0.1576
vn 0.6946 -0.7187 -0.0327
vn 0.6945 -0.7187 -0.0327
vn 0.0528 -0.9939 -0.0969
vn 0.6824 -0.7245 -0.0969
vn 0.6825 -0.7244 -0.0970
vn 0.0403 -0.9987 -0.0328
vn 0.0402 -0.9987 -0.0327
vn 0.6585 -0.7359 -0.1576
vn 0.0402 -0.9987 0.0327
vn -0.4813 0.7505 -0.4530
vn -0.4813 0.7504 -0.4530
vn 0.2843 0.1216 0.9510
vn -0.6071 -0.2598 0.7510
vn -0.6073 -0.2597 0.7508
vn 0.0963 0.0412 -0.9945
vn 0.0965 0.0413 -0.9945
vn 0.4569 0.1954 0.8678
vn -0.4569 -0.1955 0.8678
vn -0.4569 -0.1953 0.8678
vn -0.0963 -0.0413 -0.9945
vn -0.0963 -0.0412 -0.9945
vn 0.6072 0.2598 0.7509
vn 0.6076 0.2596 0.7506
vn 0.7300 0.3123 0.6079
vn 0.7299 0.3122 0.6081
vn -0.0963 -0.0413 0.9945
vn -0.0963 -0.0412 0.9945
vn -0.4569 -0.1954 -0.8678
vn 0.8228 0.3519 0.4463
vn 0.8227 0.3520 0.4464
vn 0.8846 0.3785 0.2723
vn 0.8846 0.3786 0.2723
vn -0.7300 -0.3123 -0.6079
vn -0.7299 -0.3124 -0.6080
vn 0.9155 0.3917 0.0915
vn -0.8227 -0.3520 -0.4463
vn -0.8228 -0.3521 -0.4462
vn -0.8846 -0.3785 -0.2724
vn -0.8846 -0.3785 -0.2723
vn 0.8847 0.3785 -0.2720
vn 0.8845 0.3786 -0.2725
vn 0.8227 0.3520 -0.4464
vn 0.8228 0.3519 -0.4463
vn 0.7298 0.3122 -0.6083
vn 0.7300 0.3122 -0.6080
vn -0.8846 -0.3785 0.2723
vn -0.8228 -0.3520 0.4462
vn -0.8228 -0.3519 0.4462
vn 0.4569 0.1954 -0.8678
vn 0.4566 0.1953 -0.8680
vn 0.0965 0.0413 0.9945
vn 0.0964 0.0413 0.9945
vn -0.7301 -0.3120 0.6079
vn -0.0844 -0.9362 -0.3413
vn -0.0843 -0.9362 -0.3413
vn 0.0145 0.9545 0.2980
vn 0.0146 0.9545 0.2978
vn -0.3920 0.7898 0.4718
vn -0.3921 0.7898 0.4717
vn -0.5643 0.7127 -0.4166
vn -0.5645 0.7127 -0.4164
vn 0.0647 0.9732 0.2207
vn 0.0648 0.9732 0.2205
vn -0.6383 0.6783 -0.3639
vn -0.6384 0.6782 -0.3641
vn 0.0991 0.9858 0.1356
vn 0.0990 0.9858 0.1356
vn -0.7004 0.6486 -0.2978
vn -0.7005 0.6486 -0.2978
vn 0.1166 0.9921 0.0459
vn 0.1165 0.9921 0.0459
vn -0.7486 0.6252 -0.2206
vn 0.1165 0.9921 -0.0459
vn 0.1166 0.9921 -0.0454
vn -0.7815 0.6090 -0.1356
vn -0.7814 0.6091 -0.1355
vn 0.0991 0.9858 -0.1354
vn 0.0990 0.9858 -0.1356
vn -0.7981 0.6008 -0.0457
vn -0.7982 0.6007 -0.0457
vn 0.0649 0.9732 -0.2205
vn 0.0648 0.9732 -0.2206
vn -0.7981 0.6008 0.0457
vn -0.7980 0.6009 0.0457
vn 0.0146 0.9545 -0.2978
vn 0.0145 0.9545 -0.2979
vn -0.7814 0.6091 0.1356
vn -0.7815 0.6091 0.1356
vn -0.0498 0.9301 -0.3640
vn -0.0497 0.9301 -0.3640
vn -0.7486 0.6253 0.2205
vn -0.7486 0.6252 0.2206
vn -0.1257 0.9004 -0.4165
vn -0.3005 0.8290 0.4717
vn -0.3006 0.8289 0.4717
vn -0.7004 0.6486 0.2978
vn -0.7004 0.6487 0.2976
vn -0.2105 0.8663 -0.4530
vn -0.2105 0.8663 0.4530
vn -0.6385 0.6780 0.3642
vn -0.6384 0.6782 0.3640
vn -0.3005 0.8290 -0.4717
vn -0.1258 0.9004 0.4165
vn -0.1257 0.9004 0.4165
vn -0.5643 0.7127 0.4166
vn -0.5644 0.7127 0.4165
vn -0.3917 0.7898 -0.4720
vn -0.3918 0.7898 -0.4719
vn -0.0498 0.9301 0.3640
vn -0.0497 0.9301 0.3640
vn -0.4812 0.7505 0.4530
vn -0.4811 0.7505 0.4530
vn -0.9156 -0.3916 -0.0915
vn -0.9156 -0.3916 -0.0914
vn 0.8459 -0.5308 0.0523
vn 0.8460 -0.5307 0.0523
vn -0.1415 -0.9572 -0.2526
vn -0.1415 -0.9572 -0.2527
vn 0.8459 -0.5308 -0.0523
vn 0.8460 -0.5307 -0.0523
vn -0.1804 -0.9713 -0.1551
vn -0.1807 -0.9712 -0.1551
vn 0.8272 -0.5402 -0.1551
vn 0.8272 -0.5401 -0.1551
vn -0.2005 -0.9783 -0.0524
vn -0.2007 -0.9783 -0.0524
vn 0.7900 -0.5586 -0.2527
vn 0.7900 -0.5586 -0.2526
vn -0.2005 -0.9783 0.0524
vn 0.7353 -0.5855 -0.3413
vn 0.7354 -0.5853 -0.3413
vn -0.1805 -0.9713 0.1551
vn 0.6646 -0.6195 -0.4177
vn -0.1415 -0.9572 0.2526
vn -0.1415 -0.9571 0.2528
vn 0.5801 -0.6593 -0.4783
vn 0.5801 -0.6593 -0.4784
vn 0.3823 -0.7481 0.5423
vn 0.3823 -0.7481 0.5424
vn -0.0842 -0.9362 0.3414
vn -0.0843 -0.9362 0.3413
vn 0.4848 -0.7028 -0.5207
vn 0.4848 -0.7028 0.5205
vn 0.4848 -0.7027 0.5207
vn -0.0106 -0.9084 0.4179
vn -0.0108 -0.9085 0.4177
vn 0.3823 -0.7481 -0.5423
vn 0.5801 -0.6593 0.4784
vn 0.5801 -0.6592 0.4784
vn 0.0762 -0.8748 0.4784
vn 0.0763 -0.8748 0.4784
vn 0.2771 -0.7932 -0.5423
vn 0.6646 -0.6196 0.4177
vn 0.1735 -0.8359 0.5207
vn 0.1736 -0.8359 -0.5206
vn 0.1737 -0.8360 -0.5206
vn 0.7352 -0.5856 0.3413
vn 0.7354 -0.5854 0.3414
vn 0.2771 -0.7932 0.5423
vn 0.2770 -0.7932 0.5424
vn 0.0762 -0.8748 -0.4784
vn 0.0762 -0.8748 -0.4785
vn 0.7900 -0.5587 0.2527
vn 0.7899 -0.5587 0.2527
vn -0.0110 -0.9084 -0.4180
vn -0.0106 -0.9084 -0.4179
vn 0.8272 -0.5401 0.1551
vn -0.7937 0.5491 0.2618
vn 0.8227 0.3521 -0.4464
vn 0.7299 0.3122 -0.6081
vn 0.7299 0.3124 -0.6080
vn -0.8846 -0.3784 0.2724
vn -0.8228 -0.3519 0.4463
vn 0.4570 0.1957 -0.8677
vn 0.4571 0.1955 -0.8677
vn -0.7299 -0.3121 0.6081
vn -0.7299 -0.3124 0.6080
vn 0.2842 0.1215 -0.9510
vn 0.2843 0.1220 -0.9509
vn -0.6071 -0.2597 0.7510
vn 0.4569 0.1956 0.8677
vn -0.4571 -0.1955 0.8677
vn -0.4571 -0.1956 0.8677
vn -0.0966 -0.0414 -0.9945
vn -0.2844 -0.1218 0.9509
vn -0.2842 -0.1216 -0.9510
vn -0.2844 -0.1218 -0.9509
vn 0.7299 0.3124 0.6080
vn -0.0966 -0.0413 0.9945
vn -0.4571 -0.1955 -0.8677
vn 0.8227 0.3520 0.4463
vn -0.6070 -0.2597 -0.7510
vn -0.6073 -0.2599 -0.7508
vn 0.8846 0.3786 0.2724
vn -0.7299 -0.3121 -0.6081
vn 0.9156 0.3916 0.0914
vn -0.8228 -0.3519 -0.4463
vn 0.9156 0.3916 -0.0914
vn 0.8846 0.3786 -0.2724
vn -0.0606 -0.9911 -0.1183
vn -0.0605 -0.9911 -0.1182
vn -0.1661 0.9238 -0.3449
vn -0.2969 0.8454 0.4440
vn -0.7313 0.5873 0.3468
vn -0.2244 0.8884 -0.4004
vn -0.2244 0.8884 0.4004
vn -0.6536 0.6344 0.4128
vn -0.2969 0.8454 -0.4440
vn -0.1661 0.9238 0.3449
vn -0.5653 0.6872 0.4563
vn -0.3810 0.7960 -0.4704
vn -0.1223 0.9514 0.2825
vn -0.4723 0.7422 0.4754
vn -0.4723 0.7422 -0.4754
vn -0.0919 0.9717 0.2177
vn -0.3810 0.7960 0.4704
vn -0.5653 0.6872 -0.4563
vn -0.0725 0.9855 0.1534
vn -0.6536 0.6344 -0.4128
vn -0.0615 0.9940 0.0908
vn -0.7313 0.5873 -0.3468
vn -0.0566 0.9979 0.0300
vn -0.7937 0.5491 -0.2618
vn -0.0566 0.9979 -0.0300
vn -0.8371 0.5223 -0.1628
vn -0.0615 0.9940 -0.0908
vn -0.8593 0.5085 -0.0553
vn -0.8593 0.5085 -0.0552
vn -0.0725 0.9855 -0.1534
vn -0.8595 0.5082 0.0549
vn -0.8593 0.5085 0.0552
vn -0.0919 0.9717 -0.2177
vn -0.8371 0.5223 0.1628
vn -0.1223 0.9514 -0.2825
vn -0.9155 -0.2969 0.2716
vn -0.9155 -0.2967 0.2717
vn 0.7042 -0.7010 -0.1131
vn 0.7043 -0.7008 -0.1135
vn -0.0763 -0.9963 -0.0399
vn -0.0764 -0.9963 -0.0399
vn 0.6765 -0.7130 -0.1842
vn 0.6765 -0.7131 -0.1842
vn -0.0764 -0.9963 0.0399
vn 0.6359 -0.7305 -0.2491
vn 0.6359 -0.7305 -0.2490
vn -0.0605 -0.9911 0.1182
vn 0.5835 -0.7526 -0.3052
vn 0.5835 -0.7526 -0.3051
vn -0.0293 -0.9810 0.1920
vn 0.5208 -0.7786 -0.3501
vn 0.5211 -0.7783 -0.3502
vn 0.3735 -0.8371 0.3997
vn 0.3734 -0.8371 0.3997
vn 0.0162 -0.9659 0.2583
vn 0.0160 -0.9659 0.2583
vn 0.4500 -0.8071 -0.3822
vn 0.4502 -0.8069 -0.3823
vn 0.4500 -0.8071 0.3823
vn 0.4499 -0.8072 0.3822
vn 0.0741 -0.9463 0.3146
vn 0.0736 -0.9464 0.3145
vn 0.3733 -0.8371 -0.3998
vn 0.3735 -0.8371 -0.3996
vn 0.5209 -0.7784 0.3503
vn 0.5208 -0.7785 0.3504
vn 0.1413 -0.9230 0.3580
vn 0.1412 -0.9229 0.3581
vn 0.2943 -0.8672 -0.4016
vn 0.2943 -0.8673 -0.4016
vn 0.5835 -0.7526 0.3052
vn 0.5834 -0.7526 0.3054
vn 0.2158 -0.8962 0.3876
vn 0.2158 -0.8962 0.3875
vn 0.2157 -0.8962 -0.3876
vn 0.2158 -0.8962 -0.3876
vn 0.6359 -0.7305 0.2491
vn 0.2943 -0.8672 0.4016
vn 0.1411 -0.9229 -0.3582
vn 0.1412 -0.9229 -0.3582
vn 0.6765 -0.7130 0.1842
vn 0.0736 -0.9464 -0.3145
vn 0.0737 -0.9464 -0.3144
vn 0.7042 -0.7010 0.1131
vn 0.7042 -0.7009 0.1132
vn 0.0160 -0.9659 -0.2584
vn 0.0160 -0.9659 -0.2583
vn 0.7181 -0.6949 0.0381
vn 0.7180 -0.6950 0.0382
vn -0.0293 -0.9810 -0.1920
vn 0.7180 -0.6950 -0.0382
vn 0.7181 -0.6949 -0.0381
vn -0.6444 0.6291 0.4347
vn 0.6292 0.2037 -0.7501
vn 0.6293 0.2039 -0.7500
vn -0.8517 -0.2760 0.4454
vn -0.8517 -0.2761 0.4454
vn 0.4738 0.1536 -0.8671
vn 0.1003 0.0326 0.9944
vn 0.1004 0.0325 0.9944
vn -0.7560 -0.2450 0.6070
vn 0.2948 0.0956 -0.9508
vn 0.2947 0.0956 0.9508
vn 0.2949 0.0957 0.9507
vn -0.6292 -0.2039 0.7500
vn -0.6292 -0.2040 0.7500
vn 0.1003 0.0326 -0.9944
vn 0.1004 0.0325 -0.9944
vn 0.4738 0.1537 0.8671
vn 0.4739 0.1537 0.8671
vn -0.4738 -0.1536 0.8671
vn -0.1003 -0.0326 -0.9944
vn -0.1004 -0.0325 -0.9944
vn 0.6292 0.2039 0.7500
vn -0.2948 -0.0956 0.9508
vn -0.2949 -0.0957 0.9507
vn -0.2948 -0.0956 -0.9508
vn 0.7560 0.2454 0.6068
vn 0.7560 0.2451 0.6069
vn -0.1004 -0.0325 0.9944
vn -0.1003 -0.0326 0.9944
vn -0.4738 -0.1536 -0.8671
vn 0.8517 0.2761 0.4453
vn 0.8518 0.2757 0.4455
vn -0.6292 -0.2039 -0.7500
vn -0.6293 -0.2038 -0.7500
vn 0.9155 0.2967 0.2717
vn -0.7560 -0.2450 -0.6070
vn -0.7560 -0.2451 -0.6069
vn 0.9473 0.3070 0.0913
vn 0.9473 0.3071 0.0913
vn -0.8518 -0.2761 -0.4453
vn -0.8517 -0.2761 -0.4454
vn 0.9471 0.3075 -0.0915
vn 0.9473 0.3070 -0.0913
vn -0.9155 -0.2966 -0.2717
vn -0.9155 -0.2967 -0.2717
vn 0.9155 0.2967 -0.2718
vn 0.9156 0.2964 -0.2717
vn -0.9473 -0.3070 -0.0913
vn -0.9473 -0.3069 -0.0913
vn 0.8518 0.2757 -0.4455
vn 0.8517 0.2761 -0.4453
vn -0.9473 -0.3070 0.0913
vn -0.9473 -0.3069 0.0913
vn 0.7561 0.2451 -0.6069
vn 0.7560 0.2453 -0.6069
vn 0.2536 -0.8596 0.4435
vn 0.2536 -0.8596 0.4436
vn -0.2574 0.8353 -0.4859
vn -0.1073 0.9170 0.3842
vn -0.5511 0.6792 0.4847
vn -0.3512 0.7854 -0.5097
vn -0.0554 0.9468 0.3171
vn -0.4512 0.7324 0.5099
vn -0.4512 0.7324 -0.5099
vn -0.0186 0.9691 0.2459
vn -0.3512 0.7854 0.5097
vn -0.5511 0.6792 -0.4847
vn 0.0055 0.9847 0.1741
vn -0.6444 0.6291 -0.4347
vn 0.0195 0.9944 0.1035
vn -0.7254 0.5852 -0.3624
vn -0.7254 0.5853 -0.3624
vn 0.0258 0.9991 0.0343
vn -0.7895 0.5501 -0.2721
vn 0.0259 0.9991 -0.0343
vn 0.0258 0.9991 -0.0343
vn -0.8338 0.5257 -0.1685
vn 0.0195 0.9944 -0.1035
vn -0.8564 0.5132 -0.0571
vn 0.0055 0.9847 -0.1741
vn -0.8564 0.5132 0.0571
vn -0.0186 0.9691 -0.2459
vn -0.8338 0.5257 0.1685
vn -0.0554 0.9468 -0.3171
vn -0.7895 0.5501 0.2721
vn -0.1073 0.9170 -0.3842
vn -0.2574 0.8353 0.4859
vn -0.7253 0.5853 0.3624
vn -0.7254 0.5852 0.3624
vn -0.1749 0.8796 -0.4423
vn -0.1749 0.8796 0.4423
vn -0.1749 0.8797 0.4423
vn -0.8766 -0.1903 -0.4420
vn 0.0785 -0.9133 -0.3997
vn 0.6729 -0.7129 0.1974
vn 0.6729 -0.7129 0.1973
vn 0.0003 -0.9358 -0.3525
vn 0.0001 -0.9358 -0.3525
vn 0.7021 -0.7018 0.1208
vn 0.7021 -0.7017 0.1208
vn -0.0670 -0.9545 -0.2904
vn -0.0671 -0.9545 -0.2904
vn 0.7169 -0.6960 0.0408
vn 0.7169 -0.6960 0.0407
vn -0.1203 -0.9688 -0.2165
vn 0.7169 -0.6959 -0.0409
vn 0.7169 -0.6960 -0.0407
vn -0.1572 -0.9785 -0.1337
vn -0.1571 -0.9785 -0.1336
vn 0.7021 -0.7017 -0.1208
vn 0.7022 -0.7017 -0.1208
vn -0.1757 -0.9834 -0.0452
vn -0.1759 -0.9834 -0.0451
vn 0.6730 -0.7129 -0.1972
vn 0.6729 -0.7129 -0.1973
vn -0.1758 -0.9834 0.0450
vn -0.1759 -0.9834 0.0451
vn 0.6296 -0.7293 -0.2678
vn 0.6295 -0.7295 -0.2676
vn -0.1570 -0.9785 0.1336
vn -0.1571 -0.9785 0.1337
vn 0.5733 -0.7502 -0.3294
vn -0.1203 -0.9688 0.2166
vn -0.1202 -0.9689 0.2165
vn 0.5053 -0.7747 -0.3802
vn 0.5053 -0.7748 -0.3800
vn 0.3425 -0.8307 0.4389
vn -0.0670 -0.9546 0.2904
vn -0.0671 -0.9545 0.2905
vn 0.4275 -0.8020 -0.4172
vn 0.4274 -0.8020 -0.4172
vn 0.4274 -0.8020 0.4172
vn 0.0001 -0.9357 0.3527
vn 0.0002 -0.9358 0.3525
vn 0.3425 -0.8307 -0.4389
vn 0.5053 -0.7748 0.3801
vn 0.5052 -0.7748 0.3800
vn 0.0785 -0.9133 0.3997
vn 0.2536 -0.8596 -0.4436
vn 0.5733 -0.7502 0.3294
vn 0.1643 -0.8875 0.4305
vn 0.1642 -0.8876 0.4304
vn 0.1643 -0.8875 -0.4305
vn 0.6298 -0.7292 0.2678
vn 0.6295 -0.7294 0.2677
vn -0.7811 0.6224 0.0499
vn 0.9732 0.2112 -0.0905
vn 0.9732 0.2113 -0.0904
vn -0.9411 -0.2045 -0.2693
vn 0.9411 0.2043 -0.2694
vn 0.9411 0.2044 -0.2694
vn -0.9732 -0.2114 -0.0903
vn -0.9732 -0.2113 -0.0905
vn 0.8766 0.1903 -0.4421
vn 0.8765 0.1904 -0.4422
vn -0.9732 -0.2113 0.0904
vn -0.9732 -0.2113 0.0905
vn 0.7793 0.1691 -0.6034
vn 0.7793 0.1692 -0.6034
vn -0.9411 -0.2045 0.2694
vn -0.9411 -0.2044 0.2694
vn 0.6498 0.1407 -0.7470
vn 0.6496 0.1408 -0.7471
vn -0.8766 -0.1902 0.4420
vn -0.8766 -0.1903 0.4420
vn 0.4901 0.1064 -0.8651
vn 0.1039 0.0225 0.9943
vn 0.1038 0.0225 0.9943
vn -0.7793 -0.1692 0.6034
vn 0.3054 0.0663 -0.9499
vn 0.3054 0.0663 0.9499
vn 0.3056 0.0664 0.9499
vn -0.6497 -0.1406 0.7471
vn -0.6497 -0.1411 0.7470
vn 0.1036 0.0224 -0.9944
vn 0.1039 0.0225 -0.9943
vn 0.4901 0.1064 0.8651
vn 0.4902 0.1064 0.8651
vn -0.4902 -0.1065 0.8651
vn -0.1038 -0.0225 -0.9943
vn 0.6497 0.1411 0.7470
vn 0.6498 0.1408 0.7470
vn -0.3055 -0.0663 0.9499
vn -0.3055 -0.0663 -0.9499
vn 0.7793 0.1692 0.6034
vn -0.1038 -0.0225 0.9943
vn -0.4902 -0.1065 -0.8651
vn -0.4901 -0.1064 -0.8652
vn 0.8766 0.1903 0.4421
vn 0.8765 0.1904 0.4422
vn -0.6497 -0.1406 -0.7471
vn 0.9411 0.2044 0.2694
vn 0.9410 0.2047 0.2695
vn -0.7793 -0.1692 -0.6034
vn 0.9732 0.2112 0.0905
vn 0.9732 0.2114 0.0903
vn 0.2966 -0.7854 0.5433
vn 0.2965 -0.7853 0.5434
vn -0.1223 0.9819 -0.1448
vn -0.7598 0.6332 0.1471
vn -0.7599 0.6332 0.1471
vn -0.1316 0.9707 -0.2011
vn -0.7182 0.6545 0.2363
vn -0.1546 0.9528 -0.2612
vn -0.2527 0.8942 0.3696
vn -0.6582 0.6850 0.3123
vn -0.1947 0.9273 -0.3197
vn -0.1947 0.9273 0.3197
vn -0.5833 0.7230 0.3702
vn -0.2527 0.8942 -0.3696
vn -0.1546 0.9528 0.2612
vn -0.4986 0.7660 0.4058
vn -0.3263 0.8546 -0.4039
vn -0.1316 0.9707 0.2011
vn -0.4106 0.8109 0.4170
vn -0.4106 0.8109 -0.4170
vn -0.1223 0.9819 0.1448
vn -0.3263 0.8546 0.4039
vn -0.4986 0.7660 -0.4058
vn -0.1217 0.9880 0.0955
vn -0.5833 0.7230 -0.3702
vn -0.1248 0.9907 0.0536
vn -0.6582 0.6850 -0.3123
vn -0.1275 0.9917 0.0172
vn -0.7182 0.6545 -0.2363
vn -0.1275 0.9917 -0.0172
vn -0.7598 0.6332 -0.1471
vn -0.7599 0.6332 -0.1471
vn -0.1248 0.9907 -0.0536
vn -0.7812 0.6223 -0.0499
vn -0.7811 0.6224 -0.0499
vn -0.1217 0.9880 -0.0955
vn 0.6708 0.0548 0.7396
vn -0.2473 -0.8939 0.3739
vn -0.2473 -0.8939 0.3738
vn 0.4036 -0.7590 -0.5110
vn 0.4035 -0.7589 -0.5111
vn 0.4034 -0.7589 0.5111
vn 0.4035 -0.7590 0.5110
vn -0.1555 -0.8787 0.4514
vn -0.1556 -0.8787 0.4514
vn 0.2966 -0.7854 -0.5433
vn 0.2966 -0.7854 -0.5434
vn 0.4993 -0.7338 0.4607
vn 0.4997 -0.7337 0.4605
vn -0.0498 -0.8595 0.5087
vn 0.1821 -0.8118 -0.5548
vn 0.1822 -0.8119 -0.5547
vn 0.5812 -0.7112 0.3955
vn 0.5813 -0.7112 0.3955
vn 0.0646 -0.8370 0.5434
vn 0.0647 -0.8369 0.5435
vn 0.0648 -0.8369 -0.5435
vn 0.0647 -0.8369 -0.5435
vn 0.6477 -0.6920 0.3187
vn 0.1820 -0.8118 0.5548
vn -0.0500 -0.8596 -0.5086
vn -0.0498 -0.8595 -0.5087
vn 0.6979 -0.6771 0.2334
vn 0.6978 -0.6771 0.2334
vn -0.1556 -0.8787 -0.4514
vn -0.1555 -0.8787 -0.4514
vn 0.7315 -0.6669 0.1422
vn 0.7315 -0.6668 0.1422
vn -0.2473 -0.8939 -0.3738
vn -0.2474 -0.8940 -0.3737
vn 0.7482 -0.6617 0.0478
vn 0.7482 -0.6617 0.0479
vn -0.3202 -0.9052 -0.2794
vn -0.3201 -0.9052 -0.2795
vn 0.7482 -0.6617 -0.0479
vn 0.7482 -0.6617 -0.0481
vn -0.3707 -0.9125 -0.1726
vn -0.3706 -0.9126 -0.1727
vn 0.7315 -0.6669 -0.1422
vn 0.7315 -0.6669 -0.1421
vn -0.3965 -0.9162 -0.0583
vn -0.3964 -0.9162 -0.0584
vn 0.6980 -0.6770 -0.2334
vn 0.6978 -0.6771 -0.2334
vn -0.3964 -0.9162 0.0584
vn -0.3964 -0.9162 0.0585
vn 0.6478 -0.6920 -0.3185
vn 0.6477 -0.6920 -0.3187
vn -0.3706 -0.9126 0.1727
vn -0.3708 -0.9126 0.1726
vn 0.5813 -0.7112 -0.3954
vn 0.5813 -0.7111 -0.3954
vn -0.3201 -0.9052 0.2795
vn -0.3202 -0.9052 0.2795
vn 0.4994 -0.7338 -0.4607
vn -0.1463 0.9885 0.0372
vn -0.3181 -0.0260 0.9477
vn -0.3181 -0.0260 -0.9477
vn -0.3182 -0.0260 -0.9477
vn 0.8010 0.0655 0.5951
vn -0.1081 -0.0088 0.9941
vn -0.5080 -0.0416 -0.8604
vn -0.5081 -0.0416 -0.8603
vn 0.8979 0.0733 0.4341
vn -0.6709 -0.0548 -0.7395
vn -0.6709 -0.0548 -0.7396
vn 0.9614 0.0785 0.2638
vn 0.9614 0.0785 0.2637
vn -0.8013 -0.0654 -0.5947
vn 0.9928 0.0811 0.0884
vn -0.8979 -0.0733 -0.4341
vn 0.9928 0.0811 -0.0885
vn 0.9928 0.0812 -0.0884
vn -0.9614 -0.0785 -0.2636
vn 0.9613 0.0785 -0.2639
vn 0.9614 0.0784 -0.2638
vn -0.9928 -0.0810 -0.0882
vn -0.9928 -0.0811 -0.0884
vn 0.8979 0.0733 -0.4340
vn 0.8979 0.0733 -0.4341
vn -0.9928 -0.0810 0.0882
vn -0.9927 -0.0813 0.0886
vn 0.8010 0.0655 -0.5951
vn -0.9614 -0.0785 0.2638
vn -0.9614 -0.0785 0.2636
vn 0.6709 0.0548 -0.7396
vn 0.6709 0.0548 -0.7395
vn -0.8979 -0.0733 0.4341
vn 0.5084 0.0415 -0.8601
vn 0.5086 0.0417 -0.8600
vn 0.1081 0.0089 0.9941
vn 0.1082 0.0089 0.9941
vn -0.8013 -0.0654 0.5947
vn -0.8012 -0.0654 0.5948
vn 0.3180 0.0260 -0.9477
vn 0.3180 0.0260 0.9477
vn 0.3181 0.0260 0.9477
vn -0.6709 -0.0548 0.7395
vn 0.1082 0.0089 -0.9941
vn 0.1081 0.0089 -0.9941
vn 0.5087 0.0416 0.8599
vn 0.5086 0.0417 0.8600
vn -0.5080 -0.0416 0.8604
vn -0.5081 -0.0416 0.8603
vn -0.1081 -0.0088 -0.9941
vn 0.5675 -0.8182 -0.0920
vn 0.5674 -0.8183 -0.0919
vn -0.5104 0.8376 -0.1949
vn -0.1464 0.9892 0.0121
vn -0.5509 0.8213 -0.1483
vn -0.1464 0.9892 -0.0121
vn -0.5793 0.8098 -0.0927
vn -0.1463 0.9885 -0.0372
vn -0.5940 0.8039 -0.0315
vn -0.1473 0.9870 -0.0649
vn -0.5940 0.8039 0.0315
vn -0.5940 0.8039 0.0314
vn -0.1514 0.9838 -0.0959
vn -0.5793 0.8098 0.0927
vn -0.1613 0.9783 -0.1300
vn -0.5509 0.8213 0.1483
vn -0.1795 0.9697 -0.1655
vn -0.2462 0.9419 0.2285
vn -0.5104 0.8376 0.1949
vn -0.2077 0.9576 -0.1996
vn -0.2077 0.9576 0.1996
vn -0.4607 0.8573 0.2297
vn -0.2462 0.9419 -0.2285
vn -0.1795 0.9697 0.1655
vn -0.4052 0.8792 0.2506
vn -0.2939 0.9229 -0.2486
vn -0.1613 0.9783 0.1300
vn -0.3482 0.9016 0.2567
vn -0.3482 0.9016 -0.2567
vn -0.1514 0.9838 0.0959
vn -0.2939 0.9229 0.2486
vn -0.4052 0.8792 -0.2506
vn -0.1473 0.9870 0.0649
vn -0.4607 0.8573 -0.2297
vn 0.6785 0.0117 -0.7345
vn 0.6787 0.0113 -0.7343
vn -0.1537 -0.9874 -0.0369
vn 0.5447 -0.8250 -0.1505
vn 0.5446 -0.8251 -0.1504
vn -0.1537 -0.9874 0.0368
vn -0.1537 -0.9874 0.0369
vn 0.5111 -0.8348 -0.2047
vn 0.5110 -0.8349 -0.2047
vn -0.1371 -0.9845 0.1091
vn -0.1370 -0.9845 0.1091
vn 0.4671 -0.8472 -0.2530
vn -0.1048 -0.9787 0.1764
vn -0.1049 -0.9787 0.1763
vn 0.4133 -0.8621 -0.2932
vn 0.4137 -0.8618 -0.2934
vn 0.2837 -0.8955 0.3430
vn -0.0585 -0.9702 0.2353
vn 0.3519 -0.8782 -0.3239
vn 0.3519 -0.8783 -0.3238
vn 0.3519 -0.8782 0.3239
vn 0.3519 -0.8783 0.3238
vn -0.0005 -0.9589 0.2838
vn -0.0006 -0.9590 0.2836
vn 0.2837 -0.8955 -0.3430
vn 0.4134 -0.8621 0.2932
vn 0.4136 -0.8620 0.2933
vn 0.0659 -0.9453 0.3194
vn 0.0659 -0.9453 0.3195
vn 0.2113 -0.9129 -0.3491
vn 0.2114 -0.9129 -0.3492
vn 0.4672 -0.8472 0.2530
vn 0.4671 -0.8472 0.2530
vn 0.1378 -0.9298 0.3413
vn 0.1377 -0.9298 0.3414
vn 0.1377 -0.9298 -0.3414
vn 0.5115 -0.8344 0.2050
vn 0.5110 -0.8348 0.2048
vn 0.2113 -0.9129 0.3491
vn 0.0659 -0.9453 -0.3195
vn 0.0659 -0.9453 -0.3194
vn 0.5447 -0.8250 0.1506
vn -0.0006 -0.9589 -0.2837
vn -0.0005 -0.9589 -0.2837
vn 0.5673 -0.8184 0.0920
vn 0.5674 -0.8183 0.0919
vn -0.0585 -0.9702 -0.2353
vn -0.0584 -0.9702 -0.2354
vn 0.5788 -0.8149 0.0309
vn -0.1048 -0.9787 -0.1763
vn -0.1050 -0.9788 -0.1758
vn 0.5788 -0.8149 -0.0309
vn -0.1370 -0.9845 -0.1091
vn -0.1371 -0.9845 -0.1091
vn -0.1508 0.8584 -0.4904
vn -0.9032 -0.0155 0.4288
vn -0.9033 -0.0155 0.4288
vn 0.5155 0.0088 -0.8568
vn 0.5156 0.0088 -0.8568
vn 0.1101 0.0019 0.9939
vn 0.1102 0.0019 0.9939
vn -0.8080 -0.0141 0.5890
vn -0.8080 -0.0139 0.5890
vn 0.3232 0.0055 -0.9463
vn 0.3232 0.0055 0.9463
vn 0.3233 0.0055 0.9463
vn -0.6784 -0.0115 0.7346
vn -0.6786 -0.0116 0.7344
vn 0.1102 0.0019 -0.9939
vn 0.1101 0.0019 -0.9939
vn 0.5155 0.0088 0.8568
vn 0.5156 0.0086 0.8568
vn -0.5156 -0.0087 0.8568
vn -0.5155 -0.0088 0.8568
vn -0.1102 -0.0019 -0.9939
vn 0.6784 0.0115 0.7346
vn 0.6786 0.0117 0.7344
vn -0.3232 -0.0055 0.9463
vn -0.3233 -0.0056 0.9463
vn -0.3232 -0.0055 -0.9463
vn 0.8080 0.0139 0.5890
vn -0.1102 -0.0019 0.9939
vn -0.1100 -0.0019 0.9939
vn -0.5156 -0.0088 -0.8568
vn 0.9033 0.0155 0.4288
vn -0.6786 -0.0116 -0.7344
vn 0.9654 0.0166 0.2601
vn 0.9654 0.0165 0.2601
vn -0.8080 -0.0141 -0.5890
vn -0.8080 -0.0139 -0.5890
vn 0.9961 0.0171 0.0871
vn 0.9960 0.0170 0.0872
vn -0.9033 -0.0155 -0.4288
vn -0.9033 -0.0154 -0.4287
vn 0.9960 0.0170 -0.0872
vn 0.9961 0.0172 -0.0870
vn -0.9654 -0.0165 -0.2601
vn 0.9654 0.0165 -0.2601
vn -0.9960 -0.0170 -0.0872
vn -0.9961 -0.0172 -0.0871
vn 0.9033 0.0155 -0.4288
vn 0.9033 0.0154 -0.4288
vn -0.9960 -0.0171 0.0871
vn -0.9961 -0.0171 0.0871
vn 0.8081 0.0139 -0.5889
vn 0.8080 0.0141 -0.5891
vn -0.9654 -0.0166 0.2601
vn -0.9654 -0.0165 0.2601
vn 0.0147 -0.9569 -0.2901
vn 0.0146 -0.9569 -0.2901
vn -0.0284 0.9448 0.3263
vn -0.4846 0.7019 0.5221
vn -0.2528 0.8054 -0.5361
vn -0.0143 0.9720 0.2347
vn -0.3682 0.7520 0.5468
vn -0.3682 0.7520 -0.5468
vn -0.0238 0.9878 0.1540
vn -0.2528 0.8054 0.5361
vn -0.4846 0.7019 -0.5221
vn -0.0453 0.9948 0.0909
vn -0.5914 0.6581 -0.4661
vn -0.0671 0.9967 0.0459
vn -0.6814 0.6222 -0.3853
vn -0.0803 0.9967 0.0138
vn -0.7507 0.5952 -0.2866
vn -0.0803 0.9967 -0.0138
vn -0.7973 0.5773 -0.1763
vn -0.0671 0.9967 -0.0459
vn -0.8207 0.5683 -0.0595
vn -0.8206 0.5683 -0.0595
vn -0.0453 0.9948 -0.0909
vn -0.8206 0.5684 0.0595
vn -0.8206 0.5683 0.0595
vn -0.0238 0.9878 -0.1540
vn -0.7973 0.5773 0.1763
vn -0.0143 0.9720 -0.2347
vn -0.7507 0.5952 0.2866
vn -0.0284 0.9448 -0.3263
vn -0.1508 0.8584 0.4904
vn -0.6814 0.6222 0.3853
vn -0.6815 0.6222 0.3853
vn -0.0738 0.9062 -0.4164
vn -0.0738 0.9062 0.4164
vn -0.5914 0.6581 0.4661
vn -0.9013 0.1393 -0.4101
vn -0.9012 0.1390 -0.4105
vn 0.4556 -0.8804 0.1316
vn -0.0492 -0.9647 -0.2589
vn -0.0492 -0.9646 -0.2589
vn 0.4757 -0.8759 0.0806
vn 0.4759 -0.8758 0.0803
vn -0.1053 -0.9708 -0.2157
vn -0.1052 -0.9708 -0.2157
vn 0.4858 -0.8737 0.0270
vn -0.1504 -0.9752 -0.1622
vn 0.4858 -0.8736 -0.0270
vn 0.4859 -0.8736 -0.0265
vn -0.1825 -0.9780 -0.1006
vn -0.1823 -0.9781 -0.1006
vn 0.4757 -0.8759 -0.0803
vn 0.4758 -0.8759 -0.0801
vn -0.1985 -0.9795 -0.0341
vn 0.4557 -0.8804 -0.1313
vn 0.4556 -0.8804 -0.1316
vn -0.1984 -0.9795 0.0340
vn -0.1985 -0.9795 0.0341
vn 0.4256 -0.8869 -0.1797
vn 0.4257 -0.8869 -0.1795
vn -0.1823 -0.9781 0.1005
vn -0.1825 -0.9780 0.1007
vn 0.3864 -0.8951 -0.2226
vn 0.3863 -0.8951 -0.2225
vn -0.1504 -0.9752 0.1622
vn -0.1505 -0.9752 0.1623
vn 0.3380 -0.9048 -0.2591
vn 0.2191 -0.9264 0.3061
vn -0.1053 -0.9708 0.2157
vn -0.1053 -0.9708 0.2156
vn 0.2818 -0.9154 -0.2875
vn 0.2818 -0.9154 -0.2876
vn 0.2818 -0.9154 0.2875
vn -0.0492 -0.9646 0.2590
vn -0.0492 -0.9647 0.2589
vn 0.2191 -0.9264 -0.3061
vn 0.3380 -0.9048 0.2591
vn 0.0146 -0.9569 0.2901
vn 0.0147 -0.9569 0.2901
vn 0.1519 -0.9374 -0.3133
vn 0.1519 -0.9374 -0.3134
vn 0.3862 -0.8953 0.2221
vn 0.3864 -0.8951 0.2225
vn 0.0827 -0.9477 0.3082
vn 0.0827 -0.9477 -0.3082
vn 0.0826 -0.9477 -0.3081
vn 0.4257 -0.8869 0.1795
vn 0.1519 -0.9374 0.3134
vn -0.6966 0.7158 0.0487
vn -0.6966 0.7158 0.0488
vn 0.9849 -0.1519 -0.0826
vn -0.9576 0.1478 -0.2473
vn 0.9575 -0.1478 -0.2477
vn 0.9575 -0.1477 -0.2476
vn -0.9849 0.1519 -0.0826
vn -0.9849 0.1519 -0.0827
vn 0.9012 -0.1390 -0.4105
vn -0.9849 0.1519 0.0827
vn 0.8129 -0.1255 -0.5688
vn 0.8130 -0.1257 -0.5686
vn -0.9576 0.1478 0.2473
vn -0.9576 0.1477 0.2474
vn 0.6897 -0.1064 -0.7162
vn -0.9012 0.1390 0.4105
vn 0.5295 -0.0817 -0.8444
vn 0.5296 -0.0817 -0.8443
vn 0.1148 -0.0177 0.9932
vn 0.1147 -0.0177 0.9932
vn -0.8130 0.1253 0.5686
vn -0.8130 0.1254 0.5685
vn 0.3350 -0.0517 -0.9408
vn 0.3352 -0.0517 -0.9407
vn 0.3352 -0.0518 0.9407
vn 0.3353 -0.0518 0.9407
vn -0.6897 0.1064 0.7162
vn -0.6898 0.1066 0.7161
vn 0.1147 -0.0177 -0.9932
vn 0.1149 -0.0177 -0.9932
vn 0.5296 -0.0818 0.8443
vn 0.5296 -0.0817 0.8443
vn -0.5296 0.0817 0.8443
vn -0.5295 0.0817 0.8443
vn -0.1148 0.0177 -0.9932
vn 0.6897 -0.1064 0.7162
vn -0.3350 0.0517 0.9408
vn -0.3353 0.0518 0.9407
vn -0.3350 0.0517 -0.9408
vn -0.3353 0.0518 -0.9407
vn 0.8128 -0.1257 0.5688
vn 0.8130 -0.1255 0.5686
vn -0.1148 0.0177 0.9932
vn -0.5295 0.0817 -0.8443
vn -0.5296 0.0817 -0.8443
vn 0.9012 -0.1390 0.4105
vn 0.9012 -0.1391 0.4104
vn -0.6895 0.1063 -0.7164
vn -0.6896 0.1063 -0.7163
vn 0.9575 -0.1478 0.2478
vn 0.9574 -0.1479 0.2479
vn -0.8130 0.1252 -0.5686
vn -0.8130 0.1254 -0.5685
vn 0.9849 -0.1519 0.0826
vn -0.0235 -0.8766 -0.4807
vn -0.0239 -0.8765 -0.4807
vn 0.1211 0.9692 -0.2145
vn -0.6772 0.7213 0.1450
vn 0.0927 0.9540 -0.2851
vn -0.6384 0.7325 0.2363
vn 0.0451 0.9342 -0.3539
vn -0.1100 0.8829 0.4565
vn -0.5806 0.7490 0.3191
vn -0.0232 0.9102 -0.4135
vn -0.0232 0.9102 0.4135
vn -0.5052 0.7703 0.3891
vn -0.1100 0.8829 -0.4565
vn 0.0451 0.9342 0.3539
vn -0.4147 0.7957 0.4414
vn -0.2096 0.8536 -0.4769
vn 0.0927 0.9540 0.2851
vn -0.3139 0.8240 0.4717
vn -0.3139 0.8240 -0.4717
vn 0.1211 0.9692 0.2145
vn -0.2096 0.8536 0.4769
vn -0.4147 0.7957 -0.4414
vn 0.1351 0.9798 0.1471
vn -0.5052 0.7703 -0.3891
vn 0.1401 0.9865 0.0852
vn -0.5806 0.7490 -0.3191
vn 0.1413 0.9896 0.0278
vn -0.6384 0.7325 -0.2363
vn 0.1413 0.9896 -0.0278
vn -0.6772 0.7213 -0.1450
vn -0.6772 0.7214 -0.1450
vn 0.1401 0.9865 -0.0852
vn -0.6967 0.7157 -0.0488
vn -0.6968 0.7156 -0.0488
vn 0.1351 0.9798 -0.1471
vn -0.7985 -0.1308 -0.5875
vn -0.7986 -0.1308 -0.5875
vn 0.5623 -0.7653 0.3131
vn 0.5622 -0.7654 0.3132
vn 0.0845 -0.8612 0.5012
vn 0.0845 -0.8612 0.5011
vn -0.1244 -0.8889 -0.4409
vn 0.6185 -0.7510 0.2312
vn -0.2138 -0.8982 -0.3841
vn -0.2139 -0.8982 -0.3840
vn 0.6565 -0.7409 0.1417
vn -0.2888 -0.9048 -0.3131
vn 0.6754 -0.7359 0.0474
vn 0.6758 -0.7356 0.0476
vn -0.3467 -0.9091 -0.2312
vn -0.3468 -0.9090 -0.2312
vn 0.6758 -0.7356 -0.0477
vn 0.6757 -0.7356 -0.0477
vn -0.3859 -0.9116 -0.1417
vn 0.6565 -0.7409 -0.1417
vn -0.4059 -0.9127 -0.0477
vn -0.4058 -0.9127 -0.0477
vn 0.6185 -0.7510 -0.2312
vn -0.4058 -0.9127 0.0477
vn 0.5623 -0.7653 -0.3131
vn 0.5623 -0.7654 -0.3131
vn -0.3859 -0.9116 0.1417
vn -0.3860 -0.9116 0.1418
vn 0.4892 -0.7830 -0.3841
vn 0.4892 -0.7831 -0.3840
vn -0.3467 -0.9090 0.2311
vn -0.3468 -0.9090 0.2313
vn 0.4014 -0.8028 -0.4409
vn 0.1946 -0.8432 0.5012
vn 0.1945 -0.8432 0.5012
vn -0.2888 -0.9048 0.3130
vn -0.2888 -0.9048 0.3131
vn 0.3018 -0.8233 -0.4807
vn 0.3018 -0.8232 -0.4808
vn 0.3017 -0.8233 0.4808
vn 0.3018 -0.8233 0.4808
vn -0.2139 -0.8982 0.3840
vn 0.1946 -0.8432 -0.5012
vn 0.4014 -0.8028 0.4409
vn -0.1244 -0.8889 0.4409
vn -0.1245 -0.8889 0.4409
vn 0.0845 -0.8612 -0.5011
vn 0.0845 -0.8612 -0.5012
vn 0.4892 -0.7830 0.3841
vn 0.4893 -0.7831 0.3840
vn -0.0239 -0.8765 0.4807
vn -0.0235 -0.8766 0.4807
vn -0.9517 0.2964 -0.0798
vn 0.9831 0.1610 0.0870
vn 0.9831 0.1613 0.0868
vn -0.8922 -0.1462 -0.4274
vn -0.8921 -0.1461 -0.4275
vn 0.9831 0.1610 -0.0868
vn 0.9831 0.1610 -0.0870
vn -0.9531 -0.1561 -0.2591
vn -0.9532 -0.1561 -0.2590
vn 0.9531 0.1560 -0.2592
vn 0.9531 0.1561 -0.2591
vn -0.9831 -0.1610 -0.0868
vn 0.8921 0.1461 -0.4275
vn 0.8922 0.1461 -0.4273
vn -0.9831 -0.1610 0.0870
vn -0.9831 -0.1610 0.0868
vn 0.7986 0.1310 -0.5874
vn 0.7987 0.1308 -0.5873
vn -0.9532 -0.1561 0.2590
vn -0.9531 -0.1561 0.2591
vn 0.6712 0.1099 -0.7331
vn 0.6710 0.1101 -0.7332
vn -0.8923 -0.1464 0.4271
vn -0.8921 -0.1461 0.4275
vn 0.5104 0.0836 -0.8559
vn 0.5104 0.0837 -0.8558
vn 0.1093 0.0179 0.9938
vn -0.7985 -0.1308 0.5875
vn -0.7986 -0.1307 0.5875
vn 0.3200 0.0519 -0.9460
vn 0.3200 0.0523 -0.9460
vn 0.3202 0.0524 0.9459
vn 0.3201 0.0524 0.9459
vn -0.6712 -0.1099 0.7330
vn 0.1091 0.0179 -0.9939
vn 0.1092 0.0179 -0.9939
vn 0.5103 0.0835 0.8560
vn 0.5103 0.0836 0.8559
vn -0.5103 -0.0836 0.8559
vn -0.5105 -0.0836 0.8558
vn -0.1091 -0.0179 -0.9939
vn -0.1092 -0.0179 -0.9939
vn 0.6712 0.1099 0.7331
vn 0.6712 0.1099 0.7330
vn -0.3201 -0.0524 0.9459
vn -0.3204 -0.0526 0.9458
vn -0.3200 -0.0523 -0.9460
vn -0.3201 -0.0524 -0.9459
vn 0.7986 0.1310 0.5874
vn 0.7987 0.1308 0.5873
vn -0.1092 -0.0179 0.9939
vn -0.5103 -0.0836 -0.8559
vn -0.5104 -0.0836 -0.8559
vn 0.8921 0.1461 0.4275
vn 0.8922 0.1461 0.4273
vn -0.6712 -0.1099 -0.7330
vn 0.9531 0.1561 0.2591
vn 0.9531 0.1560 0.2592
vn -0.0252 0.9997 -0.0000
vn -0.0251 0.9997 0.0001
vn -0.0251 0.9997 -0.0000
vn -0.0253 0.9997 -0.0000
vn -0.0255 0.9997 0.0001
vn -0.0249 0.9997 -0.0000
vn -0.0254 0.9997 -0.0001
vn -0.0250 0.9997 -0.0000
vn -0.2350 0.9698 0.0659
vn -0.9517 0.2964 0.0798
vn -0.1189 0.9928 0.0158
vn -0.9205 0.3104 0.2372
vn -0.0071 0.9953 -0.0964
vn -0.8575 0.3388 0.3871
vn 0.0627 0.9641 -0.2579
vn -0.0129 0.8079 0.5892
vn -0.7621 0.3825 0.5224
vn 0.0625 0.8982 -0.4351
vn 0.0625 0.8982 0.4351
vn -0.6350 0.4423 0.6334
vn -0.0129 0.8079 -0.5892
vn 0.0627 0.9641 0.2579
vn -0.4810 0.5180 0.7073
vn -0.1467 0.7071 -0.6917
vn -0.0071 0.9953 0.0964
vn -0.3116 0.6078 0.7304
vn -0.3116 0.6078 -0.7304
vn -0.1189 0.9928 -0.0158
vn -0.1467 0.7071 0.6917
vn -0.4810 0.5180 -0.7073
vn -0.2350 0.9698 -0.0659
vn -0.6350 0.4423 -0.6334
vn -0.3255 0.9435 -0.0622
vn -0.7621 0.3825 -0.5224
vn -0.3739 0.9271 -0.0245
vn -0.8575 0.3388 -0.3871
vn -0.3739 0.9271 0.0245
vn -0.9205 0.3104 -0.2372
vn -0.3255 0.9435 0.0622
vn 0.0000 -1.0000 -0.0000
vn 0.6343 0.0000 0.7731
vn 0.8308 -0.5505 -0.0818
vn 0.8308 -0.5505 -0.0817
vn -0.7989 -0.5504 -0.2424
vn -0.7989 -0.5505 -0.2423
vn 0.7989 -0.5505 -0.2423
vn 0.7989 -0.5505 -0.2422
vn -0.8307 -0.5506 -0.0819
vn -0.8306 -0.5509 -0.0820
vn 0.7361 -0.5507 -0.3935
vn 0.7362 -0.5506 -0.3935
vn -0.8308 -0.5505 0.0818
vn -0.8307 -0.5507 0.0819
vn 0.6453 -0.5505 -0.5296
vn 0.6454 -0.5505 -0.5296
vn -0.7989 -0.5506 0.2423
vn -0.7988 -0.5506 0.2423
vn 0.5296 -0.5505 -0.6453
vn -0.7362 -0.5506 0.3935
vn -0.7362 -0.5505 0.3935
vn 0.3936 -0.5506 -0.7362
vn 0.3935 -0.5505 -0.7363
vn 0.0818 -0.5505 0.8308
vn -0.6453 -0.5505 0.5296
vn 0.2423 -0.5505 -0.7989
vn 0.2424 -0.5505 -0.7989
vn 0.2423 -0.5505 0.7989
vn 0.2425 -0.5505 0.7988
vn -0.5296 -0.5505 0.6453
vn 0.0818 -0.5505 -0.8308
vn 0.3935 -0.5506 0.7362
vn 0.3934 -0.5507 0.7362
vn -0.3935 -0.5505 0.7363
vn -0.3935 -0.5506 0.7362
vn -0.0817 -0.5505 -0.8308
vn -0.0818 -0.5505 -0.8308
vn 0.5296 -0.5506 0.6452
vn 0.5295 -0.5507 0.6453
vn -0.2423 -0.5505 0.7989
vn -0.2423 -0.5506 0.7989
vn -0.2423 -0.5505 -0.7989
vn 0.6454 -0.5504 0.5296
vn 0.6453 -0.5505 0.5296
vn -0.0819 -0.5507 0.8307
vn -0.0818 -0.5505 0.8308
vn -0.3935 -0.5503 -0.7364
vn -0.3936 -0.5505 -0.7363
vn 0.7364 -0.5503 0.3935
vn 0.7363 -0.5505 0.3936
vn -0.5296 -0.5506 -0.6453
vn -0.5299 -0.5504 -0.6452
vn 0.7989 -0.5505 0.2422
vn 0.7989 -0.5505 0.2423
vn -0.6453 -0.5505 -0.5296
vn -0.6454 -0.5504 -0.5296
vn 0.8308 -0.5505 0.0817
vn 0.8308 -0.5505 0.0818
vn -0.7363 -0.5505 -0.3935
vn -0.7362 -0.5506 -0.3935
vn 0.0000 1.0000 -0.0000
vn -0.2904 0.0000 0.9569
vn -0.2903 0.0000 0.9569
vn -0.2903 0.0000 -0.9569
vn -0.2904 0.0000 -0.9569
vn 0.7731 0.0000 0.6343
vn -0.0983 0.0000 0.9952
vn -0.4713 0.0000 -0.8820
vn 0.8820 0.0000 0.4713
vn -0.6343 0.0000 -0.7731
vn 0.9569 0.0000 0.2903
vn -0.7729 0.0000 -0.6345
vn -0.7731 0.0000 -0.6343
vn 0.9952 0.0000 0.0979
vn 0.9952 0.0000 0.0980
vn -0.8820 0.0000 -0.4713
vn 0.9952 0.0000 -0.0979
vn 0.9952 0.0000 -0.0980
vn -0.9570 0.0000 -0.2901
vn -0.9569 0.0000 -0.2903
vn 0.9569 0.0000 -0.2904
vn -0.9952 0.0000 -0.0980
vn -0.9952 0.0000 -0.0983
vn 0.8820 0.0000 -0.4713
vn -0.9952 0.0000 0.0980
vn -0.9952 0.0000 0.0983
vn 0.7731 0.0000 -0.6343
vn 0.7729 0.0000 -0.6345
vn -0.9570 0.0000 0.2901
vn -0.9569 0.0000 0.2903
vn 0.6343 0.0000 -0.7731
vn -0.8820 0.0000 0.4713
vn 0.4718 0.0000 -0.8817
vn 0.4716 0.0000 -0.8818
vn 0.0983 0.0000 0.9952
vn -0.7731 0.0000 0.6343
vn 0.2904 0.0000 -0.9569
vn 0.2905 0.0000 -0.9569
vn 0.2903 0.0000 0.9569
vn 0.2902 0.0000 0.9570
vn -0.6343 0.0000 0.7731
vn 0.0979 0.0000 -0.9952
vn 0.4712 0.0000 0.8820
vn -0.4714 0.0000 0.8819
vn -0.0979 0.0000 -0.9952
vn 0.8376 -0.4836 0.2540
vn 0.8376 -0.4835 0.2544
vn -0.6768 -0.4836 -0.5551
vn -0.6769 -0.4836 -0.5550
vn 0.8711 -0.4836 0.0858
vn 0.8711 -0.4835 0.0859
vn -0.7719 -0.4837 -0.4126
vn -0.7719 -0.4836 -0.4126
vn 0.8711 -0.4836 -0.0858
vn 0.8711 -0.4836 -0.0857
vn -0.8376 -0.4835 -0.2542
vn -0.8376 -0.4836 -0.2541
vn 0.8376 -0.4835 -0.2544
vn 0.8376 -0.4836 -0.2541
vn -0.8711 -0.4836 -0.0856
vn -0.8711 -0.4836 -0.0857
vn 0.7719 -0.4836 -0.4127
vn 0.7720 -0.4836 -0.4125
vn -0.8711 -0.4836 0.0858
vn -0.8711 -0.4836 0.0857
vn 0.6766 -0.4836 -0.5553
vn -0.8375 -0.4836 0.2542
vn -0.8376 -0.4836 0.2541
vn 0.5553 -0.4836 -0.6766
vn -0.7719 -0.4836 0.4126
vn -0.7719 -0.4837 0.4125
vn 0.4126 -0.4836 -0.7719
vn 0.4127 -0.4837 -0.7718
vn 0.0858 -0.4836 0.8711
vn 0.0857 -0.4836 0.8711
vn -0.6765 -0.4834 0.5556
vn -0.6766 -0.4836 0.5553
vn 0.2542 -0.4836 -0.8376
vn 0.2540 -0.4836 -0.8376
vn 0.2541 -0.4836 0.8376
vn -0.5553 -0.4837 0.6765
vn -0.5553 -0.4836 0.6766
vn 0.0858 -0.4836 -0.8711
vn 0.4126 -0.4836 0.7719
vn -0.4130 -0.4836 0.7717
vn -0.4126 -0.4837 0.7719
vn -0.0858 -0.4836 -0.8711
vn 0.5552 -0.4836 0.6766
vn 0.5551 -0.4836 0.6768
vn -0.2542 -0.4837 0.8375
vn -0.2543 -0.4836 0.8375
vn -0.2539 -0.4836 -0.8377
vn -0.2543 -0.4837 -0.8375
vn 0.6767 -0.4836 0.5552
vn 0.6766 -0.4836 0.5552
vn -0.0857 -0.4836 0.8711
vn -0.0858 -0.4836 0.8711
vn -0.4126 -0.4836 -0.7719
vn -0.4126 -0.4836 -0.7720
vn 0.7719 -0.4836 0.4126
vn -0.5555 -0.4836 -0.6765
vn -0.9952 0.0000 0.0981
vn -0.9952 0.0000 0.0978
vn -0.2440 -0.8556 0.4565
vn -0.2439 -0.8557 0.4564
vn -0.0507 -0.8555 -0.5152
vn -0.0507 -0.8557 -0.5150
vn 0.3284 -0.8555 0.4003
vn 0.3283 -0.8557 0.4000
vn -0.1502 -0.8557 0.4953
vn -0.1502 -0.8557 -0.4953
vn -0.1502 -0.8557 -0.4952
vn 0.4000 -0.8557 0.3283
vn 0.4001 -0.8557 0.3282
vn -0.0507 -0.8556 0.5152
vn -0.2440 -0.8556 -0.4564
vn -0.2440 -0.8556 -0.4565
vn 0.4564 -0.8556 0.2440
vn 0.4565 -0.8556 0.2440
vn -0.3283 -0.8556 -0.4001
vn 0.4953 -0.8556 0.1502
vn 0.4954 -0.8555 0.1503
vn -0.3999 -0.8558 -0.3281
vn -0.4002 -0.8556 -0.3283
vn 0.5151 -0.8556 0.0507
vn -0.4566 -0.8556 -0.2440
vn -0.4564 -0.8556 -0.2441
vn 0.5151 -0.8556 -0.0507
vn -0.4952 -0.8557 -0.1502
vn -0.4954 -0.8556 -0.1502
vn 0.4953 -0.8556 -0.1502
vn 0.4954 -0.8556 -0.1503
vn -0.5150 -0.8557 -0.0507
vn -0.5152 -0.8555 -0.0507
vn 0.4564 -0.8557 -0.2440
vn 0.4564 -0.8556 -0.2440
vn -0.5152 -0.8556 0.0507
vn -0.5151 -0.8556 0.0507
vn 0.4000 -0.8557 -0.3282
vn 0.4000 -0.8557 -0.3283
vn -0.4953 -0.8556 0.1502
vn 0.3284 -0.8556 -0.4002
vn 0.3284 -0.8555 -0.4003
vn -0.4564 -0.8557 0.2440
vn -0.4565 -0.8556 0.2440
vn 0.2443 -0.8554 -0.4568
vn 0.2441 -0.8556 -0.4564
vn 0.0507 -0.8557 0.5150
vn 0.0507 -0.8555 0.5152
vn -0.4000 -0.8557 0.3283
vn -0.4000 -0.8557 0.3282
vn 0.1502 -0.8557 -0.4953
vn 0.1501 -0.8557 -0.4952
vn 0.1501 -0.8557 0.4952
vn 0.1502 -0.8557 0.4953
vn -0.3286 -0.8556 0.3999
vn -0.3283 -0.8556 0.4001
vn 0.0507 -0.8556 -0.5152
vn 0.0507 -0.8556 -0.5151
vn 0.2440 -0.8557 0.4564
vn 0.2438 -0.8558 0.4563
vn -0.8818 0.0000 0.4716
vn 0.0980 0.0000 0.9952
vn 0.2903 0.0000 -0.9569
vn -0.6344 0.0000 0.7730
vn 0.0980 0.0000 -0.9952
vn 0.4711 0.0000 0.8821
vn -0.4713 0.0000 0.8820
vn -0.0981 0.0000 -0.9952
vn 0.6342 0.0000 0.7731
vn -0.0981 0.0000 0.9952
vn -0.0978 0.0000 0.9952
vn -0.4716 0.0000 -0.8818
vn 0.8818 0.0000 0.4716
vn 0.9952 0.0000 0.0981
vn -0.8820 0.0000 -0.4712
vn -0.9569 0.0000 -0.2905
vn 0.9569 0.0000 -0.2905
vn 0.8820 0.0000 -0.4712
vn -0.3549 0.0000 -0.9349
vn -0.1657 0.0000 -0.9862
vn 0.0299 0.0000 -0.9996
vn 0.2243 0.0000 -0.9745
vn 0.4101 0.0000 -0.9121
vn 0.4101 0.0000 -0.9120
vn 0.5802 0.0000 -0.8145
vn 0.7279 0.0000 -0.6857
vn 0.8477 0.0000 -0.5305
vn 0.9349 0.0000 -0.3549
vn 0.9349 0.0000 -0.3550
vn 0.9862 0.0000 -0.1656
vn 0.9862 0.0000 -0.1657
vn 0.9996 0.0000 0.0299
vn 0.9745 0.0000 0.2243
vn 0.9121 0.0000 0.4101
vn 0.8145 0.0000 0.5802
vn 0.6857 0.0000 0.7279
vn 0.5305 0.0000 0.8477
vn 0.3549 0.0000 0.9349
vn 0.1657 0.0000 0.9862
vn -0.0299 0.0000 0.9996
vn -0.2243 0.0000 0.9745
vn -0.4101 0.0000 0.9120
vn -0.5801 0.0000 0.8145
vn -0.7279 0.0000 0.6857
vn -0.8477 0.0000 0.5305
vn -0.9349 0.0000 0.3549
vn -0.9862 0.0000 0.1657
vn -0.9996 0.0000 -0.0299
vn -0.9745 0.0000 -0.2243
vn -0.9121 0.0000 -0.4101
vn -0.8145 0.0000 -0.5802
vn 0.8312 0.4606 -0.3113
vn -0.6857 0.0000 -0.7279
vn -0.5305 0.0000 -0.8477
vn 0.0579 0.6232 -0.7799
vn -0.0799 0.7021 0.7076
vn -0.1629 0.9797 0.1167
vn 0.3330 0.4517 -0.8277
vn 0.6771 0.4608 0.5738
vn -0.1180 0.9930 0.0100
vn -0.4227 0.5300 -0.7351
vn -0.5559 0.6037 -0.5715
vn 0.8784 0.4584 -0.1349
vn -0.2241 0.8075 0.5457
vn -0.2940 0.9504 0.1014
vn 0.4980 0.4548 -0.7383
vn 0.5216 0.4843 0.7024
vn 0.5216 0.4843 0.7025
vn -0.0647 0.9978 0.0115
vn -0.2446 0.4843 -0.8400
vn 0.8892 0.4548 0.0493
vn -0.2814 0.8945 0.3473
vn -0.2814 0.8946 0.3473
vn -0.4467 0.8946 0.0144
vn 0.6383 0.4584 -0.6184
vn 0.3304 0.5300 0.7810
vn -0.0482 0.9978 0.0446
vn -0.0482 0.4608 -0.8862
vn 0.8607 0.4517 0.2348
vn -0.2584 0.9504 0.1730
vn -0.5702 0.8075 -0.1511
vn 0.7503 0.4606 -0.4742
vn 0.1195 0.6037 0.7882
vn -0.0792 0.9930 0.0880
vn 0.1484 0.4521 -0.8796
vn 0.1484 0.4521 -0.8795
vn 0.7905 0.4521 0.4132
vn -0.1914 0.9797 0.0593
vn -0.6121 0.7021 -0.3638
vn -0.8203 -0.4014 0.4074
vn -0.8203 -0.4014 0.4075
vn -0.8203 -0.4015 0.4073
vn -0.8203 -0.4015 0.4074
vn -0.9366 -0.1056 -0.3341
vn -0.2998 -0.1056 0.9481
vn 0.1544 0.7314 -0.6643
vn -0.5748 -0.0877 -0.8135
vn -0.5748 -0.0878 -0.8136
vn -0.8931 0.3342 0.3011
vn 0.2405 0.8072 -0.5390
vn -0.7744 0.6269 -0.0857
vn 0.3184 0.8550 -0.4094
vn -0.6107 0.7775 -0.1501
vn 0.3901 0.8780 -0.2773
vn -0.4802 0.8702 -0.1105
vn 0.4567 0.8780 -0.1432
vn -0.3773 0.9256 -0.0287
vn 0.5186 0.8550 -0.0064
vn -0.2976 0.9518 0.0749
vn -0.2976 0.9517 0.0749
vn 0.5748 0.8072 0.1341
vn -0.2395 0.9518 0.1918
vn 0.6226 0.7314 0.2783
vn -0.2052 0.9256 0.3180
vn 0.6564 0.6232 0.4251
vn -0.2020 0.8702 0.4494
vn 0.6664 0.4794 0.5711
vn -0.3422 0.0998 -0.9343
vn -0.2494 0.7775 0.5773
vn 0.6363 0.3010 0.7103
vn -0.1816 0.3010 -0.9362
vn -0.3996 0.6269 0.6688
vn 0.5377 0.0998 0.8372
vn -0.0525 0.4794 -0.8760
vn -0.7796 0.3342 0.5297
vn 0.3010 -0.0878 0.9496
vn 0.7148 0.0000 -0.6994
vn 0.8375 0.0000 -0.5465
vn 0.8375 0.0000 -0.5464
vn 0.9280 0.0000 -0.3726
vn 0.9829 0.0000 -0.1844
vn 0.9999 0.0000 0.0109
vn 0.9786 0.0000 0.2058
vn 0.9197 0.0000 0.3927
vn 0.8254 0.0000 0.5646
vn 0.6993 0.0000 0.7148
vn 0.5465 0.0000 0.8375
vn 0.3726 0.0000 0.9280
vn 0.1844 0.0000 0.9829
vn -0.0109 0.0000 0.9999
vn -0.2058 0.0000 0.9786
vn -0.3927 0.0000 0.9197
vn -0.5646 0.0000 0.8253
vn -0.5646 0.0000 0.8254
vn -0.7148 0.0000 0.6994
vn -0.8375 0.0000 0.5465
vn -0.9280 0.0000 0.3726
vn -0.9829 0.0000 0.1844
vn -0.9999 0.0000 -0.0109
vn -0.9786 0.0000 -0.2058
vn -0.9197 0.0000 -0.3927
vn -0.8254 0.0000 -0.5646
vn -0.6993 0.0000 -0.7148
vn -0.5465 0.0000 -0.8375
vn -0.3726 0.0000 -0.9280
vn -0.1844 0.0000 -0.9829
vn 0.0109 0.0000 -0.9999
vn 0.2058 0.0000 -0.9786
vn 0.6179 0.4606 0.6372
vn 0.3927 0.0000 -0.9197
vn 0.5646 0.0000 -0.8254
vn 0.7379 0.6232 -0.2591
vn -0.6804 0.7021 0.2099
vn -0.1721 0.9797 -0.1026
vn 0.8918 0.4517 -0.0260
vn -0.2550 0.4608 0.8501
vn -0.0563 0.9930 -0.1042
vn 0.5046 0.5300 -0.6815
vn 0.3013 0.6037 -0.7381
vn 0.4751 0.4584 0.7511
vn -0.5897 0.8075 0.0129
vn -0.2105 0.9504 -0.2289
vn 0.8759 0.4548 0.1610
vn -0.4351 0.4843 0.7591
vn -0.0364 0.9978 -0.0547
vn 0.6720 0.4843 -0.5603
vn 0.3106 0.4548 0.8347
vn -0.4308 0.8946 -0.1189
vn -0.1919 0.8946 -0.4036
vn 0.8222 0.4584 0.3375
vn -0.5835 0.5300 0.6153
vn -0.0602 0.9978 -0.0263
vn 0.7929 0.4608 -0.3987
vn 0.1292 0.4517 0.8828
vn -0.2619 0.9504 -0.1676
vn -0.0897 0.8075 -0.5830
vn 0.7348 0.4606 0.4978
vn 0.7349 0.4606 0.4978
vn -0.6746 0.6037 0.4249
vn -0.1124 0.9930 -0.0374
vn 0.8654 0.4521 -0.2160
vn -0.0624 0.4521 0.8898
vn -0.1309 0.9797 -0.1517
vn 0.0885 0.7021 -0.7065
vn -0.7016 -0.4014 -0.5887
vn -0.7016 -0.4015 -0.5887
vn -0.7017 -0.4014 -0.5887
vn -0.0686 -0.1056 -0.9920
vn -0.9889 -0.1055 0.1047
vn -0.9889 -0.1056 0.1047
vn 0.6706 0.7314 -0.1242
vn 0.5157 -0.0878 -0.8523
vn -0.6333 0.3342 -0.6980
vn 0.5902 0.8072 0.0047
vn -0.2313 0.6270 -0.7439
vn -0.2313 0.6269 -0.7439
vn -0.2313 0.6269 -0.7440
vn 0.5026 0.8550 0.1280
vn -0.1068 0.7775 -0.6197
vn 0.4102 0.8780 0.2465
vn -0.0908 0.8702 -0.4843
vn 0.3140 0.8780 0.3612
vn 0.3140 0.8781 0.3612
vn -0.1247 0.9256 -0.3573
vn 0.2133 0.8550 0.4727
vn -0.1877 0.9518 -0.2427
vn 0.1071 0.8072 0.5804
vn -0.2716 0.9518 -0.1427
vn -0.0059 0.7314 0.6820
vn -0.3735 0.9256 -0.0608
vn -0.1270 0.6232 0.7717
vn -0.4927 0.8702 -0.0054
vn -0.2568 0.4794 0.8392
vn 0.7193 0.0998 -0.6875
vn -0.6288 0.7775 0.0024
vn -0.3964 0.3010 0.8673
vn 0.7853 0.3010 -0.5410
vn -0.7728 0.6269 -0.0986
vn -0.5521 0.0998 0.8278
vn 0.7819 0.4794 -0.3986
vn -0.7974 0.3342 -0.5024
vn -0.7974 0.3343 -0.5024
vn -0.7498 -0.0878 0.6558
vn -0.7498 -0.0879 0.6558
vn 0.0602 0.0000 -0.9982
vn 0.2538 0.0000 -0.9673
vn 0.4378 0.0000 -0.8991
vn 0.6047 0.0000 -0.7965
vn 0.6046 0.0000 -0.7965
vn 0.7484 0.0000 -0.6633
vn 0.8634 0.0000 -0.5045
vn 0.9452 0.0000 -0.3264
vn 0.9907 0.0000 -0.1357
vn 0.9982 0.0000 0.0602
vn 0.9673 0.0000 0.2538
vn 0.8992 0.0000 0.4376
vn 0.7966 0.0000 0.6045
vn 0.6633 0.0000 0.7484
vn 0.5044 0.0000 0.8635
vn 0.5045 0.0000 0.8634
vn 0.3264 0.0000 0.9452
vn 0.1357 0.0000 0.9908
vn -0.0602 0.0000 0.9982
vn -0.2538 0.0000 0.9673
vn -0.4375 0.0000 0.8992
vn -0.6046 0.0000 0.7965
vn -0.7484 0.0000 0.6633
vn -0.8634 0.0000 0.5045
vn -0.9452 0.0000 0.3264
vn -0.9907 0.0000 0.1357
vn -0.9982 0.0000 -0.0602
vn -0.9673 0.0000 -0.2538
vn -0.8992 0.0000 -0.4376
vn -0.7965 0.0000 -0.6046
vn -0.6633 0.0000 -0.7484
vn -0.5045 0.0000 -0.8634
vn 0.8857 0.4606 0.0574
vn -0.3264 0.0000 -0.9452
vn -0.1357 0.0000 -0.9907
vn 0.3730 0.6232 -0.6874
vn -0.3634 0.7021 0.6124
vn -0.1964 0.9797 0.0395
vn 0.6435 0.4517 -0.6180
vn 0.3818 0.4608 0.8012
vn -0.1117 0.9930 -0.0394
vn -0.0836 0.5300 -0.8439
vn -0.0836 0.5300 -0.8438
vn -0.2722 0.6037 -0.7493
vn 0.8564 0.4584 0.2376
vn -0.4284 0.8075 0.4055
vn -0.3097 0.9504 -0.0283
vn 0.7572 0.4548 -0.4688
vn 0.1872 0.4843 0.8547
vn -0.0637 0.9978 -0.0161
vn 0.1219 0.4843 -0.8664
vn 0.7906 0.4548 0.4100
vn -0.3991 0.8946 0.2011
vn -0.4132 0.8946 -0.1703
vn 0.8359 0.4584 -0.3019
vn -0.0194 0.5300 0.8478
vn -0.0194 0.5300 0.8477
vn -0.0623 0.9978 0.0209
vn 0.3199 0.4608 -0.8279
vn 0.6885 0.4517 0.5675
vn -0.3066 0.9504 0.0517
vn -0.4579 0.8075 -0.3719
vn 0.8788 0.4606 -0.1244
vn -0.2147 0.6037 0.7678
vn -0.1084 0.9930 0.0477
vn 0.4964 0.4521 -0.7411
vn 0.5512 0.4521 0.7013
vn -0.1989 0.9797 -0.0245
vn -0.4088 0.7021 -0.5831
vn -0.9152 -0.4014 0.0347
vn -0.7169 -0.1056 -0.6891
vn -0.7169 -0.1055 -0.6891
vn -0.6626 -0.1056 0.7415
vn -0.6626 -0.1057 0.7415
vn 0.4135 0.7314 -0.5423
vn -0.1901 -0.0878 -0.9778
vn -0.9380 0.3342 -0.0922
vn 0.4406 0.8072 -0.3928
vn -0.6709 0.6269 -0.3961
vn 0.4584 0.8550 -0.2426
vn -0.4952 0.7775 -0.3876
vn 0.4695 0.8780 -0.0928
vn -0.3925 0.8702 -0.2979
vn 0.4752 0.8780 0.0569
vn -0.3323 0.9256 -0.1810
vn 0.4755 0.8550 0.2071
vn -0.3021 0.9518 -0.0539
vn 0.4691 0.8072 0.3582
vn -0.2971 0.9518 0.0766
vn 0.4535 0.7314 0.5094
vn -0.3176 0.9256 0.2057
vn 0.4240 0.6232 0.6572
vn -0.3687 0.8702 0.3268
vn 0.3731 0.4794 0.7943
vn 0.0715 0.0998 -0.9924
vn -0.4644 0.7775 0.4240
vn 0.2886 0.3010 0.9089
vn 0.2188 0.3010 -0.9282
vn -0.6389 0.6269 0.4458
vn -0.6389 0.6270 0.4458
vn 0.1465 0.0998 0.9842
vn 0.3118 0.4793 -0.8204
vn -0.9283 0.3342 0.1630
vn -0.1154 -0.0878 0.9894
# 3488 vertex normals

vt 0.0000 0.0000 0.0000
vt 1.0000 1.0000 0.0000
vt 0.9688 1.0000 0.0000
vt 0.9688 0.5000 0.0000
vt 1.0000 0.5000 0.0000
vt 0.9375 1.0000 0.0000
vt 0.9375 0.5000 0.0000
vt 0.9062 1.0000 0.0000
vt 0.9062 0.5000 0.0000
vt 0.8750 1.0000 0.0000
vt 0.8750 0.5000 0.0000
vt 0.8438 1.0000 0.0000
vt 0.8438 0.5000 0.0000
vt 0.8125 0.5000 0.0000
vt 0.8125 1.0000 0.0000
vt 0.7812 0.5000 0.0000
vt 0.7812 1.0000 0.0000
vt 0.7500 1.0000 0.0000
vt 0.7500 0.5000 0.0000
vt 0.7188 0.5000 0.0000
vt 0.7188 1.0000 0.0000
vt 0.6875 0.5000 0.0000
vt 0.6875 1.0000 0.0000
vt 0.6562 0.5000 0.0000
vt 0.6562 1.0000 0.0000
vt 0.6250 1.0000 0.0000
vt 0.6250 0.5000 0.0000
vt 0.5938 0.5000 0.0000
vt 0.5938 1.0000 0.0000
vt 0.5625 0.5000 0.0000
vt 0.5625 1.0000 0.0000
vt 0.5312 0.5000 0.0000
vt 0.5312 1.0000 0.0000
vt 0.5000 0.5000 0.0000
vt 0.5000 1.0000 0.0000
vt 0.4688 0.5000 0.0000
vt 0.4688 1.0000 0.0000
vt 0.4375 0.5000 0.0000
vt 0.4375 1.0000 0.0000
vt 0.4062 0.5000 0.0000
vt 0.4062 1.0000 0.0000
vt 0.3750 1.0000 0.0000
vt 0.3750 0.5000 0.0000
vt 0.3438 1.0000 0.0000
vt 0.3438 0.5000 0.0000
vt 0.3125 0.5000 0.0000
vt 0.3125 1.0000 0.0000
vt 0.2812 0.5000 0.0000
vt 0.2812 1.0000 0.0000
vt 0.2500 1.0000 0.0000
vt 0.2500 0.5000 0.0000
vt 0.2188 1.0000 0.0000
vt 0.2188 0.5000 0.0000
vt 0.1875 0.5000 0.0000
vt 0.1875 1.0000 0.0000
vt 0.1562 1.0000 0.0000
vt 0.1562 0.5000 0.0000
vt 0.1250 0.5000 0.0000
vt 0.1250 1.0000 0.0000
vt 0.0938 0.5000 0.0000
vt 0.0938 1.0000 0.0000
vt 0.0625 1.0000 0.0000
vt 0.0625 0.5000 0.0000
vt 0.0312 1.0000 0.0000
vt 0.0312 0.5000 0.0000
vt 0.0000 1.0000 0.0000
vt 0.0000 0.5000 0.0000
vt 0.7968 0.4854 0.0000
vt 0.8418 0.4717 0.0000
vt 0.8833 0.4496 0.0000
vt 0.9197 0.4197 0.0000
vt 0.9496 0.3833 0.0000
vt 0.9717 0.3418 0.0000
vt 0.9854 0.2968 0.0000
vt 0.9900 0.2500 0.0000
vt 0.9854 0.2032 0.0000
vt 0.9717 0.1582 0.0000
vt 0.9496 0.1167 0.0000
vt 0.9197 0.0803 0.0000
vt 0.8833 0.0504 0.0000
vt 0.8418 0.0283 0.0000
vt 0.7968 0.0146 0.0000
vt 0.7500 0.0100 0.0000
vt 0.7032 0.0146 0.0000
vt 0.6582 0.0283 0.0000
vt 0.6167 0.0504 0.0000
vt 0.5803 0.0803 0.0000
vt 0.5504 0.1167 0.0000
vt 0.5283 0.1582 0.0000
vt 0.5146 0.2032 0.0000
vt 0.5100 0.2500 0.0000
vt 0.5146 0.2968 0.0000
vt 0.5283 0.3418 0.0000
vt 0.5504 0.3833 0.0000
vt 0.5803 0.4197 0.0000
vt 0.6167 0.4496 0.0000
vt 0.6582 0.4717 0.0000
vt 0.7500 0.4900 0.0000
vt 0.7032 0.4854 0.0000
vt 0.2968 0.4854 0.0000
vt 0.2500 0.4900 0.0000
vt 0.2032 0.4854 0.0000
vt 0.1582 0.4717 0.0000
vt 0.1167 0.4496 0.0000
vt 0.0803 0.4197 0.0000
vt 0.0504 0.3833 0.0000
vt 0.0283 0.3418 0.0000
vt 0.0146 0.2968 0.0000
vt 0.0100 0.2500 0.0000
vt 0.0146 0.2032 0.0000
vt 0.0283 0.1582 0.0000
vt 0.0504 0.1167 0.0000
vt 0.0803 0.0803 0.0000
vt 0.1167 0.0504 0.0000
vt 0.1582 0.0283 0.0000
vt 0.2032 0.0146 0.0000
vt 0.2500 0.0100 0.0000
vt 0.2968 0.0146 0.0000
vt 0.3418 0.0283 0.0000
vt 0.3833 0.0504 0.0000
vt 0.4197 0.0803 0.0000
vt 0.4496 0.1167 0.0000
vt 0.4717 0.1582 0.0000
vt 0.4854 0.2032 0.0000
vt 0.4900 0.2500 0.0000
vt 0.4854 0.2968 0.0000
vt 0.4717 0.3418 0.0000
vt 0.4496 0.3833 0.0000
vt 0.4197 0.4197 0.0000
vt 0.3833 0.4496 0.0000
vt 0.3418 0.4717 0.0000
# 131 texture coords

o C_rculo_002
g C_rculo_002
usemtl goddard_base_Goddard_None
s off
f 1/1/1 2/1/1 3/1/1 
f 3/1/2 4/1/2 1/1/2 
f 4/1/3 3/1/3 5/1/3 
f 5/1/3 6/1/3 4/1/3 
f 4/1/4 7/1/5 8/1/5 
f 8/1/6 1/1/6 4/1/6 
f 9/1/7 7/1/7 4/1/7 
f 4/1/7 6/1/7 9/1/7 
f 10/1/8 11/1/8 12/1/8 
f 12/1/8 2/1/8 10/1/8 
f 13/1/9 3/1/9 2/1/9 
f 2/1/9 12/1/9 13/1/9 
f 13/1/10 14/1/10 5/1/10 
f 5/1/10 3/1/10 13/1/10 
f 5/1/11 14/1/11 15/1/11 
f 15/1/11 16/1/11 5/1/11 
f 17/1/12 6/1/12 5/1/12 
f 5/1/12 16/1/12 17/1/12 
f 17/1/13 18/1/13 9/1/13 
f 9/1/14 6/1/14 17/1/14 
f 19/1/15 9/1/15 18/1/15 
f 18/1/15 20/1/15 19/1/15 
f 9/1/16 19/1/16 21/1/16 
f 21/1/16 7/1/16 9/1/16 
f 7/1/17 21/1/17 22/1/17 
f 22/1/17 8/1/17 7/1/17 
f 22/1/18 23/1/18 24/1/18 
f 24/1/19 8/1/19 22/1/19 
f 1/1/20 8/1/20 24/1/20 
f 24/1/21 25/1/21 1/1/21 
f 10/1/22 2/1/22 1/1/22 
f 1/1/22 25/1/22 10/1/22 
f 26/1/23 27/1/23 28/1/23 
f 28/1/23 29/1/23 26/1/23 
f 30/1/24 31/1/24 27/1/24 
f 27/1/24 26/1/24 30/1/24 
f 27/1/25 32/1/25 33/1/25 
f 33/1/25 28/1/25 27/1/25 
f 27/1/26 31/1/26 34/1/26 
f 34/1/26 32/1/26 27/1/26 
f 35/1/27 29/1/27 36/1/27 
f 36/1/27 37/1/27 35/1/27 
f 26/1/28 29/1/28 35/1/28 
f 35/1/28 38/1/28 26/1/28 
f 39/1/29 30/1/30 26/1/29 
f 26/1/29 38/1/29 39/1/29 
f 30/1/31 39/1/31 40/1/31 
f 40/1/32 41/1/32 30/1/32 
f 42/1/33 31/1/33 30/1/33 
f 30/1/33 41/1/33 42/1/33 
f 43/1/34 34/1/34 31/1/34 
f 31/1/34 42/1/34 43/1/34 
f 44/1/35 34/1/35 43/1/35 
f 43/1/35 45/1/35 44/1/35 
f 44/1/36 46/1/36 32/1/36 
f 32/1/36 34/1/36 44/1/36 
f 32/1/37 46/1/37 47/1/37 
f 47/1/37 33/1/37 32/1/37 
f 48/1/38 33/1/38 47/1/38 
f 47/1/38 49/1/38 48/1/38 
f 28/1/39 33/1/39 48/1/39 
f 48/1/39 50/1/39 28/1/39 
f 29/1/40 28/1/40 50/1/40 
f 50/1/40 36/1/40 29/1/40 
f 51/1/41 52/1/41 53/1/41 
f 53/1/41 54/1/41 51/1/41 
f 55/1/42 56/1/42 52/1/42 
f 52/1/43 51/1/43 55/1/43 
f 52/1/44 57/1/44 58/1/44 
f 58/1/44 53/1/44 52/1/44 
f 52/1/45 56/1/45 59/1/45 
f 59/1/45 57/1/45 52/1/45 
f 54/1/46 60/1/46 61/1/46 
f 61/1/46 62/1/46 54/1/46 
f 62/1/47 63/1/47 51/1/47 
f 51/1/48 54/1/48 62/1/48 
f 55/1/49 51/1/49 63/1/49 
f 63/1/49 64/1/49 55/1/49 
f 64/1/50 65/1/50 66/1/50 
f 66/1/51 55/1/51 64/1/51 
f 67/1/52 56/1/52 55/1/52 
f 55/1/52 66/1/52 67/1/52 
f 68/1/53 59/1/53 56/1/53 
f 56/1/53 67/1/53 68/1/53 
f 39/1/54 59/1/54 68/1/54 
f 68/1/54 40/1/54 39/1/54 
f 38/1/55 57/1/55 59/1/55 
f 59/1/56 39/1/56 38/1/56 
f 38/1/57 35/1/57 58/1/57 
f 58/1/57 57/1/57 38/1/57 
f 35/1/58 37/1/58 69/1/58 
f 69/1/58 58/1/58 35/1/58 
f 53/1/59 58/1/59 69/1/59 
f 69/1/60 70/1/60 53/1/60 
f 54/1/61 53/1/61 70/1/61 
f 70/1/61 60/1/61 54/1/61 
f 71/1/62 72/1/62 73/1/62 
f 73/1/63 74/1/63 71/1/63 
f 75/1/64 76/1/64 72/1/64 
f 72/1/64 71/1/64 75/1/64 
f 72/1/65 77/1/65 78/1/65 
f 78/1/65 73/1/65 72/1/65 
f 72/1/66 76/1/66 79/1/66 
f 79/1/66 77/1/66 72/1/66 
f 80/1/67 81/1/67 82/1/67 
f 82/1/67 74/1/67 80/1/67 
f 71/1/68 74/1/68 82/1/68 
f 82/1/68 83/1/68 71/1/68 
f 75/1/69 71/1/69 83/1/69 
f 83/1/70 84/1/70 75/1/70 
f 84/1/71 85/1/71 86/1/71 
f 86/1/72 75/1/72 84/1/72 
f 87/1/73 76/1/73 75/1/73 
f 75/1/73 86/1/73 87/1/73 
f 88/1/74 79/1/74 76/1/74 
f 76/1/75 87/1/75 88/1/75 
f 65/1/76 64/1/76 79/1/76 
f 79/1/77 88/1/77 65/1/77 
f 63/1/78 77/1/78 79/1/78 
f 79/1/78 64/1/78 63/1/78 
f 63/1/79 62/1/79 78/1/79 
f 78/1/79 77/1/79 63/1/79 
f 62/1/80 61/1/80 89/1/80 
f 89/1/80 78/1/80 62/1/80 
f 78/1/81 89/1/81 90/1/81 
f 90/1/82 73/1/82 78/1/82 
f 74/1/83 73/1/83 90/1/83 
f 90/1/84 80/1/84 74/1/84 
f 91/1/85 92/1/85 93/1/85 
f 93/1/85 94/1/86 91/1/85 
f 95/1/87 96/1/87 92/1/87 
f 92/1/87 91/1/87 95/1/87 
f 92/1/88 97/1/88 98/1/88 
f 98/1/88 93/1/88 92/1/88 
f 92/1/89 96/1/89 99/1/89 
f 99/1/89 97/1/89 92/1/89 
f 94/1/90 100/1/90 101/1/90 
f 101/1/90 102/1/90 94/1/90 
f 94/1/91 102/1/91 103/1/91 
f 103/1/91 91/1/91 94/1/91 
f 103/1/92 104/1/92 95/1/92 
f 95/1/93 91/1/93 103/1/93 
f 105/1/94 95/1/94 104/1/94 
f 104/1/94 106/1/94 105/1/94 
f 96/1/95 95/1/95 105/1/95 
f 105/1/95 107/1/95 96/1/95 
f 108/1/96 99/1/96 96/1/96 
f 96/1/97 107/1/97 108/1/97 
f 85/1/98 84/1/98 99/1/98 
f 99/1/98 108/1/98 85/1/98 
f 83/1/99 97/1/99 99/1/99 
f 99/1/100 84/1/100 83/1/100 
f 83/1/101 82/1/101 98/1/101 
f 98/1/101 97/1/101 83/1/101 
f 82/1/102 81/1/102 109/1/102 
f 109/1/102 98/1/102 82/1/102 
f 98/1/103 109/1/103 110/1/103 
f 110/1/103 93/1/103 98/1/103 
f 100/1/104 94/1/104 93/1/104 
f 93/1/104 110/1/104 100/1/104 
f 111/1/105 112/1/105 113/1/105 
f 113/1/105 114/1/105 111/1/105 
f 115/1/106 116/1/106 112/1/106 
f 112/1/107 111/1/107 115/1/107 
f 112/1/108 117/1/108 118/1/108 
f 118/1/108 113/1/108 112/1/108 
f 112/1/109 116/1/109 119/1/109 
f 119/1/109 117/1/109 112/1/109 
f 114/1/110 120/1/110 121/1/110 
f 121/1/110 122/1/110 114/1/110 
f 114/1/111 122/1/111 123/1/111 
f 123/1/112 111/1/112 114/1/112 
f 115/1/113 111/1/113 123/1/113 
f 123/1/113 124/1/113 115/1/113 
f 124/1/114 125/1/114 126/1/114 
f 126/1/114 115/1/114 124/1/114 
f 116/1/115 115/1/115 126/1/115 
f 126/1/115 127/1/115 116/1/115 
f 128/1/116 119/1/116 116/1/116 
f 116/1/116 127/1/116 128/1/116 
f 104/1/117 119/1/117 128/1/117 
f 128/1/117 106/1/117 104/1/117 
f 117/1/118 119/1/118 104/1/118 
f 104/1/118 103/1/118 117/1/118 
f 103/1/119 102/1/119 118/1/119 
f 118/1/119 117/1/119 103/1/119 
f 102/1/120 101/1/120 129/1/120 
f 129/1/120 118/1/120 102/1/120 
f 118/1/121 129/1/121 130/1/121 
f 130/1/121 113/1/121 118/1/121 
f 120/1/122 114/1/122 113/1/122 
f 113/1/122 130/1/122 120/1/122 
f 131/1/123 132/1/123 133/1/123 
f 133/1/124 134/1/124 131/1/124 
f 135/1/125 136/1/125 132/1/125 
f 132/1/125 131/1/125 135/1/125 
f 132/1/126 137/1/126 138/1/126 
f 138/1/126 133/1/126 132/1/126 
f 132/1/127 136/1/127 139/1/127 
f 139/1/128 137/1/128 132/1/128 
f 134/1/129 140/1/129 141/1/129 
f 141/1/129 142/1/129 134/1/129 
f 134/1/130 142/1/130 143/1/130 
f 143/1/130 131/1/130 134/1/130 
f 135/1/131 131/1/131 143/1/131 
f 143/1/132 144/1/132 135/1/132 
f 144/1/133 145/1/133 146/1/133 
f 146/1/133 135/1/133 144/1/133 
f 136/1/134 135/1/134 146/1/134 
f 146/1/134 147/1/134 136/1/134 
f 148/1/135 139/1/135 136/1/135 
f 136/1/135 147/1/135 148/1/135 
f 124/1/136 139/1/136 148/1/136 
f 148/1/137 125/1/137 124/1/137 
f 123/1/138 137/1/138 139/1/138 
f 139/1/138 124/1/138 123/1/138 
f 123/1/139 122/1/139 138/1/139 
f 138/1/139 137/1/139 123/1/139 
f 122/1/140 121/1/140 149/1/140 
f 149/1/140 138/1/140 122/1/140 
f 138/1/141 149/1/141 150/1/141 
f 150/1/141 133/1/141 138/1/141 
f 140/1/142 134/1/142 133/1/142 
f 133/1/142 150/1/142 140/1/142 
f 151/1/143 152/1/143 153/1/143 
f 153/1/144 154/1/144 151/1/144 
f 155/1/145 156/1/145 152/1/145 
f 152/1/145 151/1/145 155/1/145 
f 152/1/146 157/1/146 158/1/146 
f 158/1/146 153/1/146 152/1/146 
f 152/1/147 156/1/147 159/1/147 
f 159/1/147 157/1/147 152/1/147 
f 154/1/148 160/1/148 161/1/148 
f 161/1/148 162/1/148 154/1/148 
f 154/1/149 162/1/149 163/1/149 
f 163/1/149 151/1/149 154/1/149 
f 155/1/150 151/1/150 163/1/150 
f 163/1/151 164/1/151 155/1/151 
f 164/1/152 165/1/152 166/1/152 
f 166/1/152 155/1/152 164/1/152 
f 156/1/153 155/1/153 166/1/153 
f 166/1/153 167/1/153 156/1/153 
f 168/1/154 159/1/154 156/1/154 
f 156/1/155 167/1/155 168/1/155 
f 144/1/156 159/1/156 168/1/156 
f 168/1/157 145/1/157 144/1/157 
f 143/1/158 157/1/158 159/1/158 
f 159/1/158 144/1/158 143/1/158 
f 143/1/159 142/1/159 158/1/159 
f 158/1/159 157/1/159 143/1/159 
f 142/1/160 141/1/160 169/1/160 
f 169/1/161 158/1/161 142/1/161 
f 158/1/162 169/1/162 170/1/162 
f 170/1/163 153/1/163 158/1/163 
f 160/1/164 154/1/164 153/1/164 
f 153/1/165 170/1/165 160/1/165 
f 171/1/166 172/1/166 173/1/166 
f 173/1/166 174/1/166 171/1/166 
f 175/1/167 176/1/167 172/1/167 
f 172/1/167 171/1/167 175/1/167 
f 172/1/168 177/1/168 178/1/168 
f 178/1/168 173/1/168 172/1/168 
f 172/1/169 176/1/169 179/1/169 
f 179/1/169 177/1/169 172/1/169 
f 174/1/170 180/1/170 181/1/170 
f 181/1/170 182/1/170 174/1/170 
f 174/1/171 182/1/171 183/1/171 
f 183/1/172 171/1/172 174/1/172 
f 175/1/173 171/1/173 183/1/173 
f 183/1/174 184/1/174 175/1/174 
f 185/1/175 175/1/175 184/1/175 
f 184/1/175 186/1/175 185/1/175 
f 176/1/176 175/1/176 185/1/176 
f 185/1/176 187/1/176 176/1/176 
f 188/1/177 179/1/177 176/1/177 
f 176/1/177 187/1/177 188/1/177 
f 164/1/178 179/1/178 188/1/178 
f 188/1/178 165/1/178 164/1/178 
f 163/1/179 177/1/179 179/1/179 
f 179/1/179 164/1/179 163/1/179 
f 163/1/180 162/1/180 178/1/180 
f 178/1/181 177/1/181 163/1/181 
f 162/1/182 161/1/182 189/1/182 
f 189/1/183 178/1/183 162/1/183 
f 178/1/184 189/1/184 190/1/184 
f 190/1/184 173/1/184 178/1/184 
f 180/1/185 174/1/185 173/1/185 
f 173/1/185 190/1/185 180/1/185 
f 191/1/186 192/1/186 193/1/186 
f 193/1/187 194/1/187 191/1/187 
f 195/1/188 196/1/188 192/1/188 
f 192/1/188 191/1/188 195/1/188 
f 192/1/189 197/1/189 198/1/189 
f 198/1/190 193/1/190 192/1/190 
f 192/1/191 196/1/191 199/1/191 
f 199/1/191 197/1/191 192/1/191 
f 194/1/192 200/1/192 201/1/192 
f 201/1/192 202/1/192 194/1/192 
f 194/1/193 202/1/193 203/1/193 
f 203/1/194 191/1/194 194/1/194 
f 195/1/195 191/1/195 203/1/195 
f 203/1/195 204/1/195 195/1/195 
f 205/1/196 195/1/196 204/1/196 
f 204/1/196 206/1/196 205/1/196 
f 196/1/197 195/1/197 205/1/197 
f 205/1/197 207/1/197 196/1/197 
f 208/1/198 199/1/198 196/1/198 
f 196/1/198 207/1/198 208/1/198 
f 186/1/199 184/1/199 199/1/199 
f 199/1/199 208/1/199 186/1/199 
f 183/1/200 197/1/200 199/1/200 
f 199/1/201 184/1/201 183/1/201 
f 183/1/202 182/1/202 198/1/202 
f 198/1/202 197/1/202 183/1/202 
f 182/1/203 181/1/203 209/1/203 
f 209/1/203 198/1/203 182/1/203 
f 198/1/204 209/1/204 210/1/204 
f 210/1/204 193/1/204 198/1/204 
f 200/1/205 194/1/205 193/1/205 
f 193/1/206 210/1/206 200/1/206 
f 211/1/207 212/1/207 213/1/207 
f 213/1/207 214/1/207 211/1/207 
f 215/1/208 216/1/208 212/1/208 
f 212/1/208 211/1/208 215/1/208 
f 212/1/209 217/1/209 218/1/209 
f 218/1/210 213/1/210 212/1/210 
f 212/1/211 216/1/211 219/1/211 
f 219/1/211 217/1/211 212/1/211 
f 214/1/212 220/1/212 221/1/212 
f 221/1/212 222/1/212 214/1/212 
f 214/1/213 222/1/213 223/1/213 
f 223/1/213 211/1/213 214/1/213 
f 215/1/214 211/1/214 223/1/214 
f 223/1/214 224/1/214 215/1/214 
f 225/1/215 215/1/215 224/1/215 
f 224/1/216 226/1/216 225/1/216 
f 216/1/217 215/1/217 225/1/217 
f 225/1/218 227/1/218 216/1/218 
f 228/1/219 219/1/219 216/1/219 
f 216/1/219 227/1/219 228/1/219 
f 206/1/220 204/1/220 219/1/220 
f 219/1/220 228/1/220 206/1/220 
f 203/1/221 217/1/221 219/1/221 
f 219/1/221 204/1/221 203/1/221 
f 203/1/222 202/1/222 218/1/222 
f 218/1/222 217/1/222 203/1/222 
f 202/1/223 201/1/223 229/1/223 
f 229/1/223 218/1/223 202/1/223 
f 218/1/224 229/1/224 230/1/224 
f 230/1/225 213/1/225 218/1/225 
f 220/1/226 214/1/226 213/1/226 
f 213/1/227 230/1/227 220/1/227 
f 231/1/228 232/1/228 233/1/228 
f 233/1/229 234/1/229 231/1/229 
f 235/1/230 236/1/230 232/1/230 
f 232/1/231 231/1/231 235/1/231 
f 232/1/232 237/1/232 238/1/232 
f 238/1/233 233/1/233 232/1/233 
f 232/1/234 236/1/234 239/1/234 
f 239/1/234 237/1/234 232/1/234 
f 234/1/235 240/1/235 241/1/235 
f 241/1/235 242/1/235 234/1/235 
f 234/1/236 242/1/236 243/1/236 
f 243/1/236 231/1/236 234/1/236 
f 235/1/237 231/1/237 243/1/237 
f 243/1/237 244/1/237 235/1/237 
f 245/1/238 235/1/238 244/1/238 
f 244/1/239 246/1/239 245/1/239 
f 236/1/240 235/1/240 245/1/240 
f 245/1/240 247/1/240 236/1/240 
f 248/1/241 239/1/241 236/1/241 
f 236/1/242 247/1/242 248/1/242 
f 226/1/243 224/1/243 239/1/243 
f 239/1/243 248/1/243 226/1/243 
f 223/1/244 237/1/244 239/1/244 
f 239/1/245 224/1/245 223/1/245 
f 223/1/246 222/1/246 238/1/246 
f 238/1/246 237/1/246 223/1/246 
f 222/1/247 221/1/247 249/1/247 
f 249/1/247 238/1/247 222/1/247 
f 238/1/248 249/1/248 250/1/248 
f 250/1/248 233/1/248 238/1/248 
f 240/1/249 234/1/249 233/1/249 
f 233/1/250 250/1/250 240/1/250 
f 251/1/251 252/1/251 253/1/251 
f 253/1/251 254/1/251 251/1/251 
f 255/1/252 256/1/252 252/1/252 
f 252/1/252 251/1/252 255/1/252 
f 252/1/253 257/1/253 258/1/253 
f 258/1/254 253/1/254 252/1/254 
f 252/1/255 256/1/255 259/1/255 
f 259/1/255 257/1/255 252/1/255 
f 254/1/256 260/1/256 261/1/256 
f 261/1/256 262/1/256 254/1/256 
f 254/1/257 262/1/257 263/1/257 
f 263/1/257 251/1/257 254/1/257 
f 255/1/258 251/1/258 263/1/258 
f 263/1/258 264/1/258 255/1/258 
f 265/1/259 255/1/259 264/1/259 
f 264/1/259 266/1/259 265/1/259 
f 256/1/260 255/1/260 265/1/260 
f 265/1/260 267/1/260 256/1/260 
f 268/1/261 259/1/261 256/1/261 
f 256/1/261 267/1/261 268/1/261 
f 246/1/262 244/1/262 259/1/262 
f 259/1/262 268/1/262 246/1/262 
f 243/1/263 257/1/263 259/1/263 
f 259/1/263 244/1/263 243/1/263 
f 243/1/264 242/1/264 258/1/264 
f 258/1/264 257/1/264 243/1/264 
f 242/1/265 241/1/265 269/1/265 
f 269/1/265 258/1/265 242/1/265 
f 258/1/266 269/1/266 270/1/266 
f 270/1/266 253/1/266 258/1/266 
f 260/1/267 254/1/267 253/1/267 
f 253/1/267 270/1/267 260/1/267 
f 271/1/268 272/1/268 273/1/268 
f 273/1/268 274/1/268 271/1/268 
f 275/1/269 276/1/269 272/1/269 
f 272/1/269 271/1/269 275/1/269 
f 272/1/270 277/1/270 278/1/270 
f 278/1/270 273/1/270 272/1/270 
f 272/1/271 276/1/271 279/1/271 
f 279/1/272 277/1/272 272/1/272 
f 274/1/273 280/1/273 281/1/273 
f 281/1/273 282/1/273 274/1/273 
f 274/1/274 282/1/274 283/1/274 
f 283/1/274 271/1/274 274/1/274 
f 275/1/275 271/1/275 283/1/275 
f 283/1/275 284/1/275 275/1/275 
f 285/1/276 275/1/276 284/1/276 
f 284/1/276 286/1/276 285/1/276 
f 276/1/277 275/1/277 285/1/277 
f 285/1/277 287/1/277 276/1/277 
f 288/1/278 279/1/278 276/1/278 
f 276/1/278 287/1/278 288/1/278 
f 266/1/279 264/1/279 279/1/279 
f 279/1/279 288/1/279 266/1/279 
f 263/1/280 277/1/280 279/1/280 
f 279/1/281 264/1/281 263/1/281 
f 263/1/282 262/1/282 278/1/282 
f 278/1/282 277/1/282 263/1/282 
f 262/1/283 261/1/283 289/1/283 
f 289/1/283 278/1/283 262/1/283 
f 278/1/284 289/1/284 290/1/284 
f 290/1/284 273/1/284 278/1/284 
f 280/1/285 274/1/285 273/1/285 
f 273/1/285 290/1/285 280/1/285 
f 291/1/286 292/1/286 293/1/286 
f 293/1/287 294/1/287 291/1/287 
f 295/1/288 296/1/288 292/1/288 
f 292/1/288 291/1/288 295/1/288 
f 292/1/289 297/1/289 298/1/289 
f 298/1/290 293/1/290 292/1/290 
f 292/1/291 296/1/291 299/1/291 
f 299/1/291 297/1/291 292/1/291 
f 294/1/292 300/1/292 301/1/292 
f 301/1/292 302/1/292 294/1/292 
f 294/1/293 302/1/293 303/1/293 
f 303/1/293 291/1/293 294/1/293 
f 295/1/294 291/1/294 303/1/294 
f 303/1/295 304/1/295 295/1/295 
f 305/1/296 295/1/296 304/1/296 
f 304/1/296 306/1/296 305/1/296 
f 296/1/297 295/1/297 305/1/297 
f 305/1/298 307/1/298 296/1/298 
f 308/1/299 299/1/299 296/1/299 
f 296/1/300 307/1/300 308/1/300 
f 286/1/301 284/1/301 299/1/301 
f 299/1/301 308/1/301 286/1/301 
f 283/1/302 297/1/302 299/1/302 
f 299/1/302 284/1/302 283/1/302 
f 283/1/303 282/1/303 298/1/303 
f 298/1/304 297/1/304 283/1/304 
f 282/1/305 281/1/305 309/1/305 
f 309/1/305 298/1/305 282/1/305 
f 298/1/306 309/1/306 310/1/306 
f 310/1/306 293/1/306 298/1/306 
f 300/1/307 294/1/307 293/1/307 
f 293/1/307 310/1/307 300/1/307 
f 311/1/308 312/1/308 313/1/308 
f 313/1/308 314/1/308 311/1/308 
f 315/1/309 316/1/309 312/1/309 
f 312/1/309 311/1/309 315/1/309 
f 312/1/310 317/1/310 318/1/310 
f 318/1/310 313/1/310 312/1/310 
f 312/1/311 316/1/311 319/1/311 
f 319/1/312 317/1/312 312/1/312 
f 314/1/313 320/1/313 321/1/313 
f 321/1/313 322/1/313 314/1/313 
f 314/1/314 322/1/314 323/1/314 
f 323/1/314 311/1/314 314/1/314 
f 315/1/315 311/1/315 323/1/315 
f 323/1/315 324/1/315 315/1/315 
f 325/1/316 315/1/316 324/1/316 
f 324/1/316 326/1/316 325/1/316 
f 316/1/317 315/1/317 325/1/317 
f 325/1/317 327/1/317 316/1/317 
f 328/1/318 319/1/318 316/1/318 
f 316/1/318 327/1/318 328/1/318 
f 306/1/319 304/1/319 319/1/319 
f 319/1/319 328/1/319 306/1/319 
f 303/1/320 317/1/320 319/1/320 
f 319/1/320 304/1/320 303/1/320 
f 303/1/321 302/1/321 318/1/321 
f 318/1/321 317/1/321 303/1/321 
f 302/1/322 301/1/322 329/1/322 
f 329/1/322 318/1/322 302/1/322 
f 318/1/323 329/1/323 330/1/323 
f 330/1/324 313/1/324 318/1/324 
f 320/1/325 314/1/325 313/1/325 
f 313/1/325 330/1/325 320/1/325 
f 331/1/326 332/1/326 333/1/326 
f 333/1/326 334/1/326 331/1/326 
f 335/1/327 336/1/327 332/1/327 
f 332/1/327 331/1/327 335/1/327 
f 332/1/328 337/1/328 338/1/328 
f 338/1/328 333/1/328 332/1/328 
f 332/1/329 336/1/329 339/1/329 
f 339/1/329 337/1/329 332/1/329 
f 334/1/330 340/1/330 341/1/330 
f 341/1/331 342/1/331 334/1/331 
f 334/1/332 342/1/332 343/1/332 
f 343/1/332 331/1/332 334/1/332 
f 335/1/333 331/1/333 343/1/333 
f 343/1/333 344/1/333 335/1/333 
f 345/1/334 335/1/334 344/1/334 
f 344/1/334 346/1/334 345/1/334 
f 336/1/335 335/1/335 345/1/335 
f 345/1/335 347/1/335 336/1/335 
f 348/1/336 339/1/336 336/1/336 
f 336/1/336 347/1/336 348/1/336 
f 326/1/337 324/1/337 339/1/337 
f 339/1/338 348/1/338 326/1/338 
f 323/1/339 337/1/339 339/1/339 
f 339/1/339 324/1/339 323/1/339 
f 323/1/340 322/1/340 338/1/340 
f 338/1/340 337/1/340 323/1/340 
f 322/1/341 321/1/341 349/1/341 
f 349/1/341 338/1/341 322/1/341 
f 338/1/342 349/1/342 350/1/342 
f 350/1/342 333/1/342 338/1/342 
f 340/1/343 334/1/343 333/1/343 
f 333/1/343 350/1/343 340/1/343 
f 351/1/24 352/1/24 353/1/24 
f 353/1/24 354/1/24 351/1/24 
f 355/1/23 356/1/23 352/1/23 
f 352/1/23 351/1/23 355/1/23 
f 352/1/26 357/1/26 358/1/26 
f 358/1/26 353/1/26 352/1/26 
f 352/1/344 356/1/344 359/1/344 
f 359/1/25 357/1/25 352/1/25 
f 354/1/31 360/1/31 361/1/31 
f 361/1/31 362/1/31 354/1/31 
f 354/1/29 362/1/29 363/1/29 
f 363/1/29 351/1/29 354/1/29 
f 355/1/28 351/1/28 363/1/28 
f 363/1/28 364/1/28 355/1/28 
f 365/1/345 355/1/345 364/1/345 
f 364/1/346 366/1/346 365/1/346 
f 356/1/40 355/1/40 365/1/40 
f 365/1/40 367/1/40 356/1/40 
f 368/1/347 359/1/347 356/1/347 
f 356/1/39 367/1/39 368/1/39 
f 346/1/38 344/1/38 359/1/38 
f 359/1/38 368/1/38 346/1/38 
f 343/1/348 357/1/348 359/1/348 
f 359/1/37 344/1/37 343/1/37 
f 343/1/349 342/1/349 358/1/349 
f 358/1/36 357/1/36 343/1/36 
f 342/1/35 341/1/35 369/1/35 
f 369/1/35 358/1/35 342/1/35 
f 358/1/34 369/1/34 370/1/34 
f 370/1/34 353/1/34 358/1/34 
f 360/1/350 354/1/350 353/1/350 
f 353/1/351 370/1/351 360/1/351 
f 371/1/42 372/1/42 373/1/42 
f 373/1/42 374/1/42 371/1/42 
f 375/1/352 376/1/352 372/1/352 
f 372/1/41 371/1/41 375/1/41 
f 372/1/353 377/1/353 378/1/353 
f 378/1/45 373/1/45 372/1/45 
f 372/1/354 376/1/354 379/1/354 
f 379/1/44 377/1/44 372/1/44 
f 374/1/51 380/1/51 381/1/51 
f 381/1/51 382/1/51 374/1/51 
f 374/1/355 382/1/355 383/1/355 
f 383/1/356 371/1/356 374/1/356 
f 375/1/357 371/1/357 383/1/357 
f 383/1/357 384/1/357 375/1/357 
f 385/1/46 375/1/46 384/1/46 
f 384/1/46 386/1/46 385/1/46 
f 376/1/358 375/1/358 385/1/358 
f 385/1/358 387/1/358 376/1/358 
f 388/1/59 379/1/59 376/1/59 
f 376/1/59 387/1/59 388/1/59 
f 366/1/359 364/1/359 379/1/359 
f 379/1/359 388/1/359 366/1/359 
f 363/1/57 377/1/57 379/1/57 
f 379/1/57 364/1/57 363/1/57 
f 363/1/56 362/1/56 378/1/56 
f 378/1/55 377/1/55 363/1/55 
f 362/1/54 361/1/54 389/1/54 
f 389/1/54 378/1/54 362/1/54 
f 378/1/53 389/1/53 390/1/53 
f 390/1/53 373/1/53 378/1/53 
f 380/1/52 374/1/52 373/1/52 
f 373/1/52 390/1/52 380/1/52 
f 391/1/64 392/1/64 393/1/64 
f 393/1/64 394/1/64 391/1/64 
f 395/1/360 396/1/360 392/1/360 
f 392/1/361 391/1/361 395/1/361 
f 392/1/66 397/1/66 398/1/66 
f 398/1/66 393/1/66 392/1/66 
f 392/1/65 396/1/65 399/1/65 
f 399/1/362 397/1/362 392/1/362 
f 394/1/363 400/1/363 401/1/363 
f 401/1/72 402/1/72 394/1/72 
f 394/1/364 402/1/364 403/1/364 
f 403/1/70 391/1/70 394/1/70 
f 395/1/365 391/1/365 403/1/365 
f 403/1/365 404/1/365 395/1/365 
f 405/1/67 395/1/67 404/1/67 
f 404/1/67 406/1/67 405/1/67 
f 396/1/84 395/1/84 405/1/84 
f 405/1/366 407/1/366 396/1/366 
f 408/1/81 399/1/81 396/1/81 
f 396/1/81 407/1/81 408/1/81 
f 386/1/80 384/1/80 399/1/80 
f 399/1/80 408/1/80 386/1/80 
f 383/1/79 397/1/79 399/1/79 
f 399/1/79 384/1/79 383/1/79 
f 383/1/367 382/1/367 398/1/367 
f 398/1/368 397/1/368 383/1/368 
f 382/1/77 381/1/77 409/1/77 
f 409/1/77 398/1/77 382/1/77 
f 398/1/75 409/1/75 410/1/75 
f 410/1/74 393/1/74 398/1/74 
f 400/1/369 394/1/369 393/1/369 
f 393/1/73 410/1/73 400/1/73 
f 411/1/87 412/1/87 413/1/87 
f 413/1/87 414/1/87 411/1/87 
f 415/1/85 416/1/85 412/1/85 
f 412/1/85 411/1/85 415/1/85 
f 412/1/89 417/1/89 418/1/89 
f 418/1/89 413/1/89 412/1/89 
f 412/1/88 416/1/88 419/1/88 
f 419/1/88 417/1/88 412/1/88 
f 414/1/370 420/1/370 421/1/370 
f 421/1/94 422/1/94 414/1/94 
f 414/1/92 422/1/92 423/1/92 
f 423/1/93 411/1/93 414/1/93 
f 415/1/91 411/1/91 423/1/91 
f 423/1/91 424/1/91 415/1/91 
f 425/1/90 415/1/90 424/1/90 
f 424/1/90 426/1/90 425/1/90 
f 416/1/104 415/1/104 425/1/104 
f 425/1/104 427/1/104 416/1/104 
f 428/1/103 419/1/103 416/1/103 
f 416/1/103 427/1/103 428/1/103 
f 406/1/102 404/1/102 419/1/102 
f 419/1/102 428/1/102 406/1/102 
f 403/1/371 417/1/371 419/1/371 
f 419/1/372 404/1/372 403/1/372 
f 403/1/99 402/1/99 418/1/99 
f 418/1/100 417/1/100 403/1/100 
f 402/1/373 401/1/373 429/1/373 
f 429/1/374 418/1/374 402/1/374 
f 418/1/375 429/1/375 430/1/375 
f 430/1/97 413/1/97 418/1/97 
f 420/1/95 414/1/95 413/1/95 
f 413/1/95 430/1/95 420/1/95 
f 431/1/376 432/1/376 433/1/376 
f 433/1/107 434/1/107 431/1/107 
f 435/1/377 436/1/377 432/1/377 
f 432/1/105 431/1/105 435/1/105 
f 432/1/109 437/1/109 438/1/109 
f 438/1/109 433/1/109 432/1/109 
f 432/1/108 436/1/108 439/1/108 
f 439/1/108 437/1/108 432/1/108 
f 434/1/114 440/1/114 441/1/114 
f 441/1/114 442/1/114 434/1/114 
f 434/1/113 442/1/113 443/1/113 
f 443/1/113 431/1/113 434/1/113 
f 435/1/111 431/1/111 443/1/111 
f 443/1/111 444/1/111 435/1/111 
f 445/1/110 435/1/110 444/1/110 
f 444/1/110 446/1/110 445/1/110 
f 436/1/122 435/1/122 445/1/122 
f 445/1/122 447/1/122 436/1/122 
f 448/1/121 439/1/121 436/1/121 
f 436/1/121 447/1/121 448/1/121 
f 426/1/120 424/1/120 439/1/120 
f 439/1/120 448/1/120 426/1/120 
f 423/1/119 437/1/119 439/1/119 
f 439/1/119 424/1/119 423/1/119 
f 423/1/118 422/1/118 438/1/118 
f 438/1/118 437/1/118 423/1/118 
f 422/1/378 421/1/378 449/1/378 
f 449/1/378 438/1/378 422/1/378 
f 438/1/116 449/1/116 450/1/116 
f 450/1/116 433/1/116 438/1/116 
f 440/1/379 434/1/379 433/1/379 
f 433/1/115 450/1/115 440/1/115 
f 451/1/125 452/1/125 453/1/125 
f 453/1/125 454/1/125 451/1/125 
f 455/1/124 456/1/124 452/1/124 
f 452/1/124 451/1/124 455/1/124 
f 452/1/127 457/1/127 458/1/127 
f 458/1/127 453/1/127 452/1/127 
f 452/1/126 456/1/126 459/1/126 
f 459/1/126 457/1/126 452/1/126 
f 454/1/380 460/1/380 461/1/380 
f 461/1/380 462/1/380 454/1/380 
f 454/1/131 462/1/131 463/1/131 
f 463/1/131 451/1/131 454/1/131 
f 455/1/130 451/1/130 463/1/130 
f 463/1/130 464/1/130 455/1/130 
f 465/1/129 455/1/129 464/1/129 
f 464/1/129 466/1/129 465/1/129 
f 456/1/142 455/1/142 465/1/142 
f 465/1/142 467/1/142 456/1/142 
f 468/1/381 459/1/381 456/1/381 
f 456/1/382 467/1/382 468/1/382 
f 446/1/140 444/1/140 459/1/140 
f 459/1/140 468/1/140 446/1/140 
f 443/1/139 457/1/139 459/1/139 
f 459/1/383 444/1/383 443/1/383 
f 443/1/138 442/1/138 458/1/138 
f 458/1/138 457/1/138 443/1/138 
f 442/1/136 441/1/136 469/1/136 
f 469/1/136 458/1/136 442/1/136 
f 458/1/384 469/1/384 470/1/384 
f 470/1/384 453/1/384 458/1/384 
f 460/1/134 454/1/134 453/1/134 
f 453/1/134 470/1/134 460/1/134 
f 471/1/145 472/1/145 473/1/145 
f 473/1/145 474/1/145 471/1/145 
f 475/1/385 476/1/385 472/1/385 
f 472/1/385 471/1/385 475/1/385 
f 472/1/147 477/1/147 478/1/147 
f 478/1/386 473/1/386 472/1/386 
f 472/1/146 476/1/146 479/1/146 
f 479/1/146 477/1/146 472/1/146 
f 474/1/152 480/1/152 481/1/152 
f 481/1/152 482/1/152 474/1/152 
f 474/1/387 482/1/387 483/1/387 
f 483/1/388 471/1/388 474/1/388 
f 475/1/149 471/1/149 483/1/149 
f 483/1/149 484/1/149 475/1/149 
f 485/1/148 475/1/148 484/1/148 
f 484/1/389 486/1/389 485/1/389 
f 476/1/164 475/1/164 485/1/164 
f 485/1/390 487/1/390 476/1/390 
f 488/1/163 479/1/163 476/1/163 
f 476/1/163 487/1/163 488/1/163 
f 466/1/161 464/1/161 479/1/161 
f 479/1/161 488/1/161 466/1/161 
f 463/1/159 477/1/159 479/1/159 
f 479/1/159 464/1/159 463/1/159 
f 463/1/158 462/1/158 478/1/158 
f 478/1/158 477/1/158 463/1/158 
f 462/1/157 461/1/157 489/1/157 
f 489/1/391 478/1/391 462/1/391 
f 478/1/392 489/1/392 490/1/392 
f 490/1/392 473/1/392 478/1/392 
f 480/1/153 474/1/153 473/1/153 
f 473/1/153 490/1/153 480/1/153 
f 491/1/167 492/1/167 493/1/167 
f 493/1/167 494/1/167 491/1/167 
f 495/1/166 496/1/166 492/1/166 
f 492/1/166 491/1/166 495/1/166 
f 492/1/169 497/1/169 498/1/169 
f 498/1/169 493/1/169 492/1/169 
f 492/1/168 496/1/168 499/1/168 
f 499/1/393 497/1/393 492/1/393 
f 494/1/175 500/1/175 501/1/175 
f 501/1/175 502/1/175 494/1/175 
f 494/1/394 502/1/394 503/1/394 
f 503/1/395 491/1/395 494/1/395 
f 495/1/171 491/1/171 503/1/171 
f 503/1/171 504/1/171 495/1/171 
f 505/1/170 495/1/170 504/1/170 
f 504/1/170 506/1/170 505/1/170 
f 496/1/185 495/1/185 505/1/185 
f 505/1/185 507/1/185 496/1/185 
f 508/1/184 499/1/184 496/1/184 
f 496/1/184 507/1/184 508/1/184 
f 486/1/182 484/1/182 499/1/182 
f 499/1/396 508/1/396 486/1/396 
f 483/1/397 497/1/397 499/1/397 
f 499/1/180 484/1/180 483/1/180 
f 483/1/179 482/1/179 498/1/179 
f 498/1/179 497/1/179 483/1/179 
f 482/1/178 481/1/178 509/1/178 
f 509/1/178 498/1/178 482/1/178 
f 498/1/177 509/1/177 510/1/177 
f 510/1/398 493/1/398 498/1/398 
f 500/1/176 494/1/176 493/1/176 
f 493/1/176 510/1/176 500/1/176 
f 511/1/399 512/1/399 513/1/399 
f 513/1/188 514/1/188 511/1/188 
f 515/1/186 516/1/186 512/1/186 
f 512/1/186 511/1/186 515/1/186 
f 512/1/400 517/1/400 518/1/400 
f 518/1/191 513/1/191 512/1/191 
f 512/1/190 516/1/190 519/1/190 
f 519/1/190 517/1/190 512/1/190 
f 514/1/401 520/1/401 521/1/401 
f 521/1/196 522/1/196 514/1/196 
f 514/1/195 522/1/195 523/1/195 
f 523/1/195 511/1/195 514/1/195 
f 515/1/402 511/1/402 523/1/402 
f 523/1/193 524/1/193 515/1/193 
f 525/1/192 515/1/192 524/1/192 
f 524/1/192 526/1/192 525/1/192 
f 516/1/206 515/1/206 525/1/206 
f 525/1/206 527/1/206 516/1/206 
f 528/1/204 519/1/204 516/1/204 
f 516/1/204 527/1/204 528/1/204 
f 506/1/403 504/1/403 519/1/403 
f 519/1/203 528/1/203 506/1/203 
f 503/1/202 517/1/202 519/1/202 
f 519/1/202 504/1/202 503/1/202 
f 503/1/404 502/1/404 518/1/404 
f 518/1/201 517/1/201 503/1/201 
f 502/1/199 501/1/199 529/1/199 
f 529/1/199 518/1/199 502/1/199 
f 518/1/405 529/1/405 530/1/405 
f 530/1/406 513/1/406 518/1/406 
f 520/1/407 514/1/407 513/1/407 
f 513/1/407 530/1/407 520/1/407 
f 531/1/408 532/1/408 533/1/408 
f 533/1/208 534/1/208 531/1/208 
f 535/1/207 536/1/207 532/1/207 
f 532/1/207 531/1/207 535/1/207 
f 532/1/409 537/1/409 538/1/409 
f 538/1/409 533/1/409 532/1/409 
f 532/1/210 536/1/210 539/1/210 
f 539/1/210 537/1/210 532/1/210 
f 534/1/410 540/1/410 541/1/410 
f 541/1/410 542/1/410 534/1/410 
f 534/1/214 542/1/214 543/1/214 
f 543/1/214 531/1/214 534/1/214 
f 535/1/213 531/1/213 543/1/213 
f 543/1/213 544/1/213 535/1/213 
f 545/1/212 535/1/212 544/1/212 
f 544/1/212 546/1/212 545/1/212 
f 536/1/227 535/1/227 545/1/227 
f 545/1/226 547/1/226 536/1/226 
f 548/1/225 539/1/225 536/1/225 
f 536/1/225 547/1/225 548/1/225 
f 526/1/223 524/1/223 539/1/223 
f 539/1/223 548/1/223 526/1/223 
f 523/1/222 537/1/222 539/1/222 
f 539/1/222 524/1/222 523/1/222 
f 523/1/221 522/1/221 538/1/221 
f 538/1/411 537/1/411 523/1/411 
f 522/1/220 521/1/220 549/1/220 
f 549/1/220 538/1/220 522/1/220 
f 538/1/219 549/1/219 550/1/219 
f 550/1/219 533/1/219 538/1/219 
f 540/1/218 534/1/218 533/1/218 
f 533/1/218 550/1/218 540/1/218 
f 551/1/230 552/1/230 553/1/230 
f 553/1/230 554/1/230 551/1/230 
f 555/1/229 556/1/229 552/1/229 
f 552/1/229 551/1/229 555/1/229 
f 552/1/234 557/1/234 558/1/234 
f 558/1/234 553/1/234 552/1/234 
f 552/1/232 556/1/232 559/1/232 
f 559/1/232 557/1/232 552/1/232 
f 554/1/239 560/1/239 561/1/239 
f 561/1/239 562/1/239 554/1/239 
f 554/1/237 562/1/237 563/1/237 
f 563/1/237 551/1/237 554/1/237 
f 555/1/412 551/1/412 563/1/412 
f 563/1/236 564/1/236 555/1/236 
f 565/1/235 555/1/235 564/1/235 
f 564/1/413 566/1/413 565/1/413 
f 556/1/414 555/1/414 565/1/414 
f 565/1/415 567/1/415 556/1/415 
f 568/1/248 559/1/248 556/1/248 
f 556/1/416 567/1/416 568/1/416 
f 546/1/417 544/1/417 559/1/417 
f 559/1/247 568/1/247 546/1/247 
f 543/1/246 557/1/246 559/1/246 
f 559/1/246 544/1/246 543/1/246 
f 543/1/244 542/1/244 558/1/244 
f 558/1/244 557/1/244 543/1/244 
f 542/1/243 541/1/243 569/1/243 
f 569/1/243 558/1/243 542/1/243 
f 558/1/241 569/1/241 570/1/241 
f 570/1/241 553/1/241 558/1/241 
f 560/1/418 554/1/418 553/1/418 
f 553/1/418 570/1/418 560/1/418 
f 571/1/252 572/1/252 573/1/252 
f 573/1/252 574/1/252 571/1/252 
f 575/1/251 576/1/251 572/1/251 
f 572/1/251 571/1/251 575/1/251 
f 572/1/419 577/1/419 578/1/419 
f 578/1/420 573/1/420 572/1/420 
f 572/1/254 576/1/254 579/1/254 
f 579/1/254 577/1/254 572/1/254 
f 574/1/421 580/1/421 581/1/421 
f 581/1/259 582/1/259 574/1/259 
f 574/1/258 582/1/258 583/1/258 
f 583/1/258 571/1/258 574/1/258 
f 575/1/257 571/1/257 583/1/257 
f 583/1/257 584/1/257 575/1/257 
f 585/1/422 575/1/422 584/1/422 
f 584/1/422 586/1/422 585/1/422 
f 576/1/267 575/1/267 585/1/267 
f 585/1/267 587/1/267 576/1/267 
f 588/1/266 579/1/266 576/1/266 
f 576/1/423 587/1/423 588/1/423 
f 566/1/265 564/1/265 579/1/265 
f 579/1/265 588/1/265 566/1/265 
f 563/1/264 577/1/264 579/1/264 
f 579/1/264 564/1/264 563/1/264 
f 563/1/263 562/1/263 578/1/263 
f 578/1/263 577/1/263 563/1/263 
f 562/1/262 561/1/262 589/1/262 
f 589/1/262 578/1/262 562/1/262 
f 578/1/261 589/1/261 590/1/261 
f 590/1/261 573/1/261 578/1/261 
f 580/1/260 574/1/260 573/1/260 
f 573/1/260 590/1/260 580/1/260 
f 591/1/269 592/1/269 593/1/269 
f 593/1/269 594/1/269 591/1/269 
f 595/1/268 596/1/268 592/1/268 
f 592/1/268 591/1/268 595/1/268 
f 592/1/271 597/1/271 598/1/271 
f 598/1/271 593/1/271 592/1/271 
f 592/1/270 596/1/270 599/1/270 
f 599/1/270 597/1/270 592/1/270 
f 594/1/276 600/1/276 601/1/276 
f 601/1/424 602/1/424 594/1/424 
f 594/1/425 602/1/425 603/1/425 
f 603/1/426 591/1/426 594/1/426 
f 595/1/274 591/1/274 603/1/274 
f 603/1/274 604/1/274 595/1/274 
f 605/1/273 595/1/273 604/1/273 
f 604/1/273 606/1/273 605/1/273 
f 596/1/427 595/1/427 605/1/427 
f 605/1/285 607/1/285 596/1/285 
f 608/1/428 599/1/428 596/1/428 
f 596/1/428 607/1/428 608/1/428 
f 586/1/283 584/1/283 599/1/283 
f 599/1/283 608/1/283 586/1/283 
f 583/1/282 597/1/282 599/1/282 
f 599/1/282 584/1/282 583/1/282 
f 583/1/429 582/1/429 598/1/429 
f 598/1/280 597/1/280 583/1/280 
f 582/1/279 581/1/279 609/1/279 
f 609/1/279 598/1/279 582/1/279 
f 598/1/278 609/1/278 610/1/278 
f 610/1/278 593/1/278 598/1/278 
f 600/1/277 594/1/277 593/1/277 
f 593/1/277 610/1/277 600/1/277 
f 611/1/430 612/1/430 613/1/430 
f 613/1/288 614/1/288 611/1/288 
f 615/1/287 616/1/287 612/1/287 
f 612/1/287 611/1/287 615/1/287 
f 612/1/291 617/1/291 618/1/291 
f 618/1/431 613/1/431 612/1/431 
f 612/1/432 616/1/432 619/1/432 
f 619/1/432 617/1/432 612/1/432 
f 614/1/296 620/1/296 621/1/296 
f 621/1/296 622/1/296 614/1/296 
f 614/1/433 622/1/433 623/1/433 
f 623/1/434 611/1/434 614/1/434 
f 615/1/293 611/1/293 623/1/293 
f 623/1/293 624/1/293 615/1/293 
f 625/1/292 615/1/292 624/1/292 
f 624/1/292 626/1/292 625/1/292 
f 616/1/307 615/1/307 625/1/307 
f 625/1/307 627/1/307 616/1/307 
f 628/1/306 619/1/306 616/1/306 
f 616/1/306 627/1/306 628/1/306 
f 606/1/435 604/1/435 619/1/435 
f 619/1/305 628/1/305 606/1/305 
f 603/1/436 617/1/436 619/1/436 
f 619/1/437 604/1/437 603/1/437 
f 603/1/438 602/1/438 618/1/438 
f 618/1/302 617/1/302 603/1/302 
f 602/1/301 601/1/301 629/1/301 
f 629/1/439 618/1/439 602/1/439 
f 618/1/440 629/1/440 630/1/440 
f 630/1/441 613/1/441 618/1/441 
f 620/1/297 614/1/297 613/1/297 
f 613/1/442 630/1/442 620/1/442 
f 631/1/443 632/1/443 633/1/443 
f 633/1/443 634/1/443 631/1/443 
f 635/1/308 636/1/308 632/1/308 
f 632/1/308 631/1/308 635/1/308 
f 632/1/311 637/1/311 638/1/311 
f 638/1/444 633/1/444 632/1/444 
f 632/1/310 636/1/310 639/1/310 
f 639/1/310 637/1/310 632/1/310 
f 634/1/316 640/1/316 641/1/316 
f 641/1/316 642/1/316 634/1/316 
f 634/1/315 642/1/315 643/1/315 
f 643/1/315 631/1/315 634/1/315 
f 635/1/445 631/1/445 643/1/445 
f 643/1/314 644/1/314 635/1/314 
f 645/1/313 635/1/313 644/1/313 
f 644/1/313 646/1/313 645/1/313 
f 636/1/325 635/1/325 645/1/325 
f 645/1/325 647/1/325 636/1/325 
f 648/1/446 639/1/446 636/1/446 
f 636/1/446 647/1/446 648/1/446 
f 626/1/322 624/1/322 639/1/322 
f 639/1/447 648/1/447 626/1/447 
f 623/1/321 637/1/321 639/1/321 
f 639/1/321 624/1/321 623/1/321 
f 623/1/448 622/1/448 638/1/448 
f 638/1/449 637/1/449 623/1/449 
f 622/1/319 621/1/319 649/1/319 
f 649/1/319 638/1/319 622/1/319 
f 638/1/318 649/1/318 650/1/318 
f 650/1/318 633/1/318 638/1/318 
f 640/1/450 634/1/450 633/1/450 
f 633/1/450 650/1/450 640/1/450 
f 651/1/327 652/1/327 653/1/327 
f 653/1/451 654/1/451 651/1/451 
f 655/1/326 656/1/326 652/1/326 
f 652/1/326 651/1/326 655/1/326 
f 652/1/329 657/1/329 658/1/329 
f 658/1/329 653/1/329 652/1/329 
f 652/1/328 656/1/328 659/1/328 
f 659/1/328 657/1/328 652/1/328 
f 654/1/334 660/1/334 49/1/334 
f 49/1/334 47/1/334 654/1/334 
f 651/1/333 654/1/333 47/1/333 
f 47/1/333 46/1/333 651/1/333 
f 651/1/452 46/1/452 44/1/452 
f 44/1/453 655/1/453 651/1/453 
f 44/1/454 45/1/454 661/1/454 
f 661/1/455 655/1/455 44/1/455 
f 656/1/343 655/1/343 661/1/343 
f 661/1/343 662/1/343 656/1/343 
f 663/1/342 659/1/342 656/1/342 
f 656/1/342 662/1/342 663/1/342 
f 646/1/456 644/1/456 659/1/456 
f 659/1/457 663/1/457 646/1/457 
f 643/1/340 657/1/340 659/1/340 
f 659/1/340 644/1/340 643/1/340 
f 643/1/339 642/1/339 658/1/339 
f 658/1/339 657/1/339 643/1/339 
f 642/1/338 641/1/338 664/1/338 
f 664/1/338 658/1/338 642/1/338 
f 658/1/458 664/1/458 665/1/458 
f 665/1/336 653/1/336 658/1/336 
f 660/1/459 654/1/459 653/1/459 
f 653/1/335 665/1/335 660/1/335 
f 666/1/460 667/1/460 668/1/460 
f 668/1/460 669/1/460 666/1/460 
f 670/1/461 671/1/461 667/1/461 
f 667/1/461 666/1/461 670/1/461 
f 667/1/462 672/1/462 673/1/462 
f 673/1/462 668/1/462 667/1/462 
f 667/1/463 671/1/463 674/1/463 
f 674/1/463 672/1/463 667/1/463 
f 675/1/464 669/1/464 676/1/464 
f 676/1/464 677/1/464 675/1/464 
f 678/1/465 666/1/465 669/1/465 
f 669/1/465 675/1/465 678/1/465 
f 666/1/466 678/1/466 679/1/466 
f 679/1/466 670/1/466 666/1/466 
f 10/1/467 670/1/467 679/1/467 
f 679/1/467 11/1/467 10/1/467 
f 10/1/468 25/1/468 671/1/468 
f 671/1/468 670/1/468 10/1/468 
f 24/1/469 674/1/469 671/1/469 
f 671/1/469 25/1/469 24/1/469 
f 674/1/470 24/1/470 23/1/470 
f 23/1/471 680/1/471 674/1/471 
f 680/1/472 681/1/472 672/1/472 
f 672/1/472 674/1/472 680/1/472 
f 672/1/473 681/1/473 682/1/473 
f 682/1/474 673/1/474 672/1/474 
f 682/1/475 683/1/475 684/1/475 
f 684/1/476 673/1/476 682/1/476 
f 673/1/477 684/1/477 685/1/477 
f 685/1/478 668/1/478 673/1/478 
f 669/1/479 668/1/479 685/1/479 
f 685/1/480 676/1/480 669/1/480 
f 686/1/481 687/1/481 688/1/481 
f 688/1/481 689/1/481 686/1/481 
f 690/1/482 691/1/482 687/1/482 
f 687/1/482 686/1/482 690/1/482 
f 687/1/483 692/1/483 693/1/483 
f 693/1/483 688/1/483 687/1/483 
f 687/1/484 691/1/484 694/1/484 
f 694/1/484 692/1/484 687/1/484 
f 695/1/485 696/1/485 697/1/485 
f 697/1/485 689/1/485 695/1/485 
f 697/1/486 698/1/486 686/1/486 
f 686/1/486 689/1/486 697/1/486 
f 686/1/487 698/1/487 699/1/487 
f 699/1/488 690/1/488 686/1/488 
f 676/1/489 690/1/489 699/1/489 
f 699/1/489 677/1/489 676/1/489 
f 690/1/490 676/1/490 685/1/490 
f 685/1/490 691/1/490 690/1/490 
f 684/1/491 694/1/491 691/1/491 
f 691/1/492 685/1/492 684/1/492 
f 694/1/493 684/1/493 683/1/493 
f 683/1/493 700/1/493 694/1/493 
f 700/1/494 701/1/494 692/1/494 
f 692/1/494 694/1/494 700/1/494 
f 702/1/495 693/1/495 692/1/495 
f 692/1/495 701/1/495 702/1/495 
f 702/1/496 703/1/496 704/1/496 
f 704/1/496 693/1/496 702/1/496 
f 688/1/497 693/1/497 704/1/497 
f 704/1/497 705/1/497 688/1/497 
f 705/1/498 695/1/498 689/1/498 
f 689/1/498 688/1/498 705/1/498 
f 706/1/499 707/1/499 708/1/499 
f 708/1/499 709/1/499 706/1/499 
f 710/1/500 711/1/500 707/1/500 
f 707/1/500 706/1/500 710/1/500 
f 707/1/501 712/1/501 713/1/501 
f 713/1/502 708/1/502 707/1/502 
f 707/1/503 711/1/503 714/1/503 
f 714/1/504 712/1/504 707/1/504 
f 715/1/505 716/1/505 717/1/505 
f 717/1/505 709/1/505 715/1/505 
f 706/1/506 709/1/506 717/1/506 
f 717/1/506 718/1/506 706/1/506 
f 706/1/507 718/1/507 719/1/507 
f 719/1/507 710/1/507 706/1/507 
f 695/1/508 710/1/508 719/1/508 
f 719/1/508 696/1/508 695/1/508 
f 710/1/509 695/1/509 705/1/509 
f 705/1/509 711/1/509 710/1/509 
f 704/1/510 714/1/510 711/1/510 
f 711/1/510 705/1/510 704/1/510 
f 714/1/511 704/1/511 703/1/511 
f 703/1/511 720/1/511 714/1/511 
f 720/1/512 721/1/512 712/1/512 
f 712/1/513 714/1/513 720/1/513 
f 721/1/514 722/1/514 713/1/514 
f 713/1/515 712/1/515 721/1/515 
f 722/1/516 723/1/516 724/1/516 
f 724/1/517 713/1/517 722/1/517 
f 713/1/518 724/1/518 725/1/518 
f 725/1/518 708/1/518 713/1/518 
f 708/1/519 725/1/519 715/1/519 
f 715/1/520 709/1/520 708/1/520 
f 726/1/521 727/1/521 728/1/521 
f 728/1/521 729/1/521 726/1/521 
f 730/1/522 731/1/522 727/1/522 
f 727/1/522 726/1/522 730/1/522 
f 727/1/523 732/1/523 733/1/523 
f 733/1/524 728/1/524 727/1/524 
f 727/1/525 731/1/525 734/1/525 
f 734/1/526 732/1/526 727/1/526 
f 735/1/527 736/1/527 737/1/527 
f 737/1/527 729/1/527 735/1/527 
f 726/1/528 729/1/528 737/1/528 
f 737/1/528 738/1/528 726/1/528 
f 726/1/529 738/1/529 739/1/529 
f 739/1/530 730/1/530 726/1/530 
f 715/1/531 730/1/531 739/1/531 
f 739/1/532 716/1/532 715/1/532 
f 730/1/533 715/1/533 725/1/533 
f 725/1/533 731/1/533 730/1/533 
f 731/1/534 725/1/534 724/1/534 
f 724/1/534 734/1/534 731/1/534 
f 734/1/535 724/1/535 723/1/535 
f 723/1/536 740/1/536 734/1/536 
f 740/1/537 741/1/537 732/1/537 
f 732/1/538 734/1/538 740/1/538 
f 741/1/539 742/1/539 733/1/539 
f 733/1/539 732/1/539 741/1/539 
f 742/1/540 743/1/540 744/1/540 
f 744/1/541 733/1/541 742/1/541 
f 728/1/542 733/1/542 744/1/542 
f 744/1/543 745/1/543 728/1/543 
f 728/1/544 745/1/544 735/1/544 
f 735/1/544 729/1/544 728/1/544 
f 746/1/545 747/1/545 748/1/545 
f 748/1/545 749/1/545 746/1/545 
f 750/1/546 751/1/546 747/1/546 
f 747/1/547 746/1/547 750/1/547 
f 747/1/548 752/1/548 753/1/548 
f 753/1/549 748/1/549 747/1/549 
f 747/1/550 751/1/550 754/1/550 
f 754/1/550 752/1/550 747/1/550 
f 755/1/551 756/1/551 757/1/551 
f 757/1/551 749/1/551 755/1/551 
f 746/1/552 749/1/552 757/1/552 
f 757/1/552 758/1/552 746/1/552 
f 746/1/553 758/1/553 759/1/553 
f 759/1/553 750/1/553 746/1/553 
f 735/1/554 750/1/554 759/1/554 
f 759/1/554 736/1/554 735/1/554 
f 750/1/555 735/1/555 745/1/555 
f 745/1/555 751/1/555 750/1/555 
f 744/1/556 754/1/556 751/1/556 
f 751/1/557 745/1/557 744/1/557 
f 754/1/558 744/1/558 743/1/558 
f 743/1/559 760/1/559 754/1/559 
f 760/1/560 761/1/560 752/1/560 
f 752/1/561 754/1/561 760/1/561 
f 761/1/562 762/1/562 753/1/562 
f 753/1/562 752/1/562 761/1/562 
f 762/1/563 763/1/563 764/1/563 
f 764/1/563 753/1/563 762/1/563 
f 748/1/564 753/1/564 764/1/564 
f 764/1/564 765/1/564 748/1/564 
f 748/1/565 765/1/565 755/1/565 
f 755/1/565 749/1/565 748/1/565 
f 766/1/566 767/1/566 768/1/566 
f 768/1/567 769/1/567 766/1/567 
f 770/1/568 771/1/568 767/1/568 
f 767/1/568 766/1/568 770/1/568 
f 767/1/569 772/1/569 773/1/569 
f 773/1/570 768/1/570 767/1/570 
f 767/1/571 771/1/571 774/1/571 
f 774/1/571 772/1/571 767/1/571 
f 775/1/572 776/1/572 777/1/572 
f 777/1/573 769/1/573 775/1/573 
f 766/1/574 769/1/574 777/1/574 
f 777/1/574 778/1/574 766/1/574 
f 766/1/575 778/1/575 779/1/575 
f 779/1/575 770/1/575 766/1/575 
f 755/1/576 770/1/576 779/1/576 
f 779/1/577 756/1/577 755/1/577 
f 770/1/578 755/1/578 765/1/578 
f 765/1/579 771/1/579 770/1/579 
f 764/1/580 774/1/580 771/1/580 
f 771/1/581 765/1/581 764/1/581 
f 774/1/582 764/1/582 763/1/582 
f 763/1/582 780/1/582 774/1/582 
f 780/1/583 781/1/583 772/1/583 
f 772/1/583 774/1/583 780/1/583 
f 781/1/584 782/1/584 773/1/584 
f 773/1/585 772/1/585 781/1/585 
f 782/1/586 783/1/586 784/1/586 
f 784/1/587 773/1/587 782/1/587 
f 768/1/588 773/1/588 784/1/588 
f 784/1/588 785/1/588 768/1/588 
f 768/1/589 785/1/589 775/1/589 
f 775/1/589 769/1/589 768/1/589 
f 786/1/590 787/1/590 788/1/590 
f 788/1/591 789/1/591 786/1/591 
f 790/1/592 791/1/592 787/1/592 
f 787/1/593 786/1/593 790/1/593 
f 787/1/594 792/1/594 793/1/594 
f 793/1/594 788/1/594 787/1/594 
f 787/1/595 791/1/595 794/1/595 
f 794/1/595 792/1/595 787/1/595 
f 795/1/596 796/1/596 797/1/596 
f 797/1/596 789/1/596 795/1/596 
f 786/1/597 789/1/597 797/1/597 
f 797/1/597 798/1/597 786/1/597 
f 786/1/598 798/1/598 799/1/598 
f 799/1/598 790/1/598 786/1/598 
f 775/1/599 790/1/599 799/1/599 
f 799/1/599 776/1/599 775/1/599 
f 790/1/600 775/1/600 785/1/600 
f 785/1/600 791/1/600 790/1/600 
f 784/1/601 794/1/601 791/1/601 
f 791/1/601 785/1/601 784/1/601 
f 794/1/602 784/1/602 783/1/602 
f 783/1/603 800/1/603 794/1/603 
f 800/1/604 801/1/604 792/1/604 
f 792/1/604 794/1/604 800/1/604 
f 801/1/605 802/1/605 793/1/605 
f 793/1/605 792/1/605 801/1/605 
f 802/1/606 803/1/606 804/1/606 
f 804/1/606 793/1/606 802/1/606 
f 788/1/607 793/1/607 804/1/607 
f 804/1/607 805/1/607 788/1/607 
f 788/1/608 805/1/608 795/1/608 
f 795/1/609 789/1/609 788/1/609 
f 806/1/610 807/1/610 808/1/610 
f 808/1/610 809/1/610 806/1/610 
f 810/1/611 811/1/611 807/1/611 
f 807/1/612 806/1/612 810/1/612 
f 807/1/613 812/1/613 813/1/613 
f 813/1/613 808/1/613 807/1/613 
f 807/1/614 811/1/614 814/1/614 
f 814/1/614 812/1/614 807/1/614 
f 815/1/615 816/1/615 817/1/615 
f 817/1/616 809/1/616 815/1/616 
f 806/1/617 809/1/617 817/1/617 
f 817/1/617 818/1/617 806/1/617 
f 806/1/618 818/1/618 819/1/618 
f 819/1/618 810/1/618 806/1/618 
f 795/1/619 810/1/619 819/1/619 
f 819/1/619 796/1/619 795/1/619 
f 810/1/620 795/1/620 805/1/620 
f 805/1/620 811/1/620 810/1/620 
f 804/1/621 814/1/621 811/1/621 
f 811/1/621 805/1/621 804/1/621 
f 820/1/622 814/1/622 804/1/622 
f 804/1/623 803/1/623 820/1/623 
f 820/1/624 821/1/624 812/1/624 
f 812/1/624 814/1/624 820/1/624 
f 821/1/625 822/1/625 813/1/625 
f 813/1/625 812/1/625 821/1/625 
f 822/1/626 823/1/626 824/1/626 
f 824/1/627 813/1/627 822/1/627 
f 808/1/628 813/1/628 824/1/628 
f 824/1/628 825/1/628 808/1/628 
f 808/1/629 825/1/629 815/1/629 
f 815/1/629 809/1/629 808/1/629 
f 826/1/630 827/1/630 828/1/630 
f 828/1/630 829/1/630 826/1/630 
f 830/1/631 831/1/631 827/1/631 
f 827/1/631 826/1/631 830/1/631 
f 827/1/632 832/1/632 833/1/632 
f 833/1/632 828/1/632 827/1/632 
f 827/1/633 831/1/633 834/1/633 
f 834/1/633 832/1/633 827/1/633 
f 835/1/634 836/1/634 837/1/634 
f 837/1/635 829/1/635 835/1/635 
f 826/1/636 829/1/636 837/1/636 
f 837/1/636 838/1/636 826/1/636 
f 826/1/637 838/1/637 839/1/637 
f 839/1/637 830/1/637 826/1/637 
f 815/1/638 830/1/638 839/1/638 
f 839/1/638 816/1/638 815/1/638 
f 830/1/639 815/1/639 825/1/639 
f 825/1/639 831/1/639 830/1/639 
f 824/1/640 834/1/640 831/1/640 
f 831/1/640 825/1/640 824/1/640 
f 834/1/641 824/1/641 823/1/641 
f 823/1/641 840/1/641 834/1/641 
f 840/1/642 841/1/642 832/1/642 
f 832/1/643 834/1/643 840/1/643 
f 841/1/644 842/1/644 833/1/644 
f 833/1/644 832/1/644 841/1/644 
f 842/1/645 843/1/645 844/1/645 
f 844/1/645 833/1/645 842/1/645 
f 828/1/646 833/1/646 844/1/646 
f 844/1/646 845/1/646 828/1/646 
f 828/1/647 845/1/647 835/1/647 
f 835/1/648 829/1/648 828/1/648 
f 846/1/649 847/1/649 848/1/649 
f 848/1/649 849/1/649 846/1/649 
f 850/1/650 851/1/650 847/1/650 
f 847/1/651 846/1/651 850/1/651 
f 847/1/652 852/1/652 853/1/652 
f 853/1/653 848/1/653 847/1/654 
f 847/1/655 851/1/655 854/1/655 
f 854/1/656 852/1/656 847/1/656 
f 855/1/657 856/1/657 857/1/657 
f 857/1/657 849/1/657 855/1/657 
f 846/1/658 849/1/658 857/1/658 
f 857/1/658 858/1/658 846/1/658 
f 846/1/659 858/1/659 859/1/659 
f 859/1/660 850/1/660 846/1/660 
f 835/1/661 850/1/661 859/1/661 
f 859/1/661 836/1/661 835/1/661 
f 850/1/662 835/1/662 845/1/662 
f 845/1/663 851/1/663 850/1/663 
f 844/1/664 854/1/664 851/1/664 
f 851/1/664 845/1/664 844/1/664 
f 854/1/665 844/1/665 843/1/665 
f 843/1/665 860/1/665 854/1/665 
f 860/1/666 861/1/667 852/1/666 
f 852/1/666 854/1/666 860/1/666 
f 861/1/668 862/1/668 853/1/668 
f 853/1/668 852/1/668 861/1/668 
f 862/1/669 863/1/669 864/1/669 
f 864/1/669 853/1/669 862/1/669 
f 848/1/670 853/1/670 864/1/670 
f 864/1/670 865/1/670 848/1/670 
f 848/1/671 865/1/671 855/1/671 
f 855/1/672 849/1/672 848/1/672 
f 866/1/673 867/1/673 868/1/673 
f 868/1/674 869/1/674 866/1/674 
f 870/1/675 871/1/675 867/1/675 
f 867/1/676 866/1/676 870/1/676 
f 867/1/677 872/1/677 873/1/677 
f 873/1/678 868/1/678 867/1/678 
f 867/1/679 871/1/679 874/1/679 
f 874/1/680 872/1/680 867/1/680 
f 875/1/681 876/1/681 877/1/681 
f 877/1/681 869/1/681 875/1/681 
f 866/1/682 869/1/682 877/1/682 
f 877/1/682 878/1/682 866/1/682 
f 866/1/683 878/1/683 879/1/683 
f 879/1/683 870/1/683 866/1/683 
f 855/1/684 870/1/684 879/1/684 
f 879/1/684 856/1/684 855/1/684 
f 870/1/685 855/1/685 865/1/685 
f 865/1/685 871/1/685 870/1/685 
f 864/1/686 874/1/686 871/1/686 
f 871/1/687 865/1/687 864/1/687 
f 874/1/688 864/1/688 863/1/688 
f 863/1/688 880/1/688 874/1/688 
f 880/1/689 881/1/689 872/1/689 
f 872/1/689 874/1/689 880/1/689 
f 881/1/690 882/1/690 873/1/690 
f 873/1/690 872/1/690 881/1/690 
f 882/1/691 883/1/691 884/1/691 
f 884/1/691 873/1/691 882/1/691 
f 868/1/692 873/1/692 884/1/692 
f 884/1/692 885/1/692 868/1/692 
f 868/1/693 885/1/693 875/1/693 
f 875/1/694 869/1/694 868/1/694 
f 886/1/695 887/1/695 888/1/695 
f 888/1/695 889/1/695 886/1/695 
f 890/1/696 891/1/696 887/1/696 
f 887/1/696 886/1/696 890/1/696 
f 887/1/697 892/1/697 893/1/697 
f 893/1/697 888/1/697 887/1/697 
f 887/1/698 891/1/698 894/1/698 
f 894/1/699 892/1/699 887/1/699 
f 895/1/700 896/1/700 897/1/700 
f 897/1/701 889/1/701 895/1/701 
f 886/1/702 889/1/702 897/1/702 
f 897/1/702 898/1/702 886/1/702 
f 886/1/703 898/1/703 899/1/703 
f 899/1/703 890/1/703 886/1/703 
f 875/1/704 890/1/704 899/1/704 
f 899/1/704 876/1/704 875/1/704 
f 890/1/705 875/1/705 885/1/705 
f 885/1/706 891/1/706 890/1/706 
f 884/1/707 894/1/707 891/1/707 
f 891/1/707 885/1/707 884/1/707 
f 894/1/708 884/1/708 883/1/708 
f 883/1/708 900/1/708 894/1/708 
f 900/1/709 901/1/709 892/1/709 
f 892/1/710 894/1/710 900/1/710 
f 901/1/711 902/1/711 893/1/711 
f 893/1/711 892/1/711 901/1/711 
f 902/1/712 903/1/712 904/1/712 
f 904/1/712 893/1/712 902/1/712 
f 888/1/713 893/1/713 904/1/713 
f 904/1/713 905/1/713 888/1/713 
f 888/1/714 905/1/714 895/1/714 
f 895/1/714 889/1/714 888/1/714 
f 906/1/715 907/1/715 908/1/715 
f 908/1/715 909/1/715 906/1/715 
f 910/1/716 911/1/716 907/1/716 
f 907/1/716 906/1/716 910/1/716 
f 907/1/717 912/1/717 913/1/717 
f 913/1/717 908/1/717 907/1/717 
f 907/1/718 911/1/718 914/1/718 
f 914/1/718 912/1/718 907/1/718 
f 915/1/719 916/1/719 917/1/719 
f 917/1/719 909/1/719 915/1/719 
f 906/1/720 909/1/720 917/1/720 
f 917/1/720 918/1/720 906/1/720 
f 906/1/721 918/1/721 919/1/721 
f 919/1/721 910/1/721 906/1/721 
f 895/1/722 910/1/722 919/1/722 
f 919/1/722 896/1/722 895/1/722 
f 910/1/723 895/1/723 905/1/723 
f 905/1/723 911/1/723 910/1/723 
f 904/1/724 914/1/724 911/1/724 
f 911/1/724 905/1/724 904/1/724 
f 914/1/725 904/1/725 903/1/725 
f 903/1/725 920/1/725 914/1/725 
f 920/1/726 921/1/726 912/1/726 
f 912/1/726 914/1/726 920/1/726 
f 921/1/727 922/1/727 913/1/727 
f 913/1/727 912/1/727 921/1/727 
f 922/1/728 923/1/728 924/1/728 
f 924/1/728 913/1/728 922/1/728 
f 908/1/729 913/1/729 924/1/729 
f 924/1/730 925/1/730 908/1/730 
f 908/1/731 925/1/731 915/1/731 
f 915/1/732 909/1/732 908/1/732 
f 926/1/733 927/1/733 928/1/733 
f 928/1/734 929/1/734 926/1/734 
f 930/1/735 931/1/735 927/1/735 
f 927/1/735 926/1/735 930/1/735 
f 927/1/736 932/1/736 933/1/736 
f 933/1/736 928/1/736 927/1/736 
f 927/1/737 931/1/737 934/1/737 
f 934/1/738 932/1/738 927/1/738 
f 935/1/739 936/1/739 937/1/739 
f 937/1/739 929/1/739 935/1/739 
f 926/1/740 929/1/740 937/1/740 
f 937/1/741 938/1/741 926/1/741 
f 926/1/742 938/1/742 939/1/742 
f 939/1/742 930/1/742 926/1/742 
f 915/1/743 930/1/743 939/1/743 
f 939/1/743 916/1/743 915/1/743 
f 930/1/744 915/1/744 925/1/744 
f 925/1/745 931/1/745 930/1/745 
f 924/1/746 934/1/746 931/1/746 
f 931/1/746 925/1/746 924/1/746 
f 934/1/747 924/1/747 923/1/747 
f 923/1/747 940/1/747 934/1/747 
f 940/1/748 941/1/748 932/1/748 
f 932/1/749 934/1/749 940/1/749 
f 941/1/750 942/1/750 933/1/750 
f 933/1/750 932/1/750 941/1/750 
f 942/1/751 943/1/751 944/1/751 
f 944/1/751 933/1/751 942/1/751 
f 928/1/752 933/1/752 944/1/752 
f 944/1/753 945/1/753 928/1/753 
f 928/1/754 945/1/754 935/1/754 
f 935/1/754 929/1/754 928/1/754 
f 946/1/755 947/1/755 948/1/755 
f 948/1/755 949/1/755 946/1/755 
f 950/1/756 951/1/756 947/1/756 
f 947/1/756 946/1/756 950/1/756 
f 947/1/757 952/1/757 953/1/757 
f 953/1/757 948/1/757 947/1/757 
f 947/1/758 951/1/758 954/1/758 
f 954/1/758 952/1/758 947/1/758 
f 955/1/759 956/1/759 957/1/759 
f 957/1/759 949/1/759 955/1/759 
f 946/1/760 949/1/760 957/1/760 
f 957/1/760 958/1/760 946/1/760 
f 946/1/761 958/1/761 959/1/761 
f 959/1/762 950/1/762 946/1/762 
f 935/1/763 950/1/763 959/1/763 
f 959/1/764 936/1/764 935/1/764 
f 950/1/765 935/1/765 945/1/765 
f 945/1/765 951/1/765 950/1/765 
f 944/1/766 954/1/766 951/1/766 
f 951/1/766 945/1/766 944/1/766 
f 954/1/767 944/1/767 943/1/767 
f 943/1/768 960/1/768 954/1/768 
f 960/1/769 961/1/769 952/1/769 
f 952/1/770 954/1/770 960/1/770 
f 961/1/771 962/1/771 953/1/771 
f 953/1/771 952/1/771 961/1/771 
f 962/1/772 963/1/772 964/1/772 
f 964/1/772 953/1/772 962/1/772 
f 948/1/773 953/1/773 964/1/773 
f 964/1/773 965/1/773 948/1/773 
f 948/1/774 965/1/774 955/1/774 
f 955/1/775 949/1/775 948/1/775 
f 966/1/5 967/1/5 968/1/5 
f 968/1/5 969/1/5 966/1/5 
f 970/1/7 971/1/7 967/1/7 
f 967/1/7 966/1/7 970/1/7 
f 967/1/776 972/1/776 973/1/776 
f 973/1/1 968/1/1 967/1/1 
f 967/1/3 971/1/3 974/1/3 
f 974/1/3 972/1/3 967/1/3 
f 975/1/777 976/1/777 977/1/777 
f 977/1/777 969/1/777 975/1/777 
f 966/1/17 969/1/17 977/1/17 
f 977/1/17 978/1/17 966/1/17 
f 966/1/16 978/1/16 979/1/16 
f 979/1/16 970/1/16 966/1/16 
f 955/1/15 970/1/15 979/1/15 
f 979/1/15 956/1/15 955/1/15 
f 970/1/778 955/1/778 965/1/778 
f 965/1/778 971/1/778 970/1/778 
f 964/1/779 974/1/779 971/1/779 
f 971/1/12 965/1/12 964/1/12 
f 974/1/780 964/1/780 963/1/780 
f 963/1/11 980/1/11 974/1/11 
f 980/1/10 981/1/10 972/1/10 
f 972/1/10 974/1/10 980/1/10 
f 981/1/9 982/1/9 973/1/9 
f 973/1/9 972/1/9 981/1/9 
f 982/1/8 983/1/8 984/1/8 
f 984/1/8 973/1/8 982/1/8 
f 968/1/22 973/1/22 984/1/22 
f 984/1/22 985/1/22 968/1/22 
f 968/1/21 985/1/21 975/1/21 
f 975/1/21 969/1/21 968/1/21 
f 986/1/462 987/1/462 988/1/462 
f 988/1/462 989/1/462 986/1/462 
f 990/1/463 991/1/463 987/1/463 
f 987/1/463 986/1/463 990/1/463 
f 987/1/460 992/1/460 993/1/460 
f 993/1/460 988/1/460 987/1/460 
f 987/1/461 991/1/461 994/1/461 
f 994/1/461 992/1/461 987/1/461 
f 995/1/476 996/1/476 997/1/476 
f 997/1/476 989/1/476 995/1/476 
f 986/1/474 989/1/474 997/1/474 
f 997/1/473 998/1/473 986/1/473 
f 986/1/472 998/1/472 999/1/472 
f 999/1/472 990/1/472 986/1/472 
f 975/1/781 990/1/781 999/1/781 
f 999/1/781 976/1/781 975/1/781 
f 990/1/469 975/1/469 985/1/469 
f 985/1/469 991/1/469 990/1/469 
f 984/1/468 994/1/468 991/1/468 
f 991/1/468 985/1/468 984/1/468 
f 994/1/467 984/1/467 983/1/467 
f 983/1/467 1000/1/467 994/1/467 
f 1000/1/782 1001/1/782 992/1/782 
f 992/1/782 994/1/782 1000/1/782 
f 1001/1/465 1002/1/465 993/1/465 
f 993/1/465 992/1/465 1001/1/465 
f 1002/1/464 1003/1/464 1004/1/464 
f 1004/1/464 993/1/464 1002/1/464 
f 988/1/479 993/1/479 1004/1/479 
f 1004/1/783 1005/1/783 988/1/783 
f 988/1/478 1005/1/478 995/1/478 
f 995/1/477 989/1/477 988/1/477 
f 1006/1/784 1007/1/784 1008/1/784 
f 1008/1/483 1009/1/483 1006/1/483 
f 1010/1/484 1011/1/484 1007/1/484 
f 1007/1/484 1006/1/484 1010/1/484 
f 1007/1/481 1012/1/481 1013/1/481 
f 1013/1/481 1008/1/481 1007/1/481 
f 1007/1/482 1011/1/482 1014/1/482 
f 1014/1/482 1012/1/482 1007/1/482 
f 1015/1/785 1016/1/785 1017/1/785 
f 1017/1/496 1009/1/496 1015/1/496 
f 1006/1/495 1009/1/495 1017/1/495 
f 1017/1/495 1018/1/495 1006/1/495 
f 1006/1/494 1018/1/494 1019/1/494 
f 1019/1/494 1010/1/494 1006/1/494 
f 995/1/493 1010/1/493 1019/1/493 
f 1019/1/493 996/1/493 995/1/493 
f 1010/1/786 995/1/786 1005/1/786 
f 1005/1/786 1011/1/786 1010/1/786 
f 1004/1/787 1014/1/787 1011/1/787 
f 1011/1/788 1005/1/788 1004/1/788 
f 1014/1/489 1004/1/489 1003/1/489 
f 1003/1/489 1020/1/489 1014/1/489 
f 1020/1/488 1021/1/488 1012/1/488 
f 1012/1/488 1014/1/488 1020/1/488 
f 1021/1/486 1022/1/486 1013/1/486 
f 1013/1/486 1012/1/486 1021/1/486 
f 1022/1/485 1023/1/485 1024/1/485 
f 1024/1/485 1013/1/485 1022/1/485 
f 1008/1/498 1013/1/498 1024/1/498 
f 1024/1/498 1025/1/498 1008/1/498 
f 1008/1/497 1025/1/497 1015/1/497 
f 1015/1/497 1009/1/497 1008/1/497 
f 1026/1/502 1027/1/502 1028/1/502 
f 1028/1/502 1029/1/502 1026/1/502 
f 1030/1/503 1031/1/503 1027/1/503 
f 1027/1/789 1026/1/789 1030/1/789 
f 1027/1/499 1032/1/499 1033/1/499 
f 1033/1/499 1028/1/499 1027/1/499 
f 1027/1/500 1031/1/500 1034/1/500 
f 1034/1/500 1032/1/500 1027/1/500 
f 1035/1/516 1036/1/516 1037/1/516 
f 1037/1/516 1029/1/516 1035/1/516 
f 1026/1/790 1029/1/790 1037/1/790 
f 1037/1/791 1038/1/791 1026/1/791 
f 1026/1/512 1038/1/512 1039/1/512 
f 1039/1/512 1030/1/512 1026/1/512 
f 1015/1/511 1030/1/511 1039/1/511 
f 1039/1/792 1016/1/792 1015/1/792 
f 1030/1/510 1015/1/510 1025/1/510 
f 1025/1/510 1031/1/510 1030/1/510 
f 1024/1/793 1034/1/793 1031/1/793 
f 1031/1/793 1025/1/793 1024/1/793 
f 1034/1/794 1024/1/794 1023/1/794 
f 1023/1/794 1040/1/794 1034/1/794 
f 1040/1/507 1041/1/507 1032/1/507 
f 1032/1/507 1034/1/507 1040/1/507 
f 1041/1/506 1042/1/506 1033/1/506 
f 1033/1/506 1032/1/506 1041/1/506 
f 1042/1/505 1043/1/505 1044/1/505 
f 1044/1/505 1033/1/505 1042/1/505 
f 1028/1/795 1033/1/795 1044/1/795 
f 1044/1/796 1045/1/796 1028/1/796 
f 1028/1/518 1045/1/518 1035/1/518 
f 1035/1/518 1029/1/518 1028/1/518 
f 1046/1/797 1047/1/797 1048/1/797 
f 1048/1/797 1049/1/797 1046/1/797 
f 1050/1/525 1051/1/525 1047/1/525 
f 1047/1/798 1046/1/798 1050/1/798 
f 1047/1/799 1052/1/799 1053/1/799 
f 1053/1/521 1048/1/521 1047/1/521 
f 1047/1/522 1051/1/522 1054/1/522 
f 1054/1/522 1052/1/522 1047/1/522 
f 1055/1/541 1056/1/541 1057/1/541 
f 1057/1/541 1049/1/541 1055/1/541 
f 1046/1/539 1049/1/539 1057/1/539 
f 1057/1/539 1058/1/539 1046/1/539 
f 1046/1/537 1058/1/537 1059/1/537 
f 1059/1/537 1050/1/537 1046/1/537 
f 1035/1/800 1050/1/800 1059/1/800 
f 1059/1/800 1036/1/800 1035/1/800 
f 1050/1/534 1035/1/534 1045/1/534 
f 1045/1/534 1051/1/534 1050/1/534 
f 1044/1/533 1054/1/533 1051/1/533 
f 1051/1/533 1045/1/533 1044/1/533 
f 1054/1/532 1044/1/532 1043/1/532 
f 1043/1/532 1060/1/532 1054/1/532 
f 1060/1/529 1061/1/529 1052/1/529 
f 1052/1/529 1054/1/529 1060/1/529 
f 1061/1/528 1062/1/528 1053/1/528 
f 1053/1/528 1052/1/528 1061/1/528 
f 1062/1/527 1063/1/527 1064/1/527 
f 1064/1/527 1053/1/527 1062/1/527 
f 1048/1/544 1053/1/544 1064/1/544 
f 1064/1/544 1065/1/544 1048/1/544 
f 1048/1/543 1065/1/543 1055/1/543 
f 1055/1/543 1049/1/543 1048/1/543 
f 1066/1/549 1067/1/549 1068/1/549 
f 1068/1/549 1069/1/549 1066/1/549 
f 1070/1/550 1071/1/550 1067/1/550 
f 1067/1/550 1066/1/550 1070/1/550 
f 1067/1/545 1072/1/545 1073/1/545 
f 1073/1/545 1068/1/545 1067/1/545 
f 1067/1/547 1071/1/547 1074/1/547 
f 1074/1/547 1072/1/547 1067/1/547 
f 1075/1/563 1076/1/563 1077/1/563 
f 1077/1/563 1069/1/563 1075/1/563 
f 1066/1/562 1069/1/562 1077/1/562 
f 1077/1/562 1078/1/562 1066/1/562 
f 1066/1/560 1078/1/560 1079/1/560 
f 1079/1/560 1070/1/560 1066/1/560 
f 1055/1/801 1070/1/801 1079/1/801 
f 1079/1/802 1056/1/802 1055/1/802 
f 1070/1/556 1055/1/556 1065/1/556 
f 1065/1/556 1071/1/556 1070/1/556 
f 1064/1/555 1074/1/555 1071/1/555 
f 1071/1/555 1065/1/555 1064/1/555 
f 1074/1/554 1064/1/554 1063/1/554 
f 1063/1/554 1080/1/554 1074/1/554 
f 1080/1/553 1081/1/553 1072/1/553 
f 1072/1/553 1074/1/553 1080/1/553 
f 1081/1/552 1082/1/552 1073/1/552 
f 1073/1/552 1072/1/552 1081/1/552 
f 1082/1/803 1083/1/803 1084/1/803 
f 1084/1/803 1073/1/803 1082/1/803 
f 1068/1/804 1073/1/804 1084/1/804 
f 1084/1/565 1085/1/565 1068/1/565 
f 1068/1/564 1085/1/564 1075/1/564 
f 1075/1/564 1069/1/564 1068/1/564 
f 1086/1/570 1087/1/570 1088/1/570 
f 1088/1/570 1089/1/570 1086/1/570 
f 1090/1/805 1091/1/805 1087/1/805 
f 1087/1/571 1086/1/571 1090/1/571 
f 1087/1/806 1092/1/806 1093/1/806 
f 1093/1/567 1088/1/567 1087/1/567 
f 1087/1/568 1091/1/568 1094/1/568 
f 1094/1/568 1092/1/568 1087/1/568 
f 1095/1/807 1096/1/807 1097/1/807 
f 1097/1/586 1089/1/586 1095/1/586 
f 1086/1/585 1089/1/585 1097/1/585 
f 1097/1/584 1098/1/584 1086/1/584 
f 1086/1/583 1098/1/583 1099/1/583 
f 1099/1/583 1090/1/583 1086/1/583 
f 1075/1/582 1090/1/582 1099/1/582 
f 1099/1/582 1076/1/582 1075/1/582 
f 1090/1/580 1075/1/580 1085/1/580 
f 1085/1/580 1091/1/580 1090/1/580 
f 1084/1/578 1094/1/578 1091/1/578 
f 1091/1/578 1085/1/578 1084/1/578 
f 1094/1/577 1084/1/577 1083/1/577 
f 1083/1/577 1100/1/577 1094/1/577 
f 1100/1/575 1101/1/575 1092/1/575 
f 1092/1/575 1094/1/575 1100/1/575 
f 1101/1/574 1102/1/574 1093/1/574 
f 1093/1/574 1092/1/574 1101/1/574 
f 1102/1/572 1103/1/572 1104/1/572 
f 1104/1/572 1093/1/572 1102/1/572 
f 1088/1/808 1093/1/808 1104/1/808 
f 1104/1/808 1105/1/808 1088/1/808 
f 1088/1/588 1105/1/588 1095/1/588 
f 1095/1/588 1089/1/588 1088/1/588 
f 1106/1/594 1107/1/594 1108/1/594 
f 1108/1/594 1109/1/594 1106/1/594 
f 1110/1/595 1111/1/595 1107/1/595 
f 1107/1/595 1106/1/595 1110/1/595 
f 1107/1/590 1112/1/590 1113/1/590 
f 1113/1/809 1108/1/809 1107/1/809 
f 1107/1/592 1111/1/592 1114/1/592 
f 1114/1/592 1112/1/592 1107/1/592 
f 1115/1/606 1116/1/606 1117/1/606 
f 1117/1/606 1109/1/606 1115/1/606 
f 1106/1/605 1109/1/605 1117/1/605 
f 1117/1/605 1118/1/605 1106/1/605 
f 1106/1/604 1118/1/604 1119/1/604 
f 1119/1/604 1110/1/604 1106/1/604 
f 1095/1/602 1110/1/602 1119/1/602 
f 1119/1/602 1096/1/602 1095/1/602 
f 1110/1/601 1095/1/601 1105/1/601 
f 1105/1/601 1111/1/601 1110/1/601 
f 1104/1/600 1114/1/600 1111/1/600 
f 1111/1/600 1105/1/600 1104/1/600 
f 1114/1/599 1104/1/599 1103/1/599 
f 1103/1/599 1120/1/599 1114/1/599 
f 1120/1/598 1121/1/598 1112/1/598 
f 1112/1/598 1114/1/598 1120/1/598 
f 1121/1/597 1122/1/597 1113/1/597 
f 1113/1/597 1112/1/597 1121/1/597 
f 1122/1/596 1123/1/596 1124/1/596 
f 1124/1/596 1113/1/596 1122/1/596 
f 1108/1/608 1113/1/608 1124/1/608 
f 1124/1/609 1125/1/609 1108/1/609 
f 1108/1/607 1125/1/607 1115/1/607 
f 1115/1/607 1109/1/607 1108/1/607 
f 1126/1/613 1127/1/613 1128/1/613 
f 1128/1/810 1129/1/810 1126/1/810 
f 1130/1/614 1131/1/614 1127/1/614 
f 1127/1/614 1126/1/614 1130/1/614 
f 1127/1/610 1132/1/610 1133/1/610 
f 1133/1/610 1128/1/610 1127/1/610 
f 1127/1/612 1131/1/612 1134/1/612 
f 1134/1/811 1132/1/811 1127/1/811 
f 1135/1/812 1136/1/812 1137/1/812 
f 1137/1/813 1129/1/813 1135/1/813 
f 1126/1/625 1129/1/625 1137/1/625 
f 1137/1/814 1138/1/814 1126/1/814 
f 1126/1/624 1138/1/624 1139/1/624 
f 1139/1/624 1130/1/624 1126/1/624 
f 1115/1/815 1130/1/815 1139/1/815 
f 1139/1/815 1116/1/815 1115/1/815 
f 1130/1/621 1115/1/621 1125/1/621 
f 1125/1/621 1131/1/621 1130/1/621 
f 1124/1/620 1134/1/620 1131/1/620 
f 1131/1/620 1125/1/620 1124/1/620 
f 1134/1/619 1124/1/619 1123/1/619 
f 1123/1/619 1140/1/619 1134/1/619 
f 1140/1/618 1141/1/618 1132/1/618 
f 1132/1/618 1134/1/618 1140/1/618 
f 1141/1/617 1142/1/617 1133/1/617 
f 1133/1/617 1132/1/617 1141/1/617 
f 1142/1/615 1143/1/615 1144/1/615 
f 1144/1/615 1133/1/615 1142/1/615 
f 1128/1/629 1133/1/629 1144/1/629 
f 1144/1/629 1145/1/629 1128/1/629 
f 1128/1/628 1145/1/628 1135/1/628 
f 1135/1/816 1129/1/816 1128/1/816 
f 1146/1/632 1147/1/632 1148/1/632 
f 1148/1/632 1149/1/632 1146/1/632 
f 1150/1/817 1151/1/817 1147/1/817 
f 1147/1/817 1146/1/817 1150/1/817 
f 1147/1/630 1152/1/630 1153/1/630 
f 1153/1/630 1148/1/630 1147/1/630 
f 1147/1/818 1151/1/818 1154/1/818 
f 1154/1/818 1152/1/818 1147/1/818 
f 1155/1/645 1156/1/645 1157/1/645 
f 1157/1/645 1149/1/645 1155/1/645 
f 1146/1/819 1149/1/819 1157/1/819 
f 1157/1/644 1158/1/644 1146/1/644 
f 1146/1/642 1158/1/642 1159/1/642 
f 1159/1/642 1150/1/642 1146/1/642 
f 1135/1/641 1150/1/641 1159/1/641 
f 1159/1/641 1136/1/641 1135/1/641 
f 1150/1/640 1135/1/640 1145/1/640 
f 1145/1/640 1151/1/640 1150/1/640 
f 1144/1/820 1154/1/820 1151/1/820 
f 1151/1/639 1145/1/639 1144/1/639 
f 1154/1/638 1144/1/638 1143/1/638 
f 1143/1/638 1160/1/638 1154/1/638 
f 1160/1/637 1161/1/637 1152/1/637 
f 1152/1/637 1154/1/637 1160/1/637 
f 1161/1/636 1162/1/636 1153/1/636 
f 1153/1/636 1152/1/636 1161/1/636 
f 1162/1/634 1163/1/634 1164/1/634 
f 1164/1/634 1153/1/634 1162/1/634 
f 1148/1/647 1153/1/647 1164/1/647 
f 1164/1/647 1165/1/647 1148/1/647 
f 1148/1/646 1165/1/646 1155/1/646 
f 1155/1/646 1149/1/646 1148/1/646 
f 1166/1/653 1167/1/653 1168/1/653 
f 1168/1/653 1169/1/653 1166/1/653 
f 1170/1/656 1171/1/656 1167/1/656 
f 1167/1/656 1166/1/656 1170/1/656 
f 1167/1/649 1172/1/649 1173/1/649 
f 1173/1/649 1168/1/649 1167/1/649 
f 1167/1/650 1171/1/650 1174/1/650 
f 1174/1/650 1172/1/650 1167/1/650 
f 1175/1/821 1176/1/821 1177/1/821 
f 1177/1/821 1169/1/821 1175/1/821 
f 1166/1/668 1169/1/668 1177/1/668 
f 1177/1/822 1178/1/822 1166/1/822 
f 1166/1/667 1178/1/667 1179/1/667 
f 1179/1/666 1170/1/666 1166/1/666 
f 1155/1/665 1170/1/665 1179/1/665 
f 1179/1/665 1156/1/665 1155/1/665 
f 1170/1/664 1155/1/664 1165/1/664 
f 1165/1/664 1171/1/664 1170/1/664 
f 1164/1/662 1174/1/662 1171/1/662 
f 1171/1/662 1165/1/662 1164/1/662 
f 1174/1/823 1164/1/823 1163/1/823 
f 1163/1/824 1180/1/824 1174/1/824 
f 1180/1/659 1181/1/659 1172/1/659 
f 1172/1/659 1174/1/659 1180/1/659 
f 1181/1/825 1182/1/825 1173/1/825 
f 1173/1/825 1172/1/825 1181/1/825 
f 1182/1/657 1183/1/657 1184/1/657 
f 1184/1/657 1173/1/657 1182/1/657 
f 1168/1/826 1173/1/826 1184/1/826 
f 1184/1/826 1185/1/826 1168/1/826 
f 1168/1/670 1185/1/670 1175/1/670 
f 1175/1/670 1169/1/670 1168/1/670 
f 1186/1/677 1187/1/677 1188/1/677 
f 1188/1/677 1189/1/677 1186/1/677 
f 1190/1/827 1191/1/827 1187/1/827 
f 1187/1/828 1186/1/828 1190/1/828 
f 1187/1/674 1192/1/674 1193/1/674 
f 1193/1/674 1188/1/674 1187/1/674 
f 1187/1/675 1191/1/675 1194/1/675 
f 1194/1/829 1192/1/829 1187/1/829 
f 1195/1/691 1196/1/691 1197/1/691 
f 1197/1/691 1189/1/691 1195/1/691 
f 1186/1/690 1189/1/690 1197/1/690 
f 1197/1/690 1198/1/690 1186/1/690 
f 1186/1/689 1198/1/689 1199/1/689 
f 1199/1/689 1190/1/689 1186/1/689 
f 1175/1/688 1190/1/688 1199/1/688 
f 1199/1/688 1176/1/688 1175/1/688 
f 1190/1/686 1175/1/686 1185/1/686 
f 1185/1/687 1191/1/687 1190/1/687 
f 1184/1/685 1194/1/685 1191/1/685 
f 1191/1/685 1185/1/685 1184/1/685 
f 1194/1/684 1184/1/684 1183/1/684 
f 1183/1/684 1200/1/684 1194/1/684 
f 1200/1/683 1201/1/683 1192/1/683 
f 1192/1/683 1194/1/683 1200/1/683 
f 1201/1/682 1202/1/682 1193/1/682 
f 1193/1/682 1192/1/682 1201/1/682 
f 1202/1/830 1203/1/830 1204/1/830 
f 1204/1/830 1193/1/830 1202/1/830 
f 1188/1/694 1193/1/694 1204/1/694 
f 1204/1/693 1205/1/694 1188/1/694 
f 1188/1/692 1205/1/692 1195/1/692 
f 1195/1/692 1189/1/692 1188/1/692 
f 1206/1/697 1207/1/697 1208/1/697 
f 1208/1/831 1209/1/831 1206/1/831 
f 1210/1/698 1211/1/698 1207/1/698 
f 1207/1/832 1206/1/698 1210/1/698 
f 1207/1/695 1212/1/695 1213/1/695 
f 1213/1/695 1208/1/695 1207/1/695 
f 1207/1/696 1211/1/696 1214/1/696 
f 1214/1/696 1212/1/696 1207/1/696 
f 1215/1/712 1216/1/712 1217/1/712 
f 1217/1/712 1209/1/712 1215/1/712 
f 1206/1/711 1209/1/711 1217/1/711 
f 1217/1/711 1218/1/711 1206/1/711 
f 1206/1/833 1218/1/833 1219/1/833 
f 1219/1/833 1210/1/833 1206/1/833 
f 1195/1/708 1210/1/708 1219/1/708 
f 1219/1/708 1196/1/708 1195/1/708 
f 1210/1/707 1195/1/707 1205/1/707 
f 1205/1/707 1211/1/707 1210/1/707 
f 1204/1/834 1214/1/834 1211/1/834 
f 1211/1/705 1205/1/705 1204/1/705 
f 1214/1/704 1204/1/704 1203/1/704 
f 1203/1/704 1220/1/704 1214/1/704 
f 1220/1/703 1221/1/703 1212/1/703 
f 1212/1/703 1214/1/703 1220/1/703 
f 1221/1/702 1222/1/702 1213/1/702 
f 1213/1/702 1212/1/702 1221/1/702 
f 1222/1/700 1223/1/700 1224/1/700 
f 1224/1/700 1213/1/700 1222/1/700 
f 1208/1/835 1213/1/835 1224/1/835 
f 1224/1/714 1225/1/714 1208/1/714 
f 1208/1/713 1225/1/713 1215/1/713 
f 1215/1/713 1209/1/713 1208/1/713 
f 1226/1/717 1227/1/717 1228/1/717 
f 1228/1/717 1229/1/717 1226/1/717 
f 1230/1/718 1231/1/718 1227/1/718 
f 1227/1/718 1226/1/718 1230/1/718 
f 1227/1/715 1232/1/715 1233/1/715 
f 1233/1/715 1228/1/715 1227/1/715 
f 1227/1/716 1231/1/716 1234/1/716 
f 1234/1/716 1232/1/716 1227/1/716 
f 1235/1/728 1236/1/728 1237/1/728 
f 1237/1/728 1229/1/728 1235/1/728 
f 1226/1/727 1229/1/727 1237/1/727 
f 1237/1/727 1238/1/727 1226/1/727 
f 1226/1/726 1238/1/726 1239/1/726 
f 1239/1/726 1230/1/726 1226/1/726 
f 1215/1/725 1230/1/725 1239/1/725 
f 1239/1/725 1216/1/725 1215/1/725 
f 1230/1/724 1215/1/724 1225/1/724 
f 1225/1/724 1231/1/724 1230/1/724 
f 1224/1/723 1234/1/723 1231/1/723 
f 1231/1/723 1225/1/723 1224/1/723 
f 1234/1/836 1224/1/836 1223/1/836 
f 1223/1/722 1240/1/722 1234/1/722 
f 1240/1/721 1241/1/721 1232/1/721 
f 1232/1/721 1234/1/721 1240/1/721 
f 1241/1/837 1242/1/837 1233/1/837 
f 1233/1/720 1232/1/720 1241/1/720 
f 1242/1/719 1243/1/719 1244/1/719 
f 1244/1/719 1233/1/719 1242/1/719 
f 1228/1/838 1233/1/838 1244/1/838 
f 1244/1/838 1245/1/838 1228/1/838 
f 1228/1/839 1245/1/839 1235/1/839 
f 1235/1/729 1229/1/729 1228/1/729 
f 1246/1/840 1247/1/840 1248/1/840 
f 1248/1/736 1249/1/736 1246/1/736 
f 1250/1/841 1251/1/841 1247/1/841 
f 1247/1/737 1246/1/737 1250/1/737 
f 1247/1/733 1252/1/733 1253/1/733 
f 1253/1/733 1248/1/733 1247/1/733 
f 1247/1/735 1251/1/735 1254/1/735 
f 1254/1/735 1252/1/842 1247/1/735 
f 1255/1/751 1256/1/751 1257/1/751 
f 1257/1/843 1249/1/843 1255/1/843 
f 1246/1/750 1249/1/750 1257/1/750 
f 1257/1/750 1258/1/750 1246/1/750 
f 1246/1/748 1258/1/748 1259/1/748 
f 1259/1/749 1250/1/749 1246/1/749 
f 1235/1/747 1250/1/747 1259/1/747 
f 1259/1/747 1236/1/747 1235/1/747 
f 1250/1/844 1235/1/844 1245/1/844 
f 1245/1/845 1251/1/845 1250/1/845 
f 1244/1/846 1254/1/846 1251/1/846 
f 1251/1/846 1245/1/846 1244/1/846 
f 1254/1/743 1244/1/847 1243/1/743 
f 1243/1/743 1260/1/743 1254/1/743 
f 1260/1/742 1261/1/742 1252/1/742 
f 1252/1/848 1254/1/848 1260/1/848 
f 1261/1/741 1262/1/741 1253/1/741 
f 1253/1/741 1252/1/741 1261/1/741 
f 1262/1/739 1263/1/739 1264/1/739 
f 1264/1/739 1253/1/739 1262/1/739 
f 1248/1/754 1253/1/754 1264/1/754 
f 1264/1/849 1265/1/849 1248/1/849 
f 1248/1/850 1265/1/850 1255/1/850 
f 1255/1/752 1249/1/752 1248/1/752 
f 1266/1/757 1267/1/757 1268/1/757 
f 1268/1/757 1269/1/757 1266/1/757 
f 1270/1/758 1271/1/758 1267/1/758 
f 1267/1/758 1266/1/758 1270/1/758 
f 1267/1/755 1272/1/755 1273/1/755 
f 1273/1/755 1268/1/755 1267/1/755 
f 1267/1/756 1271/1/756 1274/1/756 
f 1274/1/851 1272/1/851 1267/1/851 
f 16/1/772 15/1/772 1275/1/772 
f 1275/1/772 1269/1/772 16/1/772 
f 1266/1/771 1269/1/771 1275/1/771 
f 1275/1/771 1276/1/771 1266/1/771 
f 1266/1/769 1276/1/769 1277/1/769 
f 1277/1/770 1270/1/770 1266/1/770 
f 1255/1/768 1270/1/768 1277/1/768 
f 1277/1/852 1256/1/852 1255/1/852 
f 1270/1/766 1255/1/766 1265/1/766 
f 1265/1/766 1271/1/766 1270/1/766 
f 1264/1/765 1274/1/853 1271/1/765 
f 1271/1/765 1265/1/765 1264/1/765 
f 1274/1/764 1264/1/764 1263/1/764 
f 1263/1/854 1278/1/854 1274/1/854 
f 1278/1/761 1279/1/761 1272/1/761 
f 1272/1/761 1274/1/761 1278/1/761 
f 1279/1/760 1280/1/760 1273/1/760 
f 1273/1/760 1272/1/760 1279/1/760 
f 18/1/759 1273/1/759 1280/1/759 
f 1280/1/759 20/1/759 18/1/759 
f 1273/1/775 18/1/775 17/1/775 
f 17/1/775 1268/1/775 1273/1/775 
f 1268/1/773 17/1/773 16/1/773 
f 16/1/773 1269/1/773 1268/1/773 
f 1281/1/855 1282/1/855 1283/1/855 
f 1283/1/855 1284/1/855 1281/1/855 
f 1285/1/856 1286/1/856 1282/1/856 
f 1282/1/856 1281/1/856 1285/1/856 
f 1282/1/857 1287/1/857 1288/1/857 
f 1288/1/857 1283/1/857 1282/1/857 
f 1289/1/858 1287/1/858 1282/1/858 
f 1282/1/859 1286/1/859 1289/1/859 
f 1290/1/860 526/1/860 548/1/860 
f 548/1/860 1284/1/860 1290/1/860 
f 1284/1/861 548/1/861 547/1/861 
f 547/1/861 1281/1/861 1284/1/861 
f 1285/1/862 1281/1/862 547/1/862 
f 547/1/862 545/1/862 1285/1/862 
f 1285/1/863 545/1/863 546/1/863 
f 546/1/863 1291/1/863 1285/1/863 
f 1285/1/864 1291/1/864 1292/1/864 
f 1292/1/864 1286/1/864 1285/1/864 
f 1293/1/865 1289/1/865 1286/1/865 
f 1286/1/865 1292/1/865 1293/1/865 
f 1289/1/866 1293/1/866 1163/1/866 
f 1163/1/866 1162/1/866 1289/1/866 
f 1289/1/867 1162/1/867 1161/1/867 
f 1161/1/867 1287/1/867 1289/1/867 
f 1161/1/868 1160/1/868 1288/1/868 
f 1288/1/868 1287/1/868 1161/1/868 
f 1160/1/869 1143/1/869 1294/1/869 
f 1294/1/869 1288/1/869 1160/1/869 
f 1283/1/870 1288/1/870 1294/1/870 
f 1294/1/870 1295/1/870 1283/1/870 
f 1283/1/871 1295/1/871 1290/1/871 
f 1290/1/871 1284/1/871 1283/1/871 
f 1296/1/872 1297/1/872 1298/1/872 
f 1298/1/872 1299/1/872 1296/1/872 
f 1300/1/873 1301/1/873 1297/1/873 
f 1297/1/873 1296/1/873 1300/1/873 
f 1297/1/874 1302/1/874 1303/1/874 
f 1303/1/875 1298/1/875 1297/1/875 
f 1301/1/876 1304/1/876 1302/1/876 
f 1302/1/877 1297/1/877 1301/1/877 
f 49/1/878 660/1/878 1299/1/878 
f 1299/1/879 1305/1/879 49/1/879 
f 665/1/880 1296/1/880 1299/1/880 
f 1299/1/880 660/1/880 665/1/880 
f 665/1/881 664/1/881 1300/1/881 
f 1300/1/881 1296/1/881 665/1/881 
f 664/1/882 641/1/882 1306/1/882 
f 1306/1/883 1300/1/883 664/1/883 
f 1300/1/884 1306/1/884 1307/1/884 
f 1307/1/885 1301/1/885 1300/1/885 
f 1308/1/886 1304/1/886 1301/1/886 
f 1301/1/887 1307/1/887 1308/1/887 
f 1304/1/888 1308/1/888 1256/1/888 
f 1256/1/888 1277/1/888 1304/1/888 
f 1304/1/889 1277/1/889 1276/1/889 
f 1276/1/890 1302/1/890 1304/1/890 
f 1302/1/891 1276/1/891 1275/1/891 
f 1275/1/892 1303/1/892 1302/1/892 
f 1275/1/893 15/1/893 1309/1/893 
f 1309/1/894 1303/1/894 1275/1/894 
f 1303/1/895 1309/1/895 1310/1/895 
f 1310/1/895 1298/1/895 1303/1/895 
f 1298/1/896 1310/1/896 1305/1/896 
f 1305/1/897 1299/1/897 1298/1/897 
f 1311/1/898 1312/1/898 1313/1/898 
f 1313/1/899 1314/1/899 1311/1/899 
f 1315/1/900 1316/1/900 1312/1/900 
f 1312/1/901 1311/1/901 1315/1/901 
f 1312/1/902 1317/1/902 1318/1/902 
f 1318/1/902 1313/1/902 1312/1/902 
f 1312/1/903 1316/1/903 1319/1/903 
f 1319/1/903 1317/1/903 1312/1/903 
f 1314/1/904 1320/1/904 141/1/904 
f 141/1/904 140/1/904 1314/1/904 
f 1314/1/905 140/1/905 150/1/905 
f 150/1/905 1311/1/905 1314/1/905 
f 1315/1/906 1311/1/906 150/1/906 
f 150/1/906 149/1/906 1315/1/906 
f 149/1/907 121/1/907 1321/1/907 
f 1321/1/907 1315/1/907 149/1/907 
f 1315/1/908 1321/1/908 1322/1/908 
f 1322/1/908 1316/1/908 1315/1/908 
f 1323/1/909 1319/1/909 1316/1/909 
f 1316/1/910 1322/1/910 1323/1/910 
f 736/1/911 759/1/911 1319/1/911 
f 1319/1/911 1323/1/911 736/1/911 
f 1319/1/912 759/1/912 758/1/912 
f 758/1/912 1317/1/912 1319/1/912 
f 758/1/913 757/1/913 1318/1/913 
f 1318/1/913 1317/1/913 758/1/913 
f 757/1/914 756/1/914 1324/1/914 
f 1324/1/914 1318/1/914 757/1/914 
f 1325/1/915 1313/1/915 1318/1/915 
f 1318/1/915 1324/1/915 1325/1/915 
f 1313/1/916 1325/1/916 1320/1/916 
f 1320/1/916 1314/1/916 1313/1/916 
f 1326/1/917 1327/1/917 1328/1/917 
f 1328/1/917 1329/1/917 1326/1/917 
f 1330/1/918 1331/1/918 1327/1/918 
f 1327/1/919 1326/1/919 1330/1/919 
f 1327/1/920 1332/1/920 1333/1/920 
f 1333/1/921 1328/1/921 1327/1/921 
f 1334/1/922 1332/1/922 1327/1/922 
f 1327/1/922 1331/1/922 1334/1/922 
f 1329/1/923 1291/1/923 546/1/923 
f 546/1/923 568/1/923 1329/1/923 
f 1329/1/924 568/1/924 567/1/924 
f 567/1/924 1326/1/924 1329/1/924 
f 1330/1/925 1326/1/925 567/1/925 
f 567/1/925 565/1/925 1330/1/925 
f 1335/1/926 1330/1/926 565/1/926 
f 565/1/926 566/1/926 1335/1/926 
f 1335/1/927 1336/1/927 1331/1/927 
f 1331/1/927 1330/1/927 1335/1/927 
f 1337/1/928 1334/1/928 1331/1/928 
f 1331/1/929 1336/1/929 1337/1/929 
f 1334/1/930 1337/1/930 1183/1/930 
f 1183/1/931 1182/1/931 1334/1/931 
f 1334/1/932 1182/1/932 1181/1/932 
f 1181/1/933 1332/1/933 1334/1/933 
f 1181/1/934 1180/1/934 1333/1/934 
f 1333/1/935 1332/1/935 1181/1/935 
f 1163/1/936 1293/1/936 1333/1/936 
f 1333/1/937 1180/1/937 1163/1/937 
f 1328/1/938 1333/1/938 1293/1/938 
f 1293/1/938 1292/1/938 1328/1/938 
f 1329/1/939 1328/1/939 1292/1/939 
f 1292/1/939 1291/1/939 1329/1/939 
f 1338/1/940 1339/1/940 1340/1/940 
f 1340/1/940 1341/1/940 1338/1/940 
f 1342/1/941 1343/1/941 1339/1/941 
f 1339/1/942 1338/1/942 1342/1/942 
f 1339/1/943 1344/1/943 1345/1/943 
f 1345/1/944 1340/1/944 1339/1/944 
f 1343/1/945 1346/1/945 1344/1/945 
f 1344/1/946 1339/1/946 1343/1/946 
f 1347/1/947 45/1/947 43/1/947 
f 43/1/947 1341/1/947 1347/1/947 
f 42/1/948 1338/1/948 1341/1/948 
f 1341/1/948 43/1/948 42/1/948 
f 41/1/949 1342/1/949 1338/1/949 
f 1338/1/950 42/1/950 41/1/950 
f 1348/1/951 1342/1/951 41/1/951 
f 41/1/951 40/1/951 1348/1/951 
f 1348/1/952 1349/1/952 1343/1/952 
f 1343/1/953 1342/1/953 1348/1/953 
f 1350/1/954 1346/1/954 1343/1/954 
f 1343/1/955 1349/1/955 1350/1/955 
f 1350/1/956 23/1/956 22/1/956 
f 22/1/956 1346/1/956 1350/1/956 
f 1344/1/957 1346/1/957 22/1/957 
f 22/1/957 21/1/957 1344/1/957 
f 1345/1/958 1344/1/958 21/1/958 
f 21/1/959 19/1/959 1345/1/959 
f 19/1/960 20/1/960 1351/1/960 
f 1351/1/960 1345/1/960 19/1/960 
f 1340/1/961 1345/1/961 1351/1/961 
f 1351/1/961 1352/1/961 1340/1/961 
f 1352/1/962 1347/1/962 1341/1/962 
f 1341/1/962 1340/1/962 1352/1/962 
f 1353/1/963 1354/1/963 1355/1/963 
f 1355/1/963 1356/1/963 1353/1/963 
f 1357/1/964 1358/1/964 1354/1/964 
f 1354/1/965 1353/1/965 1357/1/965 
f 1354/1/966 1359/1/966 1360/1/966 
f 1360/1/966 1355/1/966 1354/1/966 
f 1358/1/967 1361/1/967 1359/1/967 
f 1359/1/968 1354/1/968 1358/1/968 
f 1362/1/969 161/1/969 160/1/969 
f 160/1/970 1356/1/970 1362/1/970 
f 170/1/971 1353/1/971 1356/1/971 
f 1356/1/971 160/1/971 170/1/971 
f 170/1/972 169/1/972 1357/1/972 
f 1357/1/972 1353/1/972 170/1/972 
f 1320/1/973 1357/1/973 169/1/973 
f 169/1/973 141/1/973 1320/1/973 
f 1358/1/974 1357/1/974 1320/1/974 
f 1320/1/974 1325/1/974 1358/1/974 
f 1358/1/975 1325/1/975 1324/1/975 
f 1324/1/975 1361/1/975 1358/1/975 
f 756/1/976 779/1/976 1361/1/976 
f 1361/1/977 1324/1/977 756/1/977 
f 1361/1/978 779/1/978 778/1/978 
f 778/1/979 1359/1/979 1361/1/979 
f 1359/1/980 778/1/980 777/1/980 
f 777/1/981 1360/1/981 1359/1/981 
f 776/1/982 1363/1/982 1360/1/982 
f 1360/1/982 777/1/982 776/1/982 
f 1364/1/983 1355/1/983 1360/1/983 
f 1360/1/984 1363/1/984 1364/1/984 
f 1364/1/985 1362/1/985 1356/1/985 
f 1356/1/985 1355/1/985 1364/1/985 
f 1365/1/986 1366/1/986 1367/1/986 
f 1367/1/986 1368/1/986 1365/1/986 
f 1369/1/987 1370/1/987 1366/1/987 
f 1366/1/987 1365/1/987 1369/1/987 
f 1366/1/988 1371/1/988 1372/1/988 
f 1372/1/988 1367/1/988 1366/1/988 
f 1373/1/989 1371/1/989 1366/1/989 
f 1366/1/990 1370/1/990 1373/1/990 
f 1335/1/991 566/1/991 588/1/991 
f 588/1/991 1368/1/991 1335/1/991 
f 1368/1/992 588/1/992 587/1/992 
f 587/1/992 1365/1/992 1368/1/992 
f 1369/1/993 1365/1/993 587/1/993 
f 587/1/993 585/1/993 1369/1/993 
f 1374/1/994 1369/1/994 585/1/994 
f 585/1/995 586/1/995 1374/1/995 
f 1374/1/996 1375/1/996 1370/1/996 
f 1370/1/997 1369/1/997 1374/1/997 
f 1375/1/998 1376/1/998 1373/1/998 
f 1373/1/998 1370/1/998 1375/1/998 
f 1373/1/999 1376/1/999 1203/1/999 
f 1203/1/1000 1202/1/1000 1373/1/1000 
f 1373/1/1001 1202/1/1001 1201/1/1001 
f 1201/1/1001 1371/1/1001 1373/1/1001 
f 1201/1/1002 1200/1/1002 1372/1/1002 
f 1372/1/1002 1371/1/1002 1201/1/1002 
f 1200/1/1003 1183/1/1003 1337/1/1003 
f 1337/1/1003 1372/1/1003 1200/1/1003 
f 1337/1/1004 1336/1/1004 1367/1/1004 
f 1367/1/1004 1372/1/1004 1337/1/1004 
f 1335/1/1005 1368/1/1005 1367/1/1005 
f 1367/1/1006 1336/1/1006 1335/1/1006 
f 1377/1/1007 1378/1/1007 1379/1/1007 
f 1379/1/1007 1380/1/1007 1377/1/1007 
f 1381/1/1008 1382/1/1008 1378/1/1008 
f 1378/1/1008 1377/1/1008 1381/1/1008 
f 1378/1/1009 1383/1/1009 1384/1/1009 
f 1384/1/1009 1379/1/1009 1378/1/1009 
f 1382/1/1010 1385/1/1010 1383/1/1010 
f 1383/1/1011 1378/1/1011 1382/1/1011 
f 1348/1/1012 40/1/1012 68/1/1012 
f 68/1/1012 1380/1/1012 1348/1/1012 
f 67/1/1013 1377/1/1013 1380/1/1013 
f 1380/1/1013 68/1/1013 67/1/1013 
f 66/1/1014 1381/1/1014 1377/1/1014 
f 1377/1/1014 67/1/1014 66/1/1014 
f 66/1/1015 65/1/1015 1386/1/1015 
f 1386/1/1016 1381/1/1016 66/1/1016 
f 1386/1/1017 1387/1/1017 1382/1/1017 
f 1382/1/1017 1381/1/1017 1386/1/1017 
f 1388/1/1018 1385/1/1018 1382/1/1018 
f 1382/1/1018 1387/1/1018 1388/1/1018 
f 1385/1/1019 1388/1/1019 683/1/1019 
f 683/1/1020 682/1/1020 1385/1/1020 
f 1383/1/1021 1385/1/1021 682/1/1021 
f 682/1/1021 681/1/1021 1383/1/1021 
f 1384/1/1022 1383/1/1022 681/1/1022 
f 681/1/1022 680/1/1022 1384/1/1022 
f 680/1/1023 23/1/1023 1350/1/1023 
f 1350/1/1023 1384/1/1023 680/1/1023 
f 1349/1/1024 1379/1/1024 1384/1/1024 
f 1384/1/1024 1350/1/1024 1349/1/1024 
f 1380/1/1025 1379/1/1025 1349/1/1025 
f 1349/1/1025 1348/1/1025 1380/1/1025 
f 1389/1/1026 1390/1/1026 1391/1/1026 
f 1391/1/1026 1392/1/1026 1389/1/1026 
f 1393/1/1027 1394/1/1027 1390/1/1027 
f 1390/1/1028 1389/1/1028 1393/1/1028 
f 1390/1/1029 1395/1/1029 1396/1/1029 
f 1396/1/1030 1391/1/1030 1390/1/1030 
f 1394/1/1031 1397/1/1031 1395/1/1031 
f 1395/1/1031 1390/1/1031 1394/1/1031 
f 1392/1/1032 1398/1/1032 181/1/1032 
f 181/1/1032 180/1/1032 1392/1/1032 
f 190/1/1033 1389/1/1033 1392/1/1033 
f 1392/1/1033 180/1/1033 190/1/1033 
f 190/1/1034 189/1/1034 1393/1/1034 
f 1393/1/1034 1389/1/1034 190/1/1034 
f 161/1/1035 1362/1/1035 1393/1/1035 
f 1393/1/1035 189/1/1035 161/1/1035 
f 1362/1/1036 1364/1/1036 1394/1/1036 
f 1394/1/1036 1393/1/1036 1362/1/1036 
f 1397/1/1037 1394/1/1037 1364/1/1037 
f 1364/1/1037 1363/1/1037 1397/1/1037 
f 1397/1/1038 1363/1/1038 776/1/1038 
f 776/1/1039 799/1/1039 1397/1/1039 
f 1397/1/1040 799/1/1040 798/1/1040 
f 798/1/1041 1395/1/1041 1397/1/1041 
f 1395/1/1042 798/1/1042 797/1/1042 
f 797/1/1042 1396/1/1042 1395/1/1042 
f 797/1/1043 796/1/1043 1399/1/1043 
f 1399/1/1043 1396/1/1043 797/1/1043 
f 1391/1/1044 1396/1/1044 1399/1/1044 
f 1399/1/1044 1400/1/1044 1391/1/1044 
f 1400/1/1045 1398/1/1045 1392/1/1045 
f 1392/1/1045 1391/1/1045 1400/1/1045 
f 1401/1/1046 1402/1/1046 1403/1/1046 
f 1403/1/1046 1404/1/1046 1401/1/1046 
f 1405/1/1047 1406/1/1047 1402/1/1047 
f 1402/1/1048 1401/1/1048 1405/1/1048 
f 1402/1/1049 1407/1/1049 1408/1/1049 
f 1408/1/1049 1403/1/1049 1402/1/1049 
f 1409/1/1050 1407/1/1050 1402/1/1050 
f 1402/1/1050 1406/1/1050 1409/1/1050 
f 1374/1/1051 586/1/1051 608/1/1051 
f 608/1/1052 1404/1/1052 1374/1/1052 
f 1404/1/1053 608/1/1053 607/1/1053 
f 607/1/1053 1401/1/1053 1404/1/1053 
f 1405/1/1054 1401/1/1054 607/1/1054 
f 607/1/1055 605/1/1055 1405/1/1055 
f 1410/1/1056 1405/1/1056 605/1/1056 
f 605/1/1056 606/1/1056 1410/1/1056 
f 1410/1/1057 1411/1/1057 1406/1/1057 
f 1406/1/1057 1405/1/1057 1410/1/1057 
f 1409/1/1058 1406/1/1058 1411/1/1058 
f 1411/1/1058 1412/1/1058 1409/1/1058 
f 1409/1/1059 1412/1/1059 1223/1/1059 
f 1223/1/1059 1222/1/1059 1409/1/1059 
f 1409/1/1060 1222/1/1060 1221/1/1060 
f 1221/1/1060 1407/1/1060 1409/1/1060 
f 1221/1/1061 1220/1/1061 1408/1/1061 
f 1408/1/1061 1407/1/1061 1221/1/1061 
f 1203/1/1062 1376/1/1062 1408/1/1062 
f 1408/1/1062 1220/1/1062 1203/1/1062 
f 1375/1/1063 1403/1/1063 1408/1/1063 
f 1408/1/1063 1376/1/1063 1375/1/1063 
f 1404/1/1064 1403/1/1064 1375/1/1064 
f 1375/1/1064 1374/1/1064 1404/1/1064 
f 1413/1/1065 1414/1/1065 1415/1/1065 
f 1415/1/1066 1416/1/1066 1413/1/1066 
f 1417/1/1067 1418/1/1067 1414/1/1067 
f 1414/1/1067 1413/1/1067 1417/1/1067 
f 1414/1/1068 1419/1/1068 1420/1/1068 
f 1420/1/1069 1415/1/1069 1414/1/1069 
f 1418/1/1070 1421/1/1070 1419/1/1070 
f 1419/1/1071 1414/1/1071 1418/1/1071 
f 1386/1/1072 65/1/1072 88/1/1072 
f 88/1/1072 1416/1/1072 1386/1/1072 
f 1416/1/1073 88/1/1073 87/1/1073 
f 87/1/1073 1413/1/1073 1416/1/1073 
f 86/1/1074 1417/1/1074 1413/1/1074 
f 1413/1/1074 87/1/1074 86/1/1074 
f 86/1/1075 85/1/1075 1422/1/1075 
f 1422/1/1075 1417/1/1075 86/1/1075 
f 1422/1/1076 1423/1/1076 1418/1/1076 
f 1418/1/1076 1417/1/1076 1422/1/1076 
f 1421/1/1077 1418/1/1077 1423/1/1077 
f 1423/1/1077 1424/1/1077 1421/1/1077 
f 1421/1/1078 1424/1/1078 703/1/1078 
f 703/1/1079 702/1/1079 1421/1/1079 
f 1419/1/1080 1421/1/1080 702/1/1080 
f 702/1/1081 701/1/1081 1419/1/1081 
f 701/1/1082 700/1/1082 1420/1/1082 
f 1420/1/1082 1419/1/1082 701/1/1082 
f 700/1/1083 683/1/1083 1388/1/1083 
f 1388/1/1084 1420/1/1084 700/1/1084 
f 1387/1/1085 1415/1/1085 1420/1/1085 
f 1420/1/1085 1388/1/1085 1387/1/1085 
f 1415/1/1086 1387/1/1086 1386/1/1086 
f 1386/1/1086 1416/1/1086 1415/1/1086 
f 1425/1/1087 1426/1/1087 1427/1/1087 
f 1427/1/1087 1428/1/1087 1425/1/1087 
f 1429/1/1088 1430/1/1088 1426/1/1088 
f 1426/1/1088 1425/1/1088 1429/1/1088 
f 1426/1/1089 1431/1/1089 1432/1/1089 
f 1432/1/1089 1427/1/1089 1426/1/1089 
f 1430/1/1090 1433/1/1090 1431/1/1090 
f 1431/1/1091 1426/1/1091 1430/1/1091 
f 201/1/1092 200/1/1092 1428/1/1092 
f 1428/1/1093 1434/1/1093 201/1/1093 
f 210/1/1094 1425/1/1094 1428/1/1094 
f 1428/1/1094 200/1/1094 210/1/1094 
f 210/1/1095 209/1/1095 1429/1/1095 
f 1429/1/1095 1425/1/1095 210/1/1095 
f 1429/1/1096 209/1/1096 181/1/1096 
f 181/1/1096 1398/1/1096 1429/1/1096 
f 1430/1/1097 1429/1/1097 1398/1/1097 
f 1398/1/1097 1400/1/1097 1430/1/1097 
f 1399/1/1098 1433/1/1098 1430/1/1098 
f 1430/1/1098 1400/1/1098 1399/1/1098 
f 819/1/1099 1433/1/1099 1399/1/1099 
f 1399/1/1100 796/1/1100 819/1/1100 
f 1433/1/1101 819/1/1101 818/1/1101 
f 818/1/1102 1431/1/1102 1433/1/1102 
f 1431/1/1103 818/1/1103 817/1/1103 
f 817/1/1104 1432/1/1104 1431/1/1104 
f 817/1/1105 816/1/1105 1435/1/1105 
f 1435/1/1105 1432/1/1105 817/1/1105 
f 1427/1/1106 1432/1/1106 1435/1/1106 
f 1435/1/1107 1436/1/1107 1427/1/1107 
f 1436/1/1108 1434/1/1108 1428/1/1108 
f 1428/1/1108 1427/1/1108 1436/1/1108 
f 1437/1/1109 1438/1/1109 1439/1/1109 
f 1439/1/1110 1440/1/1110 1437/1/1110 
f 1441/1/1111 1442/1/1111 1438/1/1111 
f 1438/1/1112 1437/1/1112 1441/1/1112 
f 1438/1/1113 1443/1/1113 1444/1/1113 
f 1444/1/1113 1439/1/1113 1438/1/1113 
f 1445/1/1114 1443/1/1114 1438/1/1114 
f 1438/1/1114 1442/1/1114 1445/1/1114 
f 1410/1/1115 606/1/1115 628/1/1115 
f 628/1/1116 1440/1/1116 1410/1/1116 
f 1440/1/1117 628/1/1117 627/1/1117 
f 627/1/1118 1437/1/1118 1440/1/1118 
f 1441/1/1119 1437/1/1119 627/1/1119 
f 627/1/1119 625/1/1119 1441/1/1119 
f 1446/1/1120 1441/1/1120 625/1/1120 
f 625/1/1121 626/1/1121 1446/1/1121 
f 1446/1/1122 1447/1/1122 1442/1/1122 
f 1442/1/1122 1441/1/1122 1446/1/1122 
f 1445/1/1123 1442/1/1123 1447/1/1123 
f 1447/1/1123 1448/1/1123 1445/1/1123 
f 1445/1/1124 1448/1/1124 1243/1/1124 
f 1243/1/1124 1242/1/1124 1445/1/1124 
f 1445/1/1125 1242/1/1125 1241/1/1125 
f 1241/1/1126 1443/1/1126 1445/1/1126 
f 1241/1/1127 1240/1/1127 1444/1/1127 
f 1444/1/1127 1443/1/1127 1241/1/1127 
f 1240/1/1128 1223/1/1128 1412/1/1128 
f 1412/1/1128 1444/1/1128 1240/1/1128 
f 1439/1/1129 1444/1/1129 1412/1/1129 
f 1412/1/1130 1411/1/1130 1439/1/1130 
f 1440/1/1131 1439/1/1131 1411/1/1131 
f 1411/1/1132 1410/1/1132 1440/1/1132 
f 1449/1/1133 1450/1/1133 1451/1/1133 
f 1451/1/1133 1452/1/1133 1449/1/1133 
f 1453/1/1134 1454/1/1134 1450/1/1134 
f 1450/1/1134 1449/1/1134 1453/1/1134 
f 1450/1/1135 1455/1/1135 1456/1/1135 
f 1456/1/1135 1451/1/1135 1450/1/1135 
f 1454/1/1136 1457/1/1136 1455/1/1136 
f 1455/1/1136 1450/1/1136 1454/1/1136 
f 1452/1/1137 1422/1/1137 85/1/1137 
f 85/1/1137 108/1/1137 1452/1/1137 
f 107/1/1138 1449/1/1138 1452/1/1138 
f 1452/1/1139 108/1/1139 107/1/1139 
f 105/1/1140 1453/1/1140 1449/1/1140 
f 1449/1/1140 107/1/1140 105/1/1140 
f 1458/1/1141 1453/1/1141 105/1/1141 
f 105/1/1141 106/1/1141 1458/1/1141 
f 1458/1/1142 1459/1/1142 1454/1/1142 
f 1454/1/1142 1453/1/1142 1458/1/1142 
f 1457/1/1143 1454/1/1143 1459/1/1143 
f 1459/1/1143 1460/1/1143 1457/1/1143 
f 1457/1/1144 1460/1/1144 723/1/1144 
f 723/1/1145 722/1/1145 1457/1/1145 
f 1455/1/1146 1457/1/1146 722/1/1146 
f 722/1/1146 721/1/1146 1455/1/1146 
f 1456/1/1147 1455/1/1147 721/1/1147 
f 721/1/1147 720/1/1147 1456/1/1147 
f 720/1/1148 703/1/1148 1424/1/1148 
f 1424/1/1149 1456/1/1149 720/1/1149 
f 1423/1/1150 1451/1/1150 1456/1/1150 
f 1456/1/1151 1424/1/1151 1423/1/1151 
f 1452/1/1152 1451/1/1152 1423/1/1152 
f 1423/1/1152 1422/1/1152 1452/1/1152 
f 1461/1/856 1462/1/856 1463/1/856 
f 1463/1/856 1464/1/856 1461/1/856 
f 1465/1/855 1466/1/855 1462/1/855 
f 1462/1/855 1461/1/855 1465/1/855 
f 1462/1/1153 1467/1/1153 1468/1/1153 
f 1468/1/858 1463/1/858 1462/1/858 
f 1466/1/857 1469/1/857 1467/1/857 
f 1467/1/857 1462/1/857 1466/1/857 
f 1464/1/863 1470/1/863 221/1/863 
f 221/1/863 220/1/863 1464/1/863 
f 230/1/862 1461/1/862 1464/1/862 
f 1464/1/862 220/1/862 230/1/862 
f 230/1/861 229/1/861 1465/1/861 
f 1465/1/861 1461/1/861 230/1/861 
f 1434/1/860 1465/1/860 229/1/860 
f 229/1/860 201/1/860 1434/1/860 
f 1466/1/871 1465/1/871 1434/1/871 
f 1434/1/871 1436/1/871 1466/1/871 
f 1435/1/870 1469/1/870 1466/1/870 
f 1466/1/870 1436/1/870 1435/1/870 
f 839/1/869 1469/1/869 1435/1/869 
f 1435/1/869 816/1/869 839/1/869 
f 1469/1/1154 839/1/1154 838/1/1154 
f 838/1/868 1467/1/868 1469/1/868 
f 1467/1/867 838/1/867 837/1/867 
f 837/1/867 1468/1/867 1467/1/867 
f 837/1/866 836/1/866 1471/1/866 
f 1471/1/866 1468/1/866 837/1/866 
f 1463/1/865 1468/1/865 1471/1/865 
f 1471/1/865 1472/1/865 1463/1/865 
f 1472/1/864 1470/1/864 1464/1/864 
f 1464/1/864 1463/1/864 1472/1/864 
f 1473/1/1155 1474/1/1155 1475/1/1155 
f 1475/1/1156 1476/1/1156 1473/1/1156 
f 1477/1/1157 1478/1/1157 1474/1/1157 
f 1474/1/1157 1473/1/1157 1477/1/1157 
f 1474/1/1158 1479/1/1158 1480/1/1158 
f 1480/1/1158 1475/1/1158 1474/1/1158 
f 1481/1/1159 1479/1/1159 1474/1/1159 
f 1474/1/1159 1478/1/1159 1481/1/1159 
f 1446/1/1160 626/1/1160 648/1/1160 
f 648/1/1160 1476/1/1160 1446/1/1160 
f 1476/1/1161 648/1/1161 647/1/1161 
f 647/1/1161 1473/1/1161 1476/1/1161 
f 1477/1/1162 1473/1/1162 647/1/1162 
f 647/1/1162 645/1/1162 1477/1/1162 
f 1482/1/1163 1477/1/1163 645/1/1163 
f 645/1/1163 646/1/1163 1482/1/1163 
f 1482/1/1164 1483/1/1164 1478/1/1164 
f 1478/1/1164 1477/1/1164 1482/1/1164 
f 1481/1/1165 1478/1/1165 1483/1/1165 
f 1483/1/1165 1484/1/1165 1481/1/1165 
f 1481/1/1166 1484/1/1166 1263/1/1166 
f 1263/1/1166 1262/1/1166 1481/1/1166 
f 1481/1/1167 1262/1/1167 1261/1/1167 
f 1261/1/1167 1479/1/1167 1481/1/1167 
f 1261/1/1168 1260/1/1168 1480/1/1168 
f 1480/1/1169 1479/1/1169 1261/1/1169 
f 1260/1/1170 1243/1/1170 1448/1/1170 
f 1448/1/1171 1480/1/1171 1260/1/1171 
f 1475/1/1172 1480/1/1172 1448/1/1172 
f 1448/1/1172 1447/1/1172 1475/1/1172 
f 1476/1/1173 1475/1/1173 1447/1/1173 
f 1447/1/1173 1446/1/1173 1476/1/1173 
f 1485/1/1174 1486/1/1174 1487/1/1174 
f 1487/1/1175 1488/1/1175 1485/1/1175 
f 1489/1/1176 1490/1/1176 1486/1/1176 
f 1486/1/1176 1485/1/1176 1489/1/1176 
f 1486/1/1177 1491/1/1177 1492/1/1177 
f 1492/1/1177 1487/1/1177 1486/1/1177 
f 1490/1/1178 1493/1/1178 1491/1/1178 
f 1491/1/1178 1486/1/1178 1490/1/1178 
f 1458/1/1179 106/1/1179 128/1/1179 
f 128/1/1179 1488/1/1179 1458/1/1179 
f 127/1/1180 1485/1/1180 1488/1/1180 
f 1488/1/1181 128/1/1181 127/1/1181 
f 126/1/1182 1489/1/1182 1485/1/1182 
f 1485/1/1183 127/1/1183 126/1/1183 
f 1494/1/1184 1489/1/1184 126/1/1184 
f 126/1/1184 125/1/1184 1494/1/1184 
f 1494/1/1185 1495/1/1185 1490/1/1185 
f 1490/1/1185 1489/1/1185 1494/1/1185 
f 1493/1/1186 1490/1/1186 1495/1/1186 
f 1495/1/1186 1496/1/1186 1493/1/1186 
f 1493/1/1187 1496/1/1187 743/1/1187 
f 743/1/1187 742/1/1187 1493/1/1187 
f 1491/1/1188 1493/1/1188 742/1/1188 
f 742/1/1188 741/1/1188 1491/1/1188 
f 1492/1/1189 1491/1/1189 741/1/1189 
f 741/1/1189 740/1/1189 1492/1/1189 
f 740/1/1190 723/1/1190 1460/1/1190 
f 1460/1/1191 1492/1/1191 740/1/1191 
f 1459/1/1192 1487/1/1192 1492/1/1192 
f 1492/1/1193 1460/1/1193 1459/1/1193 
f 1488/1/1194 1487/1/1194 1459/1/1194 
f 1459/1/1195 1458/1/1195 1488/1/1195 
f 1497/1/919 1498/1/919 1499/1/919 
f 1499/1/1196 1500/1/1196 1497/1/1196 
f 1501/1/1197 1502/1/1197 1498/1/1197 
f 1498/1/1198 1497/1/1198 1501/1/1198 
f 1498/1/1199 1503/1/1199 1504/1/1199 
f 1504/1/922 1499/1/922 1498/1/922 
f 1502/1/920 1505/1/920 1503/1/920 
f 1503/1/921 1498/1/921 1502/1/921 
f 1500/1/926 1506/1/926 241/1/926 
f 241/1/926 240/1/926 1500/1/926 
f 250/1/1200 1497/1/1200 1500/1/1200 
f 1500/1/925 240/1/925 250/1/925 
f 250/1/924 249/1/924 1501/1/924 
f 1501/1/924 1497/1/924 250/1/924 
f 1470/1/923 1501/1/923 249/1/923 
f 249/1/923 221/1/923 1470/1/923 
f 1502/1/939 1501/1/939 1470/1/939 
f 1470/1/939 1472/1/939 1502/1/939 
f 1471/1/938 1505/1/938 1502/1/938 
f 1502/1/938 1472/1/938 1471/1/938 
f 859/1/1201 1505/1/1201 1471/1/1201 
f 1471/1/937 836/1/937 859/1/937 
f 1505/1/1202 859/1/1202 858/1/1202 
f 858/1/934 1503/1/934 1505/1/934 
f 1503/1/933 858/1/933 857/1/933 
f 857/1/933 1504/1/933 1503/1/933 
f 857/1/931 856/1/931 1507/1/931 
f 1507/1/931 1504/1/931 857/1/931 
f 1499/1/928 1504/1/928 1507/1/928 
f 1507/1/1203 1508/1/1203 1499/1/1203 
f 1508/1/927 1506/1/927 1500/1/927 
f 1500/1/927 1499/1/927 1508/1/927 
f 1509/1/1204 1510/1/1204 1511/1/1204 
f 1511/1/1205 1512/1/1205 1509/1/1205 
f 1513/1/1206 1514/1/1206 1510/1/1206 
f 1510/1/1207 1509/1/1207 1513/1/1207 
f 1510/1/1208 1515/1/1208 1516/1/1208 
f 1516/1/1208 1511/1/1208 1510/1/1208 
f 1517/1/1209 1515/1/1209 1510/1/1209 
f 1510/1/1209 1514/1/1209 1517/1/1209 
f 1482/1/1210 646/1/1210 663/1/1210 
f 663/1/1211 1512/1/1211 1482/1/1211 
f 1512/1/1212 663/1/1212 662/1/1212 
f 662/1/1213 1509/1/1213 1512/1/1213 
f 1513/1/1214 1509/1/1214 662/1/1214 
f 662/1/1214 661/1/1214 1513/1/1214 
f 1347/1/1215 1513/1/1215 661/1/1215 
f 661/1/1215 45/1/1215 1347/1/1215 
f 1352/1/1216 1514/1/1216 1513/1/1216 
f 1513/1/1216 1347/1/1216 1352/1/1216 
f 1351/1/1217 1517/1/1217 1514/1/1217 
f 1514/1/1217 1352/1/1217 1351/1/1217 
f 1517/1/1218 1351/1/1218 20/1/1218 
f 20/1/1218 1280/1/1218 1517/1/1218 
f 1517/1/1219 1280/1/1219 1279/1/1219 
f 1279/1/1219 1515/1/1219 1517/1/1219 
f 1279/1/1220 1278/1/1220 1516/1/1220 
f 1516/1/1220 1515/1/1220 1279/1/1220 
f 1278/1/1221 1263/1/1221 1484/1/1221 
f 1484/1/1221 1516/1/1221 1278/1/1221 
f 1511/1/1222 1516/1/1222 1484/1/1222 
f 1484/1/1223 1483/1/1223 1511/1/1223 
f 1512/1/1224 1511/1/1224 1483/1/1224 
f 1483/1/1224 1482/1/1224 1512/1/1224 
f 1518/1/1225 1519/1/1225 1520/1/1225 
f 1520/1/1225 1521/1/1225 1518/1/1225 
f 1522/1/1226 1523/1/1226 1519/1/1226 
f 1519/1/1227 1518/1/1227 1522/1/1227 
f 1519/1/1228 1524/1/1228 1525/1/1228 
f 1525/1/1229 1520/1/1229 1519/1/1229 
f 1523/1/1230 1526/1/1230 1524/1/1230 
f 1524/1/1230 1519/1/1230 1523/1/1230 
f 1494/1/1231 125/1/1231 148/1/1231 
f 148/1/1231 1521/1/1231 1494/1/1231 
f 147/1/1232 1518/1/1232 1521/1/1232 
f 1521/1/1233 148/1/1233 147/1/1233 
f 146/1/1234 1522/1/1234 1518/1/1234 
f 1518/1/1235 147/1/1235 146/1/1235 
f 146/1/1236 145/1/1236 1527/1/1236 
f 1527/1/1237 1522/1/1237 146/1/1237 
f 1527/1/1238 1528/1/1238 1523/1/1238 
f 1523/1/1238 1522/1/1238 1527/1/1238 
f 1523/1/1239 1528/1/1239 1529/1/1239 
f 1529/1/1239 1526/1/1239 1523/1/1239 
f 763/1/1240 762/1/1240 1526/1/1240 
f 1526/1/1241 1529/1/1241 763/1/1241 
f 1524/1/1242 1526/1/1242 762/1/1242 
f 762/1/1242 761/1/1242 1524/1/1242 
f 1525/1/1243 1524/1/1243 761/1/1243 
f 761/1/1243 760/1/1243 1525/1/1243 
f 760/1/1244 743/1/1244 1496/1/1244 
f 1496/1/1244 1525/1/1244 760/1/1244 
f 1495/1/1245 1520/1/1245 1525/1/1245 
f 1525/1/1245 1496/1/1245 1495/1/1245 
f 1521/1/1246 1520/1/1246 1495/1/1246 
f 1495/1/1247 1494/1/1247 1521/1/1247 
f 1530/1/1248 1531/1/1248 1532/1/1248 
f 1532/1/1248 1533/1/1248 1530/1/1248 
f 1534/1/986 1535/1/986 1531/1/986 
f 1531/1/986 1530/1/986 1534/1/986 
f 1531/1/990 1536/1/990 1537/1/990 
f 1537/1/990 1532/1/990 1531/1/990 
f 1535/1/988 1538/1/988 1536/1/988 
f 1536/1/988 1531/1/988 1535/1/988 
f 1533/1/994 1539/1/994 261/1/994 
f 261/1/994 260/1/994 1533/1/994 
f 270/1/993 1530/1/993 1533/1/993 
f 1533/1/993 260/1/993 270/1/993 
f 270/1/992 269/1/992 1534/1/992 
f 1534/1/992 1530/1/992 270/1/992 
f 1506/1/991 1534/1/991 269/1/991 
f 269/1/991 241/1/991 1506/1/991 
f 1535/1/1006 1534/1/1006 1506/1/1006 
f 1506/1/1006 1508/1/1006 1535/1/1006 
f 1507/1/1004 1538/1/1004 1535/1/1004 
f 1535/1/1004 1508/1/1004 1507/1/1004 
f 879/1/1003 1538/1/1003 1507/1/1003 
f 1507/1/1003 856/1/1003 879/1/1003 
f 1538/1/1002 879/1/1002 878/1/1002 
f 878/1/1002 1536/1/1002 1538/1/1002 
f 1536/1/1001 878/1/1001 877/1/1001 
f 877/1/1249 1537/1/1249 1536/1/1249 
f 1537/1/1000 877/1/1000 876/1/1000 
f 876/1/1000 1540/1/1000 1537/1/1000 
f 1537/1/998 1540/1/998 1541/1/998 
f 1541/1/998 1532/1/998 1537/1/998 
f 1532/1/997 1541/1/997 1539/1/997 
f 1539/1/996 1533/1/996 1532/1/996 
f 1542/1/1250 1543/1/1250 1544/1/1250 
f 1544/1/1250 1545/1/1250 1542/1/1250 
f 1546/1/1251 1547/1/1251 1543/1/1251 
f 1543/1/1252 1542/1/1252 1546/1/1252 
f 1543/1/1253 1548/1/1253 1549/1/1253 
f 1549/1/1253 1544/1/1253 1543/1/1253 
f 1550/1/1254 1548/1/1254 1543/1/1254 
f 1543/1/1254 1547/1/1254 1550/1/1254 
f 1527/1/1255 145/1/1255 168/1/1255 
f 168/1/1255 1545/1/1255 1527/1/1255 
f 1545/1/1256 168/1/1256 167/1/1256 
f 167/1/1256 1542/1/1256 1545/1/1256 
f 1546/1/1257 1542/1/1257 167/1/1257 
f 167/1/1257 166/1/1257 1546/1/1257 
f 1551/1/1258 1546/1/1258 166/1/1258 
f 166/1/1258 165/1/1258 1551/1/1258 
f 1551/1/1259 1552/1/1259 1547/1/1259 
f 1547/1/1259 1546/1/1259 1551/1/1259 
f 1550/1/1260 1547/1/1260 1552/1/1260 
f 1552/1/1261 1553/1/1261 1550/1/1261 
f 783/1/1262 782/1/1262 1550/1/1262 
f 1550/1/1262 1553/1/1262 783/1/1262 
f 1550/1/1263 782/1/1263 781/1/1263 
f 781/1/1263 1548/1/1263 1550/1/1263 
f 781/1/1264 780/1/1264 1549/1/1264 
f 1549/1/1264 1548/1/1264 781/1/1264 
f 780/1/1265 763/1/1265 1529/1/1265 
f 1529/1/1266 1549/1/1266 780/1/1266 
f 1544/1/1267 1549/1/1267 1529/1/1267 
f 1529/1/1267 1528/1/1267 1544/1/1267 
f 1545/1/1268 1544/1/1268 1528/1/1268 
f 1528/1/1268 1527/1/1268 1545/1/1268 
f 1554/1/1048 1555/1/1048 1556/1/1048 
f 1556/1/1048 1557/1/1048 1554/1/1048 
f 1558/1/1046 1559/1/1046 1555/1/1046 
f 1555/1/1046 1554/1/1046 1558/1/1046 
f 1555/1/1050 1560/1/1050 1561/1/1050 
f 1561/1/1050 1556/1/1050 1555/1/1050 
f 1559/1/1049 1562/1/1049 1560/1/1049 
f 1560/1/1049 1555/1/1049 1559/1/1049 
f 1557/1/1056 1563/1/1056 281/1/1056 
f 281/1/1056 280/1/1056 1557/1/1056 
f 290/1/1054 1554/1/1054 1557/1/1054 
f 1557/1/1054 280/1/1054 290/1/1054 
f 290/1/1053 289/1/1053 1558/1/1053 
f 1558/1/1053 1554/1/1053 290/1/1053 
f 289/1/1269 261/1/1269 1539/1/1269 
f 1539/1/1051 1558/1/1051 289/1/1051 
f 1559/1/1064 1558/1/1064 1539/1/1064 
f 1539/1/1064 1541/1/1064 1559/1/1064 
f 1540/1/1063 1562/1/1063 1559/1/1063 
f 1559/1/1063 1541/1/1063 1540/1/1063 
f 1540/1/1062 876/1/1062 899/1/1062 
f 899/1/1062 1562/1/1062 1540/1/1062 
f 1562/1/1061 899/1/1061 898/1/1061 
f 898/1/1061 1560/1/1061 1562/1/1061 
f 1560/1/1060 898/1/1060 897/1/1060 
f 897/1/1060 1561/1/1060 1560/1/1060 
f 1561/1/1059 897/1/1059 896/1/1059 
f 896/1/1059 1564/1/1059 1561/1/1059 
f 1565/1/1058 1556/1/1058 1561/1/1058 
f 1561/1/1058 1564/1/1058 1565/1/1058 
f 1556/1/1057 1565/1/1057 1563/1/1057 
f 1563/1/1057 1557/1/1057 1556/1/1057 
f 1566/1/1270 1567/1/1270 1568/1/1270 
f 1568/1/1270 1569/1/1270 1566/1/1270 
f 1570/1/1271 1571/1/1271 1567/1/1271 
f 1567/1/1272 1566/1/1272 1570/1/1272 
f 1567/1/1273 1572/1/1273 1573/1/1273 
f 1573/1/1273 1568/1/1273 1567/1/1273 
f 1574/1/1274 1572/1/1274 1567/1/1274 
f 1567/1/1274 1571/1/1274 1574/1/1274 
f 1551/1/1275 165/1/1275 188/1/1275 
f 188/1/1276 1569/1/1276 1551/1/1276 
f 1569/1/1277 188/1/1277 187/1/1277 
f 187/1/1277 1566/1/1277 1569/1/1277 
f 1570/1/1278 1566/1/1278 187/1/1278 
f 187/1/1279 185/1/1279 1570/1/1279 
f 1570/1/1280 185/1/1280 186/1/1280 
f 186/1/1280 1575/1/1280 1570/1/1280 
f 1575/1/1281 1576/1/1281 1571/1/1281 
f 1571/1/1281 1570/1/1281 1575/1/1281 
f 1574/1/1282 1571/1/1282 1576/1/1282 
f 1576/1/1282 1577/1/1282 1574/1/1282 
f 803/1/1283 802/1/1283 1574/1/1283 
f 1574/1/1284 1577/1/1284 803/1/1284 
f 1574/1/1285 802/1/1285 801/1/1285 
f 801/1/1286 1572/1/1286 1574/1/1286 
f 801/1/1287 800/1/1287 1573/1/1287 
f 1573/1/1287 1572/1/1287 801/1/1287 
f 800/1/1288 783/1/1288 1553/1/1288 
f 1553/1/1288 1573/1/1288 800/1/1288 
f 1552/1/1289 1568/1/1289 1573/1/1289 
f 1573/1/1290 1553/1/1290 1552/1/1290 
f 1568/1/1291 1552/1/1291 1551/1/1291 
f 1551/1/1291 1569/1/1291 1568/1/1291 
f 1578/1/1111 1579/1/1111 1580/1/1111 
f 1580/1/1111 1581/1/1111 1578/1/1111 
f 1582/1/1110 1583/1/1110 1579/1/1110 
f 1579/1/1110 1578/1/1110 1582/1/1110 
f 1579/1/1114 1584/1/1114 1585/1/1114 
f 1585/1/1114 1580/1/1114 1579/1/1114 
f 1583/1/1113 1586/1/1113 1584/1/1113 
f 1584/1/1113 1579/1/1113 1583/1/1113 
f 1581/1/1121 1587/1/1121 301/1/1121 
f 301/1/1121 300/1/1121 1581/1/1121 
f 310/1/1119 1578/1/1119 1581/1/1119 
f 1581/1/1119 300/1/1119 310/1/1119 
f 310/1/1117 309/1/1117 1582/1/1117 
f 1582/1/1117 1578/1/1117 310/1/1117 
f 309/1/1116 281/1/1116 1563/1/1116 
f 1563/1/1116 1582/1/1116 309/1/1116 
f 1583/1/1131 1582/1/1131 1563/1/1131 
f 1563/1/1131 1565/1/1131 1583/1/1131 
f 1564/1/1130 1586/1/1130 1583/1/1130 
f 1583/1/1130 1565/1/1130 1564/1/1130 
f 1564/1/1128 896/1/1128 919/1/1128 
f 919/1/1128 1586/1/1128 1564/1/1128 
f 1586/1/1292 919/1/1292 918/1/1292 
f 918/1/1293 1584/1/1293 1586/1/1293 
f 1584/1/1126 918/1/1126 917/1/1126 
f 917/1/1126 1585/1/1126 1584/1/1126 
f 1585/1/1294 917/1/1294 916/1/1294 
f 916/1/1124 1588/1/1124 1585/1/1124 
f 1589/1/1123 1580/1/1123 1585/1/1123 
f 1585/1/1123 1588/1/1123 1589/1/1123 
f 1580/1/1122 1589/1/1122 1587/1/1122 
f 1587/1/1295 1581/1/1295 1580/1/1295 
f 1590/1/1296 1591/1/1296 1592/1/1296 
f 1592/1/1296 1593/1/1296 1590/1/1296 
f 1594/1/1297 1595/1/1297 1591/1/1297 
f 1591/1/1297 1590/1/1297 1594/1/1297 
f 1591/1/1298 1596/1/1298 1597/1/1298 
f 1597/1/1298 1592/1/1298 1591/1/1298 
f 1598/1/1299 1596/1/1299 1591/1/1299 
f 1591/1/1299 1595/1/1299 1598/1/1299 
f 1575/1/1300 186/1/1300 208/1/1300 
f 208/1/1300 1593/1/1300 1575/1/1300 
f 1593/1/1301 208/1/1301 207/1/1301 
f 207/1/1302 1590/1/1302 1593/1/1302 
f 1594/1/1303 1590/1/1303 207/1/1303 
f 207/1/1303 205/1/1303 1594/1/1303 
f 1594/1/1304 205/1/1304 206/1/1304 
f 206/1/1304 1599/1/1304 1594/1/1304 
f 1599/1/1305 1600/1/1305 1595/1/1305 
f 1595/1/1305 1594/1/1305 1599/1/1305 
f 1598/1/1306 1595/1/1306 1600/1/1306 
f 1600/1/1306 1601/1/1306 1598/1/1306 
f 823/1/1307 822/1/1307 1598/1/1307 
f 1598/1/1307 1601/1/1307 823/1/1307 
f 1598/1/1308 822/1/1308 821/1/1308 
f 821/1/1309 1596/1/1309 1598/1/1309 
f 821/1/1310 820/1/1310 1597/1/1310 
f 1597/1/1311 1596/1/1311 821/1/1311 
f 820/1/1312 803/1/1312 1577/1/1312 
f 1577/1/1313 1597/1/1313 820/1/1313 
f 1576/1/1314 1592/1/1314 1597/1/1314 
f 1597/1/1314 1577/1/1314 1576/1/1314 
f 1575/1/1315 1593/1/1315 1592/1/1315 
f 1592/1/1315 1576/1/1315 1575/1/1315 
f 1602/1/1157 1603/1/1157 1604/1/1157 
f 1604/1/1157 1605/1/1157 1602/1/1157 
f 1606/1/1316 1607/1/1316 1603/1/1316 
f 1603/1/1155 1602/1/1155 1606/1/1155 
f 1603/1/1159 1608/1/1159 1609/1/1159 
f 1609/1/1159 1604/1/1159 1603/1/1159 
f 1607/1/1158 1610/1/1158 1608/1/1158 
f 1608/1/1158 1603/1/1158 1607/1/1158 
f 1605/1/1163 1611/1/1163 321/1/1163 
f 321/1/1163 320/1/1163 1605/1/1163 
f 330/1/1162 1602/1/1162 1605/1/1162 
f 1605/1/1162 320/1/1162 330/1/1162 
f 330/1/1317 329/1/1317 1606/1/1317 
f 1606/1/1161 1602/1/1161 330/1/1161 
f 329/1/1160 301/1/1160 1587/1/1160 
f 1587/1/1160 1606/1/1160 329/1/1160 
f 1607/1/1318 1606/1/1318 1587/1/1318 
f 1587/1/1173 1589/1/1173 1607/1/1173 
f 1588/1/1172 1610/1/1172 1607/1/1172 
f 1607/1/1172 1589/1/1172 1588/1/1172 
f 1588/1/1170 916/1/1170 939/1/1170 
f 939/1/1170 1610/1/1170 1588/1/1170 
f 1610/1/1319 939/1/1319 938/1/1319 
f 938/1/1319 1608/1/1319 1610/1/1319 
f 1608/1/1167 938/1/1167 937/1/1167 
f 937/1/1167 1609/1/1167 1608/1/1167 
f 1609/1/1166 937/1/1166 936/1/1166 
f 936/1/1166 1612/1/1166 1609/1/1166 
f 1609/1/1165 1612/1/1165 1613/1/1165 
f 1613/1/1165 1604/1/1165 1609/1/1165 
f 1604/1/1164 1613/1/1164 1611/1/1164 
f 1611/1/1164 1605/1/1164 1604/1/1164 
f 1614/1/1320 1615/1/1320 1616/1/1320 
f 1616/1/1320 1617/1/1320 1614/1/1320 
f 1618/1/1321 1619/1/1321 1615/1/1321 
f 1615/1/1321 1614/1/1321 1618/1/1321 
f 1615/1/1322 1620/1/1322 1621/1/1322 
f 1621/1/1322 1616/1/1322 1615/1/1322 
f 1622/1/1323 1620/1/1323 1615/1/1323 
f 1615/1/1324 1619/1/1324 1622/1/1324 
f 1599/1/1325 206/1/1325 228/1/1325 
f 228/1/1325 1617/1/1325 1599/1/1325 
f 1617/1/1326 228/1/1326 227/1/1326 
f 227/1/1327 1614/1/1326 1617/1/1326 
f 1618/1/1328 1614/1/1328 227/1/1328 
f 227/1/1328 225/1/1328 1618/1/1328 
f 1618/1/1329 225/1/1329 226/1/1329 
f 226/1/1329 1623/1/1329 1618/1/1329 
f 1623/1/1330 1624/1/1330 1619/1/1330 
f 1619/1/1330 1618/1/1330 1623/1/1330 
f 1622/1/1331 1619/1/1331 1624/1/1331 
f 1624/1/1331 1625/1/1331 1622/1/1331 
f 843/1/1332 842/1/1332 1622/1/1332 
f 1622/1/1332 1625/1/1332 843/1/1332 
f 1622/1/1333 842/1/1333 841/1/1333 
f 841/1/1334 1620/1/1334 1622/1/1334 
f 841/1/1335 840/1/1335 1621/1/1335 
f 1621/1/1335 1620/1/1335 841/1/1335 
f 840/1/1336 823/1/1336 1601/1/1336 
f 1601/1/1337 1621/1/1337 840/1/1337 
f 1600/1/1338 1616/1/1338 1621/1/1338 
f 1621/1/1339 1601/1/1339 1600/1/1339 
f 1616/1/1340 1600/1/1340 1599/1/1340 
f 1599/1/1340 1617/1/1340 1616/1/1340 
f 1626/1/1206 1627/1/1206 1628/1/1206 
f 1628/1/1206 1629/1/1206 1626/1/1206 
f 1630/1/1204 1631/1/1204 1627/1/1204 
f 1627/1/1204 1626/1/1204 1630/1/1204 
f 1627/1/1209 1632/1/1209 1633/1/1209 
f 1633/1/1209 1628/1/1209 1627/1/1209 
f 1631/1/1208 1634/1/1208 1632/1/1208 
f 1632/1/1208 1627/1/1208 1631/1/1208 
f 1629/1/1215 1635/1/1215 341/1/1215 
f 341/1/1215 340/1/1215 1629/1/1215 
f 350/1/1214 1626/1/1214 1629/1/1214 
f 1629/1/1214 340/1/1214 350/1/1214 
f 350/1/1213 349/1/1213 1630/1/1213 
f 1630/1/1213 1626/1/1213 350/1/1213 
f 349/1/1210 321/1/1210 1611/1/1210 
f 1611/1/1341 1630/1/1341 349/1/1341 
f 1631/1/1224 1630/1/1224 1611/1/1224 
f 1611/1/1224 1613/1/1224 1631/1/1224 
f 1612/1/1222 1634/1/1222 1631/1/1222 
f 1631/1/1222 1613/1/1222 1612/1/1222 
f 1612/1/1221 936/1/1221 959/1/1221 
f 959/1/1342 1634/1/1342 1612/1/1342 
f 1634/1/1220 959/1/1220 958/1/1220 
f 958/1/1220 1632/1/1220 1634/1/1220 
f 1632/1/1219 958/1/1219 957/1/1219 
f 957/1/1219 1633/1/1219 1632/1/1219 
f 1633/1/1218 957/1/1218 956/1/1218 
f 956/1/1218 1636/1/1218 1633/1/1218 
f 1637/1/1217 1628/1/1217 1633/1/1217 
f 1633/1/1217 1636/1/1217 1637/1/1217 
f 1628/1/1216 1637/1/1216 1635/1/1216 
f 1635/1/1216 1629/1/1216 1628/1/1216 
f 1638/1/1343 1639/1/1343 1640/1/1343 
f 1640/1/1344 1641/1/1344 1638/1/1344 
f 1642/1/1345 1643/1/1345 1639/1/1345 
f 1639/1/1345 1638/1/1345 1642/1/1345 
f 1639/1/1346 1644/1/1346 1645/1/1346 
f 1645/1/1346 1640/1/1346 1639/1/1346 
f 1646/1/1347 1644/1/1347 1639/1/1347 
f 1639/1/1348 1643/1/1348 1646/1/1348 
f 1623/1/1349 226/1/1349 248/1/1349 
f 248/1/1350 1641/1/1350 1623/1/1350 
f 1641/1/1351 248/1/1351 247/1/1351 
f 247/1/1351 1638/1/1351 1641/1/1351 
f 1642/1/1352 1638/1/1352 247/1/1352 
f 247/1/1352 245/1/1352 1642/1/1352 
f 1642/1/1353 245/1/1353 246/1/1353 
f 246/1/1354 1647/1/1354 1642/1/1354 
f 1647/1/1355 1648/1/1355 1643/1/1355 
f 1643/1/1355 1642/1/1355 1647/1/1355 
f 1646/1/1356 1643/1/1356 1648/1/1356 
f 1648/1/1356 1649/1/1356 1646/1/1356 
f 863/1/1357 862/1/1357 1646/1/1357 
f 1646/1/1358 1649/1/1358 863/1/1358 
f 1646/1/1359 862/1/1359 861/1/1359 
f 861/1/1359 1644/1/1359 1646/1/1359 
f 861/1/1360 860/1/1360 1645/1/1360 
f 1645/1/1360 1644/1/1360 861/1/1360 
f 860/1/1361 843/1/1361 1625/1/1361 
f 1625/1/1361 1645/1/1361 860/1/1361 
f 1624/1/1362 1640/1/1362 1645/1/1362 
f 1645/1/1362 1625/1/1362 1624/1/1362 
f 1640/1/1363 1624/1/1363 1623/1/1363 
f 1623/1/1363 1641/1/1363 1640/1/1363 
f 1650/1/942 1651/1/942 1652/1/942 
f 1652/1/942 1653/1/942 1650/1/942 
f 1654/1/940 1655/1/940 1651/1/940 
f 1651/1/940 1650/1/940 1654/1/940 
f 1651/1/946 1656/1/946 1657/1/946 
f 1657/1/945 1652/1/945 1651/1/945 
f 1655/1/944 1658/1/944 1656/1/944 
f 1656/1/944 1651/1/944 1655/1/944 
f 1653/1/951 1659/1/951 361/1/951 
f 361/1/951 360/1/951 1653/1/951 
f 370/1/1364 1650/1/1364 1653/1/1364 
f 1653/1/1364 360/1/1364 370/1/1364 
f 370/1/948 369/1/948 1654/1/948 
f 1654/1/948 1650/1/948 370/1/948 
f 369/1/947 341/1/947 1635/1/947 
f 1635/1/947 1654/1/947 369/1/947 
f 1655/1/1365 1654/1/1365 1635/1/1365 
f 1635/1/1365 1637/1/1365 1655/1/1365 
f 1636/1/961 1658/1/961 1655/1/961 
f 1655/1/961 1637/1/961 1636/1/961 
f 1636/1/960 956/1/960 979/1/960 
f 979/1/960 1658/1/960 1636/1/960 
f 1658/1/959 979/1/959 978/1/959 
f 978/1/959 1656/1/959 1658/1/959 
f 1656/1/1366 978/1/1366 977/1/1366 
f 977/1/1366 1657/1/1366 1656/1/1366 
f 1657/1/956 977/1/956 976/1/956 
f 976/1/1367 1660/1/1367 1657/1/1367 
f 1661/1/954 1652/1/954 1657/1/954 
f 1657/1/955 1660/1/955 1661/1/955 
f 1652/1/953 1661/1/953 1659/1/953 
f 1659/1/953 1653/1/953 1652/1/953 
f 1662/1/1368 1663/1/1368 1664/1/1368 
f 1664/1/1369 1665/1/1369 1662/1/1369 
f 1666/1/1370 1667/1/1370 1663/1/1370 
f 1663/1/1371 1662/1/1371 1666/1/1371 
f 1663/1/1372 1668/1/1372 1669/1/1372 
f 1669/1/1372 1664/1/1372 1663/1/1372 
f 1670/1/1373 1668/1/1373 1663/1/1373 
f 1663/1/1374 1667/1/1374 1670/1/1374 
f 1647/1/1375 246/1/1375 268/1/1375 
f 268/1/1375 1665/1/1375 1647/1/1375 
f 1665/1/1376 268/1/1376 267/1/1376 
f 267/1/1376 1662/1/1376 1665/1/1376 
f 1666/1/1377 1662/1/1377 267/1/1377 
f 267/1/1377 265/1/1377 1666/1/1377 
f 1666/1/1378 265/1/1378 266/1/1378 
f 266/1/1379 1671/1/1379 1666/1/1379 
f 1671/1/1380 1672/1/1380 1667/1/1380 
f 1667/1/1380 1666/1/1380 1671/1/1380 
f 1670/1/1381 1667/1/1381 1672/1/1381 
f 1672/1/1382 1673/1/1382 1670/1/1382 
f 883/1/1383 882/1/1383 1670/1/1383 
f 1670/1/1384 1673/1/1384 883/1/1384 
f 1670/1/1385 882/1/1385 881/1/1385 
f 881/1/1386 1668/1/1386 1670/1/1386 
f 881/1/1387 880/1/1387 1669/1/1387 
f 1669/1/1387 1668/1/1387 881/1/1387 
f 880/1/1388 863/1/1388 1649/1/1388 
f 1649/1/1389 1669/1/1389 880/1/1389 
f 1648/1/1390 1664/1/1390 1669/1/1390 
f 1669/1/1390 1649/1/1390 1648/1/1390 
f 1647/1/1391 1665/1/1391 1664/1/1391 
f 1664/1/1391 1648/1/1391 1647/1/1391 
f 1674/1/1008 1675/1/1008 1676/1/1008 
f 1676/1/1008 1677/1/1008 1674/1/1008 
f 1678/1/1007 1679/1/1007 1675/1/1007 
f 1675/1/1007 1674/1/1007 1678/1/1007 
f 1675/1/1011 1680/1/1011 1681/1/1011 
f 1681/1/1011 1676/1/1011 1675/1/1011 
f 1679/1/1392 1682/1/1392 1680/1/1392 
f 1680/1/1009 1675/1/1009 1679/1/1009 
f 1677/1/1015 1683/1/1015 381/1/1015 
f 381/1/1393 380/1/1393 1677/1/1393 
f 390/1/1014 1674/1/1014 1677/1/1014 
f 1677/1/1014 380/1/1014 390/1/1014 
f 390/1/1013 389/1/1013 1678/1/1013 
f 1678/1/1013 1674/1/1013 390/1/1013 
f 389/1/1012 361/1/1012 1659/1/1012 
f 1659/1/1012 1678/1/1012 389/1/1012 
f 1679/1/1025 1678/1/1025 1659/1/1025 
f 1659/1/1025 1661/1/1025 1679/1/1025 
f 1660/1/1394 1682/1/1394 1679/1/1394 
f 1679/1/1024 1661/1/1024 1660/1/1024 
f 1660/1/1395 976/1/1395 999/1/1395 
f 999/1/1023 1682/1/1023 1660/1/1023 
f 1682/1/1022 999/1/1022 998/1/1022 
f 998/1/1022 1680/1/1022 1682/1/1022 
f 1680/1/1021 998/1/1021 997/1/1021 
f 997/1/1021 1681/1/1021 1680/1/1021 
f 1681/1/1019 997/1/1019 996/1/1019 
f 996/1/1019 1684/1/1019 1681/1/1019 
f 1685/1/1018 1676/1/1018 1681/1/1018 
f 1681/1/1018 1684/1/1018 1685/1/1018 
f 1676/1/1017 1685/1/1017 1683/1/1017 
f 1683/1/1017 1677/1/1017 1676/1/1017 
f 1686/1/1396 1687/1/1396 1688/1/1396 
f 1688/1/1397 1689/1/1397 1686/1/1397 
f 1690/1/1398 1691/1/1398 1687/1/1398 
f 1687/1/1398 1686/1/1398 1690/1/1398 
f 1687/1/1399 1692/1/1399 1693/1/1399 
f 1693/1/1400 1688/1/1400 1687/1/1400 
f 1694/1/1401 1692/1/1401 1687/1/1401 
f 1687/1/1402 1691/1/1402 1694/1/1402 
f 1671/1/1403 266/1/1403 288/1/1403 
f 288/1/1403 1689/1/1403 1671/1/1403 
f 1689/1/1404 288/1/1404 287/1/1404 
f 287/1/1404 1686/1/1404 1689/1/1404 
f 1690/1/1405 1686/1/1405 287/1/1405 
f 287/1/1405 285/1/1405 1690/1/1405 
f 1690/1/1406 285/1/1406 286/1/1406 
f 286/1/1406 1695/1/1406 1690/1/1406 
f 1695/1/1407 1696/1/1407 1691/1/1407 
f 1691/1/1407 1690/1/1407 1695/1/1407 
f 1694/1/1408 1691/1/1408 1696/1/1408 
f 1696/1/1409 1697/1/1409 1694/1/1409 
f 903/1/1410 902/1/1410 1694/1/1410 
f 1694/1/1410 1697/1/1410 903/1/1410 
f 1694/1/1411 902/1/1411 901/1/1411 
f 901/1/1411 1692/1/1411 1694/1/1411 
f 901/1/1412 900/1/1412 1693/1/1412 
f 1693/1/1413 1692/1/1413 901/1/1413 
f 900/1/1414 883/1/1414 1673/1/1414 
f 1673/1/1415 1693/1/1415 900/1/1415 
f 1672/1/1416 1688/1/1416 1693/1/1416 
f 1693/1/1416 1673/1/1416 1672/1/1416 
f 1671/1/1417 1689/1/1417 1688/1/1417 
f 1688/1/1417 1672/1/1417 1671/1/1417 
f 1698/1/1067 1699/1/1067 1700/1/1067 
f 1700/1/1067 1701/1/1067 1698/1/1067 
f 1702/1/1066 1703/1/1066 1699/1/1066 
f 1699/1/1066 1698/1/1066 1702/1/1066 
f 1699/1/1070 1704/1/1070 1705/1/1070 
f 1705/1/1070 1700/1/1070 1699/1/1070 
f 1703/1/1069 1706/1/1069 1704/1/1069 
f 1704/1/1069 1699/1/1069 1703/1/1069 
f 1701/1/1418 1707/1/1418 401/1/1418 
f 401/1/1418 400/1/1418 1701/1/1418 
f 410/1/1419 1698/1/1419 1701/1/1419 
f 1701/1/1419 400/1/1419 410/1/1419 
f 410/1/1420 409/1/1420 1702/1/1420 
f 1702/1/1073 1698/1/1073 410/1/1073 
f 409/1/1421 381/1/1421 1683/1/1421 
f 1683/1/1072 1702/1/1072 409/1/1072 
f 1703/1/1422 1702/1/1422 1683/1/1422 
f 1683/1/1086 1685/1/1086 1703/1/1086 
f 1684/1/1085 1706/1/1085 1703/1/1085 
f 1703/1/1085 1685/1/1085 1684/1/1085 
f 1684/1/1083 996/1/1083 1019/1/1083 
f 1019/1/1083 1706/1/1083 1684/1/1083 
f 1706/1/1082 1019/1/1082 1018/1/1082 
f 1018/1/1082 1704/1/1082 1706/1/1082 
f 1704/1/1080 1018/1/1080 1017/1/1080 
f 1017/1/1080 1705/1/1080 1704/1/1080 
f 1705/1/1079 1017/1/1079 1016/1/1079 
f 1016/1/1079 1708/1/1079 1705/1/1079 
f 1709/1/1077 1700/1/1077 1705/1/1077 
f 1705/1/1077 1708/1/1077 1709/1/1077 
f 1700/1/1076 1709/1/1076 1707/1/1076 
f 1707/1/1076 1701/1/1076 1700/1/1076 
f 1710/1/1423 1711/1/1423 1712/1/1423 
f 1712/1/1423 1713/1/1423 1710/1/1423 
f 1714/1/1424 1715/1/1424 1711/1/1424 
f 1711/1/1425 1710/1/1425 1714/1/1425 
f 1711/1/1426 1716/1/1426 1717/1/1426 
f 1717/1/1426 1712/1/1426 1711/1/1426 
f 1718/1/1427 1716/1/1427 1711/1/1427 
f 1711/1/1428 1715/1/1428 1718/1/1428 
f 1695/1/1429 286/1/1429 308/1/1429 
f 308/1/1430 1713/1/1430 1695/1/1430 
f 1713/1/1431 308/1/1431 307/1/1431 
f 307/1/1432 1710/1/1432 1713/1/1432 
f 1714/1/1433 1710/1/1433 307/1/1433 
f 307/1/1433 305/1/1433 1714/1/1433 
f 1714/1/1434 305/1/1434 306/1/1434 
f 306/1/1435 1719/1/1435 1714/1/1435 
f 1719/1/1436 1720/1/1436 1715/1/1436 
f 1715/1/1436 1714/1/1436 1719/1/1436 
f 1718/1/1437 1715/1/1437 1720/1/1437 
f 1720/1/1437 1721/1/1437 1718/1/1437 
f 923/1/1438 922/1/1438 1718/1/1438 
f 1718/1/1439 1721/1/1439 923/1/1439 
f 1718/1/1440 922/1/1440 921/1/1440 
f 921/1/1440 1716/1/1440 1718/1/1440 
f 921/1/1441 920/1/1441 1717/1/1441 
f 1717/1/1441 1716/1/1441 921/1/1441 
f 920/1/1442 903/1/1442 1697/1/1442 
f 1697/1/1442 1717/1/1442 920/1/1442 
f 1696/1/1443 1712/1/1443 1717/1/1443 
f 1717/1/1443 1697/1/1443 1696/1/1443 
f 1712/1/1444 1696/1/1444 1695/1/1444 
f 1695/1/1444 1713/1/1444 1712/1/1444 
f 1722/1/1134 1723/1/1134 1724/1/1134 
f 1724/1/1134 1725/1/1134 1722/1/1134 
f 1726/1/1133 1727/1/1133 1723/1/1133 
f 1723/1/1133 1722/1/1133 1726/1/1133 
f 1723/1/1136 1728/1/1136 1729/1/1136 
f 1729/1/1136 1724/1/1136 1723/1/1136 
f 1727/1/1135 1730/1/1135 1728/1/1135 
f 1728/1/1135 1723/1/1135 1727/1/1135 
f 1725/1/1141 1731/1/1141 421/1/1141 
f 421/1/1445 420/1/1445 1725/1/1445 
f 430/1/1140 1722/1/1140 1725/1/1140 
f 1725/1/1140 420/1/1140 430/1/1140 
f 430/1/1139 429/1/1139 1726/1/1139 
f 1726/1/1139 1722/1/1139 430/1/1139 
f 429/1/1137 401/1/1137 1707/1/1137 
f 1707/1/1137 1726/1/1137 429/1/1137 
f 1727/1/1152 1726/1/1152 1707/1/1152 
f 1707/1/1152 1709/1/1152 1727/1/1152 
f 1708/1/1151 1730/1/1151 1727/1/1151 
f 1727/1/1151 1709/1/1151 1708/1/1151 
f 1708/1/1446 1016/1/1446 1039/1/1446 
f 1039/1/1446 1730/1/1446 1708/1/1446 
f 1730/1/1447 1039/1/1447 1038/1/1447 
f 1038/1/1147 1728/1/1147 1730/1/1147 
f 1728/1/1146 1038/1/1146 1037/1/1146 
f 1037/1/1146 1729/1/1146 1728/1/1146 
f 1729/1/1448 1037/1/1448 1036/1/1448 
f 1036/1/1144 1732/1/1144 1729/1/1144 
f 1733/1/1143 1724/1/1143 1729/1/1143 
f 1729/1/1143 1732/1/1143 1733/1/1143 
f 1724/1/1142 1733/1/1142 1731/1/1142 
f 1731/1/1142 1725/1/1142 1724/1/1142 
f 1734/1/1449 1735/1/1449 1736/1/1449 
f 1736/1/1449 1737/1/1449 1734/1/1449 
f 1738/1/1450 1739/1/1450 1735/1/1450 
f 1735/1/1450 1734/1/1450 1738/1/1450 
f 1735/1/1451 1740/1/1451 1741/1/1451 
f 1741/1/1452 1736/1/1452 1735/1/1452 
f 1742/1/1453 1740/1/1453 1735/1/1453 
f 1735/1/1453 1739/1/1453 1742/1/1453 
f 1719/1/1454 306/1/1454 328/1/1454 
f 328/1/1455 1737/1/1455 1719/1/1455 
f 1737/1/1456 328/1/1456 327/1/1456 
f 327/1/1456 1734/1/1456 1737/1/1456 
f 1738/1/1457 1734/1/1457 327/1/1457 
f 327/1/1457 325/1/1457 1738/1/1457 
f 1738/1/1458 325/1/1458 326/1/1458 
f 326/1/1458 1743/1/1458 1738/1/1458 
f 1743/1/1459 1744/1/1459 1739/1/1459 
f 1739/1/1459 1738/1/1459 1743/1/1459 
f 1742/1/1460 1739/1/1460 1744/1/1460 
f 1744/1/1460 1745/1/1460 1742/1/1460 
f 943/1/1461 942/1/1461 1742/1/1461 
f 1742/1/1462 1745/1/1462 943/1/1462 
f 1742/1/1463 942/1/1463 941/1/1463 
f 941/1/1463 1740/1/1463 1742/1/1463 
f 941/1/1464 940/1/1464 1741/1/1464 
f 1741/1/1464 1740/1/1464 941/1/1464 
f 940/1/1465 923/1/1465 1721/1/1465 
f 1721/1/1465 1741/1/1465 940/1/1465 
f 1720/1/1466 1736/1/1466 1741/1/1466 
f 1741/1/1467 1721/1/1467 1720/1/1467 
f 1736/1/1468 1720/1/1468 1719/1/1468 
f 1719/1/1468 1737/1/1468 1736/1/1468 
f 1746/1/1176 1747/1/1176 1748/1/1176 
f 1748/1/1176 1749/1/1176 1746/1/1176 
f 1750/1/1469 1751/1/1469 1747/1/1469 
f 1747/1/1470 1746/1/1470 1750/1/1470 
f 1747/1/1178 1752/1/1178 1753/1/1178 
f 1753/1/1178 1748/1/1178 1747/1/1178 
f 1751/1/1471 1754/1/1471 1752/1/1471 
f 1752/1/1177 1747/1/1177 1751/1/1177 
f 1749/1/1472 1755/1/1472 441/1/1472 
f 441/1/1184 440/1/1184 1749/1/1184 
f 450/1/1473 1746/1/1473 1749/1/1473 
f 1749/1/1183 440/1/1183 450/1/1183 
f 450/1/1180 449/1/1180 1750/1/1180 
f 1750/1/1180 1746/1/1180 450/1/1180 
f 449/1/1474 421/1/1474 1731/1/1474 
f 1731/1/1475 1750/1/1475 449/1/1475 
f 1751/1/1194 1750/1/1194 1731/1/1194 
f 1731/1/1194 1733/1/1194 1751/1/1194 
f 1732/1/1192 1754/1/1192 1751/1/1192 
f 1751/1/1192 1733/1/1192 1732/1/1192 
f 1732/1/1476 1036/1/1476 1059/1/1476 
f 1059/1/1477 1754/1/1477 1732/1/1477 
f 1754/1/1478 1059/1/1478 1058/1/1478 
f 1058/1/1189 1752/1/1189 1754/1/1189 
f 1752/1/1188 1058/1/1188 1057/1/1188 
f 1057/1/1188 1753/1/1188 1752/1/1188 
f 1753/1/1187 1057/1/1187 1056/1/1187 
f 1056/1/1187 1756/1/1187 1753/1/1187 
f 1757/1/1479 1748/1/1479 1753/1/1479 
f 1753/1/1479 1756/1/1479 1757/1/1479 
f 1748/1/1185 1757/1/1185 1755/1/1185 
f 1755/1/1185 1749/1/1185 1748/1/1185 
f 1758/1/873 1759/1/873 1760/1/873 
f 1760/1/873 1761/1/873 1758/1/873 
f 1762/1/872 1763/1/872 1759/1/872 
f 1759/1/872 1758/1/872 1762/1/872 
f 1759/1/1480 1764/1/1480 1765/1/1480 
f 1765/1/877 1760/1/877 1759/1/877 
f 1766/1/874 1764/1/874 1759/1/874 
f 1759/1/875 1763/1/875 1766/1/875 
f 1743/1/882 326/1/882 348/1/882 
f 348/1/882 1761/1/882 1743/1/882 
f 1761/1/881 348/1/881 347/1/881 
f 347/1/881 1758/1/881 1761/1/881 
f 1762/1/1481 1758/1/1481 347/1/1481 
f 347/1/880 345/1/880 1762/1/880 
f 1762/1/879 345/1/879 346/1/879 
f 346/1/879 1767/1/879 1762/1/879 
f 1767/1/896 1768/1/896 1763/1/896 
f 1763/1/896 1762/1/896 1767/1/896 
f 1766/1/895 1763/1/895 1768/1/895 
f 1768/1/895 1769/1/895 1766/1/895 
f 963/1/893 962/1/893 1766/1/893 
f 1766/1/893 1769/1/893 963/1/893 
f 1766/1/891 962/1/891 961/1/891 
f 961/1/891 1764/1/891 1766/1/891 
f 961/1/1482 960/1/1482 1765/1/1482 
f 1765/1/1483 1764/1/1483 961/1/1483 
f 960/1/888 943/1/888 1745/1/888 
f 1745/1/1484 1765/1/1484 960/1/1484 
f 1744/1/887 1760/1/887 1765/1/887 
f 1765/1/887 1745/1/887 1744/1/887 
f 1743/1/884 1761/1/884 1760/1/884 
f 1760/1/884 1744/1/884 1743/1/884 
f 1770/1/1227 1771/1/1227 1772/1/1227 
f 1772/1/1226 1773/1/1226 1770/1/1226 
f 1774/1/1485 1775/1/1485 1771/1/1485 
f 1771/1/1485 1770/1/1485 1774/1/1485 
f 1771/1/1230 1776/1/1230 1777/1/1230 
f 1777/1/1230 1772/1/1230 1771/1/1230 
f 1775/1/1228 1778/1/1228 1776/1/1228 
f 1776/1/1229 1771/1/1229 1775/1/1229 
f 1773/1/1236 1779/1/1236 461/1/1236 
f 461/1/1486 460/1/1486 1773/1/1486 
f 470/1/1235 1770/1/1235 1773/1/1235 
f 1773/1/1235 460/1/1235 470/1/1235 
f 470/1/1233 469/1/1233 1774/1/1233 
f 1774/1/1233 1770/1/1233 470/1/1233 
f 469/1/1231 441/1/1231 1755/1/1231 
f 1755/1/1231 1774/1/1231 469/1/1231 
f 1775/1/1247 1774/1/1247 1755/1/1247 
f 1755/1/1247 1757/1/1247 1775/1/1247 
f 1756/1/1245 1778/1/1245 1775/1/1245 
f 1775/1/1245 1757/1/1245 1756/1/1245 
f 1756/1/1244 1056/1/1244 1079/1/1244 
f 1079/1/1244 1778/1/1244 1756/1/1244 
f 1778/1/1243 1079/1/1243 1078/1/1243 
f 1078/1/1243 1776/1/1243 1778/1/1243 
f 1776/1/1242 1078/1/1242 1077/1/1242 
f 1077/1/1242 1777/1/1242 1776/1/1242 
f 1777/1/1240 1077/1/1240 1076/1/1240 
f 1076/1/1240 1780/1/1240 1777/1/1240 
f 1781/1/1239 1772/1/1239 1777/1/1239 
f 1777/1/1239 1780/1/1239 1781/1/1239 
f 1772/1/1238 1781/1/1238 1779/1/1238 
f 1779/1/1238 1773/1/1238 1772/1/1238 
f 1782/1/1487 1783/1/1487 1784/1/1487 
f 1784/1/1488 1785/1/1488 1782/1/1488 
f 1786/1/1489 1787/1/1489 1783/1/1489 
f 1783/1/1489 1782/1/1489 1786/1/1489 
f 1783/1/1490 1788/1/1490 1789/1/1490 
f 1789/1/1490 1784/1/1490 1783/1/1490 
f 1790/1/1491 1788/1/1491 1783/1/1491 
f 1783/1/1492 1787/1/1492 1790/1/1492 
f 1767/1/1493 346/1/1493 368/1/1493 
f 368/1/1493 1785/1/1493 1767/1/1493 
f 1785/1/1494 368/1/1494 367/1/1494 
f 367/1/1494 1782/1/1494 1785/1/1494 
f 1786/1/1495 1782/1/1495 367/1/1495 
f 367/1/1496 365/1/1496 1786/1/1496 
f 1786/1/1497 365/1/1497 366/1/1497 
f 366/1/1497 1791/1/1497 1786/1/1497 
f 1791/1/1498 1792/1/1498 1787/1/1498 
f 1787/1/1499 1786/1/1499 1791/1/1499 
f 1790/1/1500 1787/1/1500 1792/1/1500 
f 1792/1/1500 1793/1/1500 1790/1/1500 
f 983/1/1501 982/1/1501 1790/1/1501 
f 1790/1/1502 1793/1/1502 983/1/1502 
f 1790/1/1503 982/1/1503 981/1/1503 
f 981/1/1503 1788/1/1503 1790/1/1503 
f 981/1/1504 980/1/1504 1789/1/1504 
f 1789/1/1504 1788/1/1504 981/1/1504 
f 980/1/1505 963/1/1505 1769/1/1505 
f 1769/1/1505 1789/1/1505 980/1/1505 
f 1768/1/1506 1784/1/1506 1789/1/1506 
f 1789/1/1506 1769/1/1506 1768/1/1506 
f 1767/1/1507 1785/1/1507 1784/1/1507 
f 1784/1/1507 1768/1/1507 1767/1/1507 
f 1794/1/1251 1795/1/1251 1796/1/1251 
f 1796/1/1251 1797/1/1251 1794/1/1251 
f 1798/1/1250 1799/1/1250 1795/1/1250 
f 1795/1/1508 1794/1/1508 1798/1/1508 
f 1795/1/1254 1800/1/1254 1801/1/1254 
f 1801/1/1254 1796/1/1254 1795/1/1254 
f 1799/1/1253 1802/1/1253 1800/1/1253 
f 1800/1/1253 1795/1/1253 1799/1/1253 
f 1797/1/1509 1803/1/1509 481/1/1509 
f 481/1/1258 480/1/1258 1797/1/1258 
f 490/1/1257 1794/1/1257 1797/1/1257 
f 1797/1/1257 480/1/1257 490/1/1257 
f 490/1/1256 489/1/1256 1798/1/1256 
f 1798/1/1256 1794/1/1256 490/1/1256 
f 489/1/1255 461/1/1255 1779/1/1255 
f 1779/1/1255 1798/1/1255 489/1/1255 
f 1799/1/1268 1798/1/1268 1779/1/1268 
f 1779/1/1268 1781/1/1268 1799/1/1268 
f 1780/1/1267 1802/1/1267 1799/1/1267 
f 1799/1/1267 1781/1/1267 1780/1/1267 
f 1780/1/1510 1076/1/1510 1099/1/1510 
f 1099/1/1510 1802/1/1510 1780/1/1510 
f 1802/1/1511 1099/1/1511 1098/1/1511 
f 1098/1/1511 1800/1/1511 1802/1/1511 
f 1800/1/1263 1098/1/1263 1097/1/1263 
f 1097/1/1263 1801/1/1263 1800/1/1263 
f 1801/1/1262 1097/1/1262 1096/1/1262 
f 1096/1/1262 1804/1/1262 1801/1/1262 
f 1801/1/1512 1804/1/1512 1805/1/1512 
f 1805/1/1261 1796/1/1261 1801/1/1261 
f 1796/1/1513 1805/1/1513 1803/1/1513 
f 1803/1/1259 1797/1/1259 1796/1/1259 
f 1806/1/1514 1807/1/1514 1808/1/1514 
f 1808/1/1514 1809/1/1514 1806/1/1514 
f 1810/1/1515 1811/1/1515 1807/1/1515 
f 1807/1/1515 1806/1/1515 1810/1/1515 
f 1807/1/1516 1812/1/1516 1813/1/1516 
f 1813/1/1516 1808/1/1516 1807/1/1516 
f 1814/1/1517 1812/1/1517 1807/1/1517 
f 1807/1/1517 1811/1/1517 1814/1/1517 
f 1791/1/1518 366/1/1518 388/1/1518 
f 388/1/1518 1809/1/1518 1791/1/1518 
f 1809/1/1519 388/1/1519 387/1/1519 
f 387/1/1520 1806/1/1520 1809/1/1520 
f 1810/1/1521 1806/1/1521 387/1/1521 
f 387/1/1522 385/1/1522 1810/1/1522 
f 1810/1/1523 385/1/1523 386/1/1523 
f 386/1/1523 1815/1/1523 1810/1/1523 
f 1815/1/1524 1816/1/1524 1811/1/1524 
f 1811/1/1524 1810/1/1524 1815/1/1524 
f 1814/1/1525 1811/1/1525 1816/1/1525 
f 1816/1/1525 1817/1/1525 1814/1/1525 
f 1003/1/1526 1002/1/1526 1814/1/1526 
f 1814/1/1526 1817/1/1526 1003/1/1526 
f 1814/1/1527 1002/1/1527 1001/1/1527 
f 1001/1/1528 1812/1/1528 1814/1/1528 
f 1001/1/1529 1000/1/1529 1813/1/1529 
f 1813/1/1529 1812/1/1529 1001/1/1529 
f 1000/1/1530 983/1/1530 1793/1/1530 
f 1793/1/1530 1813/1/1530 1000/1/1530 
f 1792/1/1531 1808/1/1531 1813/1/1531 
f 1813/1/1531 1793/1/1531 1792/1/1531 
f 1808/1/1532 1792/1/1532 1791/1/1532 
f 1791/1/1532 1809/1/1532 1808/1/1532 
f 1818/1/1271 1819/1/1271 1820/1/1271 
f 1820/1/1271 1821/1/1271 1818/1/1271 
f 1822/1/1270 1823/1/1270 1819/1/1270 
f 1819/1/1270 1818/1/1270 1822/1/1270 
f 1819/1/1274 1824/1/1274 1825/1/1274 
f 1825/1/1274 1820/1/1274 1819/1/1274 
f 1823/1/1273 1826/1/1273 1824/1/1273 
f 1824/1/1533 1819/1/1533 1823/1/1533 
f 1821/1/1280 1827/1/1280 501/1/1280 
f 501/1/1280 500/1/1280 1821/1/1280 
f 510/1/1278 1818/1/1278 1821/1/1278 
f 1821/1/1278 500/1/1278 510/1/1278 
f 510/1/1534 509/1/1534 1822/1/1534 
f 1822/1/1277 1818/1/1277 510/1/1277 
f 509/1/1276 481/1/1276 1803/1/1276 
f 1803/1/1535 1822/1/1535 509/1/1535 
f 1823/1/1291 1822/1/1291 1803/1/1291 
f 1803/1/1291 1805/1/1291 1823/1/1291 
f 1804/1/1289 1826/1/1289 1823/1/1289 
f 1823/1/1289 1805/1/1289 1804/1/1289 
f 1804/1/1288 1096/1/1288 1119/1/1288 
f 1119/1/1288 1826/1/1288 1804/1/1288 
f 1826/1/1287 1119/1/1287 1118/1/1287 
f 1118/1/1287 1824/1/1287 1826/1/1287 
f 1824/1/1285 1118/1/1285 1117/1/1285 
f 1117/1/1285 1825/1/1285 1824/1/1285 
f 1825/1/1536 1117/1/1536 1116/1/1536 
f 1116/1/1536 1828/1/1536 1825/1/1536 
f 1825/1/1282 1828/1/1282 1829/1/1282 
f 1829/1/1282 1820/1/1282 1825/1/1282 
f 1820/1/1281 1829/1/1281 1827/1/1281 
f 1827/1/1281 1821/1/1281 1820/1/1281 
f 1830/1/1537 1831/1/1537 1832/1/1537 
f 1832/1/1538 1833/1/1538 1830/1/1538 
f 1834/1/1539 1835/1/1539 1831/1/1539 
f 1831/1/1540 1830/1/1540 1834/1/1540 
f 1831/1/1541 1836/1/1541 1837/1/1541 
f 1837/1/1541 1832/1/1541 1831/1/1541 
f 1838/1/1542 1836/1/1542 1831/1/1542 
f 1831/1/1543 1835/1/1543 1838/1/1543 
f 1815/1/1544 386/1/1544 408/1/1544 
f 408/1/1544 1833/1/1544 1815/1/1544 
f 1833/1/1545 408/1/1545 407/1/1545 
f 407/1/1545 1830/1/1545 1833/1/1545 
f 1834/1/1546 1830/1/1546 407/1/1546 
f 407/1/1546 405/1/1546 1834/1/1546 
f 1834/1/1547 405/1/1547 406/1/1547 
f 406/1/1548 1839/1/1548 1834/1/1548 
f 1839/1/1549 1840/1/1549 1835/1/1549 
f 1835/1/1550 1834/1/1550 1839/1/1550 
f 1838/1/1551 1835/1/1551 1840/1/1551 
f 1840/1/1551 1841/1/1551 1838/1/1551 
f 1023/1/1552 1022/1/1552 1838/1/1552 
f 1838/1/1552 1841/1/1552 1023/1/1552 
f 1838/1/1553 1022/1/1553 1021/1/1553 
f 1021/1/1553 1836/1/1553 1838/1/1553 
f 1021/1/1554 1020/1/1554 1837/1/1554 
f 1837/1/1555 1836/1/1555 1021/1/1555 
f 1020/1/1556 1003/1/1556 1817/1/1556 
f 1817/1/1556 1837/1/1556 1020/1/1556 
f 1816/1/1557 1832/1/1557 1837/1/1557 
f 1837/1/1557 1817/1/1557 1816/1/1557 
f 1815/1/1558 1833/1/1558 1832/1/1558 
f 1832/1/1558 1816/1/1558 1815/1/1558 
f 1842/1/1297 1843/1/1297 1844/1/1297 
f 1844/1/1297 1845/1/1297 1842/1/1297 
f 1846/1/1296 1847/1/1296 1843/1/1296 
f 1843/1/1296 1842/1/1296 1846/1/1296 
f 1843/1/1299 1848/1/1299 1849/1/1299 
f 1849/1/1299 1844/1/1299 1843/1/1299 
f 1847/1/1298 1850/1/1298 1848/1/1298 
f 1848/1/1298 1843/1/1298 1847/1/1298 
f 1845/1/1304 1851/1/1304 521/1/1304 
f 521/1/1559 520/1/1559 1845/1/1559 
f 530/1/1303 1842/1/1303 1845/1/1303 
f 1845/1/1560 520/1/1560 530/1/1560 
f 530/1/1302 529/1/1302 1846/1/1302 
f 1846/1/1302 1842/1/1302 530/1/1302 
f 529/1/1300 501/1/1300 1827/1/1300 
f 1827/1/1300 1846/1/1300 529/1/1300 
f 1847/1/1315 1846/1/1315 1827/1/1315 
f 1827/1/1315 1829/1/1315 1847/1/1315 
f 1828/1/1314 1850/1/1314 1847/1/1314 
f 1847/1/1314 1829/1/1314 1828/1/1314 
f 1828/1/1313 1116/1/1313 1139/1/1313 
f 1139/1/1313 1850/1/1313 1828/1/1313 
f 1850/1/1310 1139/1/1310 1138/1/1310 
f 1138/1/1310 1848/1/1310 1850/1/1310 
f 1848/1/1308 1138/1/1308 1137/1/1308 
f 1137/1/1308 1849/1/1308 1848/1/1308 
f 1849/1/1307 1137/1/1307 1136/1/1307 
f 1136/1/1561 1852/1/1561 1849/1/1561 
f 1853/1/1306 1844/1/1306 1849/1/1306 
f 1849/1/1306 1852/1/1306 1853/1/1306 
f 1844/1/1305 1853/1/1305 1851/1/1305 
f 1851/1/1305 1845/1/1305 1844/1/1305 
f 1854/1/1562 1855/1/1562 1856/1/1562 
f 1856/1/1563 1857/1/1563 1854/1/1563 
f 1858/1/1564 1859/1/1564 1855/1/1564 
f 1855/1/1564 1854/1/1564 1858/1/1564 
f 1855/1/1565 1860/1/1565 1861/1/1565 
f 1861/1/1565 1856/1/1565 1855/1/1565 
f 1862/1/1566 1860/1/1566 1855/1/1566 
f 1855/1/1566 1859/1/1566 1862/1/1566 
f 1839/1/1567 406/1/1567 428/1/1567 
f 428/1/1567 1857/1/1567 1839/1/1567 
f 1857/1/1568 428/1/1568 427/1/1568 
f 427/1/1568 1854/1/1568 1857/1/1568 
f 1858/1/1569 1854/1/1569 427/1/1569 
f 427/1/1569 425/1/1569 1858/1/1569 
f 1858/1/1570 425/1/1571 426/1/1570 
f 426/1/1571 1863/1/1571 1858/1/1571 
f 1863/1/1572 1864/1/1572 1859/1/1572 
f 1859/1/1572 1858/1/1572 1863/1/1572 
f 1862/1/1573 1859/1/1573 1864/1/1573 
f 1864/1/1573 1865/1/1573 1862/1/1573 
f 1043/1/1574 1042/1/1574 1862/1/1574 
f 1862/1/1574 1865/1/1574 1043/1/1574 
f 1862/1/1575 1042/1/1575 1041/1/1575 
f 1041/1/1575 1860/1/1575 1862/1/1575 
f 1041/1/1576 1040/1/1576 1861/1/1576 
f 1861/1/1576 1860/1/1576 1041/1/1576 
f 1040/1/1577 1023/1/1577 1841/1/1577 
f 1841/1/1577 1861/1/1577 1040/1/1577 
f 1840/1/1578 1856/1/1578 1861/1/1578 
f 1861/1/1578 1841/1/1578 1840/1/1578 
f 1839/1/1579 1857/1/1579 1856/1/1579 
f 1856/1/1579 1840/1/1579 1839/1/1579 
f 1866/1/1321 1867/1/1321 1868/1/1321 
f 1868/1/1321 1869/1/1321 1866/1/1321 
f 1870/1/1320 1871/1/1320 1867/1/1320 
f 1867/1/1320 1866/1/1320 1870/1/1320 
f 1867/1/1580 1872/1/1580 1873/1/1580 
f 1873/1/1324 1868/1/1324 1867/1/1324 
f 1871/1/1581 1874/1/1581 1872/1/1581 
f 1872/1/1322 1867/1/1322 1871/1/1322 
f 1869/1/1329 1875/1/1329 541/1/1329 
f 541/1/1329 540/1/1329 1869/1/1329 
f 550/1/1328 1866/1/1328 1869/1/1328 
f 1869/1/1328 540/1/1328 550/1/1328 
f 550/1/1326 549/1/1326 1870/1/1326 
f 1870/1/1582 1866/1/1582 550/1/1582 
f 549/1/1325 521/1/1325 1851/1/1325 
f 1851/1/1325 1870/1/1325 549/1/1325 
f 1871/1/1340 1870/1/1340 1851/1/1340 
f 1851/1/1340 1853/1/1340 1871/1/1340 
f 1852/1/1339 1874/1/1339 1871/1/1339 
f 1871/1/1339 1853/1/1339 1852/1/1339 
f 1852/1/1337 1136/1/1337 1159/1/1337 
f 1159/1/1337 1874/1/1337 1852/1/1337 
f 1874/1/1335 1159/1/1335 1158/1/1335 
f 1158/1/1335 1872/1/1335 1874/1/1335 
f 1872/1/1583 1158/1/1583 1157/1/1583 
f 1157/1/1583 1873/1/1583 1872/1/1583 
f 1873/1/1332 1157/1/1332 1156/1/1332 
f 1156/1/1332 1876/1/1332 1873/1/1332 
f 1877/1/1331 1868/1/1331 1873/1/1331 
f 1873/1/1331 1876/1/1331 1877/1/1331 
f 1868/1/1330 1877/1/1330 1875/1/1330 
f 1875/1/1330 1869/1/1330 1868/1/1330 
f 1878/1/1584 1879/1/1584 1880/1/1584 
f 1880/1/1584 1881/1/1584 1878/1/1584 
f 1882/1/1585 1883/1/1585 1879/1/1585 
f 1879/1/1585 1878/1/1585 1882/1/1585 
f 1879/1/1586 1884/1/1586 1885/1/1586 
f 1885/1/1587 1880/1/1587 1879/1/1587 
f 1886/1/1588 1884/1/1588 1879/1/1588 
f 1879/1/1588 1883/1/1588 1886/1/1588 
f 1863/1/1589 426/1/1589 448/1/1589 
f 448/1/1590 1881/1/1590 1863/1/1590 
f 1881/1/1591 448/1/1591 447/1/1591 
f 447/1/1592 1878/1/1592 1881/1/1592 
f 1882/1/1593 1878/1/1593 447/1/1593 
f 447/1/1593 445/1/1593 1882/1/1593 
f 1882/1/1594 445/1/1594 446/1/1594 
f 446/1/1594 1887/1/1594 1882/1/1594 
f 1887/1/1595 1888/1/1595 1883/1/1595 
f 1883/1/1595 1882/1/1595 1887/1/1595 
f 1886/1/1596 1883/1/1596 1888/1/1596 
f 1888/1/1596 1889/1/1596 1886/1/1596 
f 1063/1/1597 1062/1/1597 1886/1/1597 
f 1886/1/1598 1889/1/1598 1063/1/1598 
f 1886/1/1599 1062/1/1599 1061/1/1599 
f 1061/1/1599 1884/1/1599 1886/1/1599 
f 1061/1/1600 1060/1/1600 1885/1/1600 
f 1885/1/1601 1884/1/1601 1061/1/1601 
f 1060/1/1602 1043/1/1602 1865/1/1602 
f 1865/1/1602 1885/1/1602 1060/1/1602 
f 1864/1/1603 1880/1/1603 1885/1/1603 
f 1885/1/1604 1865/1/1604 1864/1/1604 
f 1880/1/1605 1864/1/1605 1863/1/1605 
f 1863/1/1605 1881/1/1605 1880/1/1605 
f 1890/1/1345 1891/1/1345 1892/1/1345 
f 1892/1/1345 1893/1/1345 1890/1/1345 
f 1894/1/1606 1895/1/1606 1891/1/1606 
f 1891/1/1344 1890/1/1344 1894/1/1344 
f 1891/1/1607 1896/1/1607 1897/1/1607 
f 1897/1/1607 1892/1/1607 1891/1/1607 
f 1895/1/1608 1898/1/1608 1896/1/1608 
f 1896/1/1608 1891/1/1608 1895/1/1608 
f 1893/1/1354 1899/1/1354 561/1/1354 
f 561/1/1354 560/1/1354 1893/1/1354 
f 570/1/1352 1890/1/1352 1893/1/1352 
f 1893/1/1352 560/1/1352 570/1/1352 
f 570/1/1351 569/1/1351 1894/1/1351 
f 1894/1/1351 1890/1/1351 570/1/1351 
f 569/1/1350 541/1/1350 1875/1/1350 
f 1875/1/1609 1894/1/1609 569/1/1609 
f 1895/1/1363 1894/1/1363 1875/1/1363 
f 1875/1/1363 1877/1/1363 1895/1/1363 
f 1876/1/1362 1898/1/1362 1895/1/1362 
f 1895/1/1362 1877/1/1362 1876/1/1362 
f 1876/1/1361 1156/1/1361 1179/1/1361 
f 1179/1/1361 1898/1/1361 1876/1/1361 
f 1898/1/1360 1179/1/1360 1178/1/1360 
f 1178/1/1360 1896/1/1360 1898/1/1360 
f 1896/1/1359 1178/1/1359 1177/1/1359 
f 1177/1/1359 1897/1/1359 1896/1/1359 
f 1897/1/1358 1177/1/1358 1176/1/1358 
f 1176/1/1358 1900/1/1358 1897/1/1358 
f 1897/1/1356 1900/1/1356 1901/1/1356 
f 1901/1/1356 1892/1/1356 1897/1/1356 
f 1892/1/1355 1901/1/1355 1899/1/1355 
f 1899/1/1610 1893/1/1610 1892/1/1610 
f 1902/1/1489 1903/1/1489 1904/1/1489 
f 1904/1/1489 1905/1/1489 1902/1/1489 
f 1906/1/1488 1907/1/1488 1903/1/1488 
f 1903/1/1611 1902/1/1611 1906/1/1611 
f 1903/1/1491 1908/1/1491 1909/1/1491 
f 1909/1/1491 1904/1/1491 1903/1/1491 
f 1903/1/1490 1907/1/1490 1910/1/1490 
f 1910/1/1490 1908/1/1490 1903/1/1490 
f 1905/1/1612 1911/1/1612 37/1/1612 
f 37/1/1497 36/1/1497 1905/1/1497 
f 1905/1/1495 36/1/1495 50/1/1495 
f 50/1/1613 1902/1/1613 1905/1/1613 
f 48/1/1494 1906/1/1494 1902/1/1494 
f 1902/1/1494 50/1/1494 48/1/1494 
f 1305/1/1614 1906/1/1614 48/1/1614 
f 48/1/1493 49/1/1493 1305/1/1493 
f 1906/1/1507 1305/1/1507 1310/1/1507 
f 1310/1/1507 1907/1/1507 1906/1/1507 
f 1907/1/1506 1310/1/1506 1309/1/1506 
f 1309/1/1506 1910/1/1506 1907/1/1506 
f 15/1/1505 14/1/1505 1910/1/1505 
f 1910/1/1505 1309/1/1505 15/1/1505 
f 1910/1/1504 14/1/1504 13/1/1504 
f 13/1/1504 1908/1/1504 1910/1/1504 
f 1909/1/1503 1908/1/1503 13/1/1503 
f 13/1/1503 12/1/1503 1909/1/1503 
f 12/1/1615 11/1/1615 1912/1/1615 
f 1912/1/1615 1909/1/1615 12/1/1615 
f 1904/1/1500 1909/1/1500 1912/1/1500 
f 1912/1/1500 1913/1/1500 1904/1/1500 
f 1904/1/1498 1913/1/1498 1911/1/1498 
f 1911/1/1498 1905/1/1498 1904/1/1498 
f 1914/1/901 1915/1/901 1916/1/901 
f 1916/1/901 1917/1/901 1914/1/901 
f 1918/1/1616 1919/1/1616 1915/1/1616 
f 1915/1/1616 1914/1/1616 1918/1/1616 
f 1915/1/1617 1920/1/1617 1921/1/1617 
f 1921/1/1617 1916/1/1617 1915/1/1617 
f 1922/1/1618 1920/1/1618 1915/1/1618 
f 1915/1/902 1919/1/902 1922/1/902 
f 1887/1/907 446/1/907 468/1/907 
f 468/1/907 1917/1/907 1887/1/907 
f 1917/1/906 468/1/906 467/1/906 
f 467/1/906 1914/1/906 1917/1/906 
f 1918/1/905 1914/1/905 467/1/905 
f 467/1/905 465/1/905 1918/1/905 
f 1923/1/904 1918/1/904 465/1/904 
f 465/1/1619 466/1/1619 1923/1/1619 
f 1923/1/916 1924/1/916 1919/1/916 
f 1919/1/916 1918/1/916 1923/1/916 
f 1922/1/915 1919/1/915 1924/1/915 
f 1924/1/915 1925/1/915 1922/1/915 
f 1922/1/914 1925/1/914 1083/1/914 
f 1083/1/1620 1082/1/1620 1922/1/1620 
f 1922/1/913 1082/1/913 1081/1/913 
f 1081/1/913 1920/1/913 1922/1/913 
f 1081/1/912 1080/1/912 1921/1/912 
f 1921/1/912 1920/1/912 1081/1/912 
f 1080/1/911 1063/1/911 1889/1/911 
f 1889/1/1621 1921/1/1621 1080/1/1621 
f 1889/1/909 1888/1/909 1916/1/909 
f 1916/1/1622 1921/1/1622 1889/1/1622 
f 1887/1/908 1917/1/908 1916/1/908 
f 1916/1/908 1888/1/908 1887/1/908 
f 1926/1/1623 1927/1/1623 1928/1/1623 
f 1928/1/1624 1929/1/1624 1926/1/1624 
f 1930/1/1368 1931/1/1368 1927/1/1368 
f 1927/1/1368 1926/1/1368 1930/1/1368 
f 1927/1/1625 1932/1/1625 1933/1/1625 
f 1933/1/1374 1928/1/1374 1927/1/1374 
f 1931/1/1372 1934/1/1372 1932/1/1372 
f 1932/1/1372 1927/1/1372 1931/1/1372 
f 1929/1/1378 1935/1/1378 581/1/1378 
f 581/1/1379 580/1/1379 1929/1/1379 
f 590/1/1377 1926/1/1377 1929/1/1377 
f 1929/1/1377 580/1/1377 590/1/1377 
f 590/1/1376 589/1/1376 1930/1/1376 
f 1930/1/1376 1926/1/1376 590/1/1376 
f 589/1/1375 561/1/1375 1899/1/1375 
f 1899/1/1375 1930/1/1375 589/1/1375 
f 1931/1/1391 1930/1/1391 1899/1/1391 
f 1899/1/1391 1901/1/1391 1931/1/1391 
f 1900/1/1390 1934/1/1390 1931/1/1390 
f 1931/1/1390 1901/1/1390 1900/1/1390 
f 1900/1/1389 1176/1/1389 1199/1/1389 
f 1199/1/1389 1934/1/1389 1900/1/1389 
f 1934/1/1387 1199/1/1387 1198/1/1387 
f 1198/1/1387 1932/1/1387 1934/1/1387 
f 1932/1/1386 1198/1/1386 1197/1/1386 
f 1197/1/1626 1933/1/1626 1932/1/1626 
f 1197/1/1383 1196/1/1383 1936/1/1383 
f 1936/1/1627 1933/1/1627 1197/1/1627 
f 1928/1/1381 1933/1/1381 1936/1/1381 
f 1936/1/1381 1937/1/1381 1928/1/1381 
f 1929/1/1628 1928/1/1628 1937/1/1628 
f 1937/1/1380 1935/1/1380 1929/1/1380 
f 1938/1/1515 1939/1/1515 1940/1/1515 
f 1940/1/1515 1941/1/1515 1938/1/1515 
f 1942/1/1514 1943/1/1514 1939/1/1514 
f 1939/1/1514 1938/1/1514 1942/1/1514 
f 1939/1/1517 1944/1/1517 1945/1/1517 
f 1945/1/1517 1940/1/1517 1939/1/1517 
f 1939/1/1516 1943/1/1516 1946/1/1516 
f 1946/1/1516 1944/1/1516 1939/1/1516 
f 61/1/1523 60/1/1523 1941/1/1523 
f 1941/1/1523 1947/1/1523 61/1/1523 
f 1941/1/1522 60/1/1522 70/1/1522 
f 70/1/1522 1938/1/1522 1941/1/1522 
f 70/1/1519 69/1/1519 1942/1/1519 
f 1942/1/1519 1938/1/1519 70/1/1519 
f 1942/1/1629 69/1/1629 37/1/1629 
f 37/1/1518 1911/1/1518 1942/1/1518 
f 1913/1/1532 1943/1/1532 1942/1/1532 
f 1942/1/1532 1911/1/1532 1913/1/1532 
f 1912/1/1531 1946/1/1531 1943/1/1531 
f 1943/1/1630 1913/1/1630 1912/1/1630 
f 11/1/1631 679/1/1631 1946/1/1631 
f 1946/1/1530 1912/1/1530 11/1/1530 
f 1946/1/1529 679/1/1529 678/1/1529 
f 678/1/1529 1944/1/1529 1946/1/1529 
f 1945/1/1528 1944/1/1528 678/1/1528 
f 678/1/1528 675/1/1528 1945/1/1528 
f 675/1/1526 677/1/1526 1948/1/1526 
f 1948/1/1526 1945/1/1526 675/1/1526 
f 1940/1/1632 1945/1/1632 1948/1/1632 
f 1948/1/1525 1949/1/1525 1940/1/1525 
f 1940/1/1524 1949/1/1524 1947/1/1524 
f 1947/1/1633 1941/1/1633 1940/1/1633 
f 1950/1/1634 1951/1/1634 1952/1/1634 
f 1952/1/1634 1953/1/1634 1950/1/1634 
f 1954/1/963 1955/1/963 1951/1/963 
f 1951/1/963 1950/1/963 1954/1/963 
f 1951/1/1635 1956/1/1635 1957/1/1635 
f 1957/1/1635 1952/1/1635 1951/1/1635 
f 1958/1/966 1956/1/966 1951/1/966 
f 1951/1/966 1955/1/966 1958/1/966 
f 1923/1/973 466/1/973 488/1/973 
f 488/1/973 1953/1/973 1923/1/973 
f 1953/1/972 488/1/972 487/1/972 
f 487/1/972 1950/1/972 1953/1/972 
f 1954/1/971 1950/1/971 487/1/971 
f 487/1/971 485/1/971 1954/1/971 
f 1959/1/970 1954/1/970 485/1/970 
f 485/1/970 486/1/970 1959/1/970 
f 1959/1/985 1960/1/985 1955/1/985 
f 1955/1/985 1954/1/985 1959/1/985 
f 1958/1/983 1955/1/983 1960/1/983 
f 1960/1/984 1961/1/984 1958/1/984 
f 1958/1/982 1961/1/982 1103/1/982 
f 1103/1/982 1102/1/982 1958/1/982 
f 1958/1/980 1102/1/980 1101/1/980 
f 1101/1/980 1956/1/980 1958/1/980 
f 1101/1/978 1100/1/978 1957/1/978 
f 1957/1/978 1956/1/978 1101/1/978 
f 1100/1/976 1083/1/976 1925/1/976 
f 1925/1/976 1957/1/976 1100/1/976 
f 1952/1/975 1957/1/975 1925/1/975 
f 1925/1/975 1924/1/975 1952/1/975 
f 1953/1/974 1952/1/974 1924/1/974 
f 1924/1/974 1923/1/974 1953/1/974 
f 1962/1/1398 1963/1/1398 1964/1/1398 
f 1964/1/1398 1965/1/1398 1962/1/1398 
f 1966/1/1396 1967/1/1396 1963/1/1396 
f 1963/1/1396 1962/1/1396 1966/1/1396 
f 1963/1/1402 1968/1/1402 1969/1/1402 
f 1969/1/1402 1964/1/1402 1963/1/1402 
f 1967/1/1636 1970/1/1636 1968/1/1636 
f 1968/1/1636 1963/1/1636 1967/1/1636 
f 1965/1/1406 1971/1/1406 601/1/1406 
f 601/1/1406 600/1/1406 1965/1/1406 
f 610/1/1405 1962/1/1405 1965/1/1405 
f 1965/1/1637 600/1/1637 610/1/1637 
f 610/1/1404 609/1/1404 1966/1/1404 
f 1966/1/1404 1962/1/1404 610/1/1404 
f 609/1/1403 581/1/1403 1935/1/1403 
f 1935/1/1638 1966/1/1638 609/1/1638 
f 1966/1/1417 1935/1/1417 1937/1/1417 
f 1937/1/1417 1967/1/1417 1966/1/1417 
f 1936/1/1416 1970/1/1416 1967/1/1416 
f 1967/1/1416 1937/1/1416 1936/1/1416 
f 1219/1/1639 1970/1/1639 1936/1/1639 
f 1936/1/1640 1196/1/1640 1219/1/1640 
f 1970/1/1412 1219/1/1412 1218/1/1412 
f 1218/1/1412 1968/1/1412 1970/1/1412 
f 1968/1/1641 1218/1/1641 1217/1/1641 
f 1217/1/1642 1969/1/1642 1968/1/1642 
f 1217/1/1410 1216/1/1410 1972/1/1410 
f 1972/1/1410 1969/1/1410 1217/1/1410 
f 1964/1/1409 1969/1/1409 1972/1/1409 
f 1972/1/1409 1973/1/1409 1964/1/1409 
f 1965/1/1407 1964/1/1407 1973/1/1407 
f 1973/1/1407 1971/1/1407 1965/1/1407 
f 1974/1/1539 1975/1/1539 1976/1/1539 
f 1976/1/1539 1977/1/1539 1974/1/1539 
f 1978/1/1538 1979/1/1538 1975/1/1538 
f 1975/1/1538 1974/1/1538 1978/1/1538 
f 1975/1/1543 1980/1/1543 1981/1/1543 
f 1981/1/1543 1976/1/1543 1975/1/1543 
f 1975/1/1541 1979/1/1541 1982/1/1541 
f 1982/1/1541 1980/1/1541 1975/1/1541 
f 1977/1/1547 1983/1/1547 81/1/1547 
f 81/1/1547 80/1/1547 1977/1/1547 
f 1977/1/1546 80/1/1546 90/1/1546 
f 90/1/1546 1974/1/1546 1977/1/1546 
f 1974/1/1545 90/1/1545 89/1/1545 
f 89/1/1545 1978/1/1545 1974/1/1545 
f 89/1/1544 61/1/1544 1947/1/1544 
f 1947/1/1544 1978/1/1544 89/1/1544 
f 1949/1/1558 1979/1/1558 1978/1/1558 
f 1978/1/1558 1947/1/1558 1949/1/1558 
f 1948/1/1557 1982/1/1557 1979/1/1557 
f 1979/1/1557 1949/1/1557 1948/1/1557 
f 699/1/1556 1982/1/1556 1948/1/1556 
f 1948/1/1556 677/1/1556 699/1/1556 
f 1982/1/1643 699/1/1554 698/1/1554 
f 698/1/1554 1980/1/1554 1982/1/1554 
f 1981/1/1553 1980/1/1553 698/1/1553 
f 698/1/1553 697/1/1553 1981/1/1553 
f 697/1/1552 696/1/1552 1984/1/1552 
f 1984/1/1552 1981/1/1552 697/1/1552 
f 1976/1/1551 1981/1/1551 1984/1/1551 
f 1984/1/1551 1985/1/1551 1976/1/1551 
f 1976/1/1549 1985/1/1549 1983/1/1549 
f 1983/1/1549 1977/1/1549 1976/1/1549 
f 1986/1/1028 1987/1/1028 1988/1/1028 
f 1988/1/1028 1989/1/1028 1986/1/1028 
f 1990/1/1026 1991/1/1026 1987/1/1026 
f 1987/1/1026 1986/1/1026 1990/1/1026 
f 1987/1/1031 1992/1/1031 1993/1/1031 
f 1993/1/1644 1988/1/1644 1987/1/1644 
f 1994/1/1030 1992/1/1030 1987/1/1030 
f 1987/1/1030 1991/1/1030 1994/1/1030 
f 1959/1/1645 486/1/1645 508/1/1645 
f 508/1/1035 1989/1/1035 1959/1/1035 
f 1989/1/1034 508/1/1034 507/1/1034 
f 507/1/1034 1986/1/1034 1989/1/1034 
f 1990/1/1033 1986/1/1033 507/1/1033 
f 507/1/1033 505/1/1033 1990/1/1033 
f 1995/1/1032 1990/1/1032 505/1/1032 
f 505/1/1032 506/1/1646 1995/1/1032 
f 1995/1/1045 1996/1/1045 1991/1/1045 
f 1991/1/1647 1990/1/1647 1995/1/1647 
f 1994/1/1044 1991/1/1044 1996/1/1044 
f 1996/1/1044 1997/1/1044 1994/1/1044 
f 1994/1/1043 1997/1/1043 1123/1/1043 
f 1123/1/1043 1122/1/1043 1994/1/1043 
f 1994/1/1042 1122/1/1042 1121/1/1042 
f 1121/1/1042 1992/1/1042 1994/1/1042 
f 1121/1/1041 1120/1/1041 1993/1/1041 
f 1993/1/1041 1992/1/1041 1121/1/1041 
f 1120/1/1038 1103/1/1038 1961/1/1038 
f 1961/1/1038 1993/1/1038 1120/1/1038 
f 1988/1/1648 1993/1/1648 1961/1/1648 
f 1961/1/1648 1960/1/1648 1988/1/1648 
f 1989/1/1036 1988/1/1036 1960/1/1036 
f 1960/1/1036 1959/1/1036 1989/1/1036 
f 1998/1/1424 1999/1/1424 2000/1/1424 
f 2000/1/1649 2001/1/1649 1998/1/1649 
f 2002/1/1423 2003/1/1423 1999/1/1423 
f 1999/1/1423 1998/1/1423 2002/1/1423 
f 1999/1/1428 2004/1/1428 2005/1/1428 
f 2005/1/1650 2000/1/1650 1999/1/1650 
f 2003/1/1426 2006/1/1426 2004/1/1426 
f 2004/1/1426 1999/1/1426 2003/1/1426 
f 2001/1/1434 2007/1/1434 621/1/1434 
f 621/1/1434 620/1/1434 2001/1/1434 
f 630/1/1433 1998/1/1433 2001/1/1433 
f 2001/1/1433 620/1/1433 630/1/1433 
f 630/1/1432 629/1/1432 2002/1/1432 
f 2002/1/1432 1998/1/1432 630/1/1432 
f 629/1/1429 601/1/1429 1971/1/1429 
f 1971/1/1429 2002/1/1429 629/1/1429 
f 2002/1/1444 1971/1/1444 1973/1/1444 
f 1973/1/1444 2003/1/1444 2002/1/1444 
f 1972/1/1443 2006/1/1443 2003/1/1443 
f 2003/1/1443 1973/1/1443 1972/1/1443 
f 1239/1/1442 2006/1/1442 1972/1/1442 
f 1972/1/1442 1216/1/1442 1239/1/1442 
f 2006/1/1441 1239/1/1441 1238/1/1441 
f 1238/1/1441 2004/1/1441 2006/1/1441 
f 2004/1/1651 1238/1/1651 1237/1/1651 
f 1237/1/1440 2005/1/1440 2004/1/1440 
f 1237/1/1438 1236/1/1438 2008/1/1438 
f 2008/1/1438 2005/1/1438 1237/1/1438 
f 2000/1/1437 2005/1/1437 2008/1/1437 
f 2008/1/1437 2009/1/1437 2000/1/1437 
f 2001/1/1436 2000/1/1436 2009/1/1436 
f 2009/1/1436 2007/1/1436 2001/1/1436 
f 2010/1/1564 2011/1/1564 2012/1/1564 
f 2012/1/1564 2013/1/1564 2010/1/1564 
f 2014/1/1562 2015/1/1562 2011/1/1562 
f 2011/1/1562 2010/1/1562 2014/1/1562 
f 2011/1/1566 2016/1/1566 2017/1/1566 
f 2017/1/1566 2012/1/1566 2011/1/1566 
f 2011/1/1565 2015/1/1565 2018/1/1565 
f 2018/1/1565 2016/1/1565 2011/1/1565 
f 2013/1/1570 2019/1/1570 101/1/1570 
f 101/1/1652 100/1/1652 2013/1/1652 
f 2013/1/1569 100/1/1569 110/1/1569 
f 110/1/1569 2010/1/1569 2013/1/1569 
f 2014/1/1568 2010/1/1568 110/1/1568 
f 110/1/1568 109/1/1568 2014/1/1568 
f 109/1/1567 81/1/1567 1983/1/1567 
f 1983/1/1567 2014/1/1567 109/1/1567 
f 1985/1/1653 2015/1/1653 2014/1/1653 
f 2014/1/1653 1983/1/1653 1985/1/1653 
f 1984/1/1578 2018/1/1578 2015/1/1578 
f 2015/1/1578 1985/1/1578 1984/1/1578 
f 719/1/1577 2018/1/1577 1984/1/1577 
f 1984/1/1577 696/1/1577 719/1/1577 
f 2018/1/1576 719/1/1576 718/1/1576 
f 718/1/1576 2016/1/1576 2018/1/1576 
f 718/1/1575 717/1/1575 2017/1/1575 
f 2017/1/1575 2016/1/1575 718/1/1575 
f 717/1/1574 716/1/1574 2020/1/1574 
f 2020/1/1574 2017/1/1574 717/1/1574 
f 2012/1/1573 2017/1/1573 2020/1/1573 
f 2020/1/1573 2021/1/1573 2012/1/1573 
f 2012/1/1572 2021/1/1572 2019/1/1572 
f 2019/1/1572 2013/1/1572 2012/1/1572 
f 2022/1/1088 2023/1/1088 2024/1/1088 
f 2024/1/1088 2025/1/1088 2022/1/1088 
f 2026/1/1087 2027/1/1087 2023/1/1087 
f 2023/1/1087 2022/1/1087 2026/1/1087 
f 2023/1/1091 2028/1/1091 2029/1/1091 
f 2029/1/1091 2024/1/1091 2023/1/1091 
f 2030/1/1089 2028/1/1089 2023/1/1089 
f 2023/1/1089 2027/1/1089 2030/1/1089 
f 1995/1/1096 506/1/1096 528/1/1096 
f 528/1/1096 2025/1/1096 1995/1/1096 
f 2025/1/1654 528/1/1654 527/1/1654 
f 527/1/1095 2022/1/1095 2025/1/1095 
f 2026/1/1094 2022/1/1094 527/1/1094 
f 527/1/1094 525/1/1094 2026/1/1094 
f 525/1/1092 526/1/1092 1290/1/1092 
f 1290/1/1092 2026/1/1092 525/1/1092 
f 1295/1/1108 2027/1/1108 2026/1/1108 
f 2026/1/1108 1290/1/1108 1295/1/1108 
f 2030/1/1107 2027/1/1107 1295/1/1107 
f 1295/1/1107 1294/1/1107 2030/1/1107 
f 2030/1/1105 1294/1/1105 1143/1/1105 
f 1143/1/1655 1142/1/1655 2030/1/1655 
f 2030/1/1656 1142/1/1656 1141/1/1656 
f 1141/1/1657 2028/1/1657 2030/1/1657 
f 1141/1/1658 1140/1/1658 2029/1/1658 
f 2029/1/1658 2028/1/1658 1141/1/1658 
f 1140/1/1099 1123/1/1099 1997/1/1099 
f 1997/1/1099 2029/1/1099 1140/1/1099 
f 2024/1/1659 2029/1/1659 1997/1/1659 
f 1997/1/1098 1996/1/1098 2024/1/1098 
f 2025/1/1097 2024/1/1097 1996/1/1097 
f 1996/1/1097 1995/1/1097 2025/1/1097 
f 2031/1/1450 2032/1/1450 2033/1/1450 
f 2033/1/1450 2034/1/1450 2031/1/1450 
f 2035/1/1449 2036/1/1449 2032/1/1449 
f 2032/1/1449 2031/1/1449 2035/1/1449 
f 2032/1/1453 2037/1/1453 2038/1/1453 
f 2038/1/1660 2033/1/1660 2032/1/1660 
f 2036/1/1661 2039/1/1661 2037/1/1661 
f 2037/1/1451 2032/1/1451 2036/1/1451 
f 2034/1/1662 1306/1/1662 641/1/1662 
f 641/1/1458 640/1/1458 2034/1/1458 
f 650/1/1457 2031/1/1457 2034/1/1457 
f 2034/1/1457 640/1/1457 650/1/1457 
f 650/1/1456 649/1/1456 2035/1/1456 
f 2035/1/1456 2031/1/1456 650/1/1456 
f 649/1/1455 621/1/1455 2007/1/1455 
f 2007/1/1455 2035/1/1455 649/1/1455 
f 2035/1/1468 2007/1/1468 2009/1/1468 
f 2009/1/1468 2036/1/1468 2035/1/1468 
f 2008/1/1467 2039/1/1467 2036/1/1467 
f 2036/1/1467 2009/1/1467 2008/1/1467 
f 1259/1/1465 2039/1/1465 2008/1/1465 
f 2008/1/1465 1236/1/1465 1259/1/1465 
f 2039/1/1464 1259/1/1464 1258/1/1464 
f 1258/1/1464 2037/1/1464 2039/1/1464 
f 2037/1/1663 1258/1/1663 1257/1/1663 
f 1257/1/1664 2038/1/1664 2037/1/1664 
f 1257/1/1665 1256/1/1665 1308/1/1665 
f 1308/1/1462 2038/1/1462 1257/1/1462 
f 2038/1/1460 1308/1/1460 1307/1/1460 
f 1307/1/1666 2033/1/1666 2038/1/1666 
f 2034/1/1459 2033/1/1459 1307/1/1459 
f 1307/1/1459 1306/1/1459 2034/1/1459 
f 2040/1/1585 2041/1/1585 2042/1/1585 
f 2042/1/1585 2043/1/1585 2040/1/1585 
f 2044/1/1584 2045/1/1584 2041/1/1584 
f 2041/1/1584 2040/1/1584 2044/1/1584 
f 2041/1/1588 2046/1/1588 2047/1/1588 
f 2047/1/1588 2042/1/1588 2041/1/1588 
f 2041/1/1586 2045/1/1586 2048/1/1586 
f 2048/1/1667 2046/1/1667 2041/1/1667 
f 2043/1/1668 1321/1/1668 121/1/1668 
f 121/1/1594 120/1/1594 2043/1/1594 
f 2043/1/1593 120/1/1593 130/1/1593 
f 130/1/1593 2040/1/1593 2043/1/1593 
f 2044/1/1592 2040/1/1592 130/1/1592 
f 130/1/1592 129/1/1592 2044/1/1592 
f 129/1/1590 101/1/1590 2019/1/1590 
f 2019/1/1590 2044/1/1590 129/1/1590 
f 2021/1/1605 2045/1/1605 2044/1/1605 
f 2044/1/1669 2019/1/1669 2021/1/1669 
f 2020/1/1670 2048/1/1670 2045/1/1670 
f 2045/1/1603 2021/1/1603 2020/1/1603 
f 739/1/1602 2048/1/1602 2020/1/1602 
f 2020/1/1602 716/1/1602 739/1/1602 
f 2048/1/1671 739/1/1671 738/1/1671 
f 738/1/1671 2046/1/1671 2048/1/1671 
f 738/1/1599 737/1/1599 2047/1/1599 
f 2047/1/1599 2046/1/1599 738/1/1599 
f 737/1/1597 736/1/1597 1323/1/1597 
f 1323/1/1597 2047/1/1597 737/1/1597 
f 1323/1/1596 1322/1/1596 2042/1/1596 
f 2042/1/1596 2047/1/1596 1323/1/1596 
f 2043/1/1595 2042/1/1595 1322/1/1595 
f 1322/1/1595 1321/1/1595 2043/1/1595 
f 2049/1/1672 2050/1/1672 2051/1/1672 
f 2051/1/1673 2052/1/1673 2053/1/1673 
f 2049/1/1672 2051/1/1672 2053/1/1672 
f 2053/1/1672 2054/1/1672 2055/1/1672 
f 2055/1/1672 2056/1/1672 2057/1/1672 
f 2053/1/1674 2055/1/1674 2057/1/1674 
f 2049/1/1672 2053/1/1672 2057/1/1672 
f 2057/1/1672 2058/1/1672 2059/1/1672 
f 2059/1/1675 2060/1/1675 2061/1/1675 
f 2057/1/1674 2059/1/1674 2061/1/1674 
f 2061/1/1676 2062/1/1676 2063/1/1676 
f 2063/1/1672 2064/1/1672 2065/1/1672 
f 2061/1/1677 2063/1/1677 2065/1/1677 
f 2057/1/1678 2061/1/1678 2065/1/1678 
f 2065/1/1672 2066/1/1672 2067/1/1672 
f 2067/1/1672 2068/1/1672 2069/1/1672 
f 2065/1/1672 2067/1/1672 2069/1/1672 
f 2069/1/1679 2070/1/1679 2071/1/1679 
f 2071/1/1672 2072/1/1672 2073/1/1672 
f 2069/1/1674 2071/1/1674 2073/1/1674 
f 2065/1/1680 2069/1/1680 2073/1/1680 
f 2057/1/1673 2065/1/1673 2073/1/1673 
f 2049/1/1681 2057/1/1681 2073/1/1681 
f 2074/1/1672 2075/1/1672 2076/1/1672 
f 2073/1/1672 2074/1/1672 2076/1/1672 
f 2073/1/1682 2076/1/1682 2077/1/1682 
f 2049/1/1676 2073/1/1676 2077/1/1676 
f 2078/1/1672 2049/1/1672 2077/1/1672 
f 2078/1/1672 2077/1/1672 2079/1/1672 
f 2078/1/1672 2079/1/1672 2080/1/1672 
f 2081/1/1683 2082/1/1683 2083/1/1683 
f 2083/1/1684 2084/1/1684 2081/1/1684 
f 2067/1/1685 2085/1/1685 2086/1/1685 
f 2086/1/1686 2068/1/1686 2067/1/1686 
f 2087/1/1687 2049/1/1687 2078/1/1687 
f 2078/1/1688 2088/1/1688 2087/1/1688 
f 2053/1/1689 2089/1/1689 2090/1/1689 
f 2090/1/1689 2054/1/1689 2053/1/1689 
f 2066/1/1690 2091/1/1690 2085/1/1690 
f 2085/1/1690 2067/1/1690 2066/1/1690 
f 2088/1/1691 2078/1/1691 2080/1/1691 
f 2080/1/1691 2092/1/1691 2088/1/1691 
f 2052/1/1692 2093/1/1692 2089/1/1692 
f 2089/1/1693 2053/1/1693 2052/1/1693 
f 2065/1/1694 2094/1/1694 2091/1/1694 
f 2091/1/1695 2066/1/1695 2065/1/1695 
f 2092/1/1696 2080/1/1696 2079/1/1696 
f 2079/1/1696 2095/1/1696 2092/1/1696 
f 2051/1/1697 2096/1/1697 2093/1/1697 
f 2093/1/1698 2052/1/1698 2051/1/1698 
f 2064/1/1699 2097/1/1699 2094/1/1699 
f 2094/1/1700 2065/1/1700 2064/1/1700 
f 2079/1/1701 2077/1/1701 2098/1/1701 
f 2098/1/1701 2095/1/1701 2079/1/1701 
f 2050/1/1702 2099/1/1702 2096/1/1702 
f 2096/1/1703 2051/1/1703 2050/1/1703 
f 2063/1/1704 2100/1/1704 2097/1/1704 
f 2097/1/1705 2064/1/1705 2063/1/1705 
f 2076/1/1706 2101/1/1706 2098/1/1706 
f 2098/1/1706 2077/1/1706 2076/1/1706 
f 2050/1/1707 2049/1/1707 2087/1/1707 
f 2087/1/1708 2099/1/1708 2050/1/1708 
f 2062/1/1709 2102/1/1709 2100/1/1709 
f 2100/1/1710 2063/1/1710 2062/1/1710 
f 2103/1/1711 2101/1/1711 2076/1/1711 
f 2076/1/1712 2075/1/1712 2103/1/1712 
f 2061/1/1713 2104/1/1713 2102/1/1713 
f 2102/1/1713 2062/1/1713 2061/1/1713 
f 2074/1/1714 2105/1/1714 2103/1/1714 
f 2103/1/1714 2075/1/1714 2074/1/1714 
f 2060/1/1715 2106/1/1715 2104/1/1715 
f 2104/1/1716 2061/1/1716 2060/1/1716 
f 2084/1/1717 2105/1/1717 2074/1/1717 
f 2074/1/1717 2073/1/1717 2084/1/1717 
f 2059/1/1718 2107/1/1718 2106/1/1718 
f 2106/1/1719 2060/1/1719 2059/1/1719 
f 2084/1/1720 2073/1/1720 2072/1/1720 
f 2072/1/1721 2081/1/1721 2084/1/1721 
f 2058/1/1722 2108/1/1722 2107/1/1722 
f 2107/1/1723 2059/1/1723 2058/1/1723 
f 2072/1/1724 2071/1/1724 2109/1/1724 
f 2109/1/1724 2081/1/1724 2072/1/1724 
f 2057/1/1725 2110/1/1725 2108/1/1725 
f 2108/1/1725 2058/1/1725 2057/1/1725 
f 2070/1/1726 2111/1/1726 2109/1/1726 
f 2109/1/1727 2071/1/1727 2070/1/1727 
f 2056/1/1728 2112/1/1728 2110/1/1728 
f 2110/1/1728 2057/1/1728 2056/1/1728 
f 2069/1/1729 2113/1/1729 2111/1/1729 
f 2111/1/1729 2070/1/1729 2069/1/1729 
f 2055/1/1730 2114/1/1730 2112/1/1730 
f 2112/1/1730 2056/1/1730 2055/1/1730 
f 2068/1/1731 2086/1/1731 2113/1/1731 
f 2113/1/1732 2069/1/1732 2068/1/1732 
f 2054/1/1733 2090/1/1733 2114/1/1733 
f 2114/1/1734 2055/1/1734 2054/1/1734 
f 2115/1/1735 2116/1/1735 2117/1/1735 
f 2117/1/1735 2118/1/1735 2115/1/1735 
f 2108/1/1736 2119/1/1736 2120/1/1736 
f 2120/1/1737 2107/1/1737 2108/1/1737 
f 2109/1/1738 2121/1/1738 2082/1/1738 
f 2082/1/1738 2081/1/1738 2109/1/1738 
f 2110/1/1739 2122/1/1739 2119/1/1739 
f 2119/1/1740 2108/1/1740 2110/1/1740 
f 2111/1/1741 2118/1/1741 2121/1/1741 
f 2121/1/1741 2109/1/1741 2111/1/1741 
f 2112/1/1742 2123/1/1742 2122/1/1742 
f 2122/1/1742 2110/1/1742 2112/1/1742 
f 2113/1/1743 2115/1/1743 2118/1/1743 
f 2118/1/1744 2111/1/1744 2113/1/1744 
f 2114/1/1745 2124/1/1745 2123/1/1745 
f 2123/1/1746 2112/1/1746 2114/1/1746 
f 2086/1/1747 2125/1/1747 2115/1/1747 
f 2115/1/1748 2113/1/1748 2086/1/1748 
f 2090/1/1749 2126/1/1749 2124/1/1749 
f 2124/1/1749 2114/1/1749 2090/1/1749 
f 2085/1/1750 2127/1/1750 2125/1/1750 
f 2125/1/1751 2086/1/1751 2085/1/1751 
f 2088/1/1752 2128/1/1752 2129/1/1752 
f 2129/1/1753 2087/1/1753 2088/1/1753 
f 2089/1/1754 2130/1/1754 2126/1/1754 
f 2126/1/1754 2090/1/1754 2089/1/1754 
f 2091/1/1755 2131/1/1755 2127/1/1755 
f 2127/1/1756 2085/1/1756 2091/1/1756 
f 2092/1/1757 2132/1/1757 2128/1/1757 
f 2128/1/1758 2088/1/1758 2092/1/1758 
f 2093/1/1759 2133/1/1759 2130/1/1759 
f 2130/1/1760 2089/1/1760 2093/1/1760 
f 2094/1/1761 2134/1/1761 2131/1/1761 
f 2131/1/1762 2091/1/1762 2094/1/1762 
f 2095/1/1763 2135/1/1763 2132/1/1763 
f 2132/1/1764 2092/1/1764 2095/1/1764 
f 2096/1/1765 2136/1/1765 2133/1/1765 
f 2133/1/1765 2093/1/1765 2096/1/1765 
f 2097/1/1766 2137/1/1766 2134/1/1766 
f 2134/1/1766 2094/1/1766 2097/1/1766 
f 2098/1/1767 2138/1/1767 2135/1/1767 
f 2135/1/1768 2095/1/1768 2098/1/1768 
f 2099/1/1769 2139/1/1769 2136/1/1769 
f 2136/1/1770 2096/1/1770 2099/1/1770 
f 2100/1/1771 2140/1/1771 2137/1/1771 
f 2137/1/1772 2097/1/1772 2100/1/1772 
f 2101/1/1773 2141/1/1773 2138/1/1773 
f 2138/1/1774 2098/1/1774 2101/1/1774 
f 2099/1/1775 2087/1/1775 2129/1/1775 
f 2129/1/1775 2139/1/1775 2099/1/1775 
f 2102/1/1776 2142/1/1776 2140/1/1776 
f 2140/1/1776 2100/1/1776 2102/1/1776 
f 2103/1/1777 2143/1/1777 2141/1/1777 
f 2141/1/1778 2101/1/1778 2103/1/1778 
f 2104/1/1779 2144/1/1779 2142/1/1779 
f 2142/1/1779 2102/1/1779 2104/1/1779 
f 2105/1/1780 2145/1/1780 2143/1/1780 
f 2143/1/1781 2103/1/1781 2105/1/1781 
f 2106/1/1782 2146/1/1782 2144/1/1782 
f 2144/1/1782 2104/1/1782 2106/1/1782 
f 2084/1/1783 2083/1/1783 2145/1/1783 
f 2145/1/1783 2105/1/1783 2084/1/1783 
f 2107/1/1784 2120/1/1784 2146/1/1784 
f 2146/1/1785 2106/1/1785 2107/1/1785 
f 2147/1/1690 2148/1/1690 2149/1/1690 
f 2149/1/1786 2150/1/1786 2147/1/1786 
f 2124/1/1787 2151/1/1787 2152/1/1787 
f 2152/1/1787 2123/1/1787 2124/1/1787 
f 2125/1/1788 2153/1/1788 2116/1/1788 
f 2116/1/1789 2115/1/1789 2125/1/1789 
f 2126/1/1790 2154/1/1790 2151/1/1790 
f 2151/1/1791 2124/1/1791 2126/1/1791 
f 2127/1/1792 2147/1/1792 2153/1/1792 
f 2153/1/1793 2125/1/1793 2127/1/1793 
f 2128/1/1794 2155/1/1794 2156/1/1794 
f 2156/1/1795 2129/1/1795 2128/1/1795 
f 2130/1/1796 2157/1/1796 2154/1/1796 
f 2154/1/1797 2126/1/1797 2130/1/1797 
f 2131/1/1798 2148/1/1798 2147/1/1798 
f 2147/1/1799 2127/1/1799 2131/1/1799 
f 2132/1/1800 2158/1/1800 2155/1/1800 
f 2155/1/1801 2128/1/1801 2132/1/1801 
f 2133/1/1802 2159/1/1802 2157/1/1802 
f 2157/1/1803 2130/1/1803 2133/1/1803 
f 2134/1/1804 2160/1/1804 2148/1/1804 
f 2148/1/1805 2131/1/1805 2134/1/1805 
f 2135/1/1806 2161/1/1806 2158/1/1806 
f 2158/1/1806 2132/1/1806 2135/1/1806 
f 2136/1/1807 2162/1/1807 2159/1/1807 
f 2159/1/1808 2133/1/1808 2136/1/1808 
f 2137/1/1809 2163/1/1809 2160/1/1809 
f 2160/1/1810 2134/1/1810 2137/1/1810 
f 2138/1/1811 2164/1/1811 2161/1/1811 
f 2161/1/1811 2135/1/1811 2138/1/1811 
f 2139/1/1812 2165/1/1812 2162/1/1812 
f 2162/1/1812 2136/1/1812 2139/1/1812 
f 2140/1/1813 2166/1/1813 2163/1/1813 
f 2163/1/1814 2137/1/1814 2140/1/1814 
f 2141/1/1815 2167/1/1815 2164/1/1815 
f 2164/1/1816 2138/1/1816 2141/1/1816 
f 2139/1/1817 2129/1/1817 2156/1/1817 
f 2156/1/1818 2165/1/1818 2139/1/1818 
f 2142/1/1819 2168/1/1819 2166/1/1819 
f 2166/1/1819 2140/1/1819 2142/1/1819 
f 2143/1/1820 2169/1/1820 2167/1/1820 
f 2167/1/1821 2141/1/1821 2143/1/1821 
f 2144/1/1822 2170/1/1822 2168/1/1822 
f 2168/1/1822 2142/1/1822 2144/1/1822 
f 2145/1/1823 2171/1/1823 2169/1/1823 
f 2169/1/1824 2143/1/1824 2145/1/1824 
f 2146/1/1825 2172/1/1825 2170/1/1825 
f 2170/1/1825 2144/1/1825 2146/1/1825 
f 2083/1/1826 2173/1/1826 2171/1/1826 
f 2171/1/1827 2145/1/1827 2083/1/1827 
f 2120/1/1828 2174/1/1828 2172/1/1828 
f 2172/1/1829 2146/1/1829 2120/1/1829 
f 2082/1/1830 2175/1/1830 2173/1/1830 
f 2173/1/1831 2083/1/1831 2082/1/1831 
f 2119/1/1832 2176/1/1832 2174/1/1832 
f 2174/1/1832 2120/1/1832 2119/1/1832 
f 2121/1/1833 2177/1/1833 2175/1/1833 
f 2175/1/1834 2082/1/1834 2121/1/1834 
f 2122/1/1835 2178/1/1835 2176/1/1835 
f 2176/1/1836 2119/1/1836 2122/1/1836 
f 2118/1/1837 2117/1/1837 2177/1/1837 
f 2177/1/1837 2121/1/1837 2118/1/1837 
f 2123/1/1838 2152/1/1838 2178/1/1838 
f 2178/1/1838 2122/1/1838 2123/1/1838 
f 2179/1/1839 2180/1/1839 2181/1/1839 
f 2181/1/1840 2182/1/1840 2179/1/1840 
f 2158/1/1841 2183/1/1841 2184/1/1841 
f 2184/1/1691 2155/1/1691 2158/1/1691 
f 2185/1/1842 2186/1/1842 2157/1/1842 
f 2157/1/1843 2159/1/1843 2185/1/1843 
f 2148/1/1844 2160/1/1844 2187/1/1844 
f 2187/1/1845 2149/1/1845 2148/1/1845 
f 2161/1/1696 2188/1/1696 2183/1/1696 
f 2183/1/1846 2158/1/1846 2161/1/1846 
f 2159/1/1847 2162/1/1847 2189/1/1847 
f 2189/1/1848 2185/1/1848 2159/1/1848 
f 2160/1/1849 2163/1/1849 2182/1/1849 
f 2182/1/1850 2187/1/1850 2160/1/1850 
f 2164/1/1851 2190/1/1851 2188/1/1851 
f 2188/1/1852 2161/1/1852 2164/1/1852 
f 2162/1/1703 2165/1/1703 2191/1/1703 
f 2191/1/1703 2189/1/1703 2162/1/1703 
f 2163/1/1704 2166/1/1704 2179/1/1704 
f 2179/1/1704 2182/1/1704 2163/1/1704 
f 2167/1/1853 2192/1/1853 2190/1/1853 
f 2190/1/1854 2164/1/1854 2167/1/1854 
f 2191/1/1855 2165/1/1855 2156/1/1855 
f 2156/1/1856 2193/1/1856 2191/1/1856 
f 2166/1/1857 2168/1/1857 2194/1/1857 
f 2194/1/1709 2179/1/1709 2166/1/1709 
f 2169/1/1858 2195/1/1858 2192/1/1858 
f 2192/1/1859 2167/1/1859 2169/1/1859 
f 2196/1/1713 2194/1/1713 2168/1/1713 
f 2168/1/1713 2170/1/1713 2196/1/1713 
f 2171/1/1860 2197/1/1860 2195/1/1860 
f 2195/1/1861 2169/1/1861 2171/1/1861 
f 2170/1/1862 2172/1/1862 2198/1/1862 
f 2198/1/1863 2196/1/1863 2170/1/1863 
f 2171/1/1864 2173/1/1864 2199/1/1864 
f 2199/1/1864 2197/1/1864 2171/1/1864 
f 2172/1/1865 2174/1/1865 2200/1/1865 
f 2200/1/1866 2198/1/1866 2172/1/1866 
f 2173/1/1721 2175/1/1721 2201/1/1721 
f 2201/1/1721 2199/1/1721 2173/1/1721 
f 2202/1/1867 2200/1/1867 2174/1/1867 
f 2174/1/1868 2176/1/1868 2202/1/1868 
f 2201/1/1869 2175/1/1869 2177/1/1869 
f 2177/1/1870 2203/1/1870 2201/1/1870 
f 2176/1/1725 2178/1/1725 2204/1/1725 
f 2204/1/1725 2202/1/1725 2176/1/1725 
f 2177/1/1871 2117/1/1871 2205/1/1871 
f 2205/1/1872 2203/1/1872 2177/1/1872 
f 2178/1/1728 2152/1/1728 2206/1/1728 
f 2206/1/1728 2204/1/1728 2178/1/1728 
f 2205/1/1873 2117/1/1873 2116/1/1873 
f 2116/1/1874 2207/1/1874 2205/1/1874 
f 2208/1/1875 2206/1/1875 2152/1/1875 
f 2152/1/1730 2151/1/1730 2208/1/1730 
f 2207/1/1731 2116/1/1731 2153/1/1731 
f 2153/1/1731 2209/1/1731 2207/1/1731 
f 2151/1/1876 2154/1/1876 2210/1/1876 
f 2210/1/1877 2208/1/1877 2151/1/1877 
f 2150/1/1878 2209/1/1878 2153/1/1878 
f 2153/1/1879 2147/1/1879 2150/1/1879 
f 2155/1/1880 2184/1/1880 2193/1/1880 
f 2193/1/1881 2156/1/1881 2155/1/1881 
f 2154/1/1882 2157/1/1882 2186/1/1882 
f 2186/1/1689 2210/1/1689 2154/1/1689 
f 2211/1/1883 2212/1/1883 2213/1/1883 
f 2213/1/1884 2214/1/1884 2211/1/1884 
f 2192/1/1885 2215/1/1885 2216/1/1885 
f 2216/1/1886 2190/1/1886 2192/1/1886 
f 2217/1/1887 2191/1/1887 2193/1/1887 
f 2193/1/1888 2218/1/1888 2217/1/1888 
f 2180/1/1889 2179/1/1889 2194/1/1889 
f 2194/1/1890 2219/1/1890 2180/1/1890 
f 2220/1/1891 2215/1/1891 2192/1/1891 
f 2192/1/1892 2195/1/1892 2220/1/1892 
f 2196/1/1893 2214/1/1893 2219/1/1893 
f 2219/1/1894 2194/1/1894 2196/1/1894 
f 2197/1/1895 2221/1/1895 2220/1/1895 
f 2220/1/1896 2195/1/1896 2197/1/1896 
f 2198/1/1897 2211/1/1897 2214/1/1897 
f 2214/1/1898 2196/1/1898 2198/1/1898 
f 2199/1/1899 2222/1/1899 2221/1/1899 
f 2221/1/1900 2197/1/1900 2199/1/1900 
f 2223/1/1901 2211/1/1901 2198/1/1901 
f 2198/1/1901 2200/1/1901 2223/1/1901 
f 2201/1/1902 2224/1/1902 2222/1/1902 
f 2222/1/1903 2199/1/1903 2201/1/1903 
f 2202/1/1904 2225/1/1904 2223/1/1904 
f 2223/1/1905 2200/1/1905 2202/1/1905 
f 2226/1/1906 2224/1/1906 2201/1/1906 
f 2201/1/1907 2203/1/1907 2226/1/1907 
f 2204/1/1908 2227/1/1908 2225/1/1908 
f 2225/1/1909 2202/1/1909 2204/1/1909 
f 2205/1/1910 2228/1/1910 2226/1/1910 
f 2226/1/1911 2203/1/1911 2205/1/1911 
f 2229/1/1912 2227/1/1912 2204/1/1912 
f 2204/1/1913 2206/1/1913 2229/1/1913 
f 2207/1/1914 2230/1/1914 2228/1/1914 
f 2228/1/1915 2205/1/1915 2207/1/1915 
f 2208/1/1916 2231/1/1916 2229/1/1916 
f 2229/1/1917 2206/1/1917 2208/1/1917 
f 2232/1/1918 2230/1/1918 2207/1/1918 
f 2207/1/1919 2209/1/1919 2232/1/1919 
f 2210/1/1920 2233/1/1920 2231/1/1920 
f 2231/1/1921 2208/1/1921 2210/1/1921 
f 2150/1/1922 2234/1/1922 2232/1/1922 
f 2232/1/1922 2209/1/1922 2150/1/1922 
f 2184/1/1923 2235/1/1923 2218/1/1923 
f 2218/1/1924 2193/1/1924 2184/1/1924 
f 2233/1/1925 2210/1/1925 2186/1/1925 
f 2186/1/1926 2236/1/1926 2233/1/1926 
f 2149/1/1927 2237/1/1927 2234/1/1927 
f 2234/1/1927 2150/1/1927 2149/1/1927 
f 2183/1/1928 2238/1/1928 2235/1/1928 
f 2235/1/1928 2184/1/1928 2183/1/1928 
f 2185/1/1929 2239/1/1929 2236/1/1929 
f 2236/1/1930 2186/1/1930 2185/1/1930 
f 2240/1/1931 2237/1/1931 2149/1/1931 
f 2149/1/1931 2187/1/1931 2240/1/1931 
f 2241/1/1932 2238/1/1932 2183/1/1932 
f 2183/1/1933 2188/1/1933 2241/1/1933 
f 2189/1/1934 2242/1/1934 2239/1/1934 
f 2239/1/1935 2185/1/1935 2189/1/1935 
f 2182/1/1936 2181/1/1936 2240/1/1936 
f 2240/1/1937 2187/1/1937 2182/1/1937 
f 2190/1/1938 2216/1/1938 2241/1/1938 
f 2241/1/1939 2188/1/1939 2190/1/1939 
f 2217/1/1940 2242/1/1940 2189/1/1940 
f 2189/1/1941 2191/1/1941 2217/1/1941 
f 2243/1/1942 2244/1/1942 2245/1/1942 
f 2245/1/1943 2246/1/1943 2243/1/1943 
f 2247/1/1944 2221/1/1944 2222/1/1944 
f 2222/1/1945 2248/1/1945 2247/1/1945 
f 2223/1/1946 2249/1/1946 2212/1/1946 
f 2212/1/1947 2211/1/1947 2223/1/1947 
f 2224/1/1948 2250/1/1948 2248/1/1948 
f 2248/1/1949 2222/1/1949 2224/1/1949 
f 2249/1/1950 2223/1/1950 2225/1/1950 
f 2225/1/1951 2245/1/1951 2249/1/1951 
f 2226/1/1952 2251/1/1952 2250/1/1952 
f 2250/1/1953 2224/1/1953 2226/1/1953 
f 2227/1/1954 2246/1/1954 2245/1/1954 
f 2245/1/1955 2225/1/1955 2227/1/1955 
f 2252/1/1956 2251/1/1956 2226/1/1956 
f 2226/1/1957 2228/1/1957 2252/1/1957 
f 2229/1/1958 2253/1/1958 2246/1/1958 
f 2246/1/1958 2227/1/1958 2229/1/1958 
f 2230/1/1959 2254/1/1959 2252/1/1959 
f 2252/1/1960 2228/1/1960 2230/1/1960 
f 2253/1/1961 2229/1/1961 2231/1/1961 
f 2231/1/1961 2255/1/1961 2253/1/1961 
f 2232/1/1962 2256/1/1962 2254/1/1962 
f 2254/1/1962 2230/1/1962 2232/1/1962 
f 2233/1/1963 2257/1/1963 2255/1/1963 
f 2255/1/1964 2231/1/1964 2233/1/1964 
f 2258/1/1965 2256/1/1965 2232/1/1965 
f 2232/1/1966 2234/1/1966 2258/1/1966 
f 2218/1/1967 2235/1/1967 2259/1/1967 
f 2259/1/1968 2260/1/1968 2218/1/1968 
f 2236/1/1969 2261/1/1969 2257/1/1969 
f 2257/1/1970 2233/1/1970 2236/1/1970 
f 2237/1/1971 2262/1/1971 2258/1/1971 
f 2258/1/1971 2234/1/1971 2237/1/1971 
f 2238/1/1972 2263/1/1972 2259/1/1972 
f 2259/1/1973 2235/1/1973 2238/1/1973 
f 2264/1/1974 2261/1/1974 2236/1/1974 
f 2236/1/1975 2239/1/1975 2264/1/1975 
f 2240/1/1976 2265/1/1976 2262/1/1976 
f 2262/1/1976 2237/1/1976 2240/1/1976 
f 2241/1/1977 2266/1/1977 2263/1/1977 
f 2263/1/1978 2238/1/1978 2241/1/1978 
f 2242/1/1979 2267/1/1979 2264/1/1979 
f 2264/1/1980 2239/1/1980 2242/1/1980 
f 2265/1/1981 2240/1/1981 2181/1/1981 
f 2181/1/1981 2268/1/1981 2265/1/1981 
f 2216/1/1982 2269/1/1982 2266/1/1982 
f 2266/1/1982 2241/1/1982 2216/1/1982 
f 2217/1/1983 2270/1/1983 2267/1/1983 
f 2267/1/1983 2242/1/1983 2217/1/1983 
f 2180/1/1984 2271/1/1984 2268/1/1984 
f 2268/1/1985 2181/1/1985 2180/1/1985 
f 2269/1/1986 2216/1/1986 2215/1/1986 
f 2215/1/1987 2272/1/1987 2269/1/1987 
f 2260/1/1988 2270/1/1988 2217/1/1988 
f 2217/1/1989 2218/1/1989 2260/1/1989 
f 2219/1/1990 2273/1/1990 2271/1/1990 
f 2271/1/1991 2180/1/1991 2219/1/1991 
f 2220/1/1992 2274/1/1992 2272/1/1992 
f 2272/1/1993 2215/1/1993 2220/1/1993 
f 2273/1/1994 2219/1/1994 2214/1/1994 
f 2214/1/1995 2213/1/1995 2273/1/1995 
f 2221/1/1996 2247/1/1996 2274/1/1996 
f 2274/1/1996 2220/1/1996 2221/1/1996 
f 2275/1/1997 2276/1/1997 2277/1/1997 
f 2277/1/1997 2278/1/1997 2275/1/1997 
f 2252/1/1998 2279/1/1998 2280/1/1998 
f 2280/1/1872 2251/1/1872 2252/1/1872 
f 2253/1/1728 2281/1/1728 2243/1/1728 
f 2243/1/1728 2246/1/1728 2253/1/1728 
f 2282/1/1999 2279/1/1999 2252/1/1999 
f 2252/1/2000 2254/1/2000 2282/1/2000 
f 2255/1/2001 2278/1/2001 2281/1/2001 
f 2281/1/1730 2253/1/1730 2255/1/1730 
f 2256/1/1731 2283/1/1731 2282/1/1731 
f 2282/1/1731 2254/1/1731 2256/1/1731 
f 2275/1/1734 2278/1/1734 2255/1/1734 
f 2255/1/2002 2257/1/2002 2275/1/2002 
f 2258/1/2003 2284/1/2003 2283/1/2003 
f 2283/1/2004 2256/1/2004 2258/1/2004 
f 2260/1/1880 2259/1/1880 2285/1/1880 
f 2285/1/1880 2286/1/1880 2260/1/1880 
f 2261/1/2005 2287/1/2005 2275/1/2005 
f 2275/1/2006 2257/1/2006 2261/1/2006 
f 2288/1/2007 2284/1/2007 2258/1/2007 
f 2258/1/2008 2262/1/2008 2288/1/2008 
f 2285/1/1691 2259/1/1691 2263/1/1691 
f 2263/1/1691 2289/1/1691 2285/1/1691 
f 2264/1/1692 2290/1/1692 2287/1/1692 
f 2287/1/2009 2261/1/2009 2264/1/2009 
f 2265/1/1845 2291/1/1845 2288/1/1845 
f 2288/1/1845 2262/1/1845 2265/1/1845 
f 2289/1/1696 2263/1/1696 2266/1/1696 
f 2266/1/2010 2292/1/2010 2289/1/2010 
f 2293/1/2011 2290/1/2011 2264/1/2011 
f 2264/1/2012 2267/1/2012 2293/1/2012 
f 2268/1/1699 2294/1/1699 2291/1/1699 
f 2291/1/2013 2265/1/2013 2268/1/2013 
f 2269/1/1851 2295/1/1851 2292/1/1851 
f 2292/1/1851 2266/1/1851 2269/1/1851 
f 2270/1/1703 2296/1/1703 2293/1/1703 
f 2293/1/2014 2267/1/2014 2270/1/2014 
f 2297/1/2015 2294/1/2015 2268/1/2015 
f 2268/1/2016 2271/1/2016 2297/1/2016 
f 2272/1/2017 2298/1/2017 2295/1/2017 
f 2295/1/1854 2269/1/1854 2272/1/1854 
f 2286/1/1708 2296/1/1708 2270/1/1708 
f 2270/1/2018 2260/1/2018 2286/1/2018 
f 2273/1/2019 2299/1/2019 2297/1/2019 
f 2297/1/1709 2271/1/1709 2273/1/1709 
f 2298/1/2020 2272/1/2020 2274/1/2020 
f 2274/1/1712 2300/1/1712 2298/1/1712 
f 2213/1/2021 2301/1/2021 2299/1/2021 
f 2299/1/2022 2273/1/2022 2213/1/2022 
f 2247/1/2023 2302/1/2023 2300/1/2023 
f 2300/1/2023 2274/1/2023 2247/1/2023 
f 2303/1/2024 2301/1/2024 2213/1/2024 
f 2213/1/1716 2212/1/1716 2303/1/1716 
f 2248/1/2025 2304/1/2025 2302/1/2025 
f 2302/1/2025 2247/1/2025 2248/1/2025 
f 2249/1/2026 2305/1/2026 2303/1/2026 
f 2303/1/2026 2212/1/2026 2249/1/2026 
f 2306/1/2027 2304/1/2027 2248/1/2027 
f 2248/1/1721 2250/1/1721 2306/1/1721 
f 2245/1/1867 2244/1/1867 2305/1/1867 
f 2305/1/1867 2249/1/1867 2245/1/1867 
f 2251/1/2028 2280/1/2028 2306/1/2028 
f 2306/1/1724 2250/1/1724 2251/1/1724 
f 2307/1/2029 2308/1/2029 2309/1/2029 
f 2309/1/2030 2310/1/2030 2307/1/2030 
f 2284/1/2031 2311/1/2031 2312/1/2031 
f 2312/1/2031 2283/1/2031 2284/1/2031 
f 2313/1/2032 2314/1/2032 2286/1/2032 
f 2286/1/2032 2285/1/2032 2313/1/2032 
f 2315/1/2033 2276/1/2033 2275/1/2033 
f 2275/1/2033 2287/1/2033 2315/1/2033 
f 2288/1/2034 2316/1/2034 2311/1/2034 
f 2311/1/2034 2284/1/2034 2288/1/2034 
f 2289/1/2035 2317/1/2035 2313/1/2035 
f 2313/1/2035 2285/1/2035 2289/1/2035 
f 2290/1/2036 2318/1/2036 2315/1/2036 
f 2315/1/2036 2287/1/2036 2290/1/2036 
f 2319/1/2037 2316/1/2037 2288/1/2037 
f 2288/1/2037 2291/1/2037 2319/1/2037 
f 2292/1/2038 2320/1/2038 2317/1/2038 
f 2317/1/2038 2289/1/2038 2292/1/2038 
f 2293/1/2039 2321/1/2039 2318/1/2039 
f 2318/1/2039 2290/1/2039 2293/1/2039 
f 2294/1/2040 2322/1/2040 2319/1/2040 
f 2319/1/2040 2291/1/2040 2294/1/2040 
f 2323/1/2041 2320/1/2041 2292/1/2041 
f 2292/1/2041 2295/1/2041 2323/1/2041 
f 2321/1/2042 2293/1/2042 2296/1/2042 
f 2296/1/2042 2324/1/2042 2321/1/2042 
f 2297/1/2043 2325/1/2043 2322/1/2043 
f 2322/1/2043 2294/1/2043 2297/1/2043 
f 2298/1/2044 2326/1/2044 2323/1/2044 
f 2323/1/2044 2295/1/2044 2298/1/2044 
f 2314/1/2045 2324/1/2045 2296/1/2045 
f 2296/1/2045 2286/1/2045 2314/1/2045 
f 2325/1/2046 2297/1/2046 2299/1/2046 
f 2299/1/2046 2327/1/2046 2325/1/2046 
f 2300/1/2047 2328/1/2047 2326/1/2047 
f 2326/1/2047 2298/1/2047 2300/1/2047 
f 2301/1/2048 2329/1/2048 2327/1/2048 
f 2327/1/2048 2299/1/2048 2301/1/2048 
f 2330/1/2049 2328/1/2049 2300/1/2049 
f 2300/1/2049 2302/1/2049 2330/1/2049 
f 2303/1/2050 2331/1/2050 2329/1/2050 
f 2329/1/2050 2301/1/2050 2303/1/2050 
f 2304/1/2051 2332/1/2051 2330/1/2051 
f 2330/1/2051 2302/1/2051 2304/1/2051 
f 2309/1/2052 2331/1/2052 2303/1/2052 
f 2303/1/2052 2305/1/2052 2309/1/2052 
f 2306/1/2053 2333/1/2053 2332/1/2053 
f 2332/1/2053 2304/1/2053 2306/1/2053 
f 2244/1/2054 2310/1/2054 2309/1/2054 
f 2309/1/2054 2305/1/2054 2244/1/2054 
f 2333/1/2055 2306/1/2055 2280/1/2055 
f 2280/1/2055 2334/1/2055 2333/1/2055 
f 2243/1/2056 2335/1/2056 2310/1/2056 
f 2310/1/2057 2244/1/2057 2243/1/2057 
f 2279/1/2058 2336/1/2058 2334/1/2058 
f 2334/1/2058 2280/1/2058 2279/1/2058 
f 2335/1/2059 2243/1/2059 2281/1/2059 
f 2281/1/2060 2337/1/2060 2335/1/2060 
f 2282/1/2061 2338/1/2061 2336/1/2061 
f 2336/1/2061 2279/1/2061 2282/1/2061 
f 2278/1/2062 2277/1/2062 2337/1/2062 
f 2337/1/2062 2281/1/2062 2278/1/2062 
f 2312/1/2063 2338/1/2063 2282/1/2063 
f 2282/1/2063 2283/1/2063 2312/1/2063 
f 2339/1/2064 2340/1/2064 2341/1/2064 
f 2341/1/2065 2342/1/2065 2339/1/2065 
f 2334/1/2066 2343/1/2066 2344/1/2066 
f 2344/1/2067 2333/1/2067 2334/1/2067 
f 2335/1/2068 2345/1/2068 2307/1/2068 
f 2307/1/2069 2310/1/2069 2335/1/2069 
f 2346/1/2070 2343/1/2070 2334/1/2070 
f 2334/1/2071 2336/1/2071 2346/1/2071 
f 2337/1/2072 2342/1/2072 2345/1/2072 
f 2345/1/2072 2335/1/2072 2337/1/2072 
f 2338/1/2073 2347/1/2073 2346/1/2073 
f 2346/1/2074 2336/1/2074 2338/1/2074 
f 2342/1/2075 2337/1/2075 2277/1/2075 
f 2277/1/2075 2339/1/2075 2342/1/2075 
f 2312/1/2076 2348/1/2076 2347/1/2076 
f 2347/1/2077 2338/1/2077 2312/1/2077 
f 2276/1/2078 2349/1/2078 2339/1/2078 
f 2339/1/2078 2277/1/2078 2276/1/2078 
f 2348/1/2079 2312/1/2079 2311/1/2079 
f 2311/1/2080 2350/1/2080 2348/1/2080 
f 2314/1/2081 2313/1/2081 2351/1/2081 
f 2351/1/2082 2352/1/2082 2314/1/2082 
f 2315/1/2083 2353/1/2083 2349/1/2083 
f 2349/1/2084 2276/1/2084 2315/1/2084 
f 2316/1/2085 2354/1/2085 2350/1/2085 
f 2350/1/2086 2311/1/2086 2316/1/2086 
f 2317/1/2087 2355/1/2087 2351/1/2087 
f 2351/1/2088 2313/1/2088 2317/1/2088 
f 2356/1/2089 2353/1/2089 2315/1/2089 
f 2315/1/2090 2318/1/2090 2356/1/2090 
f 2319/1/2091 2357/1/2091 2354/1/2091 
f 2354/1/2092 2316/1/2092 2319/1/2092 
f 2320/1/2093 2358/1/2093 2355/1/2093 
f 2355/1/2094 2317/1/2094 2320/1/2094 
f 2321/1/2095 2359/1/2095 2356/1/2095 
f 2356/1/2096 2318/1/2096 2321/1/2096 
f 2360/1/2097 2357/1/2097 2319/1/2097 
f 2319/1/2098 2322/1/2098 2360/1/2098 
f 2323/1/2099 2361/1/2099 2358/1/2099 
f 2358/1/2100 2320/1/2100 2323/1/2100 
f 2324/1/2101 2362/1/2101 2359/1/2101 
f 2359/1/2102 2321/1/2102 2324/1/2102 
f 2325/1/2103 2363/1/2103 2360/1/2103 
f 2360/1/2104 2322/1/2104 2325/1/2104 
f 2361/1/2105 2323/1/2105 2326/1/2105 
f 2326/1/2105 2364/1/2105 2361/1/2105 
f 2352/1/2106 2362/1/2106 2324/1/2106 
f 2324/1/2106 2314/1/2106 2352/1/2106 
f 2327/1/2107 2365/1/2107 2363/1/2107 
f 2363/1/2108 2325/1/2108 2327/1/2108 
f 2328/1/2109 2366/1/2109 2364/1/2109 
f 2364/1/2109 2326/1/2109 2328/1/2109 
f 2365/1/2110 2327/1/2110 2329/1/2110 
f 2329/1/2111 2367/1/2111 2365/1/2111 
f 2330/1/2112 2368/1/2112 2366/1/2112 
f 2366/1/2113 2328/1/2113 2330/1/2113 
f 2331/1/2114 2369/1/2114 2367/1/2114 
f 2367/1/2115 2329/1/2115 2331/1/2115 
f 2370/1/2116 2368/1/2116 2330/1/2116 
f 2330/1/2117 2332/1/2117 2370/1/2117 
f 2309/1/2118 2308/1/2118 2369/1/2118 
f 2369/1/2118 2331/1/2118 2309/1/2118 
f 2333/1/2119 2344/1/2119 2370/1/2119 
f 2370/1/2120 2332/1/2120 2333/1/2120 
f 2371/1/2121 2372/1/2121 2373/1/2121 
f 2373/1/2121 2374/1/2121 2371/1/2121 
f 2348/1/2122 2375/1/2122 2376/1/2122 
f 2376/1/2123 2347/1/2123 2348/1/2123 
f 2339/1/2124 2349/1/2124 2377/1/2124 
f 2377/1/2125 2340/1/2125 2339/1/2125 
f 2350/1/2126 2378/1/2126 2375/1/2126 
f 2375/1/2126 2348/1/2126 2350/1/2126 
f 2352/1/2127 2351/1/2127 2379/1/2127 
f 2379/1/2128 2380/1/2128 2352/1/2128 
f 2377/1/2129 2349/1/2129 2353/1/2129 
f 2353/1/2129 2372/1/2129 2377/1/2129 
f 2350/1/2130 2354/1/2130 2381/1/2130 
f 2381/1/2130 2378/1/2130 2350/1/2130 
f 2379/1/2131 2351/1/2131 2355/1/2131 
f 2355/1/2132 2382/1/2132 2379/1/2132 
f 2356/1/2133 2373/1/2133 2372/1/2133 
f 2372/1/2134 2353/1/2134 2356/1/2134 
f 2381/1/2135 2354/1/2135 2357/1/2135 
f 2357/1/2136 2383/1/2136 2381/1/2136 
f 2382/1/2137 2355/1/2137 2358/1/2137 
f 2358/1/2138 2384/1/2138 2382/1/2138 
f 2356/1/2139 2359/1/2139 2385/1/2139 
f 2385/1/2139 2373/1/2139 2356/1/2139 
f 2360/1/2140 2386/1/2140 2383/1/2140 
f 2383/1/2141 2357/1/2141 2360/1/2141 
f 2361/1/2142 2387/1/2142 2384/1/2142 
f 2384/1/2142 2358/1/2142 2361/1/2142 
f 2385/1/2143 2359/1/2143 2362/1/2143 
f 2362/1/2144 2388/1/2144 2385/1/2144 
f 2360/1/2145 2363/1/2145 2389/1/2145 
f 2389/1/2145 2386/1/2145 2360/1/2145 
f 2364/1/2146 2390/1/2146 2387/1/2146 
f 2387/1/2147 2361/1/2147 2364/1/2147 
f 2362/1/2148 2352/1/2148 2380/1/2148 
f 2380/1/2149 2388/1/2149 2362/1/2149 
f 2389/1/2150 2363/1/2150 2365/1/2150 
f 2365/1/2150 2391/1/2150 2389/1/2150 
f 2390/1/2151 2364/1/2151 2366/1/2151 
f 2366/1/2152 2392/1/2152 2390/1/2152 
f 2367/1/2153 2393/1/2153 2391/1/2153 
f 2391/1/2154 2365/1/2154 2367/1/2154 
f 2368/1/2155 2394/1/2155 2392/1/2155 
f 2392/1/2155 2366/1/2155 2368/1/2155 
f 2367/1/2156 2369/1/2156 2395/1/2156 
f 2395/1/2157 2393/1/2157 2367/1/2157 
f 2370/1/2158 2396/1/2158 2394/1/2158 
f 2394/1/2159 2368/1/2159 2370/1/2159 
f 2395/1/2160 2369/1/2160 2308/1/2160 
f 2308/1/2161 2397/1/2161 2395/1/2161 
f 2370/1/2162 2344/1/2162 2398/1/2162 
f 2398/1/2163 2396/1/2163 2370/1/2163 
f 2307/1/2164 2399/1/2164 2397/1/2164 
f 2397/1/2165 2308/1/2165 2307/1/2165 
f 2398/1/2166 2344/1/2166 2343/1/2166 
f 2343/1/2167 2400/1/2167 2398/1/2167 
f 2307/1/2168 2345/1/2168 2401/1/2168 
f 2401/1/2169 2399/1/2169 2307/1/2169 
f 2402/1/2170 2400/1/2170 2343/1/2170 
f 2343/1/2171 2346/1/2171 2402/1/2171 
f 2401/1/2172 2345/1/2172 2342/1/2172 
f 2342/1/2173 2341/1/2173 2401/1/2173 
f 2402/1/2174 2346/1/2174 2347/1/2174 
f 2347/1/2175 2376/1/2175 2402/1/2175 
f 2403/1/2176 2404/1/2176 2405/1/2176 
f 2405/1/2177 2406/1/2177 2403/1/2177 
f 2383/1/2178 2407/1/2178 2408/1/2178 
f 2408/1/2178 2381/1/2178 2383/1/2178 
f 2384/1/2179 2409/1/2179 2410/1/2179 
f 2410/1/2179 2382/1/2179 2384/1/2179 
f 2385/1/2180 2411/1/2180 2374/1/2180 
f 2374/1/2180 2373/1/2180 2385/1/2180 
f 2407/1/2181 2383/1/2181 2386/1/2181 
f 2386/1/2181 2412/1/2181 2407/1/2181 
f 2384/1/2182 2387/1/2182 2413/1/2182 
f 2413/1/2182 2409/1/2182 2384/1/2182 
f 2388/1/2183 2405/1/2183 2411/1/2183 
f 2411/1/2183 2385/1/2183 2388/1/2183 
f 2389/1/2184 2414/1/2184 2412/1/2184 
f 2412/1/2184 2386/1/2184 2389/1/2184 
f 2413/1/2185 2387/1/2185 2390/1/2185 
f 2390/1/2185 2415/1/2185 2413/1/2185 
f 2406/1/2186 2405/1/2186 2388/1/2186 
f 2388/1/2186 2380/1/2186 2406/1/2186 
f 2391/1/2187 2416/1/2187 2414/1/2187 
f 2414/1/2187 2389/1/2187 2391/1/2187 
f 2392/1/2188 2417/1/2188 2415/1/2188 
f 2415/1/2188 2390/1/2188 2392/1/2188 
f 2416/1/2189 2391/1/2189 2393/1/2189 
f 2393/1/2189 2418/1/2189 2416/1/2189 
f 2392/1/2190 2394/1/2190 2419/1/2190 
f 2419/1/2190 2417/1/2190 2392/1/2190 
f 2395/1/2191 2420/1/2191 2418/1/2191 
f 2418/1/2192 2393/1/2192 2395/1/2192 
f 2419/1/2193 2394/1/2193 2396/1/2193 
f 2396/1/2193 2421/1/2193 2419/1/2193 
f 2397/1/2194 2422/1/2194 2420/1/2194 
f 2420/1/2194 2395/1/2194 2397/1/2194 
f 2398/1/2195 2423/1/2195 2421/1/2195 
f 2421/1/2196 2396/1/2196 2398/1/2196 
f 2422/1/2197 2397/1/2197 2399/1/2197 
f 2399/1/2197 2424/1/2197 2422/1/2197 
f 2400/1/2198 2425/1/2198 2423/1/2198 
f 2423/1/2198 2398/1/2198 2400/1/2198 
f 2401/1/2199 2426/1/2199 2424/1/2199 
f 2424/1/2199 2399/1/2199 2401/1/2199 
f 2400/1/2200 2402/1/2200 2427/1/2200 
f 2427/1/2200 2425/1/2200 2400/1/2200 
f 2341/1/2201 2428/1/2201 2426/1/2201 
f 2426/1/2201 2401/1/2201 2341/1/2201 
f 2429/1/2202 2427/1/2202 2402/1/2202 
f 2402/1/2202 2376/1/2202 2429/1/2202 
f 2428/1/2203 2341/1/2203 2340/1/2203 
f 2340/1/2203 2430/1/2203 2428/1/2203 
f 2429/1/2204 2376/1/2204 2375/1/2204 
f 2375/1/2204 2431/1/2204 2429/1/2204 
f 2377/1/2205 2432/1/2205 2430/1/2205 
f 2430/1/2205 2340/1/2205 2377/1/2205 
f 2431/1/2206 2375/1/2206 2378/1/2206 
f 2378/1/2206 2433/1/2206 2431/1/2206 
f 2379/1/2207 2434/1/2207 2406/1/2207 
f 2406/1/2207 2380/1/2207 2379/1/2207 
f 2372/1/2208 2371/1/2209 2432/1/2209 
f 2432/1/2209 2377/1/2209 2372/1/2209 
f 2381/1/2210 2408/1/2210 2433/1/2210 
f 2433/1/2210 2378/1/2210 2381/1/2210 
f 2434/1/2211 2379/1/2211 2382/1/2211 
f 2382/1/2212 2410/1/2212 2434/1/2212 
f 2435/1/2213 2436/1/2213 2437/1/2213 
f 2437/1/2213 2438/1/2213 2435/1/2213 
f 2416/1/2214 2439/1/2214 2440/1/2214 
f 2440/1/2214 2414/1/2214 2416/1/2214 
f 2441/1/2215 2415/1/2215 2417/1/2215 
f 2417/1/2216 2442/1/2216 2441/1/2216 
f 2418/1/2217 2443/1/2217 2439/1/2217 
f 2439/1/2218 2416/1/2218 2418/1/2218 
f 2419/1/2219 2444/1/2219 2442/1/2219 
f 2442/1/2220 2417/1/2220 2419/1/2220 
f 2443/1/2221 2418/1/2221 2420/1/2221 
f 2420/1/2222 2438/1/2222 2443/1/2222 
f 2421/1/2223 2445/1/2223 2444/1/2223 
f 2444/1/2224 2419/1/2224 2421/1/2224 
f 2422/1/2225 2435/1/2225 2438/1/2225 
f 2438/1/2225 2420/1/2225 2422/1/2225 
f 2445/1/2226 2421/1/2226 2423/1/2226 
f 2423/1/2227 2446/1/2227 2445/1/2227 
f 2424/1/2228 2447/1/2228 2435/1/2228 
f 2435/1/2229 2422/1/2229 2424/1/2229 
f 2425/1/2230 2448/1/2230 2446/1/2230 
f 2446/1/2231 2423/1/2231 2425/1/2231 
f 2447/1/2232 2424/1/2232 2426/1/2232 
f 2426/1/2233 2449/1/2233 2447/1/2233 
f 2427/1/2234 2450/1/2234 2448/1/2234 
f 2448/1/2235 2425/1/2235 2427/1/2235 
f 2428/1/2236 2451/1/2236 2449/1/2236 
f 2449/1/2237 2426/1/2237 2428/1/2237 
f 2450/1/2238 2427/1/2238 2429/1/2238 
f 2429/1/2239 2452/1/2239 2450/1/2239 
f 2430/1/2240 2453/1/2240 2451/1/2240 
f 2451/1/2241 2428/1/2241 2430/1/2241 
f 2431/1/2242 2454/1/2242 2452/1/2242 
f 2452/1/2242 2429/1/2242 2431/1/2242 
f 2453/1/2243 2430/1/2243 2432/1/2243 
f 2432/1/2244 2455/1/2244 2453/1/2244 
f 2433/1/2245 2456/1/2245 2454/1/2245 
f 2454/1/2246 2431/1/2246 2433/1/2246 
f 2406/1/2247 2434/1/2247 2457/1/2247 
f 2457/1/2247 2403/1/2247 2406/1/2247 
f 2371/1/2248 2458/1/2248 2455/1/2248 
f 2455/1/2249 2432/1/2249 2371/1/2249 
f 2456/1/2250 2433/1/2250 2408/1/2250 
f 2408/1/2251 2459/1/2251 2456/1/2251 
f 2410/1/2252 2460/1/2252 2457/1/2252 
f 2457/1/2252 2434/1/2252 2410/1/2252 
f 2374/1/2253 2461/1/2253 2458/1/2253 
f 2458/1/2254 2371/1/2254 2374/1/2254 
f 2407/1/2255 2462/1/2255 2459/1/2255 
f 2459/1/2255 2408/1/2255 2407/1/2255 
f 2460/1/2256 2410/1/2256 2409/1/2256 
f 2409/1/2257 2463/1/2257 2460/1/2257 
f 2461/1/2258 2374/1/2258 2411/1/2258 
f 2411/1/2258 2464/1/2258 2461/1/2258 
f 2412/1/2259 2465/1/2259 2462/1/2259 
f 2462/1/2259 2407/1/2259 2412/1/2259 
f 2413/1/2260 2466/1/2260 2463/1/2260 
f 2463/1/2260 2409/1/2260 2413/1/2260 
f 2405/1/2261 2404/1/2261 2464/1/2261 
f 2464/1/2262 2411/1/2262 2405/1/2262 
f 2465/1/2263 2412/1/2263 2414/1/2263 
f 2414/1/2263 2440/1/2263 2465/1/2263 
f 2415/1/2264 2441/1/2264 2466/1/2264 
f 2466/1/2265 2413/1/2265 2415/1/2265 
f 2467/1/2266 2468/1/2266 2469/1/2266 
f 2469/1/2266 2470/1/2266 2467/1/2266 
f 2471/1/2267 2472/1/2267 2445/1/2267 
f 2445/1/2268 2446/1/2268 2471/1/2268 
f 2447/1/2269 2473/1/2269 2436/1/2269 
f 2436/1/2269 2435/1/2269 2447/1/2269 
f 2448/1/2270 2474/1/2270 2471/1/2270 
f 2471/1/2271 2446/1/2271 2448/1/2271 
f 2468/1/2272 2473/1/2272 2447/1/2272 
f 2447/1/2273 2449/1/2273 2468/1/2273 
f 2450/1/2274 2475/1/2274 2474/1/2274 
f 2474/1/2275 2448/1/2275 2450/1/2275 
f 2451/1/2276 2469/1/2276 2468/1/2276 
f 2468/1/2277 2449/1/2277 2451/1/2277 
f 2476/1/2278 2475/1/2278 2450/1/2278 
f 2450/1/2279 2452/1/2279 2476/1/2279 
f 2453/1/2280 2477/1/2280 2469/1/2280 
f 2469/1/2281 2451/1/2281 2453/1/2281 
f 2454/1/2282 2478/1/2282 2476/1/2282 
f 2476/1/2283 2452/1/2283 2454/1/2283 
f 2479/1/2284 2477/1/2284 2453/1/2284 
f 2453/1/2285 2455/1/2285 2479/1/2285 
f 2456/1/2286 2480/1/2286 2478/1/2286 
f 2478/1/2286 2454/1/2286 2456/1/2286 
f 2481/1/2287 2403/1/2287 2457/1/2287 
f 2457/1/2288 2482/1/2288 2481/1/2288 
f 2458/1/2289 2483/1/2289 2479/1/2289 
f 2479/1/2289 2455/1/2289 2458/1/2289 
f 2484/1/2290 2480/1/2290 2456/1/2290 
f 2456/1/2290 2459/1/2290 2484/1/2290 
f 2482/1/2291 2457/1/2291 2460/1/2291 
f 2460/1/2292 2485/1/2292 2482/1/2292 
f 2461/1/2293 2486/1/2293 2483/1/2293 
f 2483/1/2294 2458/1/2294 2461/1/2294 
f 2462/1/2295 2487/1/2295 2484/1/2295 
f 2484/1/2296 2459/1/2296 2462/1/2296 
f 2463/1/2297 2488/1/2297 2485/1/2297 
f 2485/1/2298 2460/1/2298 2463/1/2298 
f 2489/1/2299 2486/1/2299 2461/1/2299 
f 2461/1/2299 2464/1/2299 2489/1/2299 
f 2465/1/2300 2490/1/2300 2487/1/2300 
f 2487/1/2300 2462/1/2300 2465/1/2300 
f 2488/1/2301 2463/1/2301 2466/1/2301 
f 2466/1/2302 2491/1/2302 2488/1/2302 
f 2404/1/2303 2492/1/2303 2489/1/2303 
f 2489/1/2303 2464/1/2303 2404/1/2303 
f 2493/1/2304 2490/1/2304 2465/1/2304 
f 2465/1/2304 2440/1/2304 2493/1/2304 
f 2441/1/2305 2494/1/2305 2491/1/2305 
f 2491/1/2305 2466/1/2305 2441/1/2305 
f 2481/1/2306 2492/1/2306 2404/1/2306 
f 2404/1/2306 2403/1/2306 2481/1/2306 
f 2439/1/2307 2495/1/2307 2493/1/2307 
f 2493/1/2308 2440/1/2308 2439/1/2308 
f 2442/1/2309 2496/1/2309 2494/1/2309 
f 2494/1/2310 2441/1/2310 2442/1/2310 
f 2443/1/2311 2497/1/2311 2495/1/2311 
f 2495/1/2311 2439/1/2311 2443/1/2311 
f 2496/1/2312 2442/1/2312 2444/1/2312 
f 2444/1/2313 2498/1/2313 2496/1/2313 
f 2437/1/2314 2497/1/2314 2443/1/2314 
f 2443/1/2314 2438/1/2314 2437/1/2314 
f 2445/1/2315 2472/1/2315 2498/1/2315 
f 2498/1/2316 2444/1/2316 2445/1/2316 
f 2499/1/2317 2500/1/2317 2501/1/2317 
f 2501/1/2318 2502/1/2318 2499/1/2318 
f 2476/1/2319 2503/1/2319 2504/1/2319 
f 2504/1/2319 2475/1/2319 2476/1/2319 
f 2477/1/2320 2505/1/2320 2470/1/2320 
f 2470/1/2321 2469/1/2321 2477/1/2321 
f 2506/1/2322 2503/1/2322 2476/1/2322 
f 2476/1/2322 2478/1/2322 2506/1/2322 
f 2479/1/2323 2507/1/2323 2505/1/2323 
f 2505/1/2323 2477/1/2323 2479/1/2323 
f 2480/1/2324 2508/1/2324 2506/1/2324 
f 2506/1/2324 2478/1/2324 2480/1/2324 
f 2500/1/2325 2499/1/2325 2481/1/2325 
f 2481/1/2325 2482/1/2325 2500/1/2325 
f 2509/1/2326 2507/1/2326 2479/1/2326 
f 2479/1/2326 2483/1/2326 2509/1/2326 
f 2484/1/2327 2510/1/2327 2508/1/2327 
f 2508/1/2327 2480/1/2327 2484/1/2327 
f 2485/1/2328 2511/1/2328 2500/1/2328 
f 2500/1/2328 2482/1/2328 2485/1/2328 
f 2486/1/2329 2512/1/2329 2509/1/2329 
f 2509/1/2329 2483/1/2329 2486/1/2329 
f 2513/1/2330 2510/1/2330 2484/1/2330 
f 2484/1/2330 2487/1/2330 2513/1/2330 
f 2488/1/2331 2514/1/2331 2511/1/2331 
f 2511/1/2331 2485/1/2331 2488/1/2331 
f 2489/1/2332 2515/1/2332 2512/1/2332 
f 2512/1/2332 2486/1/2332 2489/1/2332 
f 2490/1/2333 2516/1/2333 2513/1/2333 
f 2513/1/2333 2487/1/2333 2490/1/2333 
f 2517/1/2334 2514/1/2334 2488/1/2334 
f 2488/1/2334 2491/1/2334 2517/1/2334 
f 2518/1/2335 2515/1/2335 2489/1/2335 
f 2489/1/2335 2492/1/2335 2518/1/2335 
f 2493/1/2336 2519/1/2336 2516/1/2336 
f 2516/1/2336 2490/1/2336 2493/1/2336 
f 2494/1/2337 2520/1/2337 2517/1/2337 
f 2517/1/2337 2491/1/2337 2494/1/2337 
f 2518/1/2338 2492/1/2338 2481/1/2338 
f 2481/1/2338 2499/1/2338 2518/1/2338 
f 2519/1/2339 2493/1/2339 2495/1/2339 
f 2495/1/2339 2521/1/2339 2519/1/2339 
f 2496/1/2340 2522/1/2340 2520/1/2340 
f 2520/1/2340 2494/1/2340 2496/1/2340 
f 2497/1/2341 2523/1/2341 2521/1/2341 
f 2521/1/2341 2495/1/2341 2497/1/2341 
f 2524/1/2342 2522/1/2342 2496/1/2342 
f 2496/1/2342 2498/1/2342 2524/1/2342 
f 2437/1/2343 2525/1/2343 2523/1/2343 
f 2523/1/2343 2497/1/2343 2437/1/2343 
f 2472/1/2344 2526/1/2344 2524/1/2344 
f 2524/1/2344 2498/1/2344 2472/1/2344 
f 2525/1/2345 2437/1/2345 2436/1/2345 
f 2436/1/2345 2527/1/2345 2525/1/2345 
f 2471/1/2346 2528/1/2346 2526/1/2346 
f 2526/1/2346 2472/1/2346 2471/1/2346 
f 2473/1/2347 2529/1/2348 2527/1/2347 
f 2527/1/2347 2436/1/2347 2473/1/2347 
f 2530/1/2349 2528/1/2349 2471/1/2349 
f 2471/1/2349 2474/1/2349 2530/1/2349 
f 2468/1/2350 2467/1/2350 2529/1/2350 
f 2529/1/2351 2473/1/2351 2468/1/2351 
f 2475/1/2352 2504/1/2352 2530/1/2352 
f 2530/1/2352 2474/1/2352 2475/1/2352 
f 2531/1/2353 2532/1/2353 2533/1/2353 
f 2533/1/2353 2534/1/2353 2531/1/2353 
f 2509/1/2354 2535/1/2354 2536/1/2354 
f 2536/1/2355 2507/1/2355 2509/1/2355 
f 2510/1/2356 2537/1/2356 2538/1/2356 
f 2538/1/2357 2508/1/2357 2510/1/2357 
f 2511/1/2358 2539/1/2358 2501/1/2358 
f 2501/1/2359 2500/1/2359 2511/1/2359 
f 2540/1/2360 2535/1/2360 2509/1/2360 
f 2509/1/2361 2512/1/2361 2540/1/2361 
f 2513/1/2362 2541/1/2362 2537/1/2362 
f 2537/1/2363 2510/1/2363 2513/1/2363 
f 2514/1/2364 2534/1/2364 2539/1/2364 
f 2539/1/2365 2511/1/2365 2514/1/2365 
f 2515/1/2366 2542/1/2366 2540/1/2366 
f 2540/1/2366 2512/1/2366 2515/1/2366 
f 2541/1/2367 2513/1/2367 2516/1/2367 
f 2516/1/2368 2543/1/2368 2541/1/2368 
f 2517/1/2369 2531/1/2369 2534/1/2369 
f 2534/1/2370 2514/1/2370 2517/1/2370 
f 2518/1/2371 2544/1/2371 2542/1/2371 
f 2542/1/2372 2515/1/2372 2518/1/2372 
f 2519/1/2373 2545/1/2373 2543/1/2373 
f 2543/1/2374 2516/1/2374 2519/1/2374 
f 2531/1/2375 2517/1/2375 2520/1/2375 
f 2520/1/2375 2546/1/2375 2531/1/2375 
f 2544/1/2376 2518/1/2376 2499/1/2376 
f 2499/1/2376 2502/1/2376 2544/1/2376 
f 2521/1/2377 2547/1/2377 2545/1/2377 
f 2545/1/2378 2519/1/2378 2521/1/2378 
f 2522/1/2379 2548/1/2379 2546/1/2379 
f 2546/1/2380 2520/1/2380 2522/1/2380 
f 2549/1/2381 2547/1/2381 2521/1/2381 
f 2521/1/2382 2523/1/2382 2549/1/2382 
f 2524/1/2383 2550/1/2383 2548/1/2383 
f 2548/1/2384 2522/1/2384 2524/1/2384 
f 2525/1/2385 2551/1/2385 2549/1/2385 
f 2549/1/2386 2523/1/2386 2525/1/2386 
f 2552/1/2387 2550/1/2387 2524/1/2387 
f 2524/1/2388 2526/1/2388 2552/1/2388 
f 2527/1/2389 2553/1/2389 2551/1/2389 
f 2551/1/2390 2525/1/2390 2527/1/2390 
f 2528/1/2391 2554/1/2391 2552/1/2391 
f 2552/1/2392 2526/1/2392 2528/1/2392 
f 2553/1/2393 2527/1/2393 2529/1/2393 
f 2529/1/2394 2555/1/2394 2553/1/2394 
f 2530/1/2395 2556/1/2395 2554/1/2395 
f 2554/1/2396 2528/1/2396 2530/1/2396 
f 2467/1/2397 2557/1/2397 2555/1/2397 
f 2555/1/2398 2529/1/2398 2467/1/2398 
f 2558/1/2399 2556/1/2399 2530/1/2399 
f 2530/1/2400 2504/1/2400 2558/1/2400 
f 2470/1/2401 2559/1/2401 2557/1/2401 
f 2557/1/2402 2467/1/2402 2470/1/2402 
f 2503/1/2403 2560/1/2403 2558/1/2403 
f 2558/1/2404 2504/1/2404 2503/1/2404 
f 2561/1/2405 2559/1/2405 2470/1/2405 
f 2470/1/2406 2505/1/2406 2561/1/2406 
f 2506/1/2407 2562/1/2407 2560/1/2407 
f 2560/1/2408 2503/1/2408 2506/1/2408 
f 2507/1/2409 2536/1/2409 2561/1/2409 
f 2561/1/2410 2505/1/2410 2507/1/2410 
f 2562/1/2411 2506/1/2411 2508/1/2411 
f 2508/1/2411 2538/1/2411 2562/1/2411 
f 2563/1/2412 2564/1/2412 2565/1/2412 
f 2565/1/2412 2566/1/2412 2563/1/2412 
f 2544/1/2413 2567/1/2413 2568/1/2413 
f 2568/1/2413 2542/1/2413 2544/1/2413 
f 2569/1/2414 2570/1/2414 2543/1/2414 
f 2543/1/2415 2545/1/2415 2569/1/2415 
f 2546/1/2416 2571/1/2416 2532/1/2416 
f 2532/1/2416 2531/1/2416 2546/1/2416 
f 2572/1/2417 2567/1/2417 2544/1/2417 
f 2544/1/2417 2502/1/2417 2572/1/2417 
f 2547/1/2418 2573/1/2418 2569/1/2418 
f 2569/1/2419 2545/1/2419 2547/1/2419 
f 2571/1/2420 2546/1/2420 2548/1/2420 
f 2548/1/2420 2565/1/2420 2571/1/2420 
f 2549/1/2421 2574/1/2421 2573/1/2421 
f 2573/1/2422 2547/1/2422 2549/1/2422 
f 2550/1/2423 2566/1/2423 2565/1/2423 
f 2565/1/2424 2548/1/2424 2550/1/2424 
f 2575/1/2425 2574/1/2425 2549/1/2425 
f 2549/1/2425 2551/1/2425 2575/1/2425 
f 2552/1/2426 2576/1/2426 2566/1/2426 
f 2566/1/2426 2550/1/2426 2552/1/2426 
f 2553/1/2427 2577/1/2427 2575/1/2427 
f 2575/1/2427 2551/1/2427 2553/1/2427 
f 2578/1/2428 2576/1/2428 2552/1/2428 
f 2552/1/2429 2554/1/2429 2578/1/2429 
f 2555/1/2430 2579/1/2430 2577/1/2430 
f 2577/1/2430 2553/1/2430 2555/1/2430 
f 2556/1/2431 2580/1/2431 2578/1/2431 
f 2578/1/2432 2554/1/2432 2556/1/2432 
f 2581/1/2433 2579/1/2433 2555/1/2433 
f 2555/1/2434 2557/1/2434 2581/1/2434 
f 2558/1/2435 2582/1/2435 2580/1/2435 
f 2580/1/2436 2556/1/2436 2558/1/2436 
f 2559/1/2437 2583/1/2437 2581/1/2437 
f 2581/1/2438 2557/1/2438 2559/1/2438 
f 2584/1/2439 2582/1/2439 2558/1/2439 
f 2558/1/2439 2560/1/2439 2584/1/2439 
f 2561/1/2440 2585/1/2440 2583/1/2440 
f 2583/1/2441 2559/1/2441 2561/1/2441 
f 2562/1/2442 2586/1/2442 2584/1/2442 
f 2584/1/2443 2560/1/2443 2562/1/2443 
f 2587/1/2444 2585/1/2444 2561/1/2444 
f 2561/1/2444 2536/1/2444 2587/1/2444 
f 2538/1/2445 2588/1/2445 2586/1/2445 
f 2586/1/2446 2562/1/2446 2538/1/2446 
f 2502/1/2447 2501/1/2447 2589/1/2447 
f 2589/1/2448 2572/1/2448 2502/1/2448 
f 2535/1/2449 2590/1/2449 2587/1/2449 
f 2587/1/2450 2536/1/2450 2535/1/2450 
f 2591/1/2451 2588/1/2451 2538/1/2451 
f 2538/1/2451 2537/1/2451 2591/1/2451 
f 2592/1/2452 2589/1/2452 2501/1/2452 
f 2501/1/2453 2539/1/2452 2592/1/2453 
f 2540/1/2454 2593/1/2454 2590/1/2454 
f 2590/1/2454 2535/1/2454 2540/1/2454 
f 2541/1/2455 2594/1/2455 2591/1/2455 
f 2591/1/2456 2537/1/2456 2541/1/2456 
f 2533/1/2457 2592/1/2457 2539/1/2457 
f 2539/1/2458 2534/1/2458 2533/1/2458 
f 2568/1/2459 2593/1/2459 2540/1/2459 
f 2540/1/2460 2542/1/2460 2568/1/2460 
f 2543/1/2461 2570/1/2461 2594/1/2461 
f 2594/1/2461 2541/1/2461 2543/1/2461 
f 2595/1/2462 2596/1/2462 2597/1/2462 
f 2597/1/2463 2598/1/2463 2595/1/2463 
f 2575/1/2464 2599/1/2464 2600/1/2464 
f 2600/1/2464 2574/1/2464 2575/1/2464 
f 2576/1/2465 2601/1/2465 2563/1/2465 
f 2563/1/2465 2566/1/2465 2576/1/2465 
f 2599/1/2466 2575/1/2466 2577/1/2466 
f 2577/1/2466 2602/1/2466 2599/1/2466 
f 2578/1/2467 2598/1/2467 2601/1/2467 
f 2601/1/2467 2576/1/2467 2578/1/2467 
f 2579/1/2468 2603/1/2468 2602/1/2468 
f 2602/1/2468 2577/1/2468 2579/1/2468 
f 2595/1/2469 2598/1/2469 2578/1/2469 
f 2578/1/2469 2580/1/2469 2595/1/2469 
f 2581/1/2470 2604/1/2470 2603/1/2470 
f 2603/1/2470 2579/1/2470 2581/1/2470 
f 2582/1/2471 2605/1/2471 2595/1/2471 
f 2595/1/2471 2580/1/2471 2582/1/2471 
f 2606/1/2472 2604/1/2472 2581/1/2472 
f 2581/1/2473 2583/1/2473 2606/1/2473 
f 2584/1/2474 2607/1/2474 2605/1/2474 
f 2605/1/2474 2582/1/2474 2584/1/2474 
f 2585/1/2475 2608/1/2475 2606/1/2475 
f 2606/1/2475 2583/1/2475 2585/1/2475 
f 2609/1/2476 2607/1/2476 2584/1/2476 
f 2584/1/2476 2586/1/2476 2609/1/2476 
f 2587/1/2477 2610/1/2477 2608/1/2477 
f 2608/1/2477 2585/1/2477 2587/1/2477 
f 2588/1/2478 2611/1/2478 2609/1/2478 
f 2609/1/2478 2586/1/2478 2588/1/2478 
f 2612/1/2479 2613/1/2479 2572/1/2479 
f 2572/1/2479 2589/1/2479 2612/1/2479 
f 2614/1/2480 2610/1/2480 2587/1/2480 
f 2587/1/2480 2590/1/2480 2614/1/2480 
f 2591/1/2481 2615/1/2481 2611/1/2481 
f 2611/1/2481 2588/1/2481 2591/1/2481 
f 2592/1/2482 2616/1/2482 2612/1/2482 
f 2612/1/2482 2589/1/2482 2592/1/2482 
f 2593/1/2483 2617/1/2483 2614/1/2483 
f 2614/1/2483 2590/1/2483 2593/1/2483 
f 2615/1/2484 2591/1/2484 2594/1/2484 
f 2594/1/2484 2618/1/2484 2615/1/2484 
f 2533/1/2485 2619/1/2485 2616/1/2485 
f 2616/1/2485 2592/1/2485 2533/1/2485 
f 2568/1/2486 2620/1/2486 2617/1/2486 
f 2617/1/2486 2593/1/2486 2568/1/2486 
f 2570/1/2487 2621/1/2487 2618/1/2487 
f 2618/1/2487 2594/1/2487 2570/1/2487 
f 2622/1/2488 2619/1/2488 2533/1/2488 
f 2533/1/2488 2532/1/2488 2622/1/2488 
f 2623/1/2489 2620/1/2489 2568/1/2489 
f 2568/1/2489 2567/1/2489 2623/1/2489 
f 2569/1/2490 2624/1/2490 2621/1/2490 
f 2621/1/2490 2570/1/2490 2569/1/2490 
f 2571/1/2491 2625/1/2491 2622/1/2491 
f 2622/1/2491 2532/1/2491 2571/1/2491 
f 2613/1/2492 2623/1/2492 2567/1/2492 
f 2567/1/2492 2572/1/2492 2613/1/2492 
f 2624/1/2493 2569/1/2493 2573/1/2493 
f 2573/1/2493 2626/1/2493 2624/1/2493 
f 2565/1/2494 2564/1/2494 2625/1/2494 
f 2625/1/2494 2571/1/2494 2565/1/2494 
f 2574/1/2495 2600/1/2495 2626/1/2495 
f 2626/1/2495 2573/1/2495 2574/1/2495 
f 2627/1/2496 2628/1/2496 2629/1/2496 
f 2629/1/2497 2630/1/2497 2627/1/2497 
f 2604/1/2498 2631/1/2498 2632/1/2498 
f 2632/1/2498 2603/1/2498 2604/1/2498 
f 2633/1/2499 2596/1/2499 2595/1/2499 
f 2595/1/2500 2605/1/2500 2633/1/2500 
f 2606/1/2501 2634/1/2501 2631/1/2501 
f 2631/1/2502 2604/1/2502 2606/1/2502 
f 2607/1/2503 2630/1/2503 2633/1/2503 
f 2633/1/2504 2605/1/2504 2607/1/2504 
f 2634/1/2505 2606/1/2505 2608/1/2505 
f 2608/1/2506 2635/1/2506 2634/1/2506 
f 2609/1/2507 2627/1/2507 2630/1/2507 
f 2630/1/2507 2607/1/2507 2609/1/2507 
f 2610/1/2508 2636/1/2508 2635/1/2508 
f 2635/1/2509 2608/1/2509 2610/1/2509 
f 2627/1/2510 2609/1/2510 2611/1/2510 
f 2611/1/2511 2637/1/2511 2627/1/2511 
f 2613/1/2512 2612/1/2512 2638/1/2512 
f 2638/1/2512 2639/1/2512 2613/1/2512 
f 2614/1/2513 2640/1/2513 2636/1/2513 
f 2636/1/2513 2610/1/2513 2614/1/2513 
f 2615/1/2514 2641/1/2514 2637/1/2514 
f 2637/1/2515 2611/1/2515 2615/1/2515 
f 2616/1/2516 2642/1/2516 2638/1/2516 
f 2638/1/2517 2612/1/2517 2616/1/2517 
f 2643/1/2518 2640/1/2518 2614/1/2518 
f 2614/1/2519 2617/1/2519 2643/1/2519 
f 2618/1/2520 2644/1/2520 2641/1/2520 
f 2641/1/2520 2615/1/2520 2618/1/2520 
f 2619/1/2521 2645/1/2521 2642/1/2521 
f 2642/1/2522 2616/1/2522 2619/1/2522 
f 2620/1/2523 2646/1/2523 2643/1/2523 
f 2643/1/2524 2617/1/2524 2620/1/2524 
f 2647/1/2525 2644/1/2525 2618/1/2525 
f 2618/1/2526 2621/1/2526 2647/1/2526 
f 2622/1/2527 2648/1/2527 2645/1/2527 
f 2645/1/2528 2619/1/2528 2622/1/2528 
f 2623/1/2529 2649/1/2529 2646/1/2529 
f 2646/1/2530 2620/1/2530 2623/1/2530 
f 2624/1/2531 2650/1/2531 2647/1/2531 
f 2647/1/2531 2621/1/2531 2624/1/2531 
f 2648/1/2532 2622/1/2532 2625/1/2532 
f 2625/1/2533 2651/1/2533 2648/1/2533 
f 2639/1/2534 2649/1/2534 2623/1/2534 
f 2623/1/2534 2613/1/2534 2639/1/2534 
f 2626/1/2535 2652/1/2535 2650/1/2535 
f 2650/1/2536 2624/1/2536 2626/1/2536 
f 2564/1/2537 2653/1/2537 2651/1/2537 
f 2651/1/2537 2625/1/2537 2564/1/2537 
f 2654/1/2538 2652/1/2538 2626/1/2538 
f 2626/1/2539 2600/1/2539 2654/1/2539 
f 2563/1/2540 2655/1/2540 2653/1/2540 
f 2653/1/2541 2564/1/2541 2563/1/2541 
f 2599/1/2542 2656/1/2542 2654/1/2542 
f 2654/1/2543 2600/1/2543 2599/1/2543 
f 2657/1/2544 2655/1/2544 2563/1/2544 
f 2563/1/2544 2601/1/2544 2657/1/2544 
f 2602/1/2545 2658/1/2545 2656/1/2545 
f 2656/1/2546 2599/1/2546 2602/1/2546 
f 2598/1/2547 2597/1/2547 2657/1/2547 
f 2657/1/2547 2601/1/2547 2598/1/2547 
f 2658/1/2548 2602/1/2548 2603/1/2548 
f 2603/1/2549 2632/1/2549 2658/1/2549 
f 2659/1/2550 2660/1/2550 2661/1/2550 
f 2661/1/2550 2662/1/2550 2659/1/2550 
f 2635/1/2551 2636/1/2551 2663/1/2551 
f 2663/1/2552 2664/1/2552 2635/1/2552 
f 2637/1/2553 2665/1/2553 2628/1/2553 
f 2628/1/2554 2627/1/2554 2637/1/2554 
f 2639/1/2555 2638/1/2555 2666/1/2555 
f 2666/1/2556 2667/1/2556 2639/1/2556 
f 2663/1/2557 2636/1/2557 2640/1/2557 
f 2640/1/2558 2668/1/2558 2663/1/2558 
f 2637/1/2559 2641/1/2559 2662/1/2559 
f 2662/1/2559 2665/1/2559 2637/1/2559 
f 2666/1/2560 2638/1/2560 2642/1/2560 
f 2642/1/2561 2669/1/2561 2666/1/2561 
f 2643/1/2562 2670/1/2562 2668/1/2562 
f 2668/1/2563 2640/1/2563 2643/1/2563 
f 2662/1/2564 2641/1/2564 2644/1/2564 
f 2644/1/2565 2659/1/2565 2662/1/2565 
f 2671/1/2566 2669/1/2566 2642/1/2566 
f 2642/1/2567 2645/1/2567 2671/1/2567 
f 2643/1/2568 2646/1/2568 2672/1/2568 
f 2672/1/2569 2670/1/2569 2643/1/2569 
f 2647/1/2570 2673/1/2570 2659/1/2570 
f 2659/1/2570 2644/1/2570 2647/1/2570 
f 2648/1/2571 2674/1/2571 2671/1/2571 
f 2671/1/2572 2645/1/2572 2648/1/2572 
f 2672/1/2573 2646/1/2573 2649/1/2573 
f 2649/1/2574 2675/1/2574 2672/1/2574 
f 2647/1/2575 2650/1/2575 2676/1/2575 
f 2676/1/2575 2673/1/2575 2647/1/2575 
f 2651/1/2576 2677/1/2576 2674/1/2576 
f 2674/1/2576 2648/1/2576 2651/1/2576 
f 2649/1/2577 2639/1/2577 2667/1/2577 
f 2667/1/2578 2675/1/2578 2649/1/2578 
f 2676/1/2579 2650/1/2579 2652/1/2579 
f 2652/1/2579 2678/1/2579 2676/1/2579 
f 2679/1/2580 2677/1/2580 2651/1/2580 
f 2651/1/2580 2653/1/2580 2679/1/2580 
f 2654/1/2581 2680/1/2581 2678/1/2581 
f 2678/1/2581 2652/1/2581 2654/1/2581 
f 2655/1/2582 2681/1/2582 2679/1/2582 
f 2679/1/2583 2653/1/2583 2655/1/2583 
f 2654/1/2584 2656/1/2584 2682/1/2584 
f 2682/1/2585 2680/1/2585 2654/1/2585 
f 2657/1/2586 2683/1/2586 2681/1/2586 
f 2681/1/2587 2655/1/2587 2657/1/2587 
f 2682/1/2588 2656/1/2588 2658/1/2588 
f 2658/1/2589 2684/1/2589 2682/1/2589 
f 2657/1/2590 2597/1/2590 2685/1/2590 
f 2685/1/2591 2683/1/2591 2657/1/2591 
f 2632/1/2592 2686/1/2592 2684/1/2592 
f 2684/1/2592 2658/1/2592 2632/1/2592 
f 2685/1/2593 2597/1/2593 2596/1/2593 
f 2596/1/2593 2687/1/2593 2685/1/2593 
f 2632/1/2594 2631/1/2594 2688/1/2594 
f 2688/1/2595 2686/1/2595 2632/1/2595 
f 2689/1/2596 2687/1/2596 2596/1/2596 
f 2596/1/2597 2633/1/2597 2689/1/2597 
f 2688/1/2598 2631/1/2598 2634/1/2598 
f 2634/1/2599 2690/1/2599 2688/1/2599 
f 2689/1/2600 2633/1/2600 2630/1/2600 
f 2630/1/2601 2629/1/2601 2689/1/2601 
f 2635/1/2602 2664/1/2602 2690/1/2602 
f 2690/1/2603 2634/1/2603 2635/1/2603 
f 2691/1/2604 2692/1/2604 2693/1/2604 
f 2693/1/2605 2694/1/2605 2691/1/2605 
f 2671/1/2606 2695/1/2606 2696/1/2606 
f 2696/1/2606 2669/1/2606 2671/1/2606 
f 2672/1/2607 2697/1/2607 2698/1/2607 
f 2698/1/2607 2670/1/2607 2672/1/2607 
f 2660/1/2608 2659/1/2608 2673/1/2608 
f 2673/1/2608 2699/1/2608 2660/1/2608 
f 2671/1/2609 2674/1/2609 2700/1/2609 
f 2700/1/2609 2695/1/2609 2671/1/2609 
f 2675/1/2610 2701/1/2610 2697/1/2610 
f 2697/1/2610 2672/1/2610 2675/1/2610 
f 2676/1/2611 2694/1/2611 2699/1/2611 
f 2699/1/2611 2673/1/2611 2676/1/2611 
f 2700/1/2612 2674/1/2612 2677/1/2612 
f 2677/1/2612 2702/1/2612 2700/1/2612 
f 2703/1/2613 2701/1/2613 2675/1/2613 
f 2675/1/2613 2667/1/2613 2703/1/2613 
f 2678/1/2614 2691/1/2614 2694/1/2614 
f 2694/1/2614 2676/1/2614 2678/1/2614 
f 2679/1/2615 2704/1/2615 2702/1/2615 
f 2702/1/2615 2677/1/2615 2679/1/2615 
f 2691/1/2616 2678/1/2616 2680/1/2616 
f 2680/1/2616 2705/1/2616 2691/1/2616 
f 2679/1/2617 2681/1/2617 2706/1/2617 
f 2706/1/2617 2704/1/2617 2679/1/2617 
f 2682/1/2618 2707/1/2618 2705/1/2618 
f 2705/1/2618 2680/1/2618 2682/1/2618 
f 2706/1/2619 2681/1/2619 2683/1/2619 
f 2683/1/2619 2708/1/2619 2706/1/2619 
f 2684/1/2620 2709/1/2620 2707/1/2620 
f 2707/1/2620 2682/1/2620 2684/1/2620 
f 2685/1/2621 2710/1/2621 2708/1/2621 
f 2708/1/2621 2683/1/2621 2685/1/2621 
f 2709/1/2622 2684/1/2622 2686/1/2622 
f 2686/1/2622 2711/1/2622 2709/1/2622 
f 2687/1/2623 2712/1/2623 2710/1/2623 
f 2710/1/2623 2685/1/2623 2687/1/2623 
f 2688/1/2624 2713/1/2624 2711/1/2624 
f 2711/1/2625 2686/1/2625 2688/1/2625 
f 2687/1/2626 2689/1/2626 2714/1/2626 
f 2714/1/2626 2712/1/2626 2687/1/2626 
f 2690/1/2627 2715/1/2627 2713/1/2627 
f 2713/1/2628 2688/1/2628 2690/1/2628 
f 2716/1/2629 2714/1/2629 2689/1/2629 
f 2689/1/2629 2629/1/2629 2716/1/2629 
f 2715/1/2630 2690/1/2630 2664/1/2630 
f 2664/1/2630 2717/1/2630 2715/1/2630 
f 2716/1/2631 2629/1/2631 2628/1/2631 
f 2628/1/2631 2718/1/2631 2716/1/2631 
f 2663/1/2632 2719/1/2632 2717/1/2632 
f 2717/1/2632 2664/1/2632 2663/1/2632 
f 2718/1/2633 2628/1/2633 2665/1/2633 
f 2665/1/2633 2720/1/2633 2718/1/2633 
f 2666/1/2634 2721/1/2634 2703/1/2634 
f 2703/1/2634 2667/1/2634 2666/1/2634 
f 2668/1/2635 2722/1/2635 2719/1/2635 
f 2719/1/2636 2663/1/2636 2668/1/2636 
f 2662/1/2637 2661/1/2637 2720/1/2637 
f 2720/1/2637 2665/1/2637 2662/1/2637 
f 2721/1/2638 2666/1/2638 2669/1/2638 
f 2669/1/2638 2696/1/2638 2721/1/2638 
f 2722/1/2639 2668/1/2639 2670/1/2639 
f 2670/1/2639 2698/1/2639 2722/1/2639 
f 2723/1/2640 2724/1/2640 2725/1/2640 
f 2725/1/2641 2726/1/2641 2723/1/2641 
f 2727/1/2642 2702/1/2642 2704/1/2642 
f 2704/1/2642 2728/1/2642 2727/1/2642 
f 2705/1/2643 2729/1/2643 2692/1/2643 
f 2692/1/2644 2691/1/2644 2705/1/2644 
f 2706/1/2645 2730/1/2645 2728/1/2645 
f 2728/1/2646 2704/1/2646 2706/1/2646 
f 2729/1/2647 2705/1/2647 2707/1/2647 
f 2707/1/2648 2726/1/2648 2729/1/2648 
f 2708/1/2649 2731/1/2649 2730/1/2649 
f 2730/1/2649 2706/1/2649 2708/1/2649 
f 2709/1/2650 2723/1/2650 2726/1/2650 
f 2726/1/2650 2707/1/2650 2709/1/2650 
f 2731/1/2651 2708/1/2651 2710/1/2651 
f 2710/1/2652 2732/1/2652 2731/1/2652 
f 2711/1/2653 2733/1/2653 2723/1/2653 
f 2723/1/2654 2709/1/2654 2711/1/2654 
f 2712/1/2655 2734/1/2655 2732/1/2655 
f 2732/1/2656 2710/1/2656 2712/1/2656 
f 2733/1/2657 2711/1/2657 2713/1/2657 
f 2713/1/2657 2735/1/2657 2733/1/2657 
f 2714/1/2658 2736/1/2658 2734/1/2658 
f 2734/1/2659 2712/1/2659 2714/1/2659 
f 2715/1/2660 2737/1/2660 2735/1/2660 
f 2735/1/2661 2713/1/2661 2715/1/2661 
f 2736/1/2662 2714/1/2662 2716/1/2662 
f 2716/1/2663 2738/1/2663 2736/1/2663 
f 2717/1/2664 2739/1/2664 2737/1/2664 
f 2737/1/2665 2715/1/2665 2717/1/2665 
f 2718/1/2666 2740/1/2666 2738/1/2666 
f 2738/1/2667 2716/1/2667 2718/1/2667 
f 2739/1/2668 2717/1/2668 2719/1/2668 
f 2719/1/2669 2741/1/2669 2739/1/2669 
f 2720/1/2670 2742/1/2670 2740/1/2670 
f 2740/1/2670 2718/1/2670 2720/1/2670 
f 2703/1/2671 2721/1/2671 2743/1/2671 
f 2743/1/2671 2744/1/2671 2703/1/2671 
f 2722/1/2672 2745/1/2672 2741/1/2672 
f 2741/1/2673 2719/1/2673 2722/1/2673 
f 2742/1/2674 2720/1/2674 2661/1/2674 
f 2661/1/2675 2746/1/2675 2742/1/2675 
f 2696/1/2676 2747/1/2676 2743/1/2676 
f 2743/1/2676 2721/1/2676 2696/1/2676 
f 2698/1/2677 2748/1/2677 2745/1/2677 
f 2745/1/2678 2722/1/2678 2698/1/2678 
f 2660/1/2679 2749/1/2679 2746/1/2679 
f 2746/1/2679 2661/1/2679 2660/1/2679 
f 2747/1/2680 2696/1/2680 2695/1/2680 
f 2695/1/2680 2750/1/2680 2747/1/2680 
f 2748/1/2681 2698/1/2681 2697/1/2681 
f 2697/1/2682 2751/1/2682 2748/1/2682 
f 2699/1/2683 2752/1/2683 2749/1/2683 
f 2749/1/2684 2660/1/2684 2699/1/2684 
f 2700/1/2685 2753/1/2685 2750/1/2685 
f 2750/1/2686 2695/1/2686 2700/1/2686 
f 2701/1/2687 2754/1/2687 2751/1/2687 
f 2751/1/2687 2697/1/2687 2701/1/2687 
f 2752/1/2688 2699/1/2688 2694/1/2688 
f 2694/1/2689 2693/1/2689 2752/1/2689 
f 2702/1/2690 2727/1/2690 2753/1/2690 
f 2753/1/2690 2700/1/2690 2702/1/2690 
f 2744/1/2691 2754/1/2691 2701/1/2691 
f 2701/1/2691 2703/1/2691 2744/1/2691 
f 2755/1/2692 2756/1/2692 2757/1/2692 
f 2757/1/2693 2758/1/2693 2755/1/2693 
f 2732/1/2694 2759/1/2694 2760/1/2694 
f 2760/1/2694 2731/1/2694 2732/1/2694 
f 2733/1/2695 2761/1/2695 2724/1/2695 
f 2724/1/2695 2723/1/2695 2733/1/2695 
f 2734/1/2696 2762/1/2696 2759/1/2696 
f 2759/1/2697 2732/1/2697 2734/1/2697 
f 2735/1/2698 2758/1/2698 2761/1/2698 
f 2761/1/2699 2733/1/2699 2735/1/2699 
f 2763/1/2700 2762/1/2700 2734/1/2700 
f 2734/1/2700 2736/1/2700 2763/1/2700 
f 2737/1/2701 2755/1/2701 2758/1/2701 
f 2758/1/2701 2735/1/2701 2737/1/2701 
f 2738/1/2702 2764/1/2702 2763/1/2702 
f 2763/1/2703 2736/1/2703 2738/1/2703 
f 2765/1/2704 2755/1/2704 2737/1/2704 
f 2737/1/2705 2739/1/2705 2765/1/2705 
f 2764/1/2706 2738/1/2706 2740/1/2706 
f 2740/1/2706 2766/1/2706 2764/1/2706 
f 2767/1/2707 2765/1/2707 2739/1/2707 
f 2739/1/2707 2741/1/2707 2767/1/2707 
f 2742/1/2708 2768/1/2708 2766/1/2708 
f 2766/1/2709 2740/1/2709 2742/1/2709 
f 2769/1/2710 2744/1/2710 2743/1/2710 
f 2743/1/2711 2770/1/2711 2769/1/2711 
f 2771/1/2712 2767/1/2712 2741/1/2712 
f 2741/1/2713 2745/1/2713 2771/1/2713 
f 2746/1/2714 2772/1/2714 2768/1/2714 
f 2768/1/2715 2742/1/2715 2746/1/2715 
f 2770/1/2716 2743/1/2716 2747/1/2716 
f 2747/1/2717 2773/1/2717 2770/1/2717 
f 2771/1/2718 2745/1/2718 2748/1/2718 
f 2748/1/2719 2774/1/2719 2771/1/2719 
f 2749/1/2720 2775/1/2720 2772/1/2720 
f 2772/1/2721 2746/1/2721 2749/1/2721 
f 2750/1/2722 2776/1/2722 2773/1/2722 
f 2773/1/2723 2747/1/2723 2750/1/2723 
f 2751/1/2724 2777/1/2724 2774/1/2724 
f 2774/1/2725 2748/1/2725 2751/1/2725 
f 2752/1/2726 2778/1/2726 2775/1/2726 
f 2775/1/2726 2749/1/2726 2752/1/2726 
f 2776/1/2727 2750/1/2727 2753/1/2727 
f 2753/1/2727 2779/1/2727 2776/1/2727 
f 2754/1/2728 2780/1/2728 2777/1/2728 
f 2777/1/2729 2751/1/2729 2754/1/2729 
f 2693/1/2730 2781/1/2730 2778/1/2730 
f 2778/1/2731 2752/1/2731 2693/1/2731 
f 2727/1/2732 2782/1/2732 2779/1/2732 
f 2779/1/2733 2753/1/2733 2727/1/2733 
f 2769/1/2734 2780/1/2734 2754/1/2734 
f 2754/1/2734 2744/1/2734 2769/1/2734 
f 2692/1/2735 2783/1/2735 2781/1/2735 
f 2781/1/2736 2693/1/2736 2692/1/2736 
f 2728/1/2737 2784/1/2737 2782/1/2737 
f 2782/1/2738 2727/1/2738 2728/1/2738 
f 2729/1/2739 2785/1/2739 2783/1/2739 
f 2783/1/2740 2692/1/2740 2729/1/2740 
f 2784/1/2741 2728/1/2741 2730/1/2741 
f 2730/1/2742 2786/1/2742 2784/1/2742 
f 2726/1/2743 2725/1/2743 2785/1/2743 
f 2785/1/2744 2729/1/2744 2726/1/2744 
f 2760/1/2745 2786/1/2745 2730/1/2745 
f 2730/1/2745 2731/1/2745 2760/1/2745 
f 2787/1/2746 2788/1/2746 2789/1/2746 
f 2789/1/2747 2790/1/2747 2787/1/2747 
f 2791/1/2748 2792/1/2748 2763/1/2748 
f 2763/1/2748 2764/1/2748 2791/1/2748 
f 2793/1/2749 2756/1/2749 2755/1/2749 
f 2755/1/2749 2765/1/2749 2793/1/2749 
f 2766/1/2750 2794/1/2750 2791/1/2750 
f 2791/1/2750 2764/1/2750 2766/1/2750 
f 2795/1/2751 2793/1/2751 2765/1/2751 
f 2765/1/2751 2767/1/2751 2795/1/2751 
f 2768/1/2752 2796/1/2752 2794/1/2752 
f 2794/1/2752 2766/1/2752 2768/1/2752 
f 2769/1/2753 2770/1/2753 2797/1/2753 
f 2797/1/2753 2798/1/2753 2769/1/2753 
f 2771/1/2754 2799/1/2754 2795/1/2754 
f 2795/1/2754 2767/1/2754 2771/1/2754 
f 2796/1/2755 2768/1/2755 2772/1/2755 
f 2772/1/2755 2800/1/2755 2796/1/2755 
f 2773/1/2756 2801/1/2756 2797/1/2756 
f 2797/1/2756 2770/1/2756 2773/1/2756 
f 2799/1/2757 2771/1/2757 2774/1/2757 
f 2774/1/2757 2802/1/2757 2799/1/2757 
f 2775/1/2758 2803/1/2758 2800/1/2758 
f 2800/1/2758 2772/1/2758 2775/1/2758 
f 2776/1/2759 2804/1/2759 2801/1/2759 
f 2801/1/2759 2773/1/2759 2776/1/2759 
f 2805/1/2760 2802/1/2760 2774/1/2760 
f 2774/1/2760 2777/1/2760 2805/1/2760 
f 2788/1/2761 2803/1/2761 2775/1/2761 
f 2775/1/2761 2778/1/2761 2788/1/2761 
f 2779/1/2762 2806/1/2762 2804/1/2762 
f 2804/1/2762 2776/1/2762 2779/1/2762 
f 2780/1/2763 2807/1/2763 2805/1/2763 
f 2805/1/2763 2777/1/2763 2780/1/2763 
f 2788/1/2764 2778/1/2764 2781/1/2764 
f 2781/1/2764 2789/1/2764 2788/1/2764 
f 2782/1/2765 2808/1/2765 2806/1/2765 
f 2806/1/2765 2779/1/2765 2782/1/2765 
f 2798/1/2766 2807/1/2766 2780/1/2766 
f 2780/1/2766 2769/1/2766 2798/1/2766 
f 2783/1/2767 2809/1/2767 2789/1/2767 
f 2789/1/2767 2781/1/2767 2783/1/2767 
f 2808/1/2768 2782/1/2768 2784/1/2768 
f 2784/1/2768 2810/1/2768 2808/1/2768 
f 2809/1/2769 2783/1/2769 2785/1/2769 
f 2785/1/2769 2811/1/2769 2809/1/2769 
f 2786/1/2770 2812/1/2770 2810/1/2770 
f 2810/1/2770 2784/1/2770 2786/1/2770 
f 2811/1/2771 2785/1/2771 2725/1/2771 
f 2725/1/2771 2813/1/2771 2811/1/2771 
f 2814/1/2772 2812/1/2772 2786/1/2772 
f 2786/1/2772 2760/1/2772 2814/1/2772 
f 2815/1/2773 2813/1/2773 2725/1/2773 
f 2725/1/2773 2724/1/2773 2815/1/2773 
f 2816/1/2774 2814/1/2774 2760/1/2774 
f 2760/1/2774 2759/1/2774 2816/1/2774 
f 2761/1/2775 2817/1/2775 2815/1/2775 
f 2815/1/2776 2724/1/2776 2761/1/2776 
f 2762/1/2777 2818/1/2777 2816/1/2777 
f 2816/1/2777 2759/1/2777 2762/1/2777 
f 2817/1/2778 2761/1/2778 2758/1/2778 
f 2758/1/2779 2757/1/2779 2817/1/2779 
f 2762/1/2780 2763/1/2780 2792/1/2780 
f 2792/1/2780 2818/1/2780 2762/1/2780 
f 2819/1/2781 2820/1/2781 2821/1/2781 
f 2821/1/2782 2822/1/2782 2819/1/2782 
f 2808/1/2783 2823/1/2783 2824/1/2783 
f 2824/1/2784 2806/1/2784 2808/1/2784 
f 2807/1/2785 2798/1/2785 2825/1/2785 
f 2825/1/2786 2826/1/2786 2807/1/2786 
f 2827/1/2787 2790/1/2787 2789/1/2787 
f 2789/1/2787 2809/1/2787 2827/1/2787 
f 2808/1/2788 2810/1/2788 2828/1/2788 
f 2828/1/2788 2823/1/2788 2808/1/2788 
f 2811/1/2789 2820/1/2789 2827/1/2789 
f 2827/1/2790 2809/1/2790 2811/1/2790 
f 2829/1/2791 2828/1/2791 2810/1/2791 
f 2810/1/2791 2812/1/2791 2829/1/2791 
f 2813/1/2792 2821/1/2792 2820/1/2792 
f 2820/1/2792 2811/1/2792 2813/1/2792 
f 2814/1/2793 2830/1/2793 2829/1/2793 
f 2829/1/2794 2812/1/2794 2814/1/2794 
f 2821/1/2795 2813/1/2795 2815/1/2795 
f 2815/1/2796 2831/1/2796 2821/1/2796 
f 2816/1/2797 2832/1/2797 2830/1/2797 
f 2830/1/2798 2814/1/2798 2816/1/2798 
f 2817/1/2799 2833/1/2799 2831/1/2799 
f 2831/1/2799 2815/1/2799 2817/1/2799 
f 2816/1/2800 2818/1/2800 2834/1/2800 
f 2834/1/2800 2832/1/2800 2816/1/2800 
f 2817/1/2801 2757/1/2801 2835/1/2801 
f 2835/1/2802 2833/1/2802 2817/1/2802 
f 2792/1/2803 2836/1/2803 2834/1/2803 
f 2834/1/2803 2818/1/2803 2792/1/2803 
f 2837/1/2804 2835/1/2804 2757/1/2804 
f 2757/1/2804 2756/1/2804 2837/1/2804 
f 2838/1/2805 2836/1/2805 2792/1/2805 
f 2792/1/2806 2791/1/2806 2838/1/2806 
f 2837/1/2807 2756/1/2807 2793/1/2807 
f 2793/1/2808 2839/1/2808 2837/1/2808 
f 2840/1/2809 2838/1/2809 2791/1/2809 
f 2791/1/2810 2794/1/2810 2840/1/2810 
f 2795/1/2811 2841/1/2811 2839/1/2811 
f 2839/1/2812 2793/1/2812 2795/1/2812 
f 2794/1/2813 2796/1/2813 2842/1/2813 
f 2842/1/2813 2840/1/2813 2794/1/2813 
f 2843/1/2814 2825/1/2814 2798/1/2814 
f 2798/1/2815 2797/1/2815 2843/1/2815 
f 2795/1/2816 2799/1/2816 2844/1/2816 
f 2844/1/2817 2841/1/2817 2795/1/2817 
f 2842/1/2818 2796/1/2818 2800/1/2818 
f 2800/1/2819 2845/1/2819 2842/1/2819 
f 2843/1/2820 2797/1/2820 2801/1/2820 
f 2801/1/2821 2846/1/2821 2843/1/2821 
f 2802/1/2822 2847/1/2822 2844/1/2822 
f 2844/1/2822 2799/1/2822 2802/1/2822 
f 2800/1/2823 2803/1/2823 2848/1/2823 
f 2848/1/2823 2845/1/2823 2800/1/2823 
f 2801/1/2824 2804/1/2824 2849/1/2824 
f 2849/1/2824 2846/1/2824 2801/1/2824 
f 2850/1/2825 2847/1/2825 2802/1/2825 
f 2802/1/2826 2805/1/2826 2850/1/2826 
f 2788/1/2827 2787/1/2827 2848/1/2827 
f 2848/1/2828 2803/1/2828 2788/1/2828 
f 2824/1/2829 2849/1/2829 2804/1/2829 
f 2804/1/2830 2806/1/2830 2824/1/2830 
f 2826/1/2831 2850/1/2831 2805/1/2831 
f 2805/1/2832 2807/1/2832 2826/1/2832 
f 2851/1/2833 2852/1/2833 2853/1/2833 
f 2853/1/2833 2854/1/2833 2851/1/2833 
f 2855/1/2834 2829/1/2834 2830/1/2834 
f 2830/1/2835 2856/1/2835 2855/1/2835 
f 2821/1/2836 2831/1/2836 2857/1/2836 
f 2857/1/2837 2822/1/2837 2821/1/2837 
f 2858/1/2838 2856/1/2838 2830/1/2838 
f 2830/1/2839 2832/1/2839 2858/1/2839 
f 2852/1/2840 2857/1/2840 2831/1/2840 
f 2831/1/2841 2833/1/2841 2852/1/2841 
f 2832/1/2842 2834/1/2842 2859/1/2842 
f 2859/1/2843 2858/1/2843 2832/1/2843 
f 2835/1/2844 2853/1/2844 2852/1/2844 
f 2852/1/2844 2833/1/2844 2835/1/2844 
f 2860/1/2845 2859/1/2845 2834/1/2845 
f 2834/1/2846 2836/1/2846 2860/1/2846 
f 2837/1/2847 2861/1/2847 2853/1/2847 
f 2853/1/2848 2835/1/2848 2837/1/2848 
f 2838/1/2849 2862/1/2849 2860/1/2849 
f 2860/1/2850 2836/1/2850 2838/1/2850 
f 2861/1/2851 2837/1/2851 2839/1/2851 
f 2839/1/2852 2863/1/2852 2861/1/2852 
f 2840/1/2853 2864/1/2853 2862/1/2853 
f 2862/1/2854 2838/1/2854 2840/1/2854 
f 2863/1/2855 2839/1/2855 2841/1/2855 
f 2841/1/2856 2865/1/2856 2863/1/2856 
f 2864/1/2857 2840/1/2857 2842/1/2857 
f 2842/1/2858 2866/1/2858 2864/1/2858 
f 2867/1/2859 2868/1/2859 2825/1/2859 
f 2825/1/2859 2843/1/2859 2867/1/2859 
f 2841/1/2860 2844/1/2860 2869/1/2860 
f 2869/1/2861 2865/1/2861 2841/1/2861 
f 2870/1/2862 2866/1/2862 2842/1/2862 
f 2842/1/2863 2845/1/2863 2870/1/2863 
f 2871/1/2864 2867/1/2864 2843/1/2864 
f 2843/1/2865 2846/1/2865 2871/1/2865 
f 2872/1/2866 2869/1/2866 2844/1/2866 
f 2844/1/2866 2847/1/2866 2872/1/2866 
f 2845/1/2867 2848/1/2867 2873/1/2867 
f 2873/1/2868 2870/1/2868 2845/1/2868 
f 2849/1/2869 2874/1/2869 2871/1/2869 
f 2871/1/2870 2846/1/2870 2849/1/2870 
f 2850/1/2871 2875/1/2871 2872/1/2871 
f 2872/1/2872 2847/1/2872 2850/1/2872 
f 2876/1/2873 2873/1/2873 2848/1/2873 
f 2848/1/2874 2787/1/2874 2876/1/2874 
f 2874/1/2875 2849/1/2875 2824/1/2875 
f 2824/1/2876 2877/1/2876 2874/1/2876 
f 2826/1/2877 2878/1/2877 2875/1/2877 
f 2875/1/2878 2850/1/2878 2826/1/2878 
f 2790/1/2879 2879/1/2879 2876/1/2879 
f 2876/1/2880 2787/1/2880 2790/1/2880 
f 2880/1/2881 2877/1/2881 2824/1/2881 
f 2824/1/2882 2823/1/2882 2880/1/2882 
f 2878/1/2883 2826/1/2883 2825/1/2883 
f 2825/1/2883 2868/1/2883 2878/1/2883 
f 2827/1/2884 2881/1/2884 2879/1/2884 
f 2879/1/2885 2790/1/2885 2827/1/2885 
f 2828/1/2886 2882/1/2886 2880/1/2886 
f 2880/1/2887 2823/1/2887 2828/1/2887 
f 2881/1/2888 2827/1/2888 2820/1/2888 
f 2820/1/2888 2819/1/2888 2881/1/2888 
f 2829/1/2889 2855/1/2889 2882/1/2889 
f 2882/1/2890 2828/1/2890 2829/1/2890 
f 2883/1/2891 2884/1/2891 2885/1/2891 
f 2883/1/2891 2885/1/2891 2886/1/2891 
f 2886/1/2891 2887/1/2891 2888/1/2891 
f 2886/1/2891 2888/1/2891 2889/1/2891 
f 2883/1/2892 2886/1/2892 2889/1/2892 
f 2889/1/2891 2890/1/2891 2891/1/2891 
f 2889/1/2893 2891/1/2893 2892/1/2893 
f 2893/1/2891 2894/1/2891 2895/1/2891 
f 2892/1/2891 2893/1/2891 2895/1/2891 
f 2889/1/2894 2892/1/2894 2895/1/2894 
f 2883/1/2895 2889/1/2895 2895/1/2895 
f 2895/1/2891 2896/1/2891 2897/1/2891 
f 2895/1/2891 2897/1/2891 2898/1/2891 
f 2899/1/2896 2900/1/2896 2901/1/2896 
f 2898/1/2891 2899/1/2891 2901/1/2891 
f 2895/1/2893 2898/1/2893 2901/1/2893 
f 2883/1/2892 2895/1/2892 2901/1/2892 
f 2901/1/2894 2902/1/2894 2903/1/2894 
f 2901/1/2891 2903/1/2891 2904/1/2891 
f 2901/1/2897 2904/1/2897 2851/1/2897 
f 2883/1/2892 2901/1/2892 2851/1/2892 
f 2905/1/2891 2906/1/2891 2907/1/2891 
f 2854/1/2891 2905/1/2891 2907/1/2891 
f 2851/1/2891 2854/1/2891 2907/1/2891 
f 2851/1/2891 2907/1/2891 2908/1/2891 
f 2883/1/2898 2851/1/2898 2908/1/2898 
f 2908/1/2891 2909/1/2891 2910/1/2891 
f 2908/1/2891 2910/1/2891 2911/1/2891 
f 2908/1/2891 2911/1/2891 2912/1/2891 
f 2883/1/2891 2908/1/2891 2912/1/2891 
f 2860/1/2899 2893/1/2899 2892/1/2899 
f 2892/1/2899 2859/1/2899 2860/1/2899 
f 2905/1/2900 2854/1/2900 2853/1/2900 
f 2853/1/2900 2861/1/2900 2905/1/2900 
f 2893/1/2901 2860/1/2901 2862/1/2901 
f 2862/1/2901 2894/1/2901 2893/1/2901 
f 2861/1/2902 2863/1/2902 2906/1/2902 
f 2906/1/2902 2905/1/2902 2861/1/2902 
f 2895/1/2903 2894/1/2903 2862/1/2903 
f 2862/1/2903 2864/1/2903 2895/1/2903 
f 2907/1/2904 2906/1/2904 2863/1/2904 
f 2863/1/2904 2865/1/2904 2907/1/2904 
f 2864/1/2905 2866/1/2905 2896/1/2905 
f 2896/1/2905 2895/1/2905 2864/1/2905 
f 2883/1/2906 2912/1/2906 2868/1/2906 
f 2868/1/2906 2867/1/2906 2883/1/2906 
f 2869/1/2907 2908/1/2907 2907/1/2907 
f 2907/1/2907 2865/1/2907 2869/1/2907 
f 2897/1/2908 2896/1/2908 2866/1/2908 
f 2866/1/2908 2870/1/2908 2897/1/2908 
f 2867/1/2909 2871/1/2909 2884/1/2909 
f 2884/1/2909 2883/1/2909 2867/1/2909 
f 2872/1/2910 2909/1/2910 2908/1/2910 
f 2908/1/2910 2869/1/2910 2872/1/2910 
f 2873/1/2911 2898/1/2911 2897/1/2911 
f 2897/1/2911 2870/1/2911 2873/1/2911 
f 2885/1/2912 2884/1/2912 2871/1/2912 
f 2871/1/2912 2874/1/2912 2885/1/2912 
f 2909/1/2913 2872/1/2913 2875/1/2913 
f 2875/1/2913 2910/1/2913 2909/1/2913 
f 2876/1/2914 2899/1/2914 2898/1/2914 
f 2898/1/2914 2873/1/2914 2876/1/2914 
f 2877/1/2915 2886/1/2915 2885/1/2915 
f 2885/1/2915 2874/1/2915 2877/1/2915 
f 2911/1/2916 2910/1/2916 2875/1/2916 
f 2875/1/2916 2878/1/2916 2911/1/2916 
f 2899/1/2917 2876/1/2917 2879/1/2917 
f 2879/1/2917 2900/1/2917 2899/1/2917 
f 2880/1/2918 2887/1/2918 2886/1/2918 
f 2886/1/2918 2877/1/2918 2880/1/2918 
f 2868/1/2919 2912/1/2919 2911/1/2919 
f 2911/1/2919 2878/1/2919 2868/1/2919 
f 2901/1/2920 2900/1/2920 2879/1/2920 
f 2879/1/2920 2881/1/2920 2901/1/2920 
f 2887/1/2921 2880/1/2921 2882/1/2921 
f 2882/1/2921 2888/1/2921 2887/1/2921 
f 2881/1/2922 2819/1/2922 2902/1/2922 
f 2902/1/2922 2901/1/2922 2881/1/2922 
f 2889/1/2923 2888/1/2923 2882/1/2923 
f 2882/1/2923 2855/1/2923 2889/1/2923 
f 2903/1/2924 2902/1/2924 2819/1/2924 
f 2819/1/2924 2822/1/2924 2903/1/2924 
f 2855/1/2925 2856/1/2925 2890/1/2925 
f 2890/1/2925 2889/1/2925 2855/1/2925 
f 2857/1/2926 2904/1/2926 2903/1/2926 
f 2903/1/2926 2822/1/2926 2857/1/2926 
f 2891/1/2927 2890/1/2927 2856/1/2927 
f 2856/1/2927 2858/1/2927 2891/1/2927 
f 2852/1/2928 2851/1/2928 2904/1/2928 
f 2904/1/2928 2857/1/2928 2852/1/2928 
f 2859/1/2929 2892/1/2929 2891/1/2929 
f 2891/1/2929 2858/1/2929 2859/1/2929 
f 2913/1/2930 2914/1/2930 2915/1/2930 
f 2915/1/2930 2916/1/2930 2917/1/2930 
f 2913/1/2930 2915/1/2930 2917/1/2930 
f 2917/1/2930 2918/1/2930 2919/1/2930 
f 2919/1/2930 2920/1/2930 2921/1/2930 
f 2917/1/2930 2919/1/2930 2921/1/2930 
f 2913/1/2930 2917/1/2930 2921/1/2930 
f 2921/1/2930 2922/1/2930 2923/1/2930 
f 2923/1/2930 2924/1/2930 2925/1/2930 
f 2921/1/2930 2923/1/2930 2925/1/2930 
f 2925/1/2930 2926/1/2930 2927/1/2930 
f 2927/1/2930 2928/1/2930 2929/1/2930 
f 2925/1/2930 2927/1/2930 2929/1/2930 
f 2921/1/2930 2925/1/2930 2929/1/2930 
f 2929/1/2930 2930/1/2930 2931/1/2930 
f 2931/1/2930 2932/1/2930 2933/1/2930 
f 2929/1/2930 2931/1/2930 2933/1/2930 
f 2933/1/2930 2934/1/2930 2935/1/2930 
f 2935/1/2930 2936/1/2930 2937/1/2930 
f 2933/1/2930 2935/1/2930 2937/1/2930 
f 2929/1/2930 2933/1/2930 2937/1/2930 
f 2921/1/2930 2929/1/2930 2937/1/2930 
f 2913/1/2930 2921/1/2930 2937/1/2930 
f 2938/1/2930 2939/1/2930 2940/1/2930 
f 2937/1/2930 2938/1/2930 2940/1/2930 
f 2937/1/2930 2940/1/2930 2941/1/2930 
f 2913/1/2930 2937/1/2930 2941/1/2930 
f 2942/1/2930 2913/1/2930 2941/1/2930 
f 2942/1/2930 2941/1/2930 2943/1/2930 
f 2942/1/2930 2943/1/2930 2944/1/2930 
f 2945/1/2931 2946/1/2931 2947/1/2931 
f 2947/1/2931 2948/1/2931 2945/1/2931 
f 2949/1/2932 2937/1/2932 2936/1/2932 
f 2936/1/2933 2950/1/2933 2949/1/2933 
f 2922/1/2934 2951/1/2934 2952/1/2934 
f 2952/1/2935 2923/1/2935 2922/1/2935 
f 2936/1/2936 2935/1/2936 2953/1/2936 
f 2953/1/2937 2950/1/2937 2936/1/2937 
f 2921/1/2938 2954/1/2938 2951/1/2938 
f 2951/1/2939 2922/1/2939 2921/1/2939 
f 2934/1/2940 2955/1/2940 2953/1/2940 
f 2953/1/2941 2935/1/2941 2934/1/2941 
f 2920/1/2942 2956/1/2942 2954/1/2942 
f 2954/1/2943 2921/1/2943 2920/1/2943 
f 2933/1/2944 2957/1/2944 2955/1/2944 
f 2955/1/2945 2934/1/2945 2933/1/2945 
f 2919/1/2946 2958/1/2946 2956/1/2946 
f 2956/1/2947 2920/1/2947 2919/1/2947 
f 2932/1/2948 2959/1/2948 2957/1/2948 
f 2957/1/2948 2933/1/2948 2932/1/2948 
f 2918/1/2949 2960/1/2949 2958/1/2949 
f 2958/1/2950 2919/1/2950 2918/1/2950 
f 2931/1/2951 2961/1/2951 2959/1/2951 
f 2959/1/2952 2932/1/2952 2931/1/2952 
f 2962/1/2953 2913/1/2953 2942/1/2953 
f 2942/1/2953 2963/1/2953 2962/1/2953 
f 2917/1/2954 2964/1/2954 2960/1/2954 
f 2960/1/2954 2918/1/2954 2917/1/2954 
f 2930/1/2955 2965/1/2955 2961/1/2955 
f 2961/1/2956 2931/1/2956 2930/1/2956 
f 2963/1/2957 2942/1/2957 2944/1/2957 
f 2944/1/2958 2966/1/2958 2963/1/2958 
f 2916/1/2959 2967/1/2959 2964/1/2959 
f 2964/1/2959 2917/1/2959 2916/1/2959 
f 2929/1/2960 2968/1/2960 2965/1/2960 
f 2965/1/2960 2930/1/2960 2929/1/2960 
f 2966/1/2961 2944/1/2961 2943/1/2961 
f 2943/1/2962 2948/1/2962 2966/1/2962 
f 2915/1/2963 2969/1/2963 2967/1/2963 
f 2967/1/2964 2916/1/2964 2915/1/2964 
f 2928/1/2965 2970/1/2965 2968/1/2965 
f 2968/1/2966 2929/1/2966 2928/1/2966 
f 2943/1/2967 2941/1/2967 2945/1/2967 
f 2945/1/2968 2948/1/2968 2943/1/2968 
f 2914/1/2969 2971/1/2969 2969/1/2969 
f 2969/1/2970 2915/1/2970 2914/1/2970 
f 2927/1/2971 2972/1/2971 2970/1/2971 
f 2970/1/2971 2928/1/2971 2927/1/2971 
f 2940/1/2972 2973/1/2972 2945/1/2972 
f 2945/1/2973 2941/1/2973 2940/1/2973 
f 2914/1/2974 2913/1/2974 2962/1/2974 
f 2962/1/2975 2971/1/2975 2914/1/2975 
f 2926/1/2976 2974/1/2976 2972/1/2976 
f 2972/1/2977 2927/1/2977 2926/1/2977 
f 2975/1/2978 2973/1/2978 2940/1/2978 
f 2940/1/2979 2939/1/2979 2975/1/2979 
f 2925/1/2980 2976/1/2980 2974/1/2980 
f 2974/1/2981 2926/1/2981 2925/1/2981 
f 2938/1/2982 2977/1/2982 2975/1/2982 
f 2975/1/2983 2939/1/2983 2938/1/2983 
f 2924/1/2984 2978/1/2984 2976/1/2984 
f 2976/1/2985 2925/1/2985 2924/1/2985 
f 2949/1/2986 2977/1/2986 2938/1/2986 
f 2938/1/2987 2937/1/2987 2949/1/2987 
f 2923/1/2988 2952/1/2988 2978/1/2988 
f 2978/1/2989 2924/1/2989 2923/1/2989 
f 2979/1/2990 2980/1/2990 2947/1/2990 
f 2947/1/2990 2946/1/2990 2981/1/2990 
f 2979/1/2990 2947/1/2990 2981/1/2990 
f 2981/1/2990 2982/1/2990 2983/1/2990 
f 2981/1/2990 2983/1/2990 2984/1/2990 
f 2979/1/2990 2981/1/2990 2984/1/2990 
f 2979/1/2990 2984/1/2990 2985/1/2990 
f 2985/1/2990 2986/1/2990 2987/1/2990 
f 2987/1/2990 2988/1/2990 2989/1/2990 
f 2985/1/2990 2987/1/2990 2989/1/2990 
f 2989/1/2990 2990/1/2990 2991/1/2990 
f 2991/1/2990 2992/1/2990 2993/1/2990 
f 2989/1/2990 2991/1/2990 2993/1/2990 
f 2985/1/2990 2989/1/2990 2993/1/2990 
f 2993/1/2990 2994/1/2990 2995/1/2990 
f 2995/1/2990 2996/1/2990 2997/1/2990 
f 2993/1/2990 2995/1/2990 2997/1/2990 
f 2997/1/2990 2998/1/2990 2999/1/2990 
f 2999/1/2990 3000/1/2990 3001/1/2990 
f 2997/1/2990 2999/1/2990 3001/1/2990 
f 2993/1/2990 2997/1/2990 3001/1/2990 
f 2985/1/2990 2993/1/2990 3001/1/2990 
f 3001/1/2990 3002/1/2990 3003/1/2990 
f 3003/1/2990 3004/1/2990 3005/1/2990 
f 3001/1/2990 3003/1/2990 3005/1/2990 
f 3005/1/2990 3006/1/2990 3007/1/2990 
f 3005/1/2990 3007/1/2990 3008/1/2990 
f 3001/1/2990 3005/1/2990 3008/1/2990 
f 2985/1/2990 3001/1/2990 3008/1/2990 
f 2979/1/2990 2985/1/2990 3008/1/2990 
f 2971/1/2991 3007/1/2991 3006/1/2991 
f 3006/1/2992 2969/1/2992 2971/1/2992 
f 2972/1/2993 2994/1/2993 2993/1/2993 
f 2993/1/2994 2970/1/2994 2972/1/2994 
f 2973/1/2995 2981/1/2995 2946/1/2995 
f 2946/1/2995 2945/1/2995 2973/1/2995 
f 2971/1/2996 2962/1/2996 3008/1/2996 
f 3008/1/2996 3007/1/2996 2971/1/2996 
f 2974/1/2997 2995/1/2997 2994/1/2997 
f 2994/1/2997 2972/1/2997 2974/1/2997 
f 2975/1/2998 2982/1/2998 2981/1/2998 
f 2981/1/2998 2973/1/2998 2975/1/2998 
f 2976/1/2999 2996/1/2999 2995/1/2999 
f 2995/1/2999 2974/1/2999 2976/1/2999 
f 2977/1/3000 2983/1/3000 2982/1/3000 
f 2982/1/3000 2975/1/3000 2977/1/3000 
f 2978/1/3001 2997/1/3001 2996/1/3001 
f 2996/1/3002 2976/1/3002 2978/1/3002 
f 2949/1/3003 2984/1/3003 2983/1/3003 
f 2983/1/3004 2977/1/3004 2949/1/3004 
f 2952/1/3005 2998/1/3005 2997/1/3005 
f 2997/1/3005 2978/1/3005 2952/1/3005 
f 2950/1/3006 2985/1/3006 2984/1/3006 
f 2984/1/3007 2949/1/3007 2950/1/3007 
f 2951/1/3008 2999/1/3008 2998/1/3008 
f 2998/1/3009 2952/1/3009 2951/1/3009 
f 2953/1/3010 2986/1/3010 2985/1/3010 
f 2985/1/3010 2950/1/3010 2953/1/3010 
f 2954/1/3011 3000/1/3011 2999/1/3011 
f 2999/1/3012 2951/1/3012 2954/1/3012 
f 2955/1/3013 2987/1/3013 2986/1/3013 
f 2986/1/3013 2953/1/3013 2955/1/3013 
f 2956/1/3014 3001/1/3014 3000/1/3014 
f 3000/1/3015 2954/1/3015 2956/1/3015 
f 2957/1/3016 2988/1/3016 2987/1/3016 
f 2987/1/3017 2955/1/3017 2957/1/3017 
f 2958/1/3018 3002/1/3018 3001/1/3018 
f 3001/1/3019 2956/1/3019 2958/1/3019 
f 2959/1/3020 2989/1/3020 2988/1/3020 
f 2988/1/3020 2957/1/3020 2959/1/3020 
f 2960/1/3021 3003/1/3021 3002/1/3021 
f 3002/1/3021 2958/1/3021 2960/1/3021 
f 2961/1/3022 2990/1/3022 2989/1/3022 
f 2989/1/3023 2959/1/3023 2961/1/3023 
f 2963/1/3024 2979/1/3024 3008/1/3024 
f 3008/1/3024 2962/1/3024 2963/1/3024 
f 2964/1/3025 3004/1/3025 3003/1/3025 
f 3003/1/3025 2960/1/3025 2964/1/3025 
f 2965/1/3026 2991/1/3026 2990/1/3026 
f 2990/1/3027 2961/1/3027 2965/1/3027 
f 2966/1/3028 2980/1/3028 2979/1/3028 
f 2979/1/3029 2963/1/3029 2966/1/3029 
f 2967/1/3030 3005/1/3030 3004/1/3030 
f 3004/1/3030 2964/1/3030 2967/1/3030 
f 2968/1/3031 2992/1/3031 2991/1/3031 
f 2991/1/3031 2965/1/3031 2968/1/3031 
f 2948/1/3032 2947/1/3032 2980/1/3032 
f 2980/1/3032 2966/1/3032 2948/1/3032 
f 2969/1/3033 3006/1/3033 3005/1/3033 
f 3005/1/3033 2967/1/3033 2969/1/3033 
f 2970/1/3034 2993/1/3034 2992/1/3034 
f 2992/1/3034 2968/1/3034 2970/1/3034 
f 3009/1/2930 3010/1/2930 3011/1/2930 
f 3011/1/2930 3012/1/2930 3013/1/2930 
f 3009/1/2930 3011/1/2930 3013/1/2930 
f 3013/1/2930 3014/1/2930 3015/1/2930 
f 3015/1/2930 3016/1/2930 3017/1/2930 
f 3013/1/2930 3015/1/2930 3017/1/2930 
f 3009/1/2930 3013/1/2930 3017/1/2930 
f 3017/1/2930 3018/1/2930 3019/1/2930 
f 3019/1/2930 3020/1/2930 3021/1/2930 
f 3017/1/2930 3019/1/2930 3021/1/2930 
f 3021/1/2930 3022/1/2930 3023/1/2930 
f 3023/1/2930 3024/1/2930 3025/1/2930 
f 3021/1/2930 3023/1/2930 3025/1/2930 
f 3017/1/2930 3021/1/2930 3025/1/2930 
f 3025/1/2930 3026/1/2930 3027/1/2930 
f 3027/1/2930 3028/1/2930 3029/1/2930 
f 3025/1/2930 3027/1/2930 3029/1/2930 
f 3029/1/2930 3030/1/2930 3031/1/2930 
f 3031/1/2930 3032/1/2930 3033/1/2930 
f 3029/1/2930 3031/1/2930 3033/1/2930 
f 3025/1/2930 3029/1/2930 3033/1/2930 
f 3017/1/2930 3025/1/2930 3033/1/2930 
f 3009/1/2930 3017/1/2930 3033/1/2930 
f 3034/1/2930 3035/1/2930 3036/1/2930 
f 3033/1/2930 3034/1/2930 3036/1/2930 
f 3033/1/2930 3036/1/2930 3037/1/2930 
f 3009/1/2930 3033/1/2930 3037/1/2930 
f 3038/1/2930 3009/1/2930 3037/1/2930 
f 3038/1/2930 3037/1/2930 3039/1/2930 
f 3038/1/2930 3039/1/2930 3040/1/2930 
f 3041/1/2990 3042/1/2990 3043/1/2990 
f 3043/1/2990 3044/1/2990 3045/1/2990 
f 3041/1/2990 3043/1/2990 3045/1/2990 
f 3045/1/2990 3046/1/2990 3047/1/2990 
f 3047/1/2990 3048/1/2990 3049/1/2990 
f 3045/1/2990 3047/1/2990 3049/1/2990 
f 3041/1/2990 3045/1/2990 3049/1/2990 
f 3049/1/2990 3050/1/2990 3051/1/2990 
f 3051/1/2990 3052/1/2990 3053/1/2990 
f 3049/1/2990 3051/1/2990 3053/1/2990 
f 3053/1/2990 3054/1/2990 3055/1/2990 
f 3055/1/2990 3056/1/2990 3057/1/2990 
f 3053/1/2990 3055/1/2990 3057/1/2990 
f 3049/1/2990 3053/1/2990 3057/1/2990 
f 3041/1/2990 3049/1/2990 3057/1/2990 
f 3057/1/2990 3058/1/2990 3059/1/2990 
f 3059/1/2990 3060/1/2990 3061/1/2990 
f 3057/1/2990 3059/1/2990 3061/1/2990 
f 3061/1/2990 3062/1/2990 3063/1/2990 
f 3063/1/2990 3064/1/2990 3065/1/2990 
f 3061/1/2990 3063/1/2990 3065/1/2990 
f 3057/1/2990 3061/1/2990 3065/1/2990 
f 3065/1/2990 3066/1/2990 3067/1/2990 
f 3067/1/2990 3068/1/2990 3069/1/2990 
f 3065/1/2990 3067/1/2990 3069/1/2990 
f 3069/1/2990 3070/1/2990 3071/1/2990 
f 3069/1/2990 3071/1/2990 3072/1/2990 
f 3065/1/2990 3069/1/2990 3072/1/2990 
f 3057/1/2990 3065/1/2990 3072/1/2990 
f 3041/1/2990 3057/1/2990 3072/1/2990 
f 3034/1/3035 3047/1/3035 3046/1/3035 
f 3046/1/3036 3035/1/3036 3034/1/3036 
f 3020/1/3037 3061/1/3037 3060/1/3037 
f 3060/1/3038 3021/1/3038 3020/1/3038 
f 3048/1/3039 3047/1/3039 3034/1/3039 
f 3034/1/3040 3033/1/3040 3048/1/3040 
f 3019/1/3041 3062/1/3041 3061/1/3041 
f 3061/1/3042 3020/1/3042 3019/1/3042 
f 3048/1/3043 3033/1/3043 3032/1/3043 
f 3032/1/3044 3049/1/3044 3048/1/3044 
f 3018/1/3045 3063/1/3045 3062/1/3045 
f 3062/1/3046 3019/1/3046 3018/1/3046 
f 3032/1/3047 3031/1/3047 3050/1/3047 
f 3050/1/3048 3049/1/3048 3032/1/3048 
f 3017/1/3049 3064/1/3049 3063/1/3049 
f 3063/1/3050 3018/1/3050 3017/1/3050 
f 3030/1/3051 3051/1/3051 3050/1/3051 
f 3050/1/3052 3031/1/3052 3030/1/3052 
f 3016/1/3053 3065/1/3053 3064/1/3053 
f 3064/1/3054 3017/1/3054 3016/1/3054 
f 3029/1/3055 3052/1/3055 3051/1/3055 
f 3051/1/3055 3030/1/3055 3029/1/3055 
f 3015/1/3056 3066/1/3056 3065/1/3056 
f 3065/1/3057 3016/1/3057 3015/1/3057 
f 3028/1/3058 3053/1/3058 3052/1/3058 
f 3052/1/3058 3029/1/3058 3028/1/3058 
f 3014/1/3059 3067/1/3059 3066/1/3059 
f 3066/1/3060 3015/1/3060 3014/1/3060 
f 3027/1/3061 3054/1/3061 3053/1/3061 
f 3053/1/3062 3028/1/3062 3027/1/3062 
f 3072/1/3063 3009/1/3063 3038/1/3063 
f 3038/1/3064 3041/1/3064 3072/1/3064 
f 3013/1/3065 3068/1/3065 3067/1/3065 
f 3067/1/3066 3014/1/3066 3013/1/3066 
f 3026/1/3067 3055/1/3067 3054/1/3067 
f 3054/1/3068 3027/1/3068 3026/1/3068 
f 3041/1/3069 3038/1/3069 3040/1/3069 
f 3040/1/3069 3042/1/3069 3041/1/3069 
f 3012/1/3070 3069/1/3070 3068/1/3070 
f 3068/1/3071 3013/1/3071 3012/1/3071 
f 3025/1/3072 3056/1/3072 3055/1/3072 
f 3055/1/3072 3026/1/3072 3025/1/3072 
f 3042/1/3073 3040/1/3073 3039/1/3073 
f 3039/1/3073 3043/1/3073 3042/1/3073 
f 3011/1/3074 3070/1/3074 3069/1/3074 
f 3069/1/3075 3012/1/3075 3011/1/3075 
f 3024/1/3076 3057/1/3076 3056/1/3076 
f 3056/1/3076 3025/1/3076 3024/1/3076 
f 3039/1/3077 3037/1/3077 3044/1/3077 
f 3044/1/3078 3043/1/3078 3039/1/3078 
f 3010/1/3079 3071/1/3079 3070/1/3079 
f 3070/1/3080 3011/1/3080 3010/1/3080 
f 3023/1/3081 3058/1/3081 3057/1/3081 
f 3057/1/3082 3024/1/3082 3023/1/3082 
f 3036/1/3083 3045/1/3083 3044/1/3083 
f 3044/1/3084 3037/1/3084 3036/1/3084 
f 3010/1/3085 3009/1/3085 3072/1/3085 
f 3072/1/3086 3071/1/3086 3010/1/3086 
f 3022/1/3087 3059/1/3087 3058/1/3087 
f 3058/1/3088 3023/1/3088 3022/1/3088 
f 3046/1/3089 3045/1/3089 3036/1/3089 
f 3036/1/3089 3035/1/3089 3046/1/3089 
f 3021/1/3090 3060/1/3090 3059/1/3090 
f 3059/1/3090 3022/1/3090 3021/1/3090 
f 3073/1/2930 3074/1/2930 3075/1/2930 
f 3075/1/2930 3076/1/2930 3077/1/2930 
f 3073/1/2930 3075/1/2930 3077/1/2930 
f 3077/1/2930 3078/1/2930 3079/1/2930 
f 3079/1/2930 3080/1/2930 3081/1/2930 
f 3077/1/2930 3079/1/2930 3081/1/2930 
f 3073/1/2930 3077/1/2930 3081/1/2930 
f 3081/1/2930 3082/1/2930 3083/1/2930 
f 3083/1/2930 3084/1/2930 3085/1/2930 
f 3081/1/2930 3083/1/2930 3085/1/2930 
f 3085/1/2930 3086/1/2930 3087/1/2930 
f 3087/1/2930 3088/1/2930 3089/1/2930 
f 3085/1/2930 3087/1/2930 3089/1/2930 
f 3081/1/2930 3085/1/2930 3089/1/2930 
f 3089/1/2930 3090/1/2930 3091/1/2930 
f 3091/1/2930 3092/1/2930 3093/1/2930 
f 3089/1/2930 3091/1/2930 3093/1/2930 
f 3093/1/2930 3094/1/2930 3095/1/2930 
f 3095/1/2930 3096/1/2930 3097/1/2930 
f 3093/1/2930 3095/1/2930 3097/1/2930 
f 3089/1/2930 3093/1/2930 3097/1/2930 
f 3081/1/2930 3089/1/2930 3097/1/2930 
f 3073/1/2930 3081/1/2930 3097/1/2930 
f 3098/1/2930 3099/1/2930 3100/1/2930 
f 3097/1/2930 3098/1/2930 3100/1/2930 
f 3097/1/2930 3100/1/2930 3101/1/2930 
f 3073/1/2930 3097/1/2930 3101/1/2930 
f 3102/1/2930 3073/1/2930 3101/1/2930 
f 3102/1/2930 3101/1/2930 3103/1/2930 
f 3102/1/2930 3103/1/2930 3104/1/2930 
f 3105/1/3091 3106/1/3091 3107/1/3091 
f 3107/1/3092 3108/1/3092 3105/1/3092 
f 3075/1/3093 3109/1/3093 3110/1/3093 
f 3110/1/3094 3076/1/3094 3075/1/3094 
f 3088/1/3095 3111/1/3095 3112/1/3095 
f 3112/1/3096 3089/1/3096 3088/1/3096 
f 3103/1/3097 3101/1/3097 3113/1/3097 
f 3113/1/3098 3114/1/3098 3103/1/3098 
f 3074/1/3099 3115/1/3099 3109/1/3099 
f 3109/1/3099 3075/1/3099 3074/1/3099 
f 3087/1/3100 3116/1/3100 3111/1/3100 
f 3111/1/3101 3088/1/3101 3087/1/3101 
f 3100/1/3102 3117/1/3102 3113/1/3102 
f 3113/1/3103 3101/1/3103 3100/1/3103 
f 3074/1/3104 3073/1/3104 3118/1/3104 
f 3118/1/3104 3115/1/3104 3074/1/3104 
f 3086/1/3105 3119/1/3105 3116/1/3105 
f 3116/1/3106 3087/1/3106 3086/1/3106 
f 3120/1/3107 3117/1/3107 3100/1/3107 
f 3100/1/3108 3099/1/3108 3120/1/3108 
f 3085/1/3109 3121/1/3109 3119/1/3109 
f 3119/1/3109 3086/1/3109 3085/1/3109 
f 3098/1/3110 3122/1/3110 3120/1/3110 
f 3120/1/3111 3099/1/3111 3098/1/3111 
f 3084/1/3112 3123/1/3112 3121/1/3112 
f 3121/1/3113 3085/1/3113 3084/1/3113 
f 3124/1/3114 3122/1/3114 3098/1/3114 
f 3098/1/3114 3097/1/3114 3124/1/3114 
f 3083/1/3115 3125/1/3115 3123/1/3115 
f 3123/1/3116 3084/1/3116 3083/1/3116 
f 3124/1/3117 3097/1/3117 3096/1/3117 
f 3096/1/3117 3126/1/3117 3124/1/3117 
f 3082/1/3118 3127/1/3118 3125/1/3118 
f 3125/1/3119 3083/1/3119 3082/1/3119 
f 3096/1/3120 3095/1/3120 3128/1/3120 
f 3128/1/3121 3126/1/3121 3096/1/3121 
f 3081/1/3122 3108/1/3122 3127/1/3122 
f 3127/1/3123 3082/1/3123 3081/1/3123 
f 3094/1/3124 3129/1/3124 3128/1/3124 
f 3128/1/3125 3095/1/3125 3094/1/3125 
f 3080/1/3126 3105/1/3126 3108/1/3126 
f 3108/1/3127 3081/1/3127 3080/1/3127 
f 3093/1/3128 3130/1/3128 3129/1/3128 
f 3129/1/3129 3094/1/3129 3093/1/3129 
f 3079/1/3130 3131/1/3130 3105/1/3130 
f 3105/1/3130 3080/1/3130 3079/1/3130 
f 3092/1/3131 3132/1/3131 3130/1/3131 
f 3130/1/3132 3093/1/3132 3092/1/3132 
f 3078/1/3133 3133/1/3133 3131/1/3133 
f 3131/1/3134 3079/1/3134 3078/1/3134 
f 3091/1/3135 3134/1/3135 3132/1/3135 
f 3132/1/3136 3092/1/3136 3091/1/3136 
f 3118/1/3137 3073/1/3137 3102/1/3137 
f 3102/1/3138 3135/1/3138 3118/1/3138 
f 3077/1/3139 3136/1/3139 3133/1/3139 
f 3133/1/3140 3078/1/3140 3077/1/3140 
f 3090/1/3141 3137/1/3141 3134/1/3141 
f 3134/1/3142 3091/1/3142 3090/1/3142 
f 3135/1/3143 3102/1/3143 3104/1/3143 
f 3104/1/3144 3138/1/3144 3135/1/3144 
f 3076/1/3145 3110/1/3145 3136/1/3145 
f 3136/1/3146 3077/1/3146 3076/1/3146 
f 3089/1/3147 3112/1/3147 3137/1/3147 
f 3137/1/3148 3090/1/3148 3089/1/3148 
f 3138/1/3149 3104/1/3149 3103/1/3149 
f 3103/1/3150 3114/1/3150 3138/1/3150 
f 3139/1/2990 3140/1/2990 3141/1/2990 
f 3141/1/2990 3142/1/2990 3143/1/2990 
f 3139/1/2990 3141/1/2990 3143/1/2990 
f 3143/1/2990 3144/1/2990 3145/1/2990 
f 3143/1/2990 3145/1/2990 3146/1/2990 
f 3139/1/2990 3143/1/2990 3146/1/2990 
f 3139/1/2990 3146/1/2990 3147/1/2990 
f 3147/1/2990 3148/1/2990 3149/1/2990 
f 3149/1/2990 3150/1/2990 3151/1/2990 
f 3147/1/2990 3149/1/2990 3151/1/2990 
f 3151/1/2990 3152/1/2990 3153/1/2990 
f 3153/1/2990 3154/1/2990 3155/1/2990 
f 3151/1/2990 3153/1/2990 3155/1/2990 
f 3147/1/2990 3151/1/2990 3155/1/2990 
f 3155/1/2990 3156/1/2990 3157/1/2990 
f 3157/1/2990 3158/1/2990 3159/1/2990 
f 3155/1/2990 3157/1/2990 3159/1/2990 
f 3159/1/2990 3160/1/2990 3161/1/2990 
f 3161/1/2990 3107/1/2990 3106/1/2990 
f 3159/1/2990 3161/1/2990 3106/1/2990 
f 3155/1/2990 3159/1/2990 3106/1/2990 
f 3147/1/2990 3155/1/2990 3106/1/2990 
f 3106/1/2990 3162/1/2990 3163/1/2990 
f 3163/1/2990 3164/1/2990 3165/1/2990 
f 3106/1/2990 3163/1/2990 3165/1/2990 
f 3165/1/2990 3166/1/2990 3167/1/2990 
f 3165/1/2990 3167/1/2990 3168/1/2990 
f 3106/1/2990 3165/1/2990 3168/1/2990 
f 3147/1/2990 3106/1/2990 3168/1/2990 
f 3139/1/2990 3147/1/2990 3168/1/2990 
f 3130/1/3016 3150/1/3016 3149/1/3016 
f 3149/1/3016 3129/1/3016 3130/1/3016 
f 3131/1/3019 3162/1/3019 3106/1/3019 
f 3106/1/3019 3105/1/3019 3131/1/3019 
f 3132/1/3020 3151/1/3020 3150/1/3020 
f 3150/1/3020 3130/1/3020 3132/1/3020 
f 3133/1/3151 3163/1/3151 3162/1/3151 
f 3162/1/3151 3131/1/3151 3133/1/3151 
f 3134/1/3023 3152/1/3023 3151/1/3023 
f 3151/1/3023 3132/1/3023 3134/1/3023 
f 3135/1/3152 3139/1/3152 3168/1/3152 
f 3168/1/3152 3118/1/3152 3135/1/3152 
f 3136/1/3025 3164/1/3025 3163/1/3025 
f 3163/1/3025 3133/1/3025 3136/1/3025 
f 3137/1/3153 3153/1/3153 3152/1/3153 
f 3152/1/3153 3134/1/3153 3137/1/3153 
f 3138/1/3028 3140/1/3028 3139/1/3028 
f 3139/1/3028 3135/1/3028 3138/1/3028 
f 3110/1/3154 3165/1/3154 3164/1/3154 
f 3164/1/3154 3136/1/3154 3110/1/3154 
f 3112/1/3155 3154/1/3155 3153/1/3155 
f 3153/1/3155 3137/1/3155 3112/1/3155 
f 3114/1/3156 3141/1/3156 3140/1/3156 
f 3140/1/3156 3138/1/3156 3114/1/3156 
f 3109/1/3157 3166/1/3157 3165/1/3157 
f 3165/1/3157 3110/1/3157 3109/1/3157 
f 3111/1/3158 3155/1/3158 3154/1/3158 
f 3154/1/3158 3112/1/3158 3111/1/3158 
f 3113/1/3159 3142/1/3159 3141/1/3159 
f 3141/1/3159 3114/1/3159 3113/1/3159 
f 3115/1/2992 3167/1/2992 3166/1/2992 
f 3166/1/2992 3109/1/2992 3115/1/2992 
f 3116/1/2993 3156/1/2993 3155/1/2993 
f 3155/1/2993 3111/1/2993 3116/1/2993 
f 3117/1/2995 3143/1/2995 3142/1/2995 
f 3142/1/2995 3113/1/2995 3117/1/2995 
f 3115/1/3160 3118/1/3160 3168/1/3160 
f 3168/1/3161 3167/1/3161 3115/1/3161 
f 3119/1/3162 3157/1/3162 3156/1/3162 
f 3156/1/3162 3116/1/3162 3119/1/3162 
f 3120/1/3163 3144/1/3163 3143/1/3163 
f 3143/1/3163 3117/1/3163 3120/1/3163 
f 3121/1/2999 3158/1/2999 3157/1/2999 
f 3157/1/2999 3119/1/2999 3121/1/2999 
f 3122/1/3000 3145/1/3000 3144/1/3000 
f 3144/1/3000 3120/1/3000 3122/1/3000 
f 3123/1/3002 3159/1/3002 3158/1/3002 
f 3158/1/3002 3121/1/3002 3123/1/3002 
f 3124/1/3164 3146/1/3164 3145/1/3164 
f 3145/1/3164 3122/1/3164 3124/1/3164 
f 3125/1/3165 3160/1/3165 3159/1/3165 
f 3159/1/3165 3123/1/3165 3125/1/3165 
f 3126/1/3007 3147/1/3007 3146/1/3007 
f 3146/1/3007 3124/1/3007 3126/1/3007 
f 3127/1/3166 3161/1/3166 3160/1/3166 
f 3160/1/3166 3125/1/3166 3127/1/3166 
f 3128/1/3167 3148/1/3167 3147/1/3167 
f 3147/1/3167 3126/1/3167 3128/1/3167 
f 3108/1/3011 3107/1/3011 3161/1/3011 
f 3161/1/3011 3127/1/3011 3108/1/3011 
f 3129/1/3168 3149/1/3168 3148/1/3168 
f 3148/1/3168 3128/1/3168 3129/1/3168 
f 3169/2/3169 3170/3/3169 3171/4/3169 
f 3171/4/3169 3172/5/3169 3169/2/3169 
f 3170/3/3170 3173/6/3170 3174/7/3170 
f 3174/7/3170 3171/4/3170 3170/3/3170 
f 3173/6/3171 3175/8/3171 3176/9/3171 
f 3176/9/3171 3174/7/3171 3173/6/3171 
f 3175/8/3172 3177/10/3172 3178/11/3172 
f 3178/11/3172 3176/9/3172 3175/8/3172 
f 3179/12/3173 3180/13/3173 3178/11/3173 
f 3178/11/3174 3177/10/3174 3179/12/3174 
f 3181/14/3175 3180/13/3175 3179/12/3175 
f 3179/12/3175 3182/15/3175 3181/14/3175 
f 3183/16/3176 3181/14/3176 3182/15/3176 
f 3182/15/3176 3184/17/3176 3183/16/3176 
f 3185/18/3177 3186/19/3177 3183/16/3177 
f 3183/16/3177 3184/17/3177 3185/18/3177 
f 3187/20/3178 3186/19/3178 3185/18/3178 
f 3185/18/3179 3188/21/3179 3187/20/3179 
f 3189/22/3180 3187/20/3180 3188/21/3180 
f 3188/21/3181 3190/23/3181 3189/22/3181 
f 3191/24/3182 3189/22/3182 3190/23/3182 
f 3190/23/3182 3192/25/3182 3191/24/3182 
f 3193/26/3183 3194/27/3183 3191/24/3183 
f 3191/24/3183 3192/25/3183 3193/26/3183 
f 3195/28/3184 3194/27/3184 3193/26/3184 
f 3193/26/3184 3196/29/3184 3195/28/3184 
f 3197/30/3185 3195/28/3185 3196/29/3185 
f 3196/29/3185 3198/31/3185 3197/30/3185 
f 3199/32/3186 3197/30/3186 3198/31/3186 
f 3198/31/3186 3200/33/3186 3199/32/3186 
f 3201/34/3187 3199/32/3187 3200/33/3187 
f 3200/33/3187 3202/35/3187 3201/34/3187 
f 3203/36/3188 3201/34/3188 3202/35/3188 
f 3202/35/3188 3204/37/3188 3203/36/3188 
f 3205/38/3189 3203/36/3189 3204/37/3189 
f 3204/37/3189 3206/39/3189 3205/38/3189 
f 3207/40/3190 3205/38/3190 3206/39/3190 
f 3206/39/3190 3208/41/3190 3207/40/3190 
f 3209/42/3191 3210/43/3191 3207/40/3191 
f 3207/40/3191 3208/41/3191 3209/42/3191 
f 3209/42/3192 3211/44/3192 3212/45/3192 
f 3212/45/3192 3210/43/3192 3209/42/3192 
f 3213/46/3193 3212/45/3193 3211/44/3193 
f 3211/44/3193 3214/47/3193 3213/46/3193 
f 3215/48/3194 3213/46/3194 3214/47/3194 
f 3214/47/3194 3216/49/3194 3215/48/3194 
f 3217/50/3195 3218/51/3195 3215/48/3195 
f 3215/48/3195 3216/49/3195 3217/50/3195 
f 3219/52/3196 3220/53/3196 3218/51/3196 
f 3218/51/3196 3217/50/3196 3219/52/3196 
f 3221/54/3197 3220/53/3197 3219/52/3197 
f 3219/52/3197 3222/55/3197 3221/54/3197 
f 3223/56/3198 3224/57/3198 3221/54/3198 
f 3221/54/3198 3222/55/3198 3223/56/3198 
f 3225/58/3199 3224/57/3199 3223/56/3199 
f 3223/56/3199 3226/59/3199 3225/58/3199 
f 3227/60/3200 3225/58/3200 3226/59/3200 
f 3226/59/3200 3228/61/3200 3227/60/3200 
f 3229/62/3201 3230/63/3201 3227/60/3201 
f 3227/60/3201 3228/61/3201 3229/62/3201 
f 3185/18/3202 3231/18/3202 3232/21/3202 
f 3232/21/3202 3188/21/3202 3185/18/3202 
f 3233/64/3203 3234/65/3203 3230/63/3203 
f 3230/63/3203 3229/62/3203 3233/64/3203 
f 3234/65/3204 3233/64/3204 3169/66/3204 
f 3169/66/3204 3172/67/3204 3234/65/3204 
f 3171/68/2930 3174/69/2930 3176/70/2930 
f 3171/68/2930 3176/70/2930 3178/71/2930 
f 3178/71/2930 3180/72/2930 3181/73/2930 
f 3181/73/2930 3183/74/2930 3186/75/2930 
f 3186/75/2930 3187/76/2930 3189/77/2930 
f 3181/73/2930 3186/75/2930 3189/77/2930 
f 3178/71/2930 3181/73/2930 3189/77/2930 
f 3189/77/2930 3191/78/2930 3194/79/2930 
f 3194/79/2930 3195/80/2930 3197/81/2930 
f 3189/77/2930 3194/79/2930 3197/81/2930 
f 3197/81/2930 3199/82/2930 3201/83/2930 
f 3201/83/2930 3203/84/2930 3205/85/2930 
f 3197/81/2930 3201/83/2930 3205/85/2930 
f 3205/85/2930 3207/86/2930 3210/87/2930 
f 3210/87/2930 3212/88/2930 3213/89/2930 
f 3205/85/2930 3210/87/2930 3213/89/2930 
f 3213/89/2930 3215/90/2930 3218/91/2930 
f 3218/91/2930 3220/92/2930 3221/93/2930 
f 3213/89/2930 3218/91/2930 3221/93/2930 
f 3205/85/2930 3213/89/2930 3221/93/2930 
f 3197/81/2930 3205/85/2930 3221/93/2930 
f 3189/77/2930 3197/81/2930 3221/93/2930 
f 3178/71/2930 3189/77/2930 3221/93/2930 
f 3221/93/2930 3224/94/2930 3225/95/2930 
f 3225/95/2930 3227/96/2930 3230/97/2930 
f 3221/93/2930 3225/95/2930 3230/97/2930 
f 3178/71/2930 3221/93/2930 3230/97/2930 
f 3171/68/2930 3178/71/2930 3230/97/2930 
f 3172/98/2930 3171/68/2930 3230/97/2930 
f 3172/98/2930 3230/97/2930 3234/99/2930 
f 3235/8/3205 3236/8/3205 3237/10/3205 
f 3237/10/3205 3238/10/3205 3235/8/3205 
f 3239/39/3206 3206/39/3206 3204/37/3206 
f 3204/37/3206 3240/37/3206 3239/39/3206 
f 3241/56/3207 3223/56/3207 3222/55/3207 
f 3222/55/3207 3242/55/3207 3241/56/3207 
f 3243/12/3208 3179/12/3208 3177/10/3208 
f 3177/10/3208 3238/10/3208 3243/12/3208 
f 3244/31/3209 3198/31/3209 3196/29/3209 
f 3196/29/3209 3245/29/3209 3244/31/3209 
f 3246/49/3210 3216/49/3210 3214/47/3210 
f 3214/47/3210 3247/47/3210 3246/49/3210 
f 3170/3/3211 3169/2/3211 3248/2/3211 
f 3248/2/3211 3249/3/3211 3170/3/3211 
f 3233/64/3212 3250/64/3212 3248/66/3212 
f 3248/66/3212 3169/66/3212 3233/64/3212 
f 3251/23/3213 3190/23/3213 3188/21/3213 
f 3188/21/3213 3232/21/3213 3251/23/3213 
f 3252/41/3214 3208/41/3214 3206/39/3214 
f 3206/39/3214 3239/39/3214 3252/41/3214 
f 3241/56/3215 3253/59/3215 3226/59/3215 
f 3226/59/3215 3223/56/3215 3241/56/3215 
f 3254/15/3216 3182/15/3216 3179/12/3216 
f 3179/12/3216 3243/12/3216 3254/15/3216 
f 3255/33/3217 3200/33/3217 3198/31/3217 
f 3198/31/3218 3244/31/3218 3255/33/3218 
f 3256/50/3219 3217/50/3219 3216/49/3219 
f 3216/49/3219 3246/49/3219 3256/50/3219 
f 3249/3/3220 3257/6/3220 3173/6/3220 
f 3173/6/3220 3170/3/3220 3249/3/3220 
f 3258/25/3221 3192/25/3221 3190/23/3221 
f 3190/23/3221 3251/23/3221 3258/25/3221 
f 3252/41/3222 3259/42/3222 3209/42/3222 
f 3209/42/3223 3208/41/3223 3252/41/3223 
f 3228/61/3224 3226/59/3224 3253/59/3224 
f 3253/59/3224 3260/61/3224 3228/61/3224 
f 3261/17/3225 3184/17/3225 3182/15/3225 
f 3182/15/3225 3254/15/3225 3261/17/3225 
f 3262/35/3226 3202/35/3226 3200/33/3226 
f 3200/33/3226 3255/33/3226 3262/35/3226 
f 3263/52/3227 3219/52/3227 3217/50/3227 
f 3217/50/3227 3256/50/3227 3263/52/3227 
f 3235/8/3228 3175/8/3228 3173/6/3228 
f 3173/6/3228 3257/6/3228 3235/8/3228 
f 3264/26/3229 3193/26/3229 3192/25/3229 
f 3192/25/3229 3258/25/3229 3264/26/3229 
f 3265/44/3230 3211/44/3230 3209/42/3230 
f 3209/42/3230 3259/42/3230 3265/44/3230 
f 3229/62/3231 3228/61/3231 3260/61/3231 
f 3260/61/3231 3266/62/3231 3229/62/3231 
f 3184/17/3232 3261/17/3232 3231/18/3232 
f 3231/18/3232 3185/18/3232 3184/17/3232 
f 3240/37/3233 3204/37/3233 3202/35/3233 
f 3202/35/3233 3262/35/3233 3240/37/3233 
f 3242/55/3234 3222/55/3234 3219/52/3234 
f 3219/52/3234 3263/52/3234 3242/55/3234 
f 3177/10/3235 3175/8/3235 3235/8/3236 
f 3235/8/3235 3238/10/3235 3177/10/3235 
f 3245/29/3237 3196/29/3237 3193/26/3237 
f 3193/26/3237 3264/26/3237 3245/29/3237 
f 3247/47/3238 3214/47/3238 3211/44/3238 
f 3211/44/3238 3265/44/3238 3247/47/3238 
f 3233/64/3239 3229/62/3239 3266/62/3239 
f 3266/62/3239 3250/64/3239 3233/64/3239 
f 3267/100/3240 3268/101/3240 3269/102/3240 
f 3269/102/3240 3270/103/3240 3271/104/3240 
f 3267/100/3240 3269/102/3240 3271/104/3240 
f 3271/104/3240 3272/105/3240 3273/106/3240 
f 3273/106/3240 3274/107/3240 3275/108/3240 
f 3271/104/3240 3273/106/3240 3275/108/3240 
f 3275/108/3240 3276/109/3240 3277/110/3240 
f 3277/110/3240 3278/111/3240 3279/112/3240 
f 3275/108/3240 3277/110/3240 3279/112/3240 
f 3271/104/3240 3275/108/3240 3279/112/3240 
f 3279/112/3240 3280/113/3240 3281/114/3240 
f 3281/114/3240 3282/115/3240 3283/116/3240 
f 3279/112/3240 3281/114/3240 3283/116/3240 
f 3283/116/3240 3284/117/3240 3285/118/3240 
f 3285/118/3240 3286/119/3240 3287/120/3240 
f 3283/116/3240 3285/118/3240 3287/120/3240 
f 3279/112/3241 3283/116/3241 3287/120/3241 
f 3271/104/3240 3279/112/3240 3287/120/3240 
f 3287/120/3240 3288/121/3240 3289/122/3240 
f 3289/122/3240 3290/123/3240 3291/124/3240 
f 3287/120/3240 3289/122/3240 3291/124/3240 
f 3287/120/3240 3291/124/3240 3292/125/3240 
f 3271/104/3242 3287/120/3242 3292/125/3242 
f 3292/125/3240 3293/126/3240 3294/127/3240 
f 3294/127/3240 3295/128/3240 3237/129/3240 
f 3292/125/3240 3294/127/3240 3237/129/3240 
f 3271/104/3240 3292/125/3240 3237/129/3240 
f 3267/100/3243 3271/104/3243 3237/129/3243 
f 3267/100/3240 3237/129/3240 3236/130/3240 
f 3267/100/3240 3236/130/3240 3296/131/3240 
f 3266/62/3244 3270/62/3244 3269/64/3244 
f 3269/64/3244 3250/64/3244 3266/62/3244 
f 3240/37/3245 3283/37/3245 3282/39/3245 
f 3282/39/3245 3239/39/3245 3240/37/3245 
f 3238/10/3246 3237/10/3246 3295/12/3246 
f 3295/12/3246 3243/12/3246 3238/10/3246 
f 3250/64/3247 3269/64/3248 3268/66/3248 
f 3268/66/3248 3248/66/3248 3250/64/3248 
f 3239/39/3249 3282/39/3249 3281/41/3249 
f 3281/41/3249 3252/41/3249 3239/39/3249 
f 3243/12/3250 3295/12/3250 3294/15/3250 
f 3294/15/3250 3254/15/3250 3243/12/3250 
f 3252/41/3251 3281/41/3251 3280/42/3251 
f 3280/42/3251 3259/42/3251 3252/41/3251 
f 3254/15/3252 3294/15/3252 3293/17/3252 
f 3293/17/3252 3261/17/3252 3254/15/3252 
f 3259/42/3253 3280/42/3253 3279/44/3253 
f 3279/44/3253 3265/44/3253 3259/42/3253 
f 3231/18/3254 3261/17/3254 3293/17/3254 
f 3293/17/3254 3292/18/3254 3231/18/3254 
f 3265/44/3255 3279/44/3255 3278/47/3255 
f 3278/47/3255 3247/47/3255 3265/44/3255 
f 3231/18/3256 3292/18/3256 3291/21/3256 
f 3291/21/3256 3232/21/3256 3231/18/3256 
f 3247/47/3257 3278/47/3257 3277/49/3257 
f 3277/49/3257 3246/49/3257 3247/47/3257 
f 3232/21/3258 3291/21/3258 3290/23/3258 
f 3290/23/3258 3251/23/3258 3232/21/3258 
f 3246/49/3259 3277/49/3260 3276/50/3259 
f 3276/50/3259 3256/50/3259 3246/49/3259 
f 3251/23/3261 3290/23/3261 3289/25/3261 
f 3289/25/3261 3258/25/3261 3251/23/3261 
f 3256/50/3262 3276/50/3262 3275/52/3262 
f 3275/52/3262 3263/52/3262 3256/50/3262 
f 3258/25/3263 3289/25/3263 3288/26/3263 
f 3288/26/3263 3264/26/3263 3258/25/3263 
f 3263/52/3264 3275/52/3264 3274/55/3264 
f 3274/55/3264 3242/55/3264 3263/52/3264 
f 3264/26/3265 3288/26/3265 3287/29/3265 
f 3287/29/3265 3245/29/3265 3264/26/3265 
f 3242/55/3266 3274/55/3266 3273/56/3266 
f 3273/56/3266 3241/56/3266 3242/55/3266 
f 3245/29/3267 3287/29/3267 3286/31/3267 
f 3286/31/3267 3244/31/3267 3245/29/3267 
f 3248/2/3268 3268/2/3268 3267/3/3268 
f 3267/3/3268 3249/3/3268 3248/2/3268 
f 3241/56/3269 3273/56/3269 3272/59/3269 
f 3272/59/3269 3253/59/3269 3241/56/3269 
f 3244/31/3270 3286/31/3270 3285/33/3270 
f 3285/33/3270 3255/33/3270 3244/31/3270 
f 3249/3/3271 3267/3/3271 3296/6/3271 
f 3296/6/3271 3257/6/3271 3249/3/3271 
f 3253/59/3272 3272/59/3272 3271/61/3272 
f 3271/61/3272 3260/61/3272 3253/59/3272 
f 3255/33/3273 3285/33/3273 3284/35/3273 
f 3284/35/3273 3262/35/3273 3255/33/3273 
f 3257/6/3274 3296/6/3274 3236/8/3274 
f 3236/8/3274 3235/8/3274 3257/6/3274 
f 3260/61/3275 3271/61/3275 3270/62/3275 
f 3270/62/3275 3266/62/3275 3260/61/3275 
f 3262/35/3276 3284/35/3276 3283/37/3276 
f 3283/37/3276 3240/37/3276 3262/35/3276 
f 3297/3/3277 3298/4/3277 3299/5/3277 
f 3299/5/3277 3300/2/3277 3297/3/3277 
f 3301/7/3278 3298/4/3278 3297/3/3278 
f 3297/3/3279 3302/6/3279 3301/7/3279 
f 3303/8/3280 3304/9/3280 3301/7/3280 
f 3301/7/3280 3302/6/3280 3303/8/3280 
f 3305/11/3281 3304/9/3281 3303/8/3281 
f 3303/8/3281 3306/10/3281 3305/11/3281 
f 3307/12/3282 3308/13/3282 3305/11/3282 
f 3305/11/3282 3306/10/3282 3307/12/3282 
f 3309/14/3283 3308/13/3283 3307/12/3283 
f 3307/12/3283 3310/15/3283 3309/14/3283 
f 3311/16/3284 3309/14/3284 3310/15/3284 
f 3310/15/3284 3312/17/3284 3311/16/3284 
f 3313/18/3285 3314/19/3285 3311/16/3285 
f 3311/16/3285 3312/17/3285 3313/18/3285 
f 3315/20/3286 3314/19/3286 3313/18/3286 
f 3313/18/3286 3316/21/3286 3315/20/3286 
f 3317/23/3287 3318/22/3287 3315/20/3287 
f 3315/20/3287 3316/21/3287 3317/23/3287 
f 3319/25/3288 3320/24/3288 3318/22/3288 
f 3318/22/3288 3317/23/3288 3319/25/3288 
f 3321/27/3289 3320/24/3289 3319/25/3289 
f 3319/25/3289 3322/26/3289 3321/27/3289 
f 3323/29/3290 3324/28/3290 3321/27/3290 
f 3321/27/3290 3322/26/3290 3323/29/3290 
f 3325/31/3291 3326/30/3291 3324/28/3291 
f 3324/28/3291 3323/29/3291 3325/31/3291 
f 3327/32/3292 3326/30/3292 3325/31/3292 
f 3325/31/3292 3328/33/3292 3327/32/3292 
f 3328/33/3293 3329/35/3293 3330/34/3293 
f 3330/34/3294 3327/32/3294 3328/33/3294 
f 3331/37/3295 3332/36/3295 3330/34/3295 
f 3330/34/3295 3329/35/3295 3331/37/3295 
f 3333/38/3296 3332/36/3296 3331/37/3296 
f 3331/37/3296 3334/39/3296 3333/38/3296 
f 3335/40/3297 3333/38/3297 3334/39/3297 
f 3334/39/3297 3336/41/3297 3335/40/3297 
f 3337/42/3298 3338/43/3298 3335/40/3298 
f 3335/40/3298 3336/41/3298 3337/42/3298 
f 3339/45/3299 3338/43/3299 3337/42/3299 
f 3337/42/3299 3340/44/3299 3339/45/3299 
f 3341/47/3300 3342/46/3300 3339/45/3300 
f 3339/45/3300 3340/44/3300 3341/47/3300 
f 3343/49/3301 3344/48/3301 3342/46/3301 
f 3342/46/3301 3341/47/3301 3343/49/3301 
f 3345/51/3302 3344/48/3302 3343/49/3302 
f 3343/49/3302 3346/50/3302 3345/51/3302 
f 3347/53/3303 3345/51/3303 3346/50/3303 
f 3346/50/3303 3348/52/3303 3347/53/3303 
f 3349/55/3304 3350/54/3304 3347/53/3304 
f 3347/53/3304 3348/52/3304 3349/55/3304 
f 3351/57/3305 3350/54/3305 3349/55/3305 
f 3349/55/3305 3352/56/3305 3351/57/3305 
f 3353/59/3306 3354/58/3306 3351/57/3306 
f 3351/57/3306 3352/56/3306 3353/59/3306 
f 3355/61/3307 3356/60/3307 3354/58/3307 
f 3354/58/3307 3353/59/3307 3355/61/3307 
f 3357/63/3308 3356/60/3308 3355/61/3308 
f 3355/61/3308 3358/62/3308 3357/63/3308 
f 3359/21/3309 3316/21/3309 3313/18/3309 
f 3313/18/3309 3360/18/3309 3359/21/3309 
f 3361/64/3310 3362/65/3310 3357/63/3310 
f 3357/63/3310 3358/62/3310 3361/64/3310 
f 3361/64/3311 3300/66/3311 3299/67/3311 
f 3299/67/3311 3362/65/3311 3361/64/3311 
f 3299/98/2930 3298/68/2930 3301/69/2930 
f 3301/69/2930 3304/70/2930 3305/71/2930 
f 3299/98/2930 3301/69/2930 3305/71/2930 
f 3308/72/2930 3309/73/2930 3311/74/2930 
f 3305/71/2930 3308/72/2930 3311/74/2930 
f 3305/71/2930 3311/74/2930 3314/75/2930 
f 3314/75/2930 3315/76/2930 3318/77/2930 
f 3305/71/2930 3314/75/2930 3318/77/2930 
f 3305/71/2930 3318/77/2930 3320/78/2930 
f 3320/78/2930 3321/79/2930 3324/80/2930 
f 3305/71/2930 3320/78/2930 3324/80/2930 
f 3305/71/2930 3324/80/2930 3326/81/2930 
f 3326/81/2930 3327/82/2930 3330/83/2930 
f 3305/71/2930 3326/81/2930 3330/83/2930 
f 3305/71/2930 3330/83/2930 3332/84/2930 
f 3332/84/2930 3333/85/2930 3335/86/2930 
f 3305/71/2930 3332/84/2930 3335/86/2930 
f 3305/71/2930 3335/86/2930 3338/87/2930 
f 3338/87/2930 3339/88/2930 3342/89/2930 
f 3305/71/2930 3338/87/2930 3342/89/2930 
f 3305/71/2930 3342/89/2930 3344/90/2930 
f 3344/90/2930 3345/91/2930 3347/92/2930 
f 3305/71/2930 3344/90/2930 3347/92/2930 
f 3305/71/2930 3347/92/2930 3350/93/2930 
f 3350/93/2930 3351/94/2930 3354/95/2930 
f 3305/71/2930 3350/93/2930 3354/95/2930 
f 3305/71/2930 3354/95/2930 3356/96/2930 
f 3299/98/2930 3305/71/2930 3356/96/2930 
f 3299/98/2930 3356/96/2930 3357/97/2930 
f 3299/98/2930 3357/97/2930 3362/99/2930 
f 3363/10/3312 3364/8/3312 3365/8/3312 
f 3365/8/3312 3366/10/3312 3363/10/3312 
f 3367/39/3313 3334/39/3313 3331/37/3313 
f 3331/37/3313 3368/37/3313 3367/39/3313 
f 3369/56/3314 3352/56/3314 3349/55/3314 
f 3349/55/3314 3370/55/3314 3369/56/3314 
f 3306/10/3315 3363/10/3315 3371/12/3315 
f 3371/12/3315 3307/12/3315 3306/10/3315 
f 3323/29/3316 3372/29/3316 3373/31/3316 
f 3373/31/3316 3325/31/3316 3323/29/3316 
f 3343/49/3317 3341/47/3317 3374/47/3317 
f 3374/47/3317 3375/49/3317 3343/49/3317 
f 3300/2/3318 3376/2/3318 3377/3/3318 
f 3377/3/3318 3297/3/3318 3300/2/3318 
f 3300/66/3319 3361/64/3319 3378/64/3319 
f 3378/64/3319 3376/66/3319 3300/66/3319 
f 3359/21/3320 3379/23/3320 3317/23/3320 
f 3317/23/3320 3316/21/3320 3359/21/3320 
f 3367/39/3321 3380/41/3321 3336/41/3321 
f 3336/41/3321 3334/39/3321 3367/39/3321 
f 3369/56/3322 3381/59/3322 3353/59/3322 
f 3353/59/3322 3352/56/3322 3369/56/3322 
f 3382/15/3323 3310/15/3323 3307/12/3323 
f 3307/12/3323 3371/12/3323 3382/15/3323 
f 3383/33/3324 3328/33/3324 3325/31/3324 
f 3325/31/3324 3373/31/3324 3383/33/3324 
f 3384/50/3325 3346/50/3325 3343/49/3325 
f 3343/49/3325 3375/49/3325 3384/50/3325 
f 3385/6/3326 3302/6/3326 3297/3/3326 
f 3297/3/3326 3377/3/3326 3385/6/3326 
f 3317/23/3327 3379/23/3327 3386/25/3327 
f 3386/25/3327 3319/25/3327 3317/23/3327 
f 3337/42/3328 3336/41/3328 3380/41/3328 
f 3380/41/3328 3387/42/3328 3337/42/3328 
f 3355/61/3329 3353/59/3329 3381/59/3329 
f 3381/59/3329 3388/61/3329 3355/61/3329 
f 3382/15/3330 3389/17/3330 3312/17/3330 
f 3312/17/3330 3310/15/3330 3382/15/3330 
f 3383/33/3331 3390/35/3331 3329/35/3331 
f 3329/35/3331 3328/33/3331 3383/33/3331 
f 3384/50/3332 3391/52/3332 3348/52/3332 
f 3348/52/3332 3346/50/3332 3384/50/3332 
f 3302/6/3333 3385/6/3333 3364/8/3333 
f 3364/8/3333 3303/8/3333 3302/6/3333 
f 3392/26/3334 3322/26/3334 3319/25/3334 
f 3319/25/3334 3386/25/3334 3392/26/3334 
f 3393/44/3335 3340/44/3335 3337/42/3335 
f 3337/42/3335 3387/42/3335 3393/44/3335 
f 3394/62/3336 3358/62/3336 3355/61/3336 
f 3355/61/3336 3388/61/3336 3394/62/3336 
f 3312/17/3337 3389/17/3337 3360/18/3337 
f 3360/18/3338 3313/18/3338 3312/17/3338 
f 3329/35/3339 3390/35/3339 3368/37/3339 
f 3368/37/3339 3331/37/3339 3329/35/3339 
f 3349/55/3340 3348/52/3340 3391/52/3340 
f 3391/52/3340 3370/55/3340 3349/55/3340 
f 3363/10/3341 3306/10/3341 3303/8/3341 
f 3303/8/3341 3364/8/3341 3363/10/3341 
f 3392/26/3342 3372/29/3342 3323/29/3342 
f 3323/29/3342 3322/26/3342 3392/26/3342 
f 3393/44/3343 3374/47/3343 3341/47/3343 
f 3341/47/3343 3340/44/3343 3393/44/3343 
f 3394/62/3344 3378/64/3344 3361/64/3344 
f 3361/64/3344 3358/62/3344 3394/62/3344 
f 3395/102/3345 3396/103/3345 3397/104/3345 
f 3395/102/3345 3397/104/3345 3398/105/3345 
f 3398/105/3345 3399/106/3345 3400/107/3345 
f 3395/102/3345 3398/105/3345 3400/107/3345 
f 3395/102/3345 3400/107/3345 3401/108/3345 
f 3401/108/3345 3402/109/3345 3403/110/3345 
f 3395/102/3346 3401/108/3346 3403/110/3346 
f 3395/102/3346 3403/110/3346 3404/111/3346 
f 3404/111/3345 3405/112/3345 3406/113/3345 
f 3395/102/3347 3404/111/3347 3406/113/3347 
f 3395/102/3345 3406/113/3345 3407/114/3345 
f 3407/114/3345 3408/115/3345 3409/116/3345 
f 3395/102/3345 3407/114/3345 3409/116/3345 
f 3395/102/3345 3409/116/3345 3410/117/3345 
f 3410/117/3345 3411/118/3345 3412/119/3345 
f 3395/102/3345 3410/117/3345 3412/119/3345 
f 3395/102/3345 3412/119/3345 3413/120/3345 
f 3413/120/3345 3414/121/3345 3415/122/3345 
f 3395/102/3345 3413/120/3345 3415/122/3345 
f 3395/102/3345 3415/122/3345 3416/123/3345 
f 3416/123/3345 3417/124/3345 3418/125/3345 
f 3395/102/3345 3416/123/3345 3418/125/3345 
f 3418/125/3345 3419/126/3345 3420/127/3345 
f 3418/125/3345 3420/127/3345 3421/128/3345 
f 3395/102/3345 3418/125/3345 3421/128/3345 
f 3395/102/3345 3421/128/3345 3366/129/3345 
f 3366/129/3345 3365/130/3345 3422/131/3345 
f 3395/102/3345 3366/129/3345 3422/131/3345 
f 3423/101/3345 3395/102/3345 3422/131/3345 
f 3424/100/3345 3423/101/3345 3422/131/3345 
f 3378/64/3348 3394/62/3348 3396/62/3348 
f 3396/62/3348 3395/64/3348 3378/64/3348 
f 3409/37/3349 3408/39/3350 3367/39/3350 
f 3367/39/3350 3368/37/3350 3409/37/3350 
f 3371/12/3351 3363/10/3351 3366/10/3351 
f 3366/10/3351 3421/12/3351 3371/12/3351 
f 3376/66/3352 3378/64/3352 3395/64/3352 
f 3395/64/3352 3423/66/3352 3376/66/3352 
f 3380/41/3353 3367/39/3353 3408/39/3353 
f 3408/39/3353 3407/41/3353 3380/41/3353 
f 3420/15/3354 3382/15/3354 3371/12/3354 
f 3371/12/3354 3421/12/3354 3420/15/3354 
f 3387/42/3355 3380/41/3356 3407/41/3357 
f 3407/41/3356 3406/42/3357 3387/42/3357 
f 3389/17/3358 3382/15/3358 3420/15/3358 
f 3420/15/3358 3419/17/3358 3389/17/3358 
f 3406/42/3359 3405/44/3359 3393/44/3359 
f 3393/44/3359 3387/42/3359 3406/42/3359 
f 3360/18/3360 3389/17/3360 3419/17/3360 
f 3419/17/3360 3418/18/3360 3360/18/3360 
f 3374/47/3361 3393/44/3361 3405/44/3361 
f 3405/44/3361 3404/47/3361 3374/47/3361 
f 3418/18/3362 3417/21/3362 3359/21/3362 
f 3359/21/3363 3360/18/3362 3418/18/3362 
f 3375/49/3364 3374/47/3364 3404/47/3364 
f 3404/47/3364 3403/49/3364 3375/49/3364 
f 3379/23/3365 3359/21/3365 3417/21/3365 
f 3417/21/3365 3416/23/3365 3379/23/3365 
f 3403/49/3366 3402/50/3366 3384/50/3366 
f 3384/50/3366 3375/49/3366 3403/49/3366 
f 3386/25/3367 3379/23/3367 3416/23/3367 
f 3416/23/3367 3415/25/3367 3386/25/3367 
f 3391/52/3368 3384/50/3368 3402/50/3368 
f 3402/50/3368 3401/52/3368 3391/52/3368 
f 3415/25/3369 3414/26/3369 3392/26/3369 
f 3392/26/3369 3386/25/3369 3415/25/3369 
f 3370/55/3370 3391/52/3370 3401/52/3370 
f 3401/52/3370 3400/55/3370 3370/55/3370 
f 3372/29/3371 3392/26/3371 3414/26/3371 
f 3414/26/3371 3413/29/3371 3372/29/3371 
f 3400/55/3372 3399/56/3372 3369/56/3372 
f 3369/56/3372 3370/55/3372 3400/55/3372 
f 3373/31/3373 3372/29/3373 3413/29/3373 
f 3413/29/3373 3412/31/3373 3373/31/3373 
f 3376/2/3374 3423/2/3374 3424/3/3374 
f 3424/3/3374 3377/3/3374 3376/2/3374 
f 3381/59/3375 3369/56/3375 3399/56/3375 
f 3399/56/3375 3398/59/3375 3381/59/3375 
f 3412/31/3376 3411/33/3376 3383/33/3376 
f 3383/33/3376 3373/31/3376 3412/31/3376 
f 3422/6/3377 3385/6/3377 3377/3/3377 
f 3377/3/3377 3424/3/3377 3422/6/3377 
f 3388/61/3378 3381/59/3378 3398/59/3378 
f 3398/59/3378 3397/61/3378 3388/61/3378 
f 3390/35/3379 3383/33/3379 3411/33/3379 
f 3411/33/3379 3410/35/3379 3390/35/3379 
f 3365/8/3380 3364/8/3380 3385/6/3380 
f 3385/6/3380 3422/6/3380 3365/8/3380 
f 3397/61/3381 3396/62/3381 3394/62/3382 
f 3394/62/3381 3388/61/3382 3397/61/3381 
f 3368/37/3383 3390/35/3383 3410/35/3383 
f 3410/35/3383 3409/37/3383 3368/37/3384 
f 3425/3/3385 3426/4/3385 3427/5/3385 
f 3427/5/3385 3428/2/3385 3425/3/3385 
f 3429/7/3386 3426/4/3386 3425/3/3386 
f 3425/3/3386 3430/6/3386 3429/7/3386 
f 3431/8/3387 3432/9/3387 3429/7/3387 
f 3429/7/3387 3430/6/3387 3431/8/3387 
f 3433/10/3388 3434/11/3388 3432/9/3388 
f 3432/9/3389 3431/8/3389 3433/10/3389 
f 3435/13/3390 3434/11/3390 3433/10/3390 
f 3433/10/3390 3436/12/3390 3435/13/3390 
f 3437/15/3391 3438/14/3391 3435/13/3391 
f 3435/13/3391 3436/12/3391 3437/15/3391 
f 3439/17/3392 3440/16/3392 3438/14/3392 
f 3438/14/3392 3437/15/3392 3439/17/3392 
f 3441/19/3393 3440/16/3393 3439/17/3393 
f 3439/17/3393 3442/18/3393 3441/19/3393 
f 3443/21/3394 3444/20/3394 3441/19/3394 
f 3441/19/3394 3442/18/3394 3443/21/3394 
f 3445/23/3395 3446/22/3395 3444/20/3395 
f 3444/20/3395 3443/21/3395 3445/23/3395 
f 3447/24/3396 3446/22/3396 3445/23/3396 
f 3445/23/3396 3448/25/3396 3447/24/3396 
f 3449/26/3397 3450/27/3397 3447/24/3397 
f 3447/24/3397 3448/25/3397 3449/26/3397 
f 3451/29/3398 3452/28/3398 3450/27/3398 
f 3450/27/3398 3449/26/3398 3451/29/3398 
f 3453/30/3399 3452/28/3399 3451/29/3399 
f 3451/29/3400 3454/31/3400 3453/30/3400 
f 3455/32/3401 3453/30/3401 3454/31/3401 
f 3454/31/3401 3456/33/3401 3455/32/3401 
f 3457/35/3402 3458/34/3402 3455/32/3402 
f 3455/32/3402 3456/33/3402 3457/35/3402 
f 3459/36/3403 3458/34/3403 3457/35/3403 
f 3457/35/3403 3460/37/3403 3459/36/3403 
f 3461/38/3404 3459/36/3404 3460/37/3404 
f 3460/37/3404 3462/39/3404 3461/38/3404 
f 3463/41/3405 3464/40/3405 3461/38/3405 
f 3461/38/3405 3462/39/3405 3463/41/3405 
f 3465/43/3406 3464/40/3406 3463/41/3406 
f 3463/41/3406 3466/42/3406 3465/43/3406 
f 3467/44/3407 3468/45/3407 3465/43/3407 
f 3465/43/3407 3466/42/3407 3467/44/3407 
f 3469/47/3408 3470/46/3408 3468/45/3408 
f 3468/45/3408 3467/44/3408 3469/47/3408 
f 3471/48/3409 3470/46/3409 3469/47/3409 
f 3469/47/3409 3472/49/3409 3471/48/3409 
f 3473/51/3410 3471/48/3410 3472/49/3410 
f 3472/49/3410 3474/50/3410 3473/51/3410 
f 3475/52/3411 3476/53/3411 3473/51/3411 
f 3473/51/3411 3474/50/3411 3475/52/3411 
f 3477/54/3412 3476/53/3412 3475/52/3412 
f 3475/52/3412 3478/55/3412 3477/54/3412 
f 3479/56/3413 3480/57/3413 3477/54/3413 
f 3477/54/3413 3478/55/3413 3479/56/3413 
f 3481/59/3414 3482/58/3414 3480/57/3414 
f 3480/57/3414 3479/56/3414 3481/59/3414 
f 3483/60/3415 3482/58/3415 3481/59/3415 
f 3481/59/3415 3484/61/3415 3483/60/3415 
f 3485/62/3416 3486/63/3416 3483/60/3416 
f 3483/60/3416 3484/61/3416 3485/62/3416 
f 3442/18/3417 3487/18/3417 3488/21/3417 
f 3488/21/3417 3443/21/3417 3442/18/3417 
f 3489/64/3418 3490/65/3418 3486/63/3418 
f 3486/63/3418 3485/62/3418 3489/64/3418 
f 3489/64/3419 3428/66/3419 3427/67/3419 
f 3427/67/3419 3490/65/3419 3489/64/3419 
f 3426/68/2930 3429/69/2930 3432/70/2930 
f 3427/98/2930 3426/68/2930 3432/70/2930 
f 3427/98/2930 3432/70/2930 3434/71/2930 
f 3434/71/2930 3435/72/2930 3438/73/2930 
f 3427/98/2930 3434/71/2930 3438/73/2930 
f 3427/98/2930 3438/73/2930 3440/74/2930 
f 3440/74/2930 3441/75/2930 3444/76/2930 
f 3427/98/2930 3440/74/2930 3444/76/2930 
f 3427/98/2930 3444/76/2930 3446/77/2930 
f 3446/77/2930 3447/78/2930 3450/79/2930 
f 3427/98/2930 3446/77/2930 3450/79/2930 
f 3427/98/2930 3450/79/2930 3452/80/2930 
f 3452/80/2930 3453/81/2930 3455/82/2930 
f 3427/98/2930 3452/80/2930 3455/82/2930 
f 3427/98/2930 3455/82/2930 3458/83/2930 
f 3458/83/2930 3459/84/2930 3461/85/2930 
f 3427/98/2930 3458/83/2930 3461/85/2930 
f 3427/98/2930 3461/85/2930 3464/86/2930 
f 3464/86/2930 3465/87/2930 3468/88/2930 
f 3427/98/2930 3464/86/2930 3468/88/2930 
f 3427/98/2930 3468/88/2930 3470/89/2930 
f 3470/89/2930 3471/90/2930 3473/91/2930 
f 3427/98/2930 3470/89/2930 3473/91/2930 
f 3427/98/2930 3473/91/2930 3476/92/2930 
f 3476/92/2930 3477/93/2930 3480/94/2930 
f 3427/98/2930 3476/92/2930 3480/94/2930 
f 3427/98/2930 3480/94/2930 3482/95/2930 
f 3482/95/2930 3483/96/2930 3486/97/2930 
f 3427/98/2930 3482/95/2930 3486/97/2930 
f 3427/98/2930 3486/97/2930 3490/99/2930 
f 3491/8/3420 3492/8/3420 3493/10/3420 
f 3493/10/3420 3494/10/3420 3491/8/3420 
f 3495/39/3421 3462/39/3421 3460/37/3421 
f 3460/37/3421 3496/37/3421 3495/39/3421 
f 3497/56/3422 3479/56/3422 3478/55/3422 
f 3478/55/3422 3498/55/3422 3497/56/3422 
f 3433/10/3423 3494/10/3423 3499/12/3423 
f 3499/12/3423 3436/12/3423 3433/10/3423 
f 3454/31/3424 3451/29/3424 3500/29/3424 
f 3500/29/3424 3501/31/3424 3454/31/3424 
f 3472/49/3425 3469/47/3425 3502/47/3425 
f 3502/47/3425 3503/49/3425 3472/49/3425 
f 3504/3/3426 3425/3/3427 3428/2/3426 
f 3428/2/3426 3505/2/3427 3504/3/3426 
f 3506/64/3428 3505/66/3428 3428/66/3428 
f 3428/66/3428 3489/64/3428 3506/64/3428 
f 3443/21/3429 3488/21/3429 3507/23/3429 
f 3507/23/3429 3445/23/3429 3443/21/3429 
f 3508/41/3430 3463/41/3430 3462/39/3430 
f 3462/39/3430 3495/39/3430 3508/41/3430 
f 3509/59/3431 3481/59/3431 3479/56/3431 
f 3479/56/3431 3497/56/3431 3509/59/3431 
f 3436/12/3432 3499/12/3432 3510/15/3432 
f 3510/15/3432 3437/15/3432 3436/12/3432 
f 3511/33/3433 3456/33/3433 3454/31/3433 
f 3454/31/3433 3501/31/3433 3511/33/3433 
f 3512/50/3434 3474/50/3434 3472/49/3434 
f 3472/49/3434 3503/49/3434 3512/50/3434 
f 3425/3/3435 3504/3/3435 3513/6/3435 
f 3513/6/3435 3430/6/3435 3425/3/3435 
f 3507/23/3436 3514/25/3436 3448/25/3436 
f 3448/25/3436 3445/23/3436 3507/23/3436 
f 3466/42/3437 3463/41/3437 3508/41/3437 
f 3508/41/3437 3515/42/3437 3466/42/3437 
f 3484/61/3438 3481/59/3438 3509/59/3438 
f 3509/59/3438 3516/61/3438 3484/61/3438 
f 3437/15/3439 3510/15/3439 3517/17/3439 
f 3517/17/3439 3439/17/3439 3437/15/3439 
f 3518/35/3440 3457/35/3440 3456/33/3440 
f 3456/33/3441 3511/33/3440 3518/35/3440 
f 3519/52/3442 3475/52/3442 3474/50/3442 
f 3474/50/3442 3512/50/3442 3519/52/3442 
f 3430/6/3443 3513/6/3443 3491/8/3443 
f 3491/8/3443 3431/8/3443 3430/6/3443 
f 3514/25/3444 3520/26/3444 3449/26/3444 
f 3449/26/3444 3448/25/3444 3514/25/3444 
f 3521/44/3445 3467/44/3445 3466/42/3445 
f 3466/42/3445 3515/42/3445 3521/44/3445 
f 3522/62/3446 3485/62/3446 3484/61/3446 
f 3484/61/3446 3516/61/3446 3522/62/3446 
f 3439/17/3447 3517/17/3447 3487/18/3447 
f 3487/18/3447 3442/18/3447 3439/17/3447 
f 3460/37/3448 3457/35/3448 3518/35/3448 
f 3518/35/3448 3496/37/3448 3460/37/3448 
f 3478/55/3449 3475/52/3449 3519/52/3449 
f 3519/52/3449 3498/55/3449 3478/55/3449 
f 3431/8/3450 3491/8/3450 3494/10/3450 
f 3494/10/3450 3433/10/3450 3431/8/3450 
f 3451/29/3451 3449/26/3451 3520/26/3451 
f 3520/26/3451 3500/29/3451 3451/29/3451 
f 3502/47/3452 3469/47/3452 3467/44/3452 
f 3467/44/3452 3521/44/3452 3502/47/3452 
f 3506/64/3453 3489/64/3453 3485/62/3453 
f 3485/62/3453 3522/62/3453 3506/64/3453 
f 3523/100/3454 3524/101/3454 3525/102/3454 
f 3525/102/3454 3526/103/3454 3527/104/3454 
f 3523/100/3454 3525/102/3454 3527/104/3454 
f 3528/105/3454 3529/106/3454 3530/107/3454 
f 3527/104/3454 3528/105/3454 3530/107/3454 
f 3523/100/3454 3527/104/3454 3530/107/3454 
f 3531/108/3454 3532/109/3454 3533/110/3454 
f 3530/107/3454 3531/108/3454 3533/110/3454 
f 3534/111/3454 3535/112/3454 3536/113/3454 
f 3533/110/3454 3534/111/3454 3536/113/3454 
f 3530/107/3454 3533/110/3454 3536/113/3454 
f 3523/100/3454 3530/107/3454 3536/113/3454 
f 3537/114/3454 3538/115/3454 3539/116/3454 
f 3536/113/3454 3537/114/3454 3539/116/3454 
f 3540/117/3454 3541/118/3454 3542/119/3454 
f 3539/116/3454 3540/117/3454 3542/119/3454 
f 3536/113/3454 3539/116/3454 3542/119/3454 
f 3543/120/3454 3544/121/3454 3545/122/3454 
f 3542/119/3454 3543/120/3454 3545/122/3454 
f 3546/123/3454 3547/124/3454 3548/125/3454 
f 3545/122/3454 3546/123/3454 3548/125/3454 
f 3542/119/3454 3545/122/3454 3548/125/3454 
f 3536/113/3454 3542/119/3454 3548/125/3454 
f 3523/100/3454 3536/113/3454 3548/125/3454 
f 3549/126/3454 3550/127/3454 3551/128/3454 
f 3548/125/3454 3549/126/3454 3551/128/3454 
f 3493/129/3454 3492/130/3454 3552/131/3454 
f 3551/128/3454 3493/129/3454 3552/131/3454 
f 3548/125/3454 3551/128/3454 3552/131/3454 
f 3523/100/3454 3548/125/3454 3552/131/3454 
f 3522/62/3455 3526/62/3455 3525/64/3456 
f 3525/64/3455 3506/64/3455 3522/62/3455 
f 3495/39/3457 3496/37/3457 3539/37/3457 
f 3539/37/3457 3538/39/3457 3495/39/3458 
f 3551/12/3459 3499/12/3459 3494/10/3459 
f 3494/10/3459 3493/10/3459 3551/12/3459 
f 3525/64/3460 3524/66/3460 3505/66/3460 
f 3505/66/3460 3506/64/3460 3525/64/3460 
f 3495/39/3461 3538/39/3461 3537/41/3461 
f 3537/41/3461 3508/41/3461 3495/39/3461 
f 3510/15/3462 3499/12/3462 3551/12/3462 
f 3551/12/3462 3550/15/3462 3510/15/3462 
f 3536/42/3463 3515/42/3463 3508/41/3463 
f 3508/41/3463 3537/41/3463 3536/42/3463 
f 3510/15/3464 3550/15/3464 3549/17/3464 
f 3549/17/3464 3517/17/3464 3510/15/3464 
f 3521/44/3465 3515/42/3465 3536/42/3465 
f 3536/42/3465 3535/44/3465 3521/44/3465 
f 3548/18/3466 3487/18/3466 3517/17/3466 
f 3517/17/3466 3549/17/3466 3548/18/3466 
f 3521/44/3467 3535/44/3467 3534/47/3467 
f 3534/47/3467 3502/47/3467 3521/44/3467 
f 3488/21/3468 3487/18/3468 3548/18/3468 
f 3548/18/3468 3547/21/3468 3488/21/3468 
f 3533/49/3469 3503/49/3469 3502/47/3469 
f 3502/47/3469 3534/47/3469 3533/49/3469 
f 3488/21/3470 3547/21/3470 3546/23/3470 
f 3546/23/3470 3507/23/3470 3488/21/3470 
f 3512/50/3471 3503/49/3471 3533/49/3471 
f 3533/49/3471 3532/50/3471 3512/50/3471 
f 3507/23/3472 3546/23/3472 3545/25/3472 
f 3545/25/3472 3514/25/3472 3507/23/3472 
f 3512/50/3473 3532/50/3473 3531/52/3473 
f 3531/52/3473 3519/52/3473 3512/50/3473 
f 3545/25/3474 3544/26/3474 3520/26/3474 
f 3520/26/3474 3514/25/3474 3545/25/3474 
f 3530/55/3475 3498/55/3475 3519/52/3475 
f 3519/52/3475 3531/52/3475 3530/55/3475 
f 3543/29/3476 3500/29/3476 3520/26/3476 
f 3520/26/3476 3544/26/3476 3543/29/3476 
f 3497/56/3477 3498/55/3477 3530/55/3477 
f 3530/55/3477 3529/56/3477 3497/56/3477 
f 3542/31/3478 3501/31/3478 3500/29/3478 
f 3500/29/3478 3543/29/3478 3542/31/3478 
f 3504/3/3479 3505/2/3479 3524/2/3479 
f 3524/2/3479 3523/3/3479 3504/3/3479 
f 3497/56/3480 3529/56/3480 3528/59/3480 
f 3528/59/3480 3509/59/3480 3497/56/3480 
f 3511/33/3481 3501/31/3481 3542/31/3481 
f 3542/31/3481 3541/33/3481 3511/33/3481 
f 3552/6/3482 3513/6/3482 3504/3/3482 
f 3504/3/3482 3523/3/3482 3552/6/3482 
f 3527/61/3483 3516/61/3483 3509/59/3484 
f 3509/59/3483 3528/59/3483 3527/61/3483 
f 3511/33/3485 3541/33/3485 3540/35/3485 
f 3540/35/3485 3518/35/3485 3511/33/3485 
f 3491/8/3486 3513/6/3486 3552/6/3486 
f 3552/6/3486 3492/8/3486 3491/8/3486 
f 3522/62/3487 3516/61/3487 3527/61/3487 
f 3527/61/3487 3526/62/3487 3522/62/3487 
f 3539/37/3488 3496/37/3488 3518/35/3488 
f 3518/35/3488 3540/35/3488 3539/37/3488 
# 7076 faces

