# 3ds Max Wavefront OBJ Exporter v0.99 - (c)2007 guruware
# File Created: 26.04.2025 17:10:52

mtllib cabeza1.mtl

#
# object cabeza1
#

v  -2.1573 -1.4823 -0.7086
v  -2.1673 -1.4831 -0.6922
v  -2.1863 -1.4746 -0.7033
v  -2.1772 -1.4765 -0.7208
v  -2.1653 -1.4776 -0.7383
v  -2.1449 -1.4801 -0.7256
v  -2.1265 -1.4823 -0.7081
v  -2.1385 -1.4839 -0.6940
v  -2.1492 -1.4853 -0.6796
v  -2.1214 -1.4820 -0.6780
v  -2.1089 -1.4761 -0.6602
v  -2.1203 -1.4808 -0.6571
v  -2.1325 -1.4836 -0.6668
v  -2.1095 -1.4800 -0.6873
v  -2.0949 -1.4686 -0.6663
v  -2.1596 -1.4892 -0.6652
v  -2.1777 -1.4879 -0.6761
v  -2.1668 -1.4982 -0.6529
v  -2.1857 -1.4996 -0.6644
v  -2.2032 -1.4950 -0.6745
v  -2.1954 -1.4807 -0.6855
v  -2.1404 -1.4865 -0.6535
v  -2.1451 -1.4917 -0.6403
v  -2.1206 -1.4808 -0.6444
v  -2.1219 -1.4813 -0.6292
v  -2.1020 -1.4714 -0.6406
v  -2.0987 -1.4690 -0.6224
v  -2.0858 -1.4572 -0.6420
v  -2.0794 -1.4530 -0.6180
v  -2.1826 -1.4911 -0.7605
v  -2.1591 -1.4978 -0.7507
v  -2.1848 -1.4718 -0.7478
v  -2.2004 -1.4683 -0.7523
v  -2.2042 -1.4792 -0.7644
v  -2.2095 -1.4995 -0.7858
v  -2.1799 -1.5155 -0.7734
v  -2.1522 -1.5245 -0.7628
v  -2.1356 -1.5004 -0.7373
v  -2.1142 -1.4994 -0.7183
v  -2.1243 -1.5263 -0.7495
v  -2.0986 -1.5226 -0.7300
v  -2.0942 -1.4912 -0.6960
v  -2.0747 -1.5108 -0.7056
v  -2.0544 -1.4909 -0.6798
v  -2.0769 -1.4757 -0.6723
v  -2.0403 -1.4698 -0.6503
v  -2.0655 -1.4566 -0.6457
v  -2.0300 -1.4450 -0.6176
v  -2.0600 -1.4423 -0.6193
v  -2.1680 -1.5136 -0.6449
v  -2.1456 -1.5039 -0.6289
v  -2.1392 -1.5199 -0.6253
v  -2.1644 -1.5310 -0.6418
v  -2.1210 -1.4897 -0.6160
v  -2.1133 -1.5041 -0.6104
v  -2.0959 -1.4738 -0.6076
v  -2.0889 -1.4862 -0.5975
v  -2.0743 -1.4579 -0.6010
v  -2.0706 -1.4672 -0.5867
v  -2.0572 -1.4531 -0.5800
v  -2.0582 -1.4440 -0.5980
v  -2.0415 -1.4329 -0.5944
v  -2.0443 -1.4410 -0.5735
v  -2.0217 -1.4195 -0.5839
v  -2.0287 -1.4268 -0.5629
v  -2.0003 -1.4305 -0.5977
v  -1.9780 -1.4158 -0.5754
v  -2.0018 -1.4056 -0.5661
v  -2.0127 -1.4102 -0.5483
v  -1.9870 -1.3816 -0.5461
v  -2.0005 -1.3872 -0.5308
v  -1.9606 -1.3912 -0.5522
v  -1.9475 -1.3603 -0.5286
v  -1.9784 -1.3499 -0.5263
v  -1.9954 -1.3594 -0.5114
v  -1.9740 -1.3176 -0.5005
v  -1.9669 -1.2952 -0.4651
v  -1.9868 -1.3173 -0.4517
v  -1.9940 -1.3343 -0.4854
v  -1.9382 -1.3288 -0.5006
v  -1.9293 -1.3077 -0.4658
v  -2.2235 -1.5401 -0.8162
v  -2.2335 -1.5126 -0.8092
v  -2.2565 -1.5240 -0.8311
v  -2.2471 -1.5420 -0.8365
v  -2.2392 -1.5543 -0.8469
v  -2.2156 -1.5613 -0.8297
v  -2.1890 -1.5663 -0.8169
v  -2.1977 -1.5384 -0.8013
v  -2.1702 -1.5467 -0.7900
v  -2.1402 -1.5557 -0.7792
v  -2.1600 -1.5744 -0.8089
v  -2.1269 -1.5787 -0.8018
v  -2.1074 -1.5534 -0.7680
v  -2.0759 -1.5427 -0.7512
v  -2.0902 -1.5729 -0.7915
v  -2.0542 -1.5587 -0.7742
v  -2.0474 -1.5244 -0.7266
v  -2.0215 -1.5355 -0.7478
v  -1.9924 -1.5128 -0.7163
v  -2.0230 -1.5044 -0.6965
v  -2.0041 -1.4877 -0.6637
v  -1.9682 -1.4962 -0.6851
v  -1.9857 -1.4713 -0.6336
v  -1.9453 -1.4825 -0.6552
v  -1.9614 -1.4553 -0.6087
v  -1.9367 -1.4400 -0.5825
v  -1.9191 -1.4697 -0.6269
v  -1.8924 -1.4561 -0.5968
v  -1.8992 -1.3903 -0.5241
v  -1.9161 -1.4178 -0.5535
v  -1.8682 -1.4374 -0.5633
v  -1.8475 -1.4137 -0.5287
v  -1.8873 -1.3637 -0.4914
v  -1.8316 -1.3894 -0.4927
v  -1.8166 -1.3689 -0.4543
v  -1.8773 -1.3458 -0.4537
v  -2.2102 -1.5686 -0.8472
v  -2.2356 -1.5605 -0.8587
v  -2.2343 -1.5568 -0.8706
v  -2.2094 -1.5624 -0.8635
v  -2.1831 -1.5649 -0.8582
v  -2.1832 -1.5749 -0.8384
v  -2.1535 -1.5805 -0.8331
v  -2.1549 -1.5654 -0.8547
v  -2.1186 -1.5663 -0.8525
v  -2.1196 -1.5838 -0.8272
v  -2.0791 -1.5790 -0.8168
v  -2.0760 -1.5682 -0.8380
v  -2.0356 -1.5473 -0.8249
v  -2.0377 -1.5633 -0.7985
v  -2.0602 -1.5459 -0.8520
v  -2.0760 -1.5592 -0.8499
v  -2.0968 -1.5511 -0.8617
v  -2.0788 -1.5425 -0.8663
v  -2.0017 -1.5374 -0.7690
v  -1.9957 -1.5214 -0.7881
v  -1.9628 -1.4969 -0.7527
v  -1.9709 -1.5113 -0.7354
v  -1.9457 -1.4911 -0.7041
v  -1.9208 -1.4775 -0.6743
v  -1.9370 -1.4767 -0.7197
v  -1.9112 -1.4623 -0.6895
v  -1.8933 -1.4670 -0.6451
v  -1.8644 -1.4570 -0.6137
v  -1.8829 -1.4518 -0.6603
v  -1.8532 -1.4415 -0.6299
v  -1.8371 -1.4424 -0.5779
v  -1.8249 -1.4263 -0.5953
v  -1.8023 -1.4054 -0.5580
v  -1.8146 -1.4206 -0.5404
v  -2.0925 -1.4897 -0.5800
v  -2.0966 -1.4916 -0.5636
v  -2.1165 -1.5121 -0.5791
v  -2.1131 -1.5115 -0.5960
v  -2.0776 -1.4682 -0.5673
v  -2.0841 -1.4718 -0.5485
v  -2.0902 -1.5015 -0.5508
v  -2.0821 -1.5159 -0.5414
v  -2.0969 -1.5234 -0.5530
v  -2.1079 -1.5177 -0.5635
v  -2.0757 -1.4874 -0.5366
v  -2.0664 -1.5069 -0.5264
v  -2.0670 -1.4527 -0.5583
v  -2.0764 -1.4565 -0.5359
v  -2.0557 -1.4409 -0.5499
v  -2.0668 -1.4443 -0.5254
v  -2.0648 -1.4765 -0.5241
v  -2.0523 -1.4998 -0.5141
v  -2.0539 -1.4675 -0.5124
v  -2.0377 -1.4939 -0.5032
v  -2.0473 -1.5211 -0.4992
v  -2.0445 -1.5436 -0.4816
v  -2.0628 -1.5471 -0.4996
v  -2.0634 -1.5262 -0.5140
v  -2.0325 -1.5166 -0.4856
v  -2.0303 -1.5394 -0.4642
v  -2.0409 -1.4286 -0.5400
v  -2.0518 -1.4338 -0.5160
v  -2.0259 -1.4143 -0.5277
v  -2.0366 -1.4235 -0.5056
v  -2.0169 -1.5126 -0.4706
v  -2.0225 -1.4878 -0.4904
v  -2.0074 -1.4821 -0.4752
v  -2.0009 -1.5094 -0.4538
v  -2.0000 -1.5342 -0.4277
v  -2.0153 -1.5364 -0.4466
v  -2.0406 -1.4589 -0.5004
v  -2.0261 -1.4508 -0.4882
v  -2.0150 -1.3953 -0.5122
v  -2.0244 -1.4110 -0.4914
v  -2.0105 -1.3742 -0.4929
v  -2.0158 -1.3990 -0.4725
v  -2.0076 -1.3581 -0.4672
v  -2.0045 -1.3922 -0.4501
v  -1.9993 -1.3477 -0.4350
v  -1.9913 -1.3879 -0.4221
v  -2.0112 -1.4424 -0.4744
v  -1.9925 -1.4776 -0.4578
v  -1.9979 -1.4354 -0.4571
v  -1.9785 -1.4743 -0.4390
v  -1.9849 -1.5075 -0.4348
v  -1.9839 -1.5330 -0.4072
v  -1.9699 -1.5064 -0.4149
v  -1.9683 -1.5327 -0.3865
v  -1.9835 -1.4319 -0.4380
v  -1.9633 -1.4728 -0.4215
v  -1.9683 -1.4294 -0.4143
v  -1.9474 -1.4708 -0.4013
v  -1.9556 -1.5060 -0.3963
v  -1.9534 -1.5335 -0.3675
v  -1.9405 -1.5048 -0.3763
v  -1.9381 -1.5331 -0.3474
v  -1.9528 -1.4256 -0.3831
v  -1.9306 -1.4671 -0.3756
v  -1.9765 -1.3835 -0.3862
v  -1.9540 -1.3785 -0.3486
v  -1.9314 -1.4207 -0.3487
v  -1.9081 -1.4618 -0.3459
v  -1.9229 -1.5016 -0.3533
v  -1.9207 -1.5301 -0.3242
v  -1.8981 -1.4970 -0.3267
v  -1.8953 -1.5259 -0.2976
v  -1.8637 -1.4904 -0.2938
v  -1.8599 -1.5200 -0.2645
v  -1.8744 -1.4549 -0.3132
v  -1.8403 -1.4478 -0.2771
v  -1.8305 -1.4819 -0.2545
v  -1.8271 -1.5105 -0.2233
v  -1.8006 -1.4754 -0.2162
v  -1.8115 -1.4416 -0.2423
v  -1.7830 -1.4359 -0.2042
v  -1.7715 -1.4701 -0.1735
v  -1.7655 -1.5003 -0.1376
v  -1.7954 -1.5050 -0.1830
v  -1.7383 -1.4658 -0.1230
v  -1.7288 -1.4991 -0.0862
v  -1.7511 -1.4303 -0.1566
v  -1.7193 -1.4231 -0.1042
v  -1.7080 -1.4598 -0.0668
v  -1.6989 -1.4935 -0.0283
v  -2.0583 -1.5219 -0.8597
v  -2.0837 -1.5226 -0.8786
v  -2.0923 -1.4903 -0.8892
v  -2.0644 -1.4918 -0.8671
v  -2.0400 -1.4902 -0.8359
v  -2.0338 -1.5170 -0.8300
v  -2.0028 -1.5001 -0.7960
v  -2.0121 -1.4786 -0.8008
v  -1.9768 -1.4616 -0.7717
v  -1.9667 -1.4798 -0.7639
v  -1.9379 -1.4623 -0.7316
v  -1.9453 -1.4465 -0.7415
v  -1.9168 -1.4322 -0.7105
v  -1.9112 -1.4475 -0.7006
v  -1.8834 -1.4350 -0.6707
v  -1.8896 -1.4184 -0.6794
v  -1.8630 -1.4026 -0.6479
v  -1.8552 -1.4216 -0.6402
v  -1.9008 -1.4021 -0.6859
v  -1.9284 -1.4157 -0.7177
v  -1.9355 -1.3977 -0.7302
v  -1.9042 -1.3858 -0.7004
v  -1.8726 -1.3719 -0.6698
v  -1.8737 -1.3859 -0.6541
v  -2.0383 -1.5725 -0.4629
v  -2.0387 -1.6033 -0.4318
v  -2.0628 -1.5991 -0.4556
v  -2.0598 -1.5730 -0.4836
v  -2.0253 -1.5677 -0.4406
v  -2.0249 -1.5962 -0.4065
v  -2.0107 -1.5650 -0.4212
v  -2.0086 -1.5948 -0.3872
v  -1.9948 -1.5637 -0.4025
v  -1.9912 -1.5946 -0.3697
v  -1.9802 -1.5608 -0.3806
v  -1.9782 -1.5877 -0.3471
v  -1.9643 -1.5598 -0.3597
v  -1.9625 -1.5857 -0.3268
v  -1.9483 -1.5617 -0.3417
v  -1.9462 -1.5890 -0.3095
v  -1.9330 -1.5615 -0.3213
v  -1.9300 -1.5885 -0.2886
v  -1.9163 -1.5574 -0.2960
v  -1.9139 -1.5808 -0.2606
v  -1.8908 -1.5530 -0.2669
v  -1.8874 -1.5775 -0.2291
v  -1.8565 -1.5471 -0.2306
v  -1.8557 -1.5700 -0.1887
v  -1.8217 -1.5391 -0.1884
v  -1.8198 -1.5650 -0.1448
v  -1.7883 -1.5346 -0.1461
v  -1.7896 -1.5577 -0.0984
v  -1.7609 -1.5273 -0.0971
v  -1.7631 -1.5481 -0.0482
v  -1.7277 -1.5237 -0.0429
v  -1.7348 -1.5390 0.0066
v  -1.6984 -1.5186 0.0133
v  -1.7082 -1.5331 0.0598
v  -2.1012 -1.6312 -0.4444
v  -2.1251 -1.6375 -0.3915
v  -2.1595 -1.6492 -0.4357
v  -2.1316 -1.6420 -0.4854
v  -2.1148 -1.6116 -0.5232
v  -2.0867 -1.6040 -0.4871
v  -2.0759 -1.6220 -0.4087
v  -2.0963 -1.6245 -0.3542
v  -2.0522 -1.6284 -0.3805
v  -2.0737 -1.6267 -0.3222
v  -2.0345 -1.6214 -0.3554
v  -2.0518 -1.6231 -0.2979
v  -2.0162 -1.6195 -0.3357
v  -2.0311 -1.6239 -0.2782
v  -1.9975 -1.6210 -0.3185
v  -2.0121 -1.6283 -0.2601
v  -1.9836 -1.6100 -0.2985
v  -1.9947 -1.6196 -0.2437
v  -1.9688 -1.6060 -0.2793
v  -1.9807 -1.6130 -0.2263
v  -1.9537 -1.6084 -0.2605
v  -1.9664 -1.6116 -0.2067
v  -1.9362 -1.6093 -0.2385
v  -1.9493 -1.6125 -0.1825
v  -1.9187 -1.5972 -0.2099
v  -1.9287 -1.5986 -0.1552
v  -1.8924 -1.5946 -0.1756
v  -1.9053 -1.5917 -0.1191
v  -1.8631 -1.5847 -0.1331
v  -1.8776 -1.5813 -0.0758
v  -1.8297 -1.5818 -0.0862
v  -1.8484 -1.5746 -0.0272
v  -1.8021 -1.5690 -0.0378
v  -1.8198 -1.5618 0.0208
v  -1.7739 -1.5637 0.0116
v  -1.7936 -1.5589 0.0701
v  -2.2310 -1.6335 -0.4319
v  -2.2455 -1.5758 -0.3925
v  -2.2893 -1.5780 -0.4382
v  -2.2733 -1.6326 -0.4830
v  -2.2419 -1.6635 -0.5340
v  -2.2000 -1.6661 -0.4836
v  -2.1854 -1.6189 -0.3864
v  -2.1977 -1.5652 -0.3515
v  -2.1488 -1.6078 -0.3418
v  -2.1588 -1.5553 -0.3109
v  -2.1160 -1.5956 -0.3062
v  -2.1243 -1.5473 -0.2768
v  -2.0928 -1.5960 -0.2741
v  -2.0997 -1.5481 -0.2457
v  -2.0700 -1.5965 -0.2497
v  -2.0778 -1.5507 -0.2206
v  -2.0494 -1.5984 -0.2285
v  -2.0586 -1.5518 -0.1982
v  -2.0317 -1.6014 -0.2080
v  -2.0412 -1.5512 -0.1781
v  -2.0141 -1.5977 -0.1909
v  -2.0237 -1.5484 -0.1611
v  -1.9987 -1.5910 -0.1755
v  -2.0071 -1.5448 -0.1446
v  -1.9825 -1.5870 -0.1574
v  -1.9909 -1.5424 -0.1252
v  -1.9649 -1.5845 -0.1339
v  -1.9721 -1.5382 -0.1037
v  -1.9425 -1.5739 -0.1086
v  -1.9506 -1.5312 -0.0788
v  -1.9204 -1.5651 -0.0736
v  -1.9306 -1.5232 -0.0445
v  -1.8955 -1.5561 -0.0297
v  -1.9079 -1.5128 -0.0019
v  -1.8696 -1.5484 0.0193
v  -1.8840 -1.5033 0.0457
v  -1.8426 -1.5401 0.0675
v  -1.8604 -1.4981 0.0943
v  -1.8191 -1.5369 0.1159
v  -1.8389 -1.4968 0.1426
v  -2.2717 -1.4802 -0.7969
v  -2.2861 -1.4957 -0.8259
v  -2.2692 -1.5056 -0.8287
v  -2.2501 -1.4904 -0.8021
v  -2.2354 -1.4749 -0.7770
v  -2.2595 -1.4634 -0.7634
v  -2.1954 -1.4636 -0.7304
v  -2.2119 -1.4562 -0.7422
v  -2.2051 -1.4583 -0.7120
v  -2.2297 -1.4470 -0.7232
v  -2.2137 -1.4661 -0.6920
v  -2.2205 -1.4848 -0.6836
v  -2.2325 -1.4769 -0.6915
v  -2.2341 -1.4584 -0.6984
v  -2.2456 -1.4716 -0.7078
v  -2.2392 -1.4879 -0.6957
v  -2.2469 -1.5028 -0.7011
v  -2.2527 -1.4890 -0.7141
v  -2.2582 -1.4759 -0.7256
v  -2.2481 -1.4588 -0.7210
v  -2.2245 -1.4634 -0.7568
v  -2.2413 -1.4536 -0.7436
v  -2.2505 -1.4555 -0.7347
v  -2.2625 -1.4672 -0.7413
v  -2.4532 -1.4848 -0.8749
v  -2.4614 -1.4658 -0.8671
v  -2.4788 -1.4712 -0.8854
v  -2.4687 -1.4870 -0.8918
v  -2.4605 -1.4966 -0.9015
v  -2.4460 -1.4968 -0.8851
v  -2.4332 -1.4982 -0.8673
v  -2.4406 -1.4844 -0.8561
v  -2.4478 -1.4627 -0.8464
v  -2.4288 -1.4861 -0.8379
v  -2.4358 -1.4618 -0.8261
v  -2.4208 -1.5010 -0.8499
v  -2.4083 -1.5047 -0.8324
v  -2.4165 -1.4896 -0.8203
v  -2.4238 -1.4642 -0.8060
v  -2.4046 -1.4963 -0.8021
v  -2.4119 -1.4720 -0.7852
v  -2.3966 -1.5105 -0.8140
v  -2.3866 -1.5177 -0.7958
v  -2.3955 -1.5055 -0.7839
v  -2.4028 -1.4834 -0.7650
v  -2.3879 -1.5139 -0.7669
v  -2.3956 -1.4942 -0.7472
v  -2.3782 -1.5246 -0.7791
v  -2.3687 -1.5278 -0.7628
v  -2.3779 -1.5179 -0.7511
v  -2.3858 -1.5005 -0.7315
v  -2.3864 -1.4765 -0.6815
v  -2.3916 -1.4437 -0.6386
v  -2.4024 -1.4382 -0.6544
v  -2.3949 -1.4714 -0.6986
v  -2.3763 -1.5044 -0.7159
v  -2.3744 -1.5135 -0.7024
v  -2.3883 -1.4857 -0.6664
v  -2.3918 -1.4526 -0.6239
v  -2.3675 -1.5194 -0.7353
v  -2.3588 -1.5289 -0.7461
v  -2.3526 -1.5321 -0.7296
v  -2.3618 -1.5249 -0.7209
v  -2.2905 -1.5137 -0.8551
v  -2.3139 -1.5175 -0.8798
v  -2.3034 -1.5242 -0.8804
v  -2.2797 -1.5259 -0.8564
v  -2.3044 -1.5094 -0.8518
v  -2.3252 -1.5165 -0.8767
v  -2.2704 -1.5378 -0.8589
v  -2.2924 -1.5337 -0.8785
v  -2.2811 -1.5411 -0.8757
v  -2.2632 -1.5463 -0.8641
v  -2.2135 -1.5408 -0.8739
v  -2.2348 -1.5418 -0.8788
v  -2.2397 -1.5226 -0.8866
v  -2.2190 -1.5177 -0.8844
v  -2.1992 -1.5109 -0.8830
v  -2.1902 -1.5377 -0.8699
v  -2.1659 -1.5327 -0.8691
v  -2.1800 -1.5021 -0.8848
v  -2.1597 -1.4869 -0.8923
v  -2.1402 -1.5278 -0.8720
v  -2.1127 -1.5242 -0.8776
v  -2.1248 -1.4893 -0.8944
v  -2.2610 -1.5510 -0.8721
v  -2.2584 -1.5477 -0.8794
v  -2.2861 -1.5427 -0.8854
v  -2.2838 -1.5339 -0.8942
v  -2.3371 -1.5172 -0.9030
v  -2.3596 -1.5132 -0.9266
v  -2.3460 -1.5140 -0.9262
v  -2.3250 -1.5222 -0.9020
v  -2.3472 -1.5163 -0.9002
v  -2.3699 -1.5135 -0.9233
v  -2.3077 -1.5322 -0.8959
v  -2.3149 -1.5229 -0.9095
v  -2.2533 -1.5406 -0.8825
v  -2.2616 -1.5270 -0.8887
v  -2.2240 -1.4993 -0.8925
v  -2.2437 -1.5032 -0.8932
v  -2.2443 -1.4952 -0.9091
v  -2.2261 -1.4938 -0.9075
v  -2.2114 -1.4899 -0.9091
v  -2.2071 -1.4934 -0.8934
v  -2.2663 -1.5076 -0.8967
v  -2.2902 -1.5116 -0.9065
v  -2.2892 -1.4990 -0.9223
v  -2.2660 -1.4960 -0.9138
v  -2.3173 -1.5108 -0.9208
v  -2.3143 -1.5046 -0.9348
v  -2.3433 -1.5083 -0.9362
v  -2.3402 -1.5101 -0.9494
v  -2.3631 -1.5087 -0.9514
v  -2.3650 -1.5177 -0.9642
v  -2.3730 -1.5099 -0.9530
v  -2.3930 -1.5245 -0.9779
v  -2.3823 -1.5107 -0.9527
v  -2.4057 -1.5187 -0.9753
v  -2.3925 -1.5128 -0.9481
v  -2.4143 -1.5158 -0.9705
v  -2.3615 -1.5335 -0.9771
v  -2.3544 -1.5470 -0.9948
v  -2.3258 -1.5461 -0.9798
v  -2.3336 -1.5273 -0.9629
v  -2.3913 -1.5369 -0.9952
v  -2.3857 -1.5415 -1.0145
v  -2.3076 -1.5206 -0.9513
v  -2.3003 -1.5410 -0.9690
v  -2.2774 -1.5339 -0.9613
v  -2.2838 -1.5141 -0.9421
v  -2.2621 -1.5098 -0.9349
v  -2.2572 -1.5270 -0.9561
v  -2.2389 -1.5219 -0.9521
v  -2.2423 -1.5073 -0.9299
v  -2.2220 -1.5187 -0.9488
v  -2.2065 -1.5165 -0.9474
v  -2.2105 -1.5003 -0.9298
v  -2.2252 -1.5037 -0.9284
v  -2.4008 -1.5132 -0.9405
v  -2.4069 -1.5110 -0.9327
v  -2.4247 -1.5111 -0.9526
v  -2.4207 -1.5142 -0.9616
v  -2.3794 -1.5133 -0.9174
v  -2.3873 -1.5107 -0.9109
v  -2.4354 -1.5033 -0.8978
v  -2.4503 -1.5040 -0.9142
v  -2.4410 -1.5095 -0.9264
v  -2.4257 -1.5076 -0.9090
v  -2.4106 -1.5077 -0.8903
v  -2.4214 -1.5041 -0.8799
v  -2.4110 -1.5094 -0.9269
v  -2.4147 -1.5091 -0.9218
v  -2.4304 -1.5094 -0.9413
v  -2.4268 -1.5097 -0.9457
v  -2.3929 -1.5088 -0.9057
v  -2.3978 -1.5091 -0.9012
v  -2.4192 -1.5092 -0.9164
v  -2.4347 -1.5104 -0.9352
v  -2.4033 -1.5094 -0.8967
v  -2.3580 -1.5157 -0.8953
v  -2.3373 -1.5167 -0.8729
v  -2.3491 -1.5161 -0.8688
v  -2.3678 -1.5137 -0.8900
v  -2.4078 -1.5066 -0.8623
v  -2.3963 -1.5099 -0.8720
v  -2.3829 -1.5133 -0.8532
v  -2.3949 -1.5103 -0.8442
v  -2.3753 -1.5115 -0.8855
v  -2.3587 -1.5148 -0.8650
v  -2.3667 -1.5126 -0.8614
v  -2.3817 -1.5105 -0.8814
v  -2.3881 -1.5108 -0.8777
v  -2.3741 -1.5130 -0.8582
v  -2.3182 -1.5129 -0.8491
v  -2.3022 -1.5040 -0.8237
v  -2.3169 -1.5158 -0.8230
v  -2.3320 -1.5171 -0.8463
v  -2.3832 -1.5154 -0.8248
v  -2.3711 -1.5183 -0.8331
v  -2.3607 -1.5251 -0.8135
v  -2.3730 -1.5222 -0.8060
v  -2.3435 -1.5196 -0.8435
v  -2.3294 -1.5238 -0.8220
v  -2.3413 -1.5231 -0.8191
v  -2.3534 -1.5179 -0.8401
v  -2.3618 -1.5179 -0.8373
v  -2.3508 -1.5242 -0.8170
v  -2.3646 -1.5296 -0.7891
v  -2.3514 -1.5323 -0.7962
v  -2.3422 -1.5376 -0.7790
v  -2.3558 -1.5347 -0.7724
v  -2.2900 -1.4948 -0.7963
v  -2.2820 -1.4886 -0.7701
v  -2.2932 -1.5140 -0.7776
v  -2.3040 -1.5145 -0.7997
v  -2.3170 -1.5259 -0.8011
v  -2.3066 -1.5271 -0.7804
v  -2.3205 -1.5293 -0.7804
v  -2.3305 -1.5269 -0.7995
v  -2.3408 -1.5296 -0.7986
v  -2.3311 -1.5340 -0.7808
v  -2.3389 -1.5381 -0.7386
v  -2.3464 -1.5368 -0.7550
v  -2.3322 -1.5397 -0.7609
v  -2.3238 -1.5377 -0.7439
v  -2.2756 -1.4897 -0.7490
v  -2.2682 -1.4964 -0.7326
v  -2.2808 -1.5133 -0.7381
v  -2.2862 -1.5129 -0.7566
v  -2.3214 -1.5341 -0.7618
v  -2.3141 -1.5313 -0.7435
v  -2.3127 -1.5261 -0.7601
v  -2.3062 -1.5228 -0.7408
v  -2.3003 -1.5221 -0.7592
v  -2.2944 -1.5190 -0.7399
v  -2.1652 -1.6578 -0.5319
v  -2.1434 -1.6262 -0.5655
v  -2.2045 -1.6620 -0.5778
v  -2.1771 -1.6344 -0.6063
v  -2.1374 -1.5315 -0.6144
v  -2.1381 -1.5340 -0.5961
v  -2.1641 -1.5567 -0.6182
v  -2.1642 -1.5445 -0.6334
v  -2.1109 -1.5833 -0.5431
v  -2.1392 -1.5971 -0.5811
v  -2.1685 -1.6086 -0.6186
v  -2.1675 -1.5889 -0.6231
v  -2.1425 -1.5773 -0.5897
v  -2.1134 -1.5573 -0.5569
v  -2.0843 -1.5515 -0.5236
v  -2.0819 -1.5321 -0.5330
v  -2.1026 -1.5363 -0.5538
v  -2.1244 -1.5363 -0.5748
v  -2.1386 -1.5544 -0.5863
v  -2.1496 -1.5683 -0.5993
v  -2.1686 -1.5744 -0.6247
v  -2.0838 -1.5762 -0.5108
v  -2.1929 -1.4868 -0.8972
v  -2.1998 -1.4876 -0.9131
v  -2.1931 -1.4787 -0.9176
v  -2.1828 -1.4761 -0.9032
v  -2.1907 -1.4899 -0.9361
v  -2.1978 -1.4992 -0.9328
v  -2.1916 -1.5140 -0.9491
v  -2.1835 -1.5010 -0.9529
v  -2.1885 -1.5040 -0.9660
v  -2.2022 -1.5216 -0.9650
v  -2.1899 -1.5192 -0.9617
v  -2.2015 -1.5054 -0.9750
v  -2.2171 -1.5224 -0.9682
v  -2.2344 -1.5246 -0.9730
v  -2.2324 -1.5150 -0.9913
v  -2.2159 -1.5095 -0.9832
v  -2.2527 -1.5294 -0.9785
v  -2.2723 -1.5357 -0.9850
v  -2.2709 -1.5279 -1.0073
v  -2.2509 -1.5214 -0.9992
v  -2.2942 -1.5421 -0.9930
v  -2.2931 -1.5343 -1.0164
v  -2.3187 -1.5466 -1.0037
v  -2.3167 -1.5389 -1.0266
v  -2.3466 -1.5469 -1.0180
v  -2.3414 -1.5390 -1.0377
v  -2.3783 -1.5397 -1.0369
v  -2.3704 -1.5280 -1.0537
v  -2.3648 -1.5078 -1.0553
v  -2.3546 -1.4804 -1.0504
v  -2.3273 -1.5153 -1.0373
v  -2.3426 -1.5223 -1.0442
v  -2.3068 -1.5080 -1.0266
v  -2.3269 -1.4698 -1.0333
v  -2.3018 -1.4615 -1.0208
v  -2.2834 -1.5010 -1.0164
v  -2.2615 -1.4938 -1.0076
v  -2.2781 -1.4533 -1.0093
v  -2.2577 -1.4454 -0.9964
v  -2.2418 -1.4865 -0.9982
v  -2.2102 -1.4742 -0.9768
v  -2.2247 -1.4795 -0.9879
v  -2.2411 -1.4377 -0.9821
v  -2.2274 -1.4317 -0.9675
v  -2.2145 -1.4285 -0.9544
v  -2.2045 -1.4262 -0.9419
v  -2.1914 -1.4712 -0.9513
v  -2.1974 -1.4725 -0.9651
v  -2.1944 -1.4648 -0.9360
v  -2.1925 -1.4566 -0.9208
v  -2.1985 -1.4225 -0.9295
v  -2.1923 -1.4182 -0.9182
v  -2.1806 -1.4529 -0.9084
v  -2.1838 -1.4158 -0.9073
v  -2.1709 -1.4155 -0.8946
v  -2.1618 -1.4526 -0.9010
v  -2.1355 -1.4537 -0.8954
v  -2.1509 -1.4171 -0.8804
v  -2.1254 -1.4196 -0.8660
v  -2.1064 -1.4566 -0.8826
v  -2.0783 -1.4605 -0.8621
v  -2.0980 -1.4245 -0.8489
v  -2.0693 -1.4272 -0.8289
v  -2.0516 -1.4619 -0.8354
v  -2.0244 -1.4551 -0.8032
v  -2.0399 -1.4231 -0.8052
v  -2.0012 -1.4133 -0.7930
v  -1.9899 -1.4418 -0.7776
v  -1.9579 -1.4289 -0.7488
v  -1.9644 -1.4101 -0.7624
v  -1.9634 -1.3630 -0.8689
v  -1.9817 -1.3741 -0.8465
v  -2.0052 -1.3645 -0.8952
v  -2.0237 -1.3571 -0.9472
v  -1.9835 -1.3590 -0.9255
v  -1.9831 -1.3649 -0.8966
v  -1.9435 -1.3579 -0.8954
v  -1.9571 -1.3936 -0.7869
v  -1.9893 -1.3896 -0.8131
v  -1.9493 -1.3735 -0.8116
v  -1.9244 -1.3597 -0.7778
v  -1.9277 -1.3829 -0.7547
v  -1.8969 -1.3710 -0.7233
v  -1.8941 -1.3476 -0.7442
v  -1.8568 -1.3392 -0.7119
v  -1.8639 -1.3583 -0.6913
v  -1.8307 -1.3427 -0.6563
v  -1.8407 -1.3552 -0.6370
v  -1.8201 -1.3274 -0.6758
v  -1.7865 -1.3150 -0.6383
v  -1.8010 -1.3273 -0.6215
v  -1.8143 -1.3369 -0.6045
v  -1.7807 -1.3124 -0.5876
v  -1.7994 -1.3182 -0.5750
v  -1.7599 -1.3039 -0.5996
v  -1.7463 -1.2785 -0.5670
v  -1.7714 -1.2885 -0.5583
v  -1.7934 -1.2969 -0.5486
v  -1.8292 -1.4034 -0.6062
v  -1.8386 -1.3824 -0.6140
v  -1.8190 -1.3610 -0.5805
v  -1.8079 -1.3824 -0.5710
v  -1.8480 -1.3654 -0.6209
v  -1.8272 -1.3441 -0.5895
v  -1.8140 -1.3254 -0.5623
v  -1.8052 -1.3416 -0.5512
v  -1.8064 -1.3077 -0.5373
v  -1.7971 -1.3236 -0.5261
v  -1.7975 -1.3947 -0.5034
v  -1.7859 -1.3806 -0.5210
v  -1.7679 -1.3516 -0.4834
v  -1.7812 -1.3700 -0.4654
v  -1.7918 -1.3606 -0.5379
v  -1.7824 -1.3397 -0.5124
v  -1.7820 -1.3216 -0.4997
v  -1.7936 -1.3066 -0.5057
v  -1.7846 -1.2929 -0.4807
v  -1.7710 -1.3173 -0.4793
v  -1.7999 -1.2899 -0.5130
v  -1.7861 -1.2763 -0.5232
v  -1.7730 -1.2556 -0.4944
v  -1.7893 -1.2710 -0.4844
v  -1.9442 -1.3538 -0.8364
v  -1.9348 -1.3429 -0.8539
v  -1.9176 -1.3237 -0.8189
v  -1.9240 -1.3379 -0.7998
v  -1.8759 -1.3633 -0.8657
v  -1.8952 -1.3642 -0.8974
v  -1.8626 -1.3655 -0.8953
v  -1.8383 -1.3674 -0.8731
v  -1.8092 -1.3590 -0.8434
v  -1.8462 -1.3520 -0.8351
v  -1.8816 -1.3399 -0.8317
v  -1.9097 -1.3522 -0.8622
v  -1.9208 -1.3434 -0.8522
v  -1.9011 -1.3302 -0.8266
v  -1.8974 -1.3208 -0.7611
v  -1.8895 -1.3013 -0.7811
v  -1.8459 -1.3060 -0.7428
v  -1.8543 -1.3180 -0.7277
v  -1.8696 -1.3177 -0.7926
v  -1.8326 -1.3170 -0.7496
v  -1.8484 -1.3314 -0.7958
v  -1.8136 -1.3310 -0.7534
v  -1.8148 -1.3469 -0.7998
v  -1.7829 -1.3477 -0.7600
v  -1.7799 -1.3531 -0.8099
v  -1.7500 -1.3524 -0.7734
v  -1.8117 -1.3121 -0.6908
v  -1.8025 -1.3047 -0.7013
v  -1.7607 -1.2938 -0.6580
v  -1.7726 -1.3033 -0.6501
v  -1.7911 -1.3120 -0.7066
v  -1.7475 -1.3008 -0.6640
v  -1.7752 -1.3284 -0.7102
v  -1.7339 -1.3173 -0.6679
v  -1.7493 -1.3462 -0.7186
v  -1.7134 -1.3333 -0.6766
v  -1.7197 -1.3504 -0.7351
v  -1.6896 -1.3347 -0.6934
v  -1.8182 -1.3553 -0.8921
v  -1.8556 -1.3535 -0.9133
v  -1.8508 -1.3369 -0.9352
v  -1.8093 -1.3407 -0.9171
v  -1.7773 -1.3298 -0.8851
v  -1.7884 -1.3463 -0.8615
v  -1.7606 -1.3394 -0.8272
v  -1.7511 -1.3193 -0.8488
v  -1.7194 -1.3156 -0.8141
v  -1.7300 -1.3388 -0.7922
v  -1.6997 -1.3360 -0.7556
v  -1.6861 -1.3136 -0.7782
v  -1.6552 -1.3062 -0.7348
v  -1.6713 -1.3233 -0.7131
v  -1.6401 -1.3039 -0.6634
v  -1.6570 -1.3118 -0.6461
v  -1.6247 -1.2910 -0.6825
v  -1.5951 -1.2756 -0.6332
v  -1.6092 -1.2864 -0.6165
v  -1.6256 -1.2920 -0.6019
v  -1.6180 -1.2653 -0.7006
v  -1.6496 -1.2739 -0.7539
v  -1.6516 -1.2374 -0.7637
v  -1.6199 -1.2343 -0.7115
v  -1.5900 -1.2305 -0.6624
v  -1.5888 -1.2554 -0.6504
v  -2.0138 -1.3459 -0.9781
v  -2.0560 -1.3356 -0.9949
v  -2.0819 -1.3326 -1.0438
v  -2.0449 -1.3369 -1.0249
v  -2.0406 -1.3418 -0.9997
v  -2.0105 -1.3341 -1.0052
v  -1.9796 -1.3411 -0.9564
v  -1.9740 -1.3265 -0.9866
v  -1.9302 -1.3151 -0.9691
v  -1.9404 -1.3373 -0.9374
v  -1.8975 -1.3444 -0.9256
v  -1.8906 -1.3263 -0.9477
v  -1.8511 -1.3202 -0.9492
v  -1.8817 -1.3159 -0.9576
v  -1.8939 -1.3083 -0.9708
v  -1.8577 -1.3086 -0.9626
v  -1.8113 -1.3205 -0.9342
v  -1.8159 -1.3080 -0.9470
v  -1.7766 -1.2935 -0.9241
v  -1.7749 -1.3093 -0.9066
v  -1.7467 -1.2934 -0.8725
v  -1.7476 -1.2680 -0.8946
v  -1.7148 -1.2398 -0.8576
v  -1.7166 -1.2817 -0.8365
v  -1.6831 -1.2774 -0.7983
v  -1.6815 -1.2394 -0.8098
v  -2.0412 -1.3467 -1.0483
v  -2.0758 -1.3535 -1.0727
v  -2.0671 -1.3686 -1.0935
v  -2.0330 -1.3586 -1.0694
v  -1.9984 -1.3494 -1.0498
v  -2.0049 -1.3416 -1.0290
v  -1.9686 -1.3318 -1.0124
v  -1.9639 -1.3392 -1.0332
v  -1.9293 -1.3293 -1.0201
v  -1.9327 -1.3184 -1.0001
v  -1.9515 -1.3412 -1.0621
v  -1.9585 -1.3413 -1.0486
v  -1.9915 -1.3515 -1.0662
v  -1.9830 -1.3497 -1.0811
v  -1.9185 -1.3374 -1.0466
v  -1.9247 -1.3362 -1.0334
v  -1.8962 -1.3153 -0.9912
v  -1.8939 -1.3288 -1.0079
v  -1.8555 -1.3306 -0.9933
v  -1.8579 -1.3160 -0.9796
v  -1.8514 -1.3392 -1.0058
v  -1.8902 -1.3377 -1.0201
v  -1.8844 -1.3381 -1.0337
v  -1.8461 -1.3375 -1.0206
v  -1.8145 -1.3116 -0.9619
v  -1.8101 -1.3254 -0.9747
v  -1.7626 -1.3076 -0.9562
v  -1.7711 -1.2954 -0.9419
v  -1.8051 -1.3333 -0.9879
v  -1.8008 -1.3306 -1.0039
v  -1.7525 -1.3131 -0.9858
v  -1.7565 -1.3140 -0.9697
v  -1.7363 -1.2623 -0.9214
v  -1.7205 -1.2733 -0.9404
v  -1.6779 -1.2369 -0.9204
v  -1.7007 -1.2308 -0.8967
v  -1.7107 -1.2813 -0.9541
v  -1.7042 -1.2846 -0.9684
v  -1.6537 -1.2499 -0.9480
v  -1.6636 -1.2445 -0.9354
v  -2.3665 -1.2706 -1.4615
v  -2.3803 -1.2785 -1.4276
v  -2.3904 -1.2653 -1.4301
v  -2.3799 -1.2587 -1.4667
v  -2.3583 -1.2455 -1.5056
v  -2.3450 -1.2571 -1.4992
v  -2.3271 -1.2747 -1.4830
v  -2.3479 -1.2873 -1.4477
v  -2.3626 -1.2954 -1.4170
v  -2.3820 -1.2818 -1.3671
v  -2.3776 -1.2769 -1.3780
v  -2.3597 -1.2885 -1.3678
v  -2.3646 -1.2951 -1.3572
v  -2.3667 -1.2958 -1.3419
v  -2.3834 -1.2833 -1.3511
v  -2.3932 -1.2693 -1.3532
v  -2.3922 -1.2683 -1.3693
v  -2.3873 -1.2652 -1.3803
v  -2.3762 -1.2746 -1.3854
v  -2.3780 -1.2757 -1.3935
v  -2.3592 -1.2878 -1.3844
v  -2.3575 -1.2855 -1.3758
v  -2.3848 -1.2637 -1.3874
v  -2.3864 -1.2642 -1.3955
v  -2.3816 -1.2783 -1.4060
v  -2.3901 -1.2659 -1.4078
v  -2.3635 -1.2928 -1.3963
v  -2.3364 -1.3096 -1.3367
v  -2.3409 -1.3080 -1.3229
v  -2.3294 -1.3042 -1.3474
v  -2.2948 -1.3240 -1.3206
v  -2.3029 -1.3260 -1.3097
v  -2.3105 -1.3224 -1.2965
v  -2.3248 -1.3009 -1.3559
v  -2.3245 -1.3043 -1.3652
v  -2.2877 -1.3258 -1.3370
v  -2.2897 -1.3229 -1.3287
v  -2.3279 -1.3114 -1.3759
v  -2.3285 -1.3193 -1.3938
v  -2.2874 -1.3415 -1.3618
v  -2.2882 -1.3325 -1.3470
v  -2.2688 -1.3419 -1.2787
v  -2.2767 -1.3369 -1.2662
v  -2.2608 -1.3393 -1.2895
v  -2.2307 -1.3529 -1.2591
v  -2.2364 -1.3547 -1.2477
v  -2.2429 -1.3481 -1.2361
v  -2.1083 -1.3641 -1.1058
v  -2.1003 -1.3743 -1.1258
v  -2.1161 -1.3417 -1.0910
v  -2.1404 -1.3524 -1.1314
v  -2.1358 -1.3704 -1.1418
v  -2.1304 -1.3772 -1.1584
v  -2.2084 -1.3628 -1.2206
v  -2.2137 -1.3542 -1.2099
v  -2.2060 -1.3630 -1.2333
v  -2.1818 -1.3697 -1.2122
v  -2.1831 -1.3670 -1.1959
v  -2.1873 -1.3558 -1.1861
v  -2.2559 -1.3383 -1.2978
v  -2.2537 -1.3418 -1.3054
v  -2.2248 -1.3541 -1.2731
v  -2.2284 -1.3514 -1.2684
v  -2.2091 -1.3601 -1.2461
v  -2.2014 -1.3622 -1.2434
v  -2.2529 -1.3480 -1.3136
v  -2.2495 -1.3543 -1.3251
v  -2.2163 -1.3604 -1.2872
v  -2.2220 -1.3584 -1.2793
v  -2.1964 -1.3631 -1.2470
v  -2.1897 -1.3622 -1.2515
v  -2.1729 -1.3642 -1.2281
v  -2.1742 -1.3677 -1.2189
v  -2.1592 -1.3695 -1.1713
v  -2.1558 -1.3769 -1.1843
v  -2.1628 -1.3555 -1.1623
v  -2.3156 -1.3146 -1.4211
v  -2.2974 -1.3022 -1.4537
v  -2.2567 -1.3293 -1.4098
v  -2.2759 -1.3393 -1.3839
v  -2.2390 -1.3528 -1.3410
v  -2.2256 -1.3428 -1.3519
v  -2.1959 -1.3462 -1.3013
v  -2.2066 -1.3565 -1.2951
v  -2.2117 -1.3269 -1.3513
v  -2.1869 -1.3299 -1.3043
v  -2.2224 -1.3260 -1.3955
v  -2.2053 -1.3145 -1.3840
v  -2.1981 -1.3086 -1.3523
v  -2.1747 -1.3120 -1.3120
v  -2.1515 -1.3706 -1.1975
v  -2.1568 -1.3621 -1.2165
v  -2.1297 -1.3566 -1.1988
v  -2.1263 -1.3688 -1.1744
v  -2.1776 -1.3575 -1.2510
v  -2.1653 -1.3480 -1.2495
v  -2.0241 -1.3643 -1.0872
v  -2.0579 -1.3717 -1.1132
v  -2.0498 -1.3676 -1.1373
v  -2.0130 -1.3612 -1.1046
v  -2.1544 -1.3357 -1.2539
v  -2.1397 -1.3243 -1.2671
v  -2.1034 -1.3391 -1.2212
v  -2.1193 -1.3469 -1.2106
v  -2.0937 -1.3701 -1.1444
v  -2.0903 -1.3636 -1.1619
v  -2.0736 -1.3542 -1.1803
v  -2.0926 -1.3565 -1.1796
v  -2.2400 -1.5126 -0.3728
v  -2.2244 -1.4572 -0.3721
v  -2.2655 -1.4540 -0.4035
v  -2.2833 -1.5137 -0.4105
v  -2.1936 -1.5087 -0.3368
v  -2.1813 -1.4600 -0.3395
v  -2.1556 -1.5046 -0.3001
v  -2.1470 -1.4621 -0.3031
v  -2.1237 -1.5025 -0.2659
v  -2.1177 -1.4642 -0.2687
v  -2.0990 -1.5042 -0.2354
v  -2.0773 -1.5067 -0.2101
v  -2.0700 -1.4683 -0.2134
v  -2.0927 -1.4665 -0.2384
v  -2.0582 -1.5069 -0.1882
v  -2.0505 -1.4682 -0.1925
v  -2.0405 -1.5056 -0.1688
v  -2.0330 -1.4668 -0.1740
v  -2.0232 -1.5033 -0.1515
v  -2.0160 -1.4647 -0.1564
v  -2.0063 -1.5005 -0.1341
v  -1.9984 -1.4621 -0.1391
v  -1.9896 -1.4974 -0.1146
v  -1.9803 -1.4588 -0.1200
v  -1.9706 -1.4929 -0.0934
v  -1.9613 -1.4536 -0.0986
v  -1.9513 -1.4859 -0.0674
v  -1.9417 -1.4452 -0.0737
v  -1.9308 -1.4754 -0.0359
v  -1.9190 -1.4329 -0.0460
v  -1.9073 -1.4608 0.0023
v  -1.8945 -1.4151 -0.0135
v  -1.8825 -1.4485 0.0459
v  -1.8663 -1.3888 0.0268
v  -1.8609 -1.4445 0.0948
v  -1.8425 -1.4467 0.1455
v  -1.8298 -1.3978 0.1366
v  -1.8461 -1.3932 0.0840
v  -1.8290 -1.3100 0.0847
v  -1.8407 -1.3030 0.0427
v  -1.8529 -1.3405 0.0392
v  -1.8388 -1.3490 0.0841
v  -1.8233 -1.3556 0.1346
v  -1.8137 -1.3176 0.1322
v  -2.2144 -1.4216 -0.3834
v  -2.1731 -1.4291 -0.3521
v  -2.1774 -1.4025 -0.3591
v  -2.2123 -1.3954 -0.3931
v  -2.2468 -1.3860 -0.4204
v  -2.2541 -1.4134 -0.4105
v  -2.1389 -1.4338 -0.3157
v  -2.1093 -1.4371 -0.2802
v  -2.1135 -1.4091 -0.2861
v  -2.1441 -1.4067 -0.3223
v  -2.0840 -1.4394 -0.2485
v  -2.0608 -1.4405 -0.2228
v  -2.0652 -1.4105 -0.2255
v  -2.0875 -1.4105 -0.2531
v  -2.0423 -1.4396 -0.2017
v  -2.0261 -1.4378 -0.1831
v  -2.0309 -1.4066 -0.1868
v  -2.0472 -1.4088 -0.2043
v  -2.0094 -1.4359 -0.1657
v  -1.9916 -1.4336 -0.1484
v  -1.9953 -1.4031 -0.1539
v  -2.0137 -1.4051 -0.1704
v  -1.9725 -1.4304 -0.1297
v  -1.9530 -1.4248 -0.1090
v  -1.9573 -1.3943 -0.1155
v  -1.9761 -1.4000 -0.1356
v  -1.9322 -1.4158 -0.0871
v  -1.9399 -1.3848 -0.0940
v  -1.9095 -1.4028 -0.0641
v  -1.9234 -1.3711 -0.0713
v  -1.8704 -1.3591 -0.0128
v  -1.8835 -1.3301 -0.0344
v  -1.9041 -1.3530 -0.0502
v  -1.8879 -1.3848 -0.0376
v  -1.8558 -1.3269 0.0005
v  -1.8645 -1.3019 -0.0263
v  -1.8389 -1.2956 0.0031
v  -1.8443 -1.2737 -0.0255
v  -2.2146 -1.3721 -0.3956
v  -2.2438 -1.3659 -0.4191
v  -2.1836 -1.3755 -0.3645
v  -2.1926 -1.3490 -0.3681
v  -2.2204 -1.3518 -0.3969
v  -2.2397 -1.3534 -0.4133
v  -2.1527 -1.3762 -0.3280
v  -2.1237 -1.3753 -0.2905
v  -2.1381 -1.3399 -0.2929
v  -2.1642 -1.3446 -0.3318
v  -2.0979 -1.3738 -0.2568
v  -2.0752 -1.3714 -0.2291
v  -2.0920 -1.3298 -0.2296
v  -2.1139 -1.3351 -0.2580
v  -2.0569 -1.3682 -0.2089
v  -2.0402 -1.3655 -0.1930
v  -2.0589 -1.3231 -0.1920
v  -2.0751 -1.3256 -0.2084
v  -2.2333 -1.3334 -0.3977
v  -2.2070 -1.3242 -0.3682
v  -2.2267 -1.3075 -0.3619
v  -2.2518 -1.3212 -0.3937
v  -2.2741 -1.3341 -0.4197
v  -2.2553 -1.3439 -0.4192
v  -2.1592 -1.3088 -0.2893
v  -2.1829 -1.2878 -0.2802
v  -2.2038 -1.2960 -0.3224
v  -2.1819 -1.3156 -0.3303
v  -2.1156 -1.2937 -0.2233
v  -2.1400 -1.2676 -0.2119
v  -2.1618 -1.2790 -0.2416
v  -2.1372 -1.3016 -0.2525
v  -2.4023 -1.3152 -0.4644
v  -2.3800 -1.3026 -0.4316
v  -2.3851 -1.2947 -0.4306
v  -2.4088 -1.3066 -0.4632
v  -2.3910 -1.3224 -0.4661
v  -2.3707 -1.3106 -0.4333
v  -2.3494 -1.3020 -0.4009
v  -2.3571 -1.2918 -0.3988
v  -2.3614 -1.2828 -0.3979
v  -2.3329 -1.2827 -0.3576
v  -2.3380 -1.2715 -0.3563
v  -2.3246 -1.2946 -0.3614
v  -2.3004 -1.2880 -0.3161
v  -2.3110 -1.2756 -0.3095
v  -2.3174 -1.2618 -0.3073
v  -2.2928 -1.2686 -0.2571
v  -2.2996 -1.2539 -0.2537
v  -2.2808 -1.2813 -0.2668
v  -2.2618 -1.2724 -0.2180
v  -2.2759 -1.2621 -0.2054
v  -2.2851 -1.2475 -0.2002
v  -2.2537 -1.2505 -0.1618
v  -2.2640 -1.2376 -0.1562
v  -2.2397 -1.2596 -0.1745
v  -2.2150 -1.2413 -0.1411
v  -2.2271 -1.2336 -0.1298
v  -2.2357 -1.2233 -0.1248
v  -2.1988 -1.2164 -0.1084
v  -2.2056 -1.2075 -0.1042
v  -2.1889 -1.2241 -0.1190
v  -2.1623 -1.2095 -0.1030
v  -2.1707 -1.2007 -0.0933
v  -2.1764 -1.1921 -0.0899
v  -2.1441 -1.1866 -0.0819
v  -2.1494 -1.1777 -0.0796
v  -2.1361 -1.1968 -0.0903
v  -2.1109 -1.1856 -0.0790
v  -2.1191 -1.1743 -0.0713
v  -2.1249 -1.1647 -0.0693
v  -2.0745 -1.1521 -0.0478
v  -2.0816 -1.1418 -0.0448
v  -2.1025 -1.1529 -0.0576
v  -2.0960 -1.1630 -0.0601
v  -2.0873 -1.1748 -0.0682
v  -2.0654 -1.1636 -0.0568
v  -2.0541 -1.1410 -0.0339
v  -2.0612 -1.1312 -0.0307
v  -2.0450 -1.1521 -0.0428
v  -2.0232 -1.1411 -0.0269
v  -2.0324 -1.1297 -0.0185
v  -2.0396 -1.1199 -0.0153
v  -2.0064 -1.1172 -0.0030
v  -1.9772 -1.1023 0.0089
v  -1.9848 -1.0910 0.0127
v  -2.0140 -1.1065 0.0003
v  -1.9970 -1.1293 -0.0113
v  -1.9684 -1.1143 -0.0000
v  -1.9467 -1.0854 0.0154
v  -1.9532 -1.0741 0.0195
v  -1.9397 -1.0974 0.0063
v  -1.9102 -1.0797 0.0111
v  -1.9155 -1.0675 0.0201
v  -1.9208 -1.0564 0.0229
v  -2.3073 -1.3040 -0.3692
v  -2.3326 -1.3124 -0.4054
v  -2.3120 -1.3213 -0.4109
v  -2.2873 -1.3112 -0.3783
v  -2.2824 -1.2955 -0.3276
v  -2.2626 -1.3006 -0.3402
v  -2.2237 -1.2947 -0.3094
v  -2.2417 -1.2924 -0.2962
v  -2.2451 -1.3048 -0.3510
v  -2.2032 -1.2860 -0.2660
v  -2.2217 -1.2843 -0.2511
v  -2.2620 -1.2884 -0.2810
v  -2.2426 -1.2799 -0.2341
v  -2.1816 -1.2738 -0.2265
v  -2.1999 -1.2734 -0.2093
v  -2.1599 -1.2588 -0.1956
v  -2.1776 -1.2570 -0.1768
v  -2.2208 -1.2679 -0.1910
v  -2.1974 -1.2498 -0.1578
v  -2.1733 -1.2336 -0.1361
v  -2.1553 -1.2432 -0.1557
v  -2.1323 -1.2324 -0.1409
v  -2.1485 -1.2210 -0.1204
v  -2.0984 -1.1996 -0.0967
v  -2.1232 -1.2102 -0.1073
v  -2.1085 -1.2224 -0.1289
v  -2.0849 -1.2120 -0.1190
v  -2.0751 -1.1882 -0.0871
v  -2.0623 -1.2006 -0.1101
v  -2.0407 -1.1887 -0.0999
v  -2.0532 -1.1771 -0.0760
v  -2.0327 -1.1662 -0.0612
v  -2.0201 -1.1763 -0.0862
v  -1.9987 -1.1639 -0.0699
v  -2.0110 -1.1554 -0.0447
v  -1.9854 -1.1434 -0.0283
v  -1.9742 -1.1518 -0.0525
v  -1.9486 -1.1385 -0.0385
v  -1.9580 -1.1280 -0.0166
v  -2.3117 -1.3378 -0.4407
v  -2.3288 -1.3460 -0.4644
v  -2.3093 -1.3655 -0.4628
v  -2.2898 -1.3463 -0.4407
v  -2.2930 -1.3286 -0.4157
v  -2.3328 -1.3290 -0.4384
v  -2.3513 -1.3374 -0.4667
v  -2.3537 -1.3197 -0.4357
v  -2.3729 -1.3295 -0.4672
v  -2.2696 -1.3172 -0.3860
v  -2.2263 -1.5015 -0.6834
v  -2.2349 -1.5168 -0.6863
v  -2.2086 -1.5115 -0.6715
v  -2.2145 -1.5313 -0.6737
v  -2.1885 -1.5335 -0.6581
v  -2.1889 -1.5159 -0.6592
v  -2.2755 -1.5172 -0.7222
v  -2.2619 -1.5055 -0.7201
v  -2.2552 -1.5160 -0.7074
v  -2.2662 -1.5261 -0.7105
v  -2.1899 -1.5632 -0.6508
v  -2.2084 -1.5639 -0.6749
v  -2.2098 -1.5498 -0.6712
v  -2.1896 -1.5487 -0.6534
v  -2.2424 -1.5296 -0.6954
v  -2.2277 -1.5426 -0.6885
v  -2.2339 -1.5530 -0.6994
v  -2.2500 -1.5397 -0.7054
v  -2.2217 -1.5617 -0.6906
v  -2.2199 -1.5519 -0.6844
v  -2.2877 -1.5220 -0.7230
v  -2.2757 -1.5331 -0.7137
v  -2.2844 -1.5399 -0.7179
v  -2.2980 -1.5276 -0.7251
v  -2.1894 -1.5772 -0.6524
v  -2.2092 -1.5764 -0.6772
v  -2.1910 -1.5921 -0.6532
v  -2.2129 -1.5890 -0.6776
v  -2.2583 -1.5476 -0.7105
v  -2.2406 -1.5623 -0.7049
v  -2.2481 -1.5717 -0.7073
v  -2.2665 -1.5558 -0.7148
v  -2.2255 -1.5716 -0.6937
v  -2.2314 -1.5824 -0.6948
v  -2.1957 -1.6098 -0.6505
v  -2.2101 -1.6301 -0.6398
v  -2.2380 -1.6196 -0.6663
v  -2.2202 -1.6040 -0.6756
v  -2.3060 -1.5367 -0.7294
v  -2.2935 -1.5493 -0.7216
v  -2.3083 -1.5597 -0.7238
v  -2.3170 -1.5452 -0.7315
v  -2.2766 -1.5662 -0.7166
v  -2.2583 -1.5827 -0.7069
v  -2.2764 -1.5952 -0.7022
v  -2.2940 -1.5780 -0.7152
v  -2.2406 -1.5948 -0.6935
v  -2.2589 -1.6083 -0.6863
v  -2.3384 -1.5508 -0.7270
v  -2.3575 -1.5452 -0.7174
v  -2.3373 -1.5692 -0.7170
v  -2.3708 -1.5563 -0.6943
v  -2.3654 -1.5363 -0.7127
v  -2.3788 -1.5299 -0.6953
v  -2.2422 -1.6459 -0.6143
v  -2.2724 -1.6336 -0.6452
v  -2.2780 -1.6436 -0.5769
v  -2.3119 -1.6321 -0.6105
v  -2.3276 -1.5892 -0.7031
v  -2.3108 -1.6059 -0.6851
v  -2.3419 -1.5913 -0.6496
v  -2.3621 -1.5798 -0.6710
v  -2.2936 -1.6197 -0.6673
v  -2.3299 -1.6115 -0.6326
v  -2.3967 -1.5030 -0.6578
v  -2.3997 -1.5282 -0.6451
v  -2.4075 -1.4896 -0.5989
v  -2.4014 -1.4701 -0.6148
v  -2.3092 -1.6180 -0.5291
v  -2.3257 -1.5697 -0.4814
v  -2.3573 -1.5574 -0.5147
v  -2.3437 -1.6050 -0.5635
v  -2.3888 -1.5504 -0.6252
v  -2.3996 -1.5084 -0.5786
v  -2.3644 -1.5609 -0.6067
v  -2.3786 -1.5212 -0.5612
v  -2.3574 -1.5827 -0.5883
v  -2.3692 -1.5388 -0.5414
v  -2.3791 -1.3971 -0.5487
v  -2.3829 -1.3733 -0.5435
v  -2.3940 -1.4013 -0.6058
v  -2.3869 -1.4152 -0.5939
v  -2.3892 -1.4289 -0.5866
v  -2.3869 -1.4198 -0.5524
v  -2.3221 -1.5097 -0.4427
v  -2.3020 -1.4497 -0.4271
v  -2.3281 -1.4455 -0.4502
v  -2.3502 -1.5014 -0.4722
v  -2.3968 -1.4469 -0.5871
v  -2.4001 -1.4520 -0.5671
v  -2.3600 -1.3919 -0.5082
v  -2.3484 -1.3686 -0.5023
v  -2.3785 -1.4222 -0.5177
v  -2.3628 -1.4314 -0.4897
v  -2.3395 -1.3970 -0.4783
v  -2.3471 -1.3538 -0.4908
v  -2.3698 -1.3506 -0.5014
v  -2.3114 -1.4037 -0.4508
v  -2.2862 -1.4062 -0.4329
v  -2.2753 -1.3764 -0.4411
v  -2.3467 -1.4414 -0.4704
v  -2.3299 -1.4093 -0.4634
v  -2.2675 -1.3565 -0.4345
v  -2.3656 -1.4891 -0.4977
v  -2.3795 -1.4761 -0.5189
v  -2.3953 -1.4636 -0.5413
v  -2.3919 -1.3438 -0.5073
v  -2.4039 -1.3601 -0.5590
v  -2.4108 -1.3355 -0.5091
v  -2.4257 -1.3456 -0.5687
v  -2.4226 -1.3274 -0.5072
v  -2.4300 -1.3170 -0.5052
v  -2.4433 -1.3225 -0.5505
v  -2.4367 -1.3325 -0.5534
v  -2.4983 -1.4207 -0.8476
v  -2.5161 -1.4266 -0.8738
v  -2.4966 -1.4477 -0.8803
v  -2.4779 -1.4404 -0.8585
v  -2.4637 -1.4351 -0.8343
v  -2.4849 -1.4146 -0.8207
v  -2.4526 -1.4308 -0.8099
v  -2.4762 -1.4073 -0.7935
v  -2.4411 -1.4302 -0.7844
v  -2.4708 -1.3993 -0.7585
v  -2.4283 -1.4379 -0.7572
v  -2.4162 -1.4502 -0.7325
v  -2.4371 -1.4127 -0.6833
v  -2.4518 -1.4079 -0.7247
v  -2.4059 -1.4626 -0.7141
v  -2.4171 -1.4286 -0.6683
v  -2.4088 -1.3871 -0.6177
v  -2.4252 -1.3734 -0.6276
v  -2.4687 -1.3846 -0.6960
v  -2.4842 -1.3731 -0.6716
v  -2.4974 -1.3731 -0.7065
v  -2.4853 -1.3840 -0.7262
v  -2.4505 -1.3775 -0.6618
v  -2.4658 -1.3622 -0.6346
v  -2.4388 -1.3639 -0.6312
v  -2.4470 -1.3497 -0.6036
v  -2.4586 -1.3430 -0.5860
v  -2.4685 -1.3355 -0.5793
v  -2.4970 -1.3500 -0.6059
v  -2.4819 -1.3582 -0.6152
v  -2.4974 -1.3649 -0.6567
v  -2.5079 -1.3542 -0.6512
v  -2.5142 -1.3566 -0.6936
v  -2.5079 -1.3641 -0.6962
v  -2.3266 -1.2488 -1.5393
v  -2.3124 -1.2474 -1.5748
v  -2.2895 -1.2615 -1.5547
v  -2.3067 -1.2655 -1.5212
v  -2.3431 -1.2359 -1.5479
v  -2.3313 -1.2282 -1.5847
v  -2.2789 -1.2897 -1.4939
v  -2.2623 -1.2771 -1.5300
v  -2.2318 -1.2884 -1.5000
v  -2.2465 -1.3111 -1.4642
v  -2.2152 -1.3155 -1.4363
v  -2.2048 -1.2890 -1.4633
v  -2.1874 -1.2826 -1.4225
v  -2.1955 -1.3057 -1.4046
v  -2.1815 -1.2945 -1.3686
v  -2.1686 -1.2775 -1.3847
v  -2.1380 -1.2838 -1.3510
v  -2.1562 -1.2986 -1.3316
v  -2.1202 -1.3128 -1.2886
v  -2.0999 -1.3013 -1.3114
v  -2.0608 -1.3215 -1.2679
v  -2.0828 -1.3292 -1.2423
v  -2.0515 -1.3472 -1.1981
v  -2.0297 -1.3337 -1.2212
v  -2.0064 -1.3361 -1.1761
v  -2.0234 -1.3570 -1.1575
v  -1.9986 -1.3502 -1.1233
v  -1.9854 -1.3326 -1.1399
v  -1.9605 -1.3307 -1.1143
v  -1.9718 -1.3430 -1.0980
v  -1.9421 -1.3397 -1.0793
v  -1.9324 -1.3316 -1.0970
v  -1.9023 -1.3316 -1.0836
v  -1.9105 -1.3380 -1.0646
v  -1.8770 -1.3374 -1.0521
v  -1.8393 -1.3349 -1.0392
v  -1.8696 -1.3301 -1.0715
v  -1.8325 -1.3262 -1.0592
v  -1.7952 -1.3271 -1.0235
v  -1.7895 -1.3188 -1.0444
v  -1.7406 -1.3059 -1.0276
v  -1.7469 -1.3115 -1.0054
v  -1.6965 -1.2860 -0.9856
v  -1.6437 -1.2527 -0.9614
v  -1.6871 -1.2843 -1.0067
v  -1.6334 -1.2530 -0.9768
v  -2.0843 -1.2772 -1.3234
v  -2.1240 -1.2592 -1.3597
v  -2.1205 -1.2252 -1.3538
v  -2.0818 -1.2418 -1.3177
v  -2.0474 -1.2614 -1.2775
v  -2.0484 -1.2959 -1.2790
v  -2.0212 -1.3057 -1.2317
v  -2.0194 -1.2721 -1.2354
v  -1.9950 -1.2767 -1.1957
v  -1.9987 -1.3095 -1.1879
v  -1.9768 -1.3096 -1.1524
v  -1.9716 -1.2783 -1.1616
v  -1.9468 -1.2788 -1.1350
v  -1.9523 -1.3095 -1.1263
v  -1.9263 -1.3098 -1.1077
v  -1.9217 -1.2791 -1.1157
v  -1.8949 -1.2778 -1.1016
v  -1.8978 -1.3092 -1.0940
v  -1.8660 -1.3064 -1.0834
v  -1.8305 -1.3007 -1.0721
v  -1.8653 -1.2734 -1.0915
v  -1.8333 -1.2659 -1.0787
v  -1.7896 -1.2923 -1.0589
v  -1.7430 -1.2783 -1.0429
v  -1.7978 -1.2559 -1.0610
v  -1.7571 -1.2418 -1.0384
v  -1.6901 -1.2566 -1.0228
v  -1.6333 -1.2315 -0.9943
v  -1.7079 -1.2215 -1.0136
v  -1.6501 -1.1991 -0.9869
v  -1.6768 -1.3103 -0.6322
v  -1.6438 -1.2906 -0.5904
v  -1.6607 -1.2818 -0.5833
v  -1.6945 -1.2978 -0.6247
v  -1.5670 -1.2464 -0.6114
v  -1.5720 -1.2631 -0.5962
v  -1.5684 -1.2271 -0.6225
v  -1.5569 -1.2249 -0.5999
v  -1.5528 -1.2366 -0.5841
v  -1.5581 -1.2510 -0.5690
v  -1.5852 -1.2741 -0.5825
v  -1.5719 -1.2627 -0.5581
v  -1.5881 -1.2701 -0.5557
v  -1.6015 -1.2785 -0.5709
v  -1.7226 -1.2849 -0.6108
v  -1.7074 -1.2852 -0.6193
v  -1.6742 -1.2732 -0.5775
v  -1.6898 -1.2631 -0.5669
v  -1.6172 -1.2770 -0.5600
v  -1.5945 -1.2638 -0.5431
v  -1.6091 -1.2524 -0.5351
v  -1.6339 -1.2695 -0.5508
v  -1.5723 -1.2510 -0.5393
v  -1.5534 -1.2369 -0.5477
v  -1.5685 -1.2196 -0.5429
v  -1.5854 -1.2356 -0.5326
v  -1.5478 -1.2215 -0.5675
v  -1.5588 -1.2119 -0.5924
v  -1.5699 -1.2027 -0.5892
v  -1.5642 -1.2071 -0.5658
v  -1.6775 -1.2048 -0.8047
v  -1.6570 -1.2035 -0.7597
v  -1.6883 -1.2026 -0.8434
v  -1.6719 -1.1742 -0.8323
v  -1.6809 -1.1749 -0.7951
v  -1.6680 -1.1741 -0.7510
v  -1.6632 -1.2041 -0.8720
v  -1.6350 -1.1749 -0.8540
v  -1.6313 -1.2086 -0.8909
v  -1.5926 -1.1820 -0.8627
v  -1.6108 -1.2144 -0.9049
v  -1.5645 -1.1923 -0.8697
v  -1.5967 -1.2173 -0.9180
v  -1.5450 -1.1979 -0.8809
v  -1.5853 -1.2176 -0.9297
v  -1.5295 -1.1975 -0.8958
v  -1.5766 -1.2170 -0.9394
v  -1.5180 -1.1947 -0.9111
v  -1.5834 -1.1788 -0.9579
v  -1.5711 -1.2054 -0.9573
v  -1.5253 -1.1608 -0.9339
v  -1.5138 -1.1825 -0.9289
v  -1.4794 -1.1618 -0.9088
v  -1.4780 -1.1782 -0.8894
v  -1.4948 -1.1444 -0.9169
v  -1.4892 -1.1267 -0.9018
v  -1.4708 -1.1419 -0.8874
v  -1.4647 -1.1602 -0.8759
v  -1.4914 -1.1820 -0.8679
v  -1.4754 -1.1540 -0.8570
v  -1.4970 -1.1468 -0.8408
v  -1.5112 -1.1791 -0.8493
v  -1.4812 -1.1304 -0.8686
v  -1.5001 -1.1231 -0.8561
v  -1.4972 -1.1154 -0.8848
v  -1.5073 -1.1119 -0.8717
v  -1.5357 -1.1708 -0.8396
v  -1.5229 -1.1398 -0.8326
v  -1.5607 -1.1340 -0.8367
v  -1.5699 -1.1595 -0.8389
v  -1.5111 -1.1318 -0.9222
v  -1.5136 -1.1165 -0.9145
v  -1.5409 -1.1372 -0.9364
v  -1.5518 -1.1115 -0.9320
v  -1.5239 -1.1163 -0.8511
v  -1.5604 -1.1107 -0.8517
v  -1.5268 -1.1045 -0.8751
v  -1.5627 -1.0971 -0.8796
v  -1.5211 -1.1050 -0.8971
v  -1.5596 -1.0966 -0.9090
v  -1.9846 -1.3411 -0.3976
v  -1.9718 -1.3096 -0.4144
v  -1.9487 -1.3089 -0.3773
v  -1.9613 -1.3373 -0.3592
v  -1.9000 -1.4148 -0.3148
v  -1.9209 -1.3738 -0.3170
v  -1.8886 -1.3696 -0.2887
v  -1.8659 -1.4084 -0.2837
v  -1.8395 -1.4032 -0.2542
v  -1.8640 -1.3657 -0.2635
v  -1.8378 -1.3613 -0.2357
v  -1.8128 -1.3983 -0.2215
v  -1.9526 -1.2872 -0.4256
v  -1.9153 -1.3000 -0.4287
v  -1.8967 -1.3039 -0.3924
v  -1.9308 -1.2914 -0.3879
v  -1.9264 -1.3380 -0.3293
v  -1.9186 -1.3138 -0.3453
v  -1.8900 -1.3158 -0.3153
v  -1.8953 -1.3376 -0.3013
v  -1.8708 -1.3349 -0.2770
v  -1.8659 -1.3130 -0.2895
v  -1.8395 -1.3076 -0.2625
v  -1.8461 -1.3297 -0.2492
v  -1.9034 -1.3021 -0.3556
v  -1.8732 -1.3138 -0.3603
v  -1.8466 -1.3179 -0.3308
v  -1.8749 -1.3105 -0.3265
v  -1.8624 -1.3383 -0.4167
v  -1.8425 -1.3352 -0.3815
v  -1.7983 -1.3539 -0.4152
v  -1.7787 -1.3421 -0.3787
v  -1.8487 -1.3106 -0.3004
v  -1.8227 -1.3011 -0.2729
v  -1.8208 -1.3183 -0.3033
v  -1.7957 -1.3058 -0.2760
v  -1.7467 -1.3329 -0.4384
v  -1.7623 -1.3495 -0.4253
v  -1.7253 -1.3176 -0.4006
v  -1.7430 -1.3331 -0.3878
v  -1.8196 -1.3325 -0.3530
v  -1.7968 -1.3266 -0.3264
v  -1.7604 -1.3313 -0.3500
v  -1.7443 -1.3211 -0.3244
v  -1.7760 -1.3193 -0.2997
v  -1.7575 -1.3060 -0.2726
v  -1.7303 -1.3109 -0.2985
v  -1.7193 -1.2968 -0.2716
v  -1.7522 -1.3044 -0.4456
v  -1.7664 -1.2767 -0.4457
v  -1.7381 -1.2636 -0.4109
v  -1.7274 -1.2904 -0.4097
v  -1.7258 -1.3202 -0.3580
v  -1.7111 -1.3098 -0.3316
v  -1.7062 -1.3063 -0.3698
v  -1.6890 -1.2973 -0.3420
v  -1.6998 -1.2991 -0.3044
v  -1.6781 -1.2868 -0.3120
v  -1.6753 -1.2708 -0.2814
v  -1.6933 -1.2842 -0.2763
v  -1.7676 -1.2513 -0.4484
v  -1.7301 -1.2439 -0.4160
v  -1.7468 -1.2358 -0.4588
v  -1.7088 -1.2275 -0.4247
v  -1.7021 -1.2830 -0.3798
v  -1.7078 -1.2592 -0.3815
v  -1.6832 -1.2559 -0.3512
v  -1.6804 -1.2777 -0.3503
v  -1.6687 -1.2692 -0.3169
v  -1.6671 -1.2540 -0.2833
v  -1.6662 -1.2497 -0.3185
v  -1.6571 -1.2367 -0.2835
v  -1.6949 -1.2431 -0.3872
v  -1.6679 -1.2396 -0.3557
v  -1.6731 -1.2253 -0.3947
v  -1.6434 -1.2214 -0.3638
v  -1.6485 -1.2334 -0.3218
v  -1.6327 -1.2245 -0.2842
v  -1.6212 -1.2146 -0.3296
v  -1.6015 -1.2056 -0.2895
v  -2.4225 -1.5326 -1.0182
v  -2.4203 -1.5301 -1.0387
v  -2.4240 -1.5310 -1.0021
v  -2.4458 -1.5291 -1.0193
v  -2.4481 -1.5256 -1.0373
v  -2.4554 -1.5130 -1.0661
v  -2.4467 -1.5299 -1.0074
v  -2.4284 -1.5255 -0.9936
v  -2.4337 -1.5203 -0.9875
v  -2.4490 -1.5281 -0.9983
v  -2.4560 -1.5390 -1.0144
v  -2.4567 -1.5368 -1.0284
v  -2.4571 -1.5382 -1.0029
v  -2.4666 -1.5441 -1.0065
v  -2.4659 -1.5451 -1.0182
v  -2.4670 -1.5436 -1.0330
v  -2.4376 -1.5166 -0.9777
v  -2.4393 -1.5123 -0.9674
v  -2.4532 -1.5142 -0.9755
v  -2.4511 -1.5231 -0.9878
v  -2.4378 -1.5097 -0.9588
v  -2.4433 -1.5087 -0.9583
v  -2.4589 -1.5338 -0.9919
v  -2.4622 -1.5285 -0.9813
v  -2.4718 -1.5372 -0.9863
v  -2.4683 -1.5413 -0.9962
v  -2.4483 -1.5097 -0.9519
v  -2.4554 -1.5104 -0.9409
v  -2.4681 -1.5109 -0.9526
v  -2.4601 -1.5127 -0.9648
v  -2.4683 -1.5238 -0.9704
v  -2.4780 -1.5192 -0.9586
v  -2.4883 -1.5261 -0.9654
v  -2.4781 -1.5321 -0.9761
v  -2.4663 -1.5049 -0.9277
v  -2.4809 -1.5056 -0.9389
v  -2.4777 -1.4967 -0.9152
v  -2.4944 -1.4980 -0.9266
v  -2.4863 -1.5418 -1.0564
v  -2.4817 -1.5464 -1.0374
v  -2.4961 -1.5459 -1.0407
v  -2.5011 -1.5412 -1.0584
v  -2.5082 -1.5323 -1.0782
v  -2.4941 -1.5327 -1.0785
v  -2.4793 -1.5301 -1.0773
v  -2.4712 -1.5390 -1.0526
v  -2.4799 -1.5473 -1.0229
v  -2.4799 -1.5462 -1.0116
v  -2.4931 -1.5464 -1.0164
v  -2.4936 -1.5474 -1.0269
v  -2.4813 -1.5441 -1.0024
v  -2.4847 -1.5411 -0.9937
v  -2.4972 -1.5416 -1.0010
v  -2.4941 -1.5445 -1.0082
v  -2.5005 -1.5305 -0.9758
v  -2.5113 -1.5317 -0.9867
v  -2.5028 -1.5374 -0.9934
v  -2.4908 -1.5367 -0.9845
v  -2.5109 -1.5351 -1.0571
v  -2.5178 -1.5276 -1.0749
v  -2.5057 -1.5398 -1.0411
v  -2.5117 -1.5310 -1.0408
v  -2.5168 -1.5265 -1.0547
v  -2.5239 -1.5199 -1.0703
v  -2.5035 -1.5419 -1.0289
v  -2.5030 -1.5419 -1.0198
v  -2.5087 -1.5333 -1.0228
v  -2.5093 -1.5332 -1.0304
v  -2.5036 -1.5404 -1.0130
v  -2.5059 -1.5377 -1.0072
v  -2.5108 -1.5292 -1.0126
v  -2.5092 -1.5320 -1.0172
v  -2.5101 -1.5333 -1.0011
v  -2.5170 -1.5278 -0.9955
v  -2.5192 -1.5196 -1.0021
v  -2.5138 -1.5249 -1.0073
v  -2.5278 -1.5219 -0.9914
v  -2.5281 -1.5138 -0.9978
v  -2.5238 -1.5251 -0.9815
v  -2.5396 -1.5199 -0.9804
v  -2.5412 -1.5165 -0.9906
v  -2.5394 -1.5077 -0.9953
v  -2.5559 -1.5113 -0.9939
v  -2.5535 -1.5021 -0.9962
v  -2.5574 -1.5166 -0.9862
v  -2.5752 -1.5132 -0.9976
v  -2.5715 -1.5064 -1.0023
v  -2.5684 -1.4969 -1.0028
v  -2.5857 -1.5014 -1.0172
v  -2.5909 -1.5093 -1.0145
v  -2.6032 -1.5034 -1.0352
v  -2.5962 -1.4952 -1.0368
v  -2.5823 -1.4916 -1.0164
v  -2.5928 -1.4847 -1.0343
v  -2.6025 -1.4850 -1.0574
v  -2.5986 -1.4747 -1.0535
v  -2.6110 -1.4928 -1.0574
v  -2.6152 -1.4788 -1.0790
v  -2.6070 -1.4717 -1.0767
v  -2.6023 -1.4630 -1.0720
v  -2.6077 -1.4583 -1.0950
v  -2.6027 -1.4494 -1.1121
v  -2.5964 -1.4455 -1.1061
v  -2.6026 -1.4517 -1.0899
v  -2.6159 -1.4647 -1.0992
v  -2.6121 -1.4528 -1.1176
v  -2.5929 -1.4481 -1.1265
v  -2.6012 -1.4473 -1.1344
v  -2.5871 -1.4516 -1.1467
v  -2.5812 -1.4532 -1.1363
v  -2.5769 -1.4520 -1.1268
v  -2.5871 -1.4466 -1.1185
v  -2.5727 -1.4626 -1.1520
v  -2.5699 -1.4632 -1.1405
v  -2.5596 -1.4795 -1.1496
v  -2.5602 -1.4778 -1.1373
v  -2.5591 -1.4737 -1.1269
v  -2.5675 -1.4613 -1.1302
v  -2.5491 -1.4934 -1.1262
v  -2.5498 -1.4874 -1.1165
v  -2.5451 -1.4966 -1.1379
v  -2.5301 -1.5107 -1.1196
v  -2.5372 -1.5075 -1.1103
v  -2.5407 -1.5008 -1.1019
v  -2.5176 -1.5219 -1.0989
v  -2.5263 -1.5182 -1.0929
v  -2.5316 -1.5113 -1.0863
v  -2.5499 -1.4906 -0.9961
v  -2.5450 -1.4775 -0.9950
v  -2.5321 -1.4841 -1.0002
v  -2.5363 -1.4966 -0.9982
v  -2.5650 -1.4851 -1.0011
v  -2.5610 -1.4716 -0.9986
v  -2.5787 -1.4797 -1.0137
v  -2.5892 -1.4729 -1.0304
v  -2.5851 -1.4598 -1.0259
v  -2.5748 -1.4661 -1.0103
v  -2.5950 -1.4633 -1.0484
v  -2.5910 -1.4509 -1.0427
v  -2.5981 -1.4529 -1.0659
v  -2.5939 -1.4415 -1.0593
v  -2.5981 -1.4436 -1.0830
v  -2.5912 -1.4397 -1.0980
v  -2.5859 -1.4320 -1.0894
v  -2.5928 -1.4342 -1.0756
v  -2.5820 -1.4420 -1.1087
v  -2.5725 -1.4479 -1.1156
v  -2.5671 -1.4414 -1.1043
v  -2.5765 -1.4348 -1.0988
v  -2.5641 -1.4565 -1.1186
v  -2.5566 -1.4677 -1.1157
v  -2.5531 -1.4607 -1.1038
v  -2.5596 -1.4503 -1.1064
v  -2.5413 -1.4915 -1.0931
v  -2.5340 -1.5012 -1.0792
v  -2.5268 -1.5092 -1.0654
v  -2.5279 -1.4966 -1.0602
v  -2.5342 -1.4893 -1.0717
v  -2.5405 -1.4809 -1.0838
v  -2.5487 -1.4797 -1.1064
v  -2.5466 -1.4710 -1.0955
v  -2.5706 -1.4512 -1.0069
v  -2.5561 -1.4567 -0.9962
v  -2.5806 -1.4456 -1.0216
v  -2.5747 -1.4307 -1.0191
v  -2.5651 -1.4360 -1.0063
v  -2.5499 -1.4406 -0.9998
v  -2.5864 -1.4375 -1.0372
v  -2.5798 -1.4247 -1.0332
v  -2.5886 -1.4292 -1.0532
v  -2.5789 -1.4186 -1.0479
v  -2.5855 -1.4240 -1.0687
v  -2.5781 -1.4238 -1.0812
v  -2.5682 -1.4167 -1.0718
v  -2.5757 -1.4158 -1.0618
v  -2.5690 -1.4274 -1.0892
v  -2.5604 -1.4345 -1.0930
v  -2.5533 -1.4277 -1.0803
v  -2.5608 -1.4211 -1.0786
v  -2.5539 -1.4438 -1.0940
v  -2.5486 -1.4537 -1.0913
v  -2.5443 -1.4451 -1.0778
v  -2.5485 -1.4370 -1.0813
v  -2.5435 -1.4623 -1.0839
v  -2.5407 -1.4526 -1.0724
v  -2.5385 -1.4700 -1.0740
v  -2.5365 -1.4571 -1.0643
v  -2.5132 -1.5234 -1.0327
v  -2.5154 -1.5207 -1.0414
v  -2.5124 -1.5238 -1.0262
v  -2.5146 -1.5163 -1.0288
v  -2.5157 -1.5135 -1.0338
v  -2.5180 -1.5094 -1.0410
v  -2.5409 -1.4189 -1.0415
v  -2.5414 -1.4333 -1.0627
v  -2.5389 -1.4406 -1.0618
v  -2.5361 -1.4404 -1.0546
v  -2.5634 -1.4121 -1.0434
v  -2.5638 -1.4115 -1.0543
v  -2.5561 -1.4132 -1.0592
v  -2.5127 -1.5218 -1.0215
v  -2.5154 -1.5119 -1.0261
v  -2.5140 -1.5182 -1.0173
v  -2.5167 -1.5064 -1.0219
v  -2.5608 -1.4188 -1.0244
v  -2.5438 -1.4273 -1.0141
v  -2.5565 -1.4250 -1.0143
v  -2.5675 -1.4161 -1.0330
v  -2.5531 -1.4173 -1.0664
v  -2.5471 -1.4219 -1.0644
v  -2.5447 -1.4297 -1.0679
v  -2.5323 -1.4630 -1.0570
v  -2.5331 -1.4767 -1.0641
v  -2.5278 -1.4833 -1.0545
v  -2.5282 -1.4672 -1.0489
v  -2.5329 -1.4473 -1.0514
v  -2.5304 -1.4468 -1.0438
v  -2.5260 -1.4410 -1.0251
v  -2.5229 -1.4622 -1.0139
v  -2.5333 -1.4485 -1.0011
v  -2.5319 -1.4355 -1.0126
v  -2.5202 -1.5158 -1.0526
v  -2.5221 -1.5036 -1.0499
v  -2.5173 -1.5041 -1.0315
v  -2.5196 -1.4974 -1.0379
v  -2.5184 -1.4954 -1.0267
v  -2.5205 -1.4850 -1.0325
v  -2.5231 -1.4903 -1.0457
v  -2.5238 -1.4751 -1.0404
v  -2.5165 -1.5137 -1.0124
v  -2.5186 -1.5006 -1.0167
v  -2.5208 -1.5085 -1.0073
v  -2.5215 -1.4952 -1.0112
v  -2.5256 -1.4908 -1.0059
v  -2.5273 -1.5027 -1.0026
v  -2.5198 -1.4870 -1.0202
v  -2.5215 -1.4725 -1.0253
v  -2.5216 -1.4813 -1.0137
v  -2.5238 -1.4805 -1.0085
v  -2.5271 -1.4721 -1.0037
v  -2.5384 -1.4633 -0.9946
v  -2.5249 -1.4569 -1.0343
v  -2.4604 -1.5322 -1.0481
v  -2.4681 -1.5232 -1.0745
v  -2.5049 -1.5213 -1.1041
v  -2.5190 -1.5097 -1.1305
v  -2.5063 -1.5055 -1.1416
v  -2.4914 -1.5181 -1.1085
v  -2.5367 -1.4949 -1.1527
v  -2.5257 -1.4889 -1.1678
v  -2.5559 -1.4767 -1.1661
v  -2.5491 -1.4694 -1.1836
v  -2.5754 -1.4584 -1.1682
v  -2.5755 -1.4494 -1.1868
v  -2.5952 -1.4466 -1.1610
v  -2.6050 -1.4332 -1.1804
v  -2.6273 -1.4364 -1.1526
v  -2.6139 -1.4436 -1.1441
v  -2.6276 -1.4555 -1.1238
v  -2.6507 -1.4545 -1.1301
v  -2.6614 -1.4403 -1.1450
v  -2.6719 -1.4277 -1.1496
v  -2.6478 -1.4143 -1.1624
v  -2.6389 -1.4262 -1.1594
v  -2.6328 -1.4052 -1.1870
v  -2.6231 -1.4187 -1.1838
v  -2.6313 -1.4687 -1.1013
v  -2.6291 -1.4812 -1.0763
v  -2.6446 -1.4804 -1.0710
v  -2.6500 -1.4698 -1.1002
v  -2.6239 -1.4938 -1.0507
v  -2.6372 -1.4924 -1.0425
v  -2.6145 -1.5050 -1.0265
v  -2.6266 -1.5034 -1.0160
v  -2.5997 -1.5117 -1.0051
v  -2.6099 -1.5100 -0.9933
v  -2.5803 -1.5147 -0.9870
v  -2.5864 -1.5112 -0.9746
v  -2.5147 -1.5227 -0.9683
v  -2.5036 -1.5185 -0.9548
v  -2.5253 -1.5103 -0.9464
v  -2.5335 -1.5171 -0.9657
v  -2.4927 -1.5126 -0.9458
v  -2.5080 -1.5037 -0.9351
v  -2.5568 -1.5155 -0.9728
v  -2.5578 -1.5105 -0.9593
v  -2.4872 -1.4885 -0.9059
v  -2.4991 -1.4756 -0.9007
v  -2.5186 -1.4799 -0.9142
v  -2.5052 -1.4906 -0.9178
v  -2.5195 -1.4947 -0.9281
v  -2.5367 -1.4989 -0.9383
v  -2.5338 -1.4857 -0.9259
v  -2.5452 -1.4912 -0.9350
v  -2.5185 -1.4557 -0.8996
v  -2.5405 -1.4657 -0.9153
v  -2.5391 -1.4370 -0.8970
v  -2.5628 -1.4516 -0.9161
v  -2.5575 -1.4767 -0.9298
v  -2.5662 -1.4882 -0.9421
v  -2.5810 -1.4665 -0.9346
v  -2.5979 -1.4829 -0.9557
v  -2.5635 -1.4999 -0.9508
v  -2.5930 -1.5003 -0.9652
v  -2.6179 -1.5011 -0.9832
v  -2.6241 -1.4887 -0.9763
v  -2.6422 -1.4868 -0.9995
v  -2.6349 -1.4954 -1.0075
v  -2.6468 -1.4850 -1.0349
v  -2.6566 -1.4800 -1.0268
v  -2.6704 -1.4736 -1.0561
v  -2.6579 -1.4755 -1.0642
v  -2.6761 -1.4566 -1.1208
v  -2.6692 -1.4681 -1.0954
v  -2.6834 -1.4628 -1.0839
v  -2.6964 -1.4423 -1.1105
v  -2.6893 -1.4374 -1.1375
v  -2.6782 -1.4472 -1.1360
v  -2.6907 -1.4603 -1.0648
v  -2.6793 -1.4725 -1.0444
v  -2.6839 -1.4713 -1.0309
v  -2.6929 -1.4614 -1.0384
v  -2.7027 -1.4480 -1.0413
v  -2.7006 -1.4460 -1.0730
v  -2.6669 -1.4809 -1.0168
v  -2.6777 -1.4772 -1.0082
v  -2.6527 -1.4858 -0.9890
v  -2.6662 -1.4838 -0.9712
v  -2.6905 -1.4654 -1.0047
v  -2.6862 -1.4681 -0.9672
v  -2.7030 -1.4494 -1.0040
v  -2.7013 -1.4497 -0.9646
v  -2.6140 -1.4676 -0.9538
v  -2.6255 -1.4614 -0.9411
v  -2.6430 -1.4803 -0.9520
v  -2.6340 -1.4812 -0.9682
v  -2.6840 -1.4663 -0.9295
v  -2.6985 -1.4492 -0.9267
v  -2.6674 -1.4792 -0.9310
v  -2.6710 -1.4726 -0.8975
v  -2.6853 -1.4622 -0.8962
v  -2.6970 -1.4493 -0.8897
v  -2.6796 -1.4647 -0.8684
v  -2.6918 -1.4586 -0.8719
v  -2.6973 -1.4485 -0.8524
v  -2.6979 -1.4538 -0.8680
v  -2.6974 -1.4538 -0.8705
v  -2.6987 -1.4550 -0.8598
v  -2.6645 -1.4588 -0.8673
v  -2.6505 -1.4664 -0.8969
v  -2.6399 -1.4424 -0.9003
v  -2.6563 -1.4441 -0.8731
v  -2.6694 -1.4348 -0.8590
v  -2.6797 -1.4409 -0.8501
v  -2.6458 -1.4756 -0.9258
v  -2.6321 -1.4537 -0.9219
v  -2.6428 -1.4297 -0.8922
v  -2.6553 -1.4350 -0.8748
v  -2.6476 -1.4230 -0.8887
v  -2.6583 -1.4319 -0.8722
v  -2.6585 -1.4338 -0.8712
v  -2.6658 -1.4363 -0.8615
v  -2.6334 -1.4150 -0.8944
v  -2.6297 -1.4207 -0.8963
v  -2.6246 -1.4274 -0.9019
v  -2.6108 -1.4208 -0.8847
v  -2.6183 -1.4158 -0.8804
v  -2.6233 -1.4101 -0.8790
v  -2.5277 -1.3695 -0.7197
v  -2.5427 -1.3896 -0.7185
v  -2.5270 -1.3915 -0.7241
v  -2.5147 -1.3777 -0.7259
v  -2.5347 -1.3661 -0.7195
v  -2.5675 -1.3849 -0.7135
v  -2.5552 -1.4087 -0.7268
v  -2.5624 -1.4029 -0.7175
v  -2.5728 -1.4024 -0.7235
v  -2.5602 -1.4078 -0.7316
v  -2.5819 -1.3927 -0.7192
v  -2.5872 -1.3952 -0.7328
v  -2.5774 -1.4034 -0.7355
v  -2.5642 -1.4079 -0.7413
v  -2.5427 -1.4065 -0.7202
v  -2.5215 -1.4047 -0.7298
v  -2.5414 -1.4128 -0.7328
v  -2.5194 -1.4170 -0.7471
v  -2.5043 -1.3921 -0.7367
v  -2.4984 -1.4046 -0.7553
v  -2.5444 -1.4124 -0.7408
v  -2.5489 -1.4119 -0.7494
v  -2.5380 -1.4151 -0.7574
v  -2.5309 -1.4167 -0.7537
v  -2.4978 -1.4126 -0.7805
v  -2.5139 -1.4212 -0.7739
v  -2.5163 -1.4239 -0.8003
v  -2.5028 -1.4178 -0.8086
v  -2.5862 -1.4063 -0.7745
v  -2.5713 -1.4097 -0.7766
v  -2.5675 -1.4088 -0.7566
v  -2.5818 -1.4049 -0.7528
v  -2.5922 -1.3973 -0.7513
v  -2.5967 -1.3990 -0.7741
v  -2.5255 -1.4198 -0.7722
v  -2.5361 -1.4168 -0.7702
v  -2.5381 -1.4179 -0.7900
v  -2.5271 -1.4215 -0.7949
v  -2.5512 -1.4127 -0.7637
v  -2.5541 -1.4135 -0.7828
v  -2.5909 -1.4070 -0.7989
v  -2.5974 -1.4082 -0.8260
v  -2.5848 -1.4113 -0.8273
v  -2.5767 -1.4102 -0.8002
v  -2.6006 -1.4003 -0.7992
v  -2.6061 -1.4024 -0.8261
v  -2.5135 -1.4197 -0.8366
v  -2.5246 -1.4235 -0.8275
v  -2.5386 -1.4208 -0.8546
v  -2.5297 -1.4197 -0.8645
v  -2.6074 -1.4117 -0.8552
v  -2.6145 -1.4061 -0.8546
v  -2.5969 -1.4149 -0.8578
v  -2.5960 -1.4548 -0.9338
v  -2.6071 -1.4442 -0.9260
v  -2.5765 -1.4397 -0.9130
v  -2.5853 -1.4297 -0.9010
v  -2.5342 -1.4213 -0.8203
v  -2.5449 -1.4178 -0.8135
v  -2.5560 -1.4178 -0.8402
v  -2.5452 -1.4202 -0.8453
v  -2.5586 -1.4221 -0.8803
v  -2.5520 -1.4255 -0.8913
v  -2.5710 -1.4207 -0.8693
v  -2.5588 -1.4208 -0.8670
v  -2.6169 -1.4360 -0.9128
v  -2.6006 -1.4263 -0.8928
v  -2.5701 -1.4145 -0.8331
v  -2.5842 -1.4183 -0.8644
v  -2.5602 -1.4137 -0.8059
v  -2.4144 -1.5218 -1.0604
v  -2.4066 -1.5062 -1.0742
v  -2.4474 -1.4970 -1.0849
v  -2.4394 -1.4826 -1.0990
v  -2.3983 -1.4876 -1.0762
v  -2.3949 -1.4623 -1.0783
v  -2.4292 -1.4659 -1.1021
v  -2.4189 -1.4529 -1.0969
v  -2.4764 -1.4914 -1.1082
v  -2.4803 -1.5086 -1.1097
v  -2.4950 -1.4924 -1.1471
v  -2.4876 -1.4750 -1.1478
v  -2.5136 -1.4743 -1.1766
v  -2.5026 -1.4566 -1.1791
v  -2.5381 -1.4551 -1.1973
v  -2.5247 -1.4363 -1.2030
v  -2.5702 -1.4341 -1.2054
v  -2.5574 -1.4136 -1.2159
v  -2.5983 -1.4168 -1.2042
v  -2.5979 -1.3853 -1.2170
v  -2.6194 -1.3973 -1.2045
v  -2.6142 -1.4095 -1.2008
v  -2.4678 -1.4777 -1.1163
v  -2.4582 -1.4629 -1.1240
v  -2.4803 -1.4595 -1.1485
v  -2.4714 -1.4430 -1.1453
v  -2.4324 -1.4305 -1.1072
v  -2.4472 -1.4446 -1.1213
v  -2.4610 -1.4235 -1.1336
v  -2.4470 -1.4043 -1.1145
v  -2.4942 -1.4393 -1.1746
v  -2.4853 -1.4215 -1.1631
v  -2.5120 -1.4172 -1.1967
v  -2.5015 -1.3992 -1.1778
v  -2.5375 -1.3934 -1.2137
v  -2.5613 -1.3657 -1.2186
v  -2.5376 -1.3532 -1.1954
v  -2.5201 -1.3770 -1.1905
v  -2.4066 -1.4254 -1.0849
v  -2.4256 -1.3875 -1.0908
v  -2.3991 -1.3728 -1.0661
v  -2.3759 -1.4226 -1.0615
v  -2.3487 -1.4156 -1.0405
v  -2.3724 -1.3612 -1.0415
v  -2.3471 -1.3522 -1.0158
v  -2.3243 -1.4073 -1.0198
v  -2.3009 -1.4000 -1.0007
v  -2.2800 -1.3932 -0.9823
v  -2.3238 -1.3452 -0.9899
v  -2.3038 -1.3398 -0.9645
v  -2.2195 -1.3691 -0.9037
v  -2.2117 -1.3683 -0.8926
v  -2.2274 -1.3715 -0.9159
v  -2.2541 -1.3182 -0.8838
v  -2.2465 -1.3168 -0.8699
v  -2.2378 -1.3177 -0.8579
v  -2.2019 -1.3689 -0.8806
v  -2.1890 -1.3707 -0.8676
v  -2.2258 -1.3195 -0.8459
v  -2.2102 -1.3200 -0.8356
v  -2.2280 -1.2638 -0.8174
v  -2.2442 -1.2674 -0.8233
v  -2.2660 -1.2174 -0.8128
v  -2.2511 -1.2095 -0.8086
v  -2.2573 -1.2693 -0.8330
v  -2.2782 -1.2238 -0.8215
v  -2.1711 -1.3719 -0.8547
v  -2.1919 -1.3180 -0.8289
v  -2.1699 -1.3160 -0.8245
v  -2.1473 -1.3723 -0.8447
v  -2.1917 -1.2538 -0.8116
v  -2.2111 -1.2588 -0.8143
v  -2.2359 -1.2013 -0.8061
v  -2.2191 -1.1922 -0.8030
v  -2.1192 -1.3758 -0.8348
v  -2.1429 -1.3171 -0.8201
v  -2.1147 -1.3180 -0.8141
v  -2.0902 -1.3790 -0.8216
v  -2.1678 -1.2498 -0.8083
v  -2.1989 -1.1814 -0.7991
v  -2.1771 -1.1696 -0.7966
v  -2.1425 -1.2454 -0.8044
v  -2.0606 -1.3758 -0.8093
v  -2.0879 -1.3144 -0.8083
v  -2.0649 -1.3071 -0.8087
v  -2.0355 -1.3678 -0.8107
v  -2.2631 -1.3868 -0.9639
v  -2.2492 -1.3810 -0.9465
v  -2.2866 -1.3349 -0.9421
v  -2.2727 -1.3296 -0.9215
v  -2.2372 -1.3755 -0.9304
v  -2.2622 -1.3232 -0.9016
v  -2.2662 -1.2700 -0.8449
v  -2.2734 -1.2719 -0.8600
v  -2.2922 -1.2306 -0.8494
v  -2.2856 -1.2275 -0.8337
v  -2.3395 -1.2998 -0.9851
v  -2.3619 -1.3082 -1.0167
v  -2.3772 -1.2715 -1.0173
v  -2.3558 -1.2609 -0.9833
v  -2.3393 -1.2531 -0.9491
v  -2.3214 -1.2938 -0.9536
v  -2.3049 -1.2881 -0.9274
v  -2.2915 -1.2825 -0.9037
v  -2.3242 -1.2458 -0.9209
v  -2.3111 -1.2394 -0.8957
v  -2.2812 -1.2765 -0.8804
v  -2.3005 -1.2345 -0.8709
v  -2.4412 -1.3579 -1.0936
v  -2.4167 -1.3357 -1.0692
v  -2.4602 -1.3813 -1.1191
v  -2.4722 -1.3619 -1.1234
v  -2.4549 -1.3388 -1.0972
v  -2.4403 -1.3040 -1.0748
v  -2.4747 -1.4023 -1.1434
v  -2.4886 -1.3818 -1.1515
v  -2.5030 -1.3623 -1.1593
v  -2.5161 -1.3425 -1.1625
v  -2.4929 -1.3309 -1.1290
v  -2.4841 -1.3470 -1.1289
v  -2.4681 -1.3322 -1.1055
v  -2.4700 -1.3193 -1.1010
v  -2.3888 -1.3196 -1.0446
v  -2.4042 -1.2854 -1.0458
v  -2.3383 -1.2971 -1.3097
v  -2.3328 -1.2841 -1.2978
v  -2.3496 -1.2759 -1.3129
v  -2.3598 -1.2870 -1.3264
v  -2.3131 -1.3092 -1.2844
v  -2.3118 -1.2931 -1.2751
v  -2.2820 -1.3223 -1.2558
v  -2.2493 -1.3325 -1.2277
v  -2.2541 -1.3137 -1.2226
v  -2.2842 -1.3043 -1.2487
v  -2.2208 -1.3372 -1.2028
v  -2.1952 -1.3378 -1.1798
v  -2.2029 -1.3172 -1.1772
v  -2.2271 -1.3176 -1.1992
v  -2.1722 -1.3359 -1.1565
v  -2.1505 -1.3280 -1.1258
v  -2.1592 -1.3015 -1.1269
v  -2.1809 -1.3136 -1.1555
v  -2.3754 -1.2770 -1.3332
v  -2.3617 -1.2670 -1.3194
v  -2.3688 -1.2572 -1.3208
v  -2.3848 -1.2653 -1.3344
v  -2.3496 -1.2468 -1.3176
v  -2.3451 -1.2567 -1.3139
v  -2.3378 -1.2656 -1.3050
v  -2.3261 -1.2581 -1.3027
v  -2.3256 -1.2487 -1.3108
v  -2.3275 -1.2347 -1.3180
v  -2.3243 -1.2719 -1.2910
v  -2.3131 -1.2600 -1.2928
v  -2.3051 -1.2781 -1.2720
v  -2.2939 -1.2633 -1.2762
v  -2.2796 -1.2873 -1.2489
v  -2.2518 -1.2957 -1.2250
v  -2.2465 -1.2777 -1.2308
v  -2.2712 -1.2703 -1.2540
v  -2.2266 -1.2993 -1.2027
v  -2.2043 -1.2986 -1.1809
v  -2.2024 -1.2808 -1.1876
v  -2.2239 -1.2811 -1.2084
v  -2.1638 -1.2813 -1.1328
v  -2.1684 -1.2637 -1.1395
v  -2.1839 -1.2764 -1.1662
v  -2.1830 -1.2945 -1.1604
v  -2.3030 -1.2436 -1.3011
v  -2.3047 -1.2229 -1.3058
v  -2.2828 -1.2424 -1.2825
v  -2.2820 -1.2114 -1.2767
v  -2.2620 -1.2485 -1.2598
v  -2.2414 -1.2563 -1.2358
v  -2.2423 -1.2341 -1.2351
v  -2.2601 -1.2269 -1.2562
v  -2.2597 -1.2148 -1.2483
v  -2.2474 -1.2159 -1.2323
v  -2.2569 -1.1991 -1.2321
v  -2.2676 -1.2043 -1.2514
v  -2.2220 -1.2604 -1.2128
v  -2.2026 -1.2606 -1.1920
v  -2.2082 -1.2382 -1.1937
v  -2.2245 -1.2381 -1.2146
v  -2.2338 -1.2158 -1.2143
v  -2.2205 -1.2139 -1.1942
v  -2.2360 -1.1889 -1.1933
v  -2.2465 -1.1941 -1.2131
v  -2.1955 -1.2340 -1.1715
v  -2.1873 -1.2561 -1.1699
v  -2.1753 -1.2451 -1.1442
v  -2.1857 -1.2252 -1.1464
v  -2.1997 -1.2029 -1.1464
v  -2.2143 -1.1786 -1.1456
v  -2.2262 -1.1843 -1.1706
v  -2.2096 -1.2097 -1.1718
v  -2.1859 -1.1909 -1.1200
v  -2.1969 -1.1700 -1.1193
v  -2.1752 -1.2099 -1.1188
v  -2.1665 -1.1962 -1.1000
v  -2.1699 -1.1794 -1.0957
v  -2.1778 -1.1604 -1.0942
v  -2.1547 -1.2392 -1.1039
v  -2.1647 -1.2252 -1.1131
v  -2.1431 -1.2076 -1.0726
v  -2.1558 -1.1999 -1.0876
v  -2.1544 -1.1748 -1.0753
v  -2.1611 -1.1520 -1.0722
v  -2.1389 -1.1748 -1.0562
v  -2.1462 -1.1445 -1.0512
v  -2.1450 -1.2543 -1.0929
v  -2.1294 -1.2179 -1.0561
v  -2.1358 -1.2757 -1.0845
v  -2.1092 -1.2395 -1.0319
v  -2.1266 -1.3090 -1.0832
v  -2.0992 -1.2948 -1.0358
v  -2.1229 -1.1767 -1.0358
v  -2.1317 -1.1374 -1.0290
v  -2.1050 -1.1811 -1.0085
v  -2.1173 -1.1305 -1.0004
v  -2.0714 -1.3031 -0.9874
v  -2.0505 -1.3223 -0.9376
v  -2.0657 -1.2697 -0.9296
v  -2.0824 -1.2521 -0.9785
v  -2.0861 -1.1888 -0.9676
v  -2.0738 -1.1980 -0.9212
v  -2.0996 -1.1237 -0.9145
v  -2.1057 -1.1256 -0.9596
v  -2.0358 -1.3374 -0.8898
v  -2.0235 -1.3466 -0.8523
v  -2.0453 -1.2886 -0.8493
v  -2.0527 -1.2809 -0.8855
v  -2.0233 -1.3573 -0.8254
v  -2.0483 -1.2971 -0.8223
v  -2.0673 -1.2047 -0.8784
v  -2.0633 -1.2095 -0.8419
v  -2.0964 -1.1245 -0.8359
v  -2.0976 -1.1239 -0.8726
v  -2.1182 -1.2385 -0.8009
v  -2.1553 -1.1577 -0.7959
v  -2.0947 -1.2293 -0.8006
v  -2.1333 -1.1457 -0.7978
v  -2.0712 -1.2174 -0.8126
v  -2.1092 -1.1324 -0.8078
v  -1.7390 -1.2954 -0.6058
v  -1.7199 -1.2698 -0.5699
v  -1.7658 -1.2603 -0.5345
v  -1.7520 -1.2342 -0.5070
v  -1.7450 -1.2412 -0.5496
v  -1.7319 -1.2097 -0.5239
v  -1.7215 -1.2130 -0.4714
v  -1.6798 -1.2048 -0.4374
v  -1.6943 -1.1935 -0.4904
v  -1.6493 -1.1865 -0.4567
v  -1.6436 -1.2006 -0.4077
v  -1.6134 -1.1953 -0.3778
v  -1.6126 -1.1804 -0.4272
v  -1.5812 -1.1730 -0.3979
v  -1.5875 -1.1886 -0.3447
v  -1.5627 -1.1811 -0.3027
v  -1.5512 -1.1652 -0.3658
v  -1.5217 -1.1578 -0.3232
v  -1.6490 -1.2571 -0.5495
v  -1.6262 -1.2368 -0.5410
v  -1.6460 -1.2169 -0.5606
v  -1.6657 -1.2353 -0.5585
v  -1.6041 -1.2214 -0.5424
v  -1.5896 -1.2079 -0.5543
v  -1.6093 -1.1995 -0.5706
v  -1.6248 -1.2059 -0.5642
v  -1.7236 -1.2288 -0.5625
v  -1.7155 -1.1929 -0.5443
v  -1.7014 -1.2176 -0.5716
v  -1.7061 -1.1774 -0.5686
v  -1.6767 -1.1801 -0.5148
v  -1.6655 -1.1693 -0.5431
v  -1.6166 -1.1673 -0.5098
v  -1.6301 -1.1747 -0.4812
v  -1.5906 -1.1673 -0.4513
v  -1.5738 -1.1576 -0.4784
v  -1.5329 -1.1477 -0.4485
v  -1.5547 -1.1585 -0.4219
v  -1.5192 -1.1492 -0.3904
v  -1.4863 -1.1403 -0.3499
v  -1.4927 -1.1371 -0.4177
v  -1.4619 -1.1223 -0.3806
v  -1.4783 -1.1162 -0.4454
v  -1.4740 -1.0828 -0.4791
v  -1.4403 -1.0644 -0.4560
v  -1.4474 -1.0976 -0.4157
v  -1.5167 -1.1319 -0.4758
v  -1.5094 -1.1020 -0.5080
v  -1.5602 -1.1429 -0.5062
v  -1.6066 -1.1521 -0.5387
v  -1.6000 -1.1261 -0.5726
v  -1.5510 -1.1167 -0.5403
v  -1.5784 -1.2067 -0.6227
v  -1.5897 -1.1963 -0.6090
v  -1.6016 -1.2026 -0.6625
v  -1.6266 -1.1847 -0.6453
v  -1.5889 -1.1972 -0.5814
v  -1.6168 -1.1904 -0.5980
v  -1.6271 -1.2012 -0.7109
v  -1.6459 -1.1875 -0.6015
v  -1.6706 -1.1899 -0.5958
v  -1.6660 -1.1704 -0.6477
v  -1.6996 -1.1496 -0.6396
v  -1.6855 -1.2009 -0.5822
v  -1.7003 -1.1642 -0.5939
v  -1.6588 -1.1539 -0.5723
v  -1.6560 -1.1309 -0.6058
v  -1.6789 -1.1554 -0.6970
v  -1.7047 -1.1345 -0.6968
v  -1.6505 -1.1763 -0.7018
v  -1.6873 -1.1500 -0.7460
v  -1.7116 -1.1283 -0.7426
v  -1.6168 -1.1331 -0.8470
v  -1.6811 -1.1216 -0.8304
v  -1.6710 -1.1492 -0.8303
v  -1.6216 -1.1499 -0.8472
v  -1.6894 -1.1497 -0.7913
v  -1.7078 -1.1266 -0.7880
v  -1.6161 -1.1079 -0.8560
v  -1.6791 -1.0988 -0.8591
v  -1.6187 -1.0930 -0.8858
v  -1.6824 -1.0907 -0.8917
v  -1.6197 -1.0941 -0.9212
v  -1.6871 -1.0961 -0.9281
v  -1.6140 -1.1116 -0.9519
v  -1.6969 -1.1175 -0.9698
v  -1.6001 -1.1464 -0.9577
v  -1.6693 -1.1616 -0.9806
v  -1.7273 -1.1823 -1.0058
v  -1.7749 -1.2024 -1.0315
v  -1.7951 -1.1610 -1.0274
v  -1.7522 -1.1416 -1.0027
v  -1.8129 -1.2159 -1.0552
v  -1.8439 -1.2251 -1.0752
v  -1.8568 -1.1819 -1.0701
v  -1.8293 -1.1736 -1.0502
v  -1.8700 -1.2319 -1.0917
v  -1.8938 -1.2365 -1.1064
v  -1.8994 -1.1920 -1.1021
v  -1.8791 -1.1881 -1.0862
v  -1.9208 -1.1935 -1.1207
v  -1.9173 -1.2381 -1.1232
v  -1.9410 -1.2380 -1.1438
v  -1.9438 -1.1935 -1.1429
v  -1.9659 -1.2371 -1.1706
v  -1.9692 -1.1930 -1.1695
v  -1.9911 -1.2350 -1.2023
v  -1.9969 -1.1921 -1.1985
v  -2.0209 -1.2309 -1.2350
v  -2.0287 -1.1911 -1.2264
v  -2.0549 -1.2219 -1.2673
v  -2.0664 -1.1861 -1.2490
v  -1.7200 -1.1098 -0.7023
v  -1.7375 -1.0992 -0.7359
v  -1.7309 -1.0567 -0.7221
v  -1.7072 -1.1006 -0.6765
v  -1.6599 -1.0895 -0.6442
v  -1.6651 -1.0408 -0.6871
v  -1.5997 -1.0343 -0.6640
v  -1.5978 -1.0835 -0.6154
v  -1.5486 -1.0721 -0.5845
v  -1.5489 -1.0240 -0.6392
v  -1.5118 -1.0080 -0.6113
v  -1.5109 -1.0541 -0.5509
v  -1.4735 -1.0388 -0.5253
v  -1.4780 -0.9924 -0.5865
v  -1.4465 -0.9770 -0.5637
v  -1.4360 -1.0261 -0.5090
v  -1.7435 -1.1001 -0.7812
v  -1.7400 -1.0961 -0.8284
v  -1.7836 -1.0699 -0.8321
v  -1.7711 -1.0608 -0.7810
v  -1.7395 -1.0886 -0.8636
v  -1.7849 -1.0722 -0.8691
v  -1.7417 -1.0865 -0.8945
v  -1.7858 -1.0750 -0.8977
v  -1.7481 -1.0919 -0.9274
v  -1.7931 -1.0815 -0.9256
v  -1.7632 -1.1037 -0.9592
v  -1.8078 -1.0917 -0.9505
v  -1.7909 -1.1166 -0.9883
v  -1.8275 -1.1004 -0.9743
v  -1.8225 -1.1284 -1.0141
v  -1.8504 -1.1080 -0.9957
v  -1.8510 -1.1380 -1.0346
v  -1.8745 -1.1140 -1.0133
v  -1.8760 -1.1451 -1.0520
v  -1.8962 -1.1171 -1.0315
v  -1.8971 -1.1507 -1.0676
v  -1.9166 -1.1542 -1.0846
v  -1.9314 -1.1198 -1.0704
v  -1.9145 -1.1189 -1.0503
v  -1.9363 -1.1554 -1.1057
v  -1.9565 -1.1554 -1.1309
v  -1.9668 -1.1195 -1.1192
v  -1.9485 -1.1195 -1.0931
v  -1.9786 -1.1552 -1.1600
v  -2.0043 -1.1559 -1.1894
v  -2.0126 -1.1256 -1.1796
v  -1.9876 -1.1213 -1.1496
v  -2.0331 -1.1577 -1.2169
v  -2.0658 -1.1565 -1.2360
v  -2.0589 -1.1369 -1.2266
v  -2.0384 -1.1311 -1.2086
v  -2.0556 -1.0904 -1.2070
v  -2.0272 -1.0760 -1.1742
v  -2.0185 -1.0990 -1.1756
v  -2.0460 -1.1094 -1.2068
v  -2.0740 -1.1244 -1.2311
v  -2.0874 -1.1068 -1.2330
v  -1.9527 -1.0874 -1.0872
v  -1.9452 -1.0632 -1.0817
v  -1.9357 -1.0742 -1.0676
v  -1.9372 -1.0914 -1.0665
v  -1.9710 -1.0854 -1.1112
v  -1.9675 -1.0458 -1.1019
v  -1.9937 -1.0904 -1.1418
v  -2.0004 -1.0625 -1.1401
v  -1.9221 -1.0919 -1.0466
v  -1.9244 -1.0699 -1.0532
v  -1.9085 -1.0665 -1.0333
v  -1.9065 -1.0904 -1.0266
v  -1.9326 -1.0513 -1.0619
v  -1.9433 -1.0337 -1.0663
v  -1.9268 -1.0257 -1.0381
v  -1.9165 -1.0455 -1.0369
v  -1.8868 -1.0875 -1.0085
v  -1.8904 -1.0624 -1.0145
v  -1.8700 -1.0569 -0.9978
v  -1.8644 -1.0826 -0.9929
v  -1.8988 -1.0391 -1.0154
v  -1.9095 -1.0170 -1.0150
v  -1.8791 -1.0317 -0.9976
v  -1.8902 -1.0071 -0.9969
v  -1.8431 -1.0761 -0.9761
v  -1.8495 -1.0504 -0.9815
v  -1.8295 -1.0427 -0.9637
v  -1.8233 -1.0682 -0.9570
v  -1.8584 -1.0232 -0.9821
v  -1.8378 -1.0140 -0.9658
v  -1.8695 -0.9963 -0.9817
v  -1.8485 -0.9853 -0.9666
v  -1.8059 -1.0590 -0.9345
v  -1.8101 -1.0336 -0.9428
v  -1.7942 -1.0244 -0.9199
v  -1.7938 -1.0507 -0.9092
v  -1.8176 -1.0041 -0.9471
v  -1.7991 -0.9942 -0.9277
v  -1.8278 -0.9747 -0.9496
v  -1.8081 -0.9645 -0.9322
v  -1.7889 -1.0439 -0.8830
v  -1.7820 -1.0159 -0.8983
v  -1.7686 -1.0063 -0.8726
v  -1.7834 -1.0355 -0.8502
v  -1.7822 -0.9849 -0.9104
v  -1.7895 -0.9550 -0.9168
v  -1.7692 -0.9445 -0.8999
v  -1.7634 -0.9752 -0.8907
v  -1.7634 -1.0237 -0.8055
v  -1.7462 -0.9947 -0.8388
v  -1.7125 -0.9810 -0.8051
v  -1.7243 -1.0107 -0.7626
v  -1.7390 -0.9640 -0.8656
v  -1.7446 -0.9318 -0.8786
v  -1.7169 -0.9171 -0.8526
v  -1.7086 -0.9500 -0.8379
v  -1.6660 -0.9989 -0.7343
v  -1.6653 -0.9652 -0.7799
v  -1.6119 -0.9517 -0.7637
v  -1.6039 -0.9909 -0.7173
v  -1.6689 -0.9330 -0.8137
v  -1.6823 -0.8991 -0.8252
v  -1.6426 -0.8782 -0.8017
v  -1.6246 -0.9147 -0.7932
v  -1.5536 -0.9801 -0.6986
v  -1.5669 -0.9351 -0.7449
v  -1.5233 -0.9201 -0.7287
v  -1.5143 -0.9655 -0.6751
v  -1.5833 -0.8957 -0.7724
v  -1.6033 -0.8577 -0.7801
v  -1.5637 -0.8369 -0.7592
v  -1.5427 -0.8767 -0.7527
v  -1.4817 -0.9482 -0.6472
v  -1.4857 -0.9048 -0.7015
v  -1.4545 -0.8881 -0.6714
v  -1.4524 -0.9311 -0.6194
v  -1.5004 -0.8576 -0.7336
v  -1.5222 -0.8150 -0.7397
v  -1.4821 -0.7938 -0.7203
v  -1.4622 -0.8421 -0.7087
v  -1.8839 -1.0505 0.0285
v  -1.8893 -1.0396 0.0314
v  -1.8788 -1.0616 0.0175
v  -1.8435 -1.0436 0.0271
v  -1.8495 -1.0343 0.0419
v  -1.8567 -1.0222 0.0468
v  -1.7173 -0.9634 0.0828
v  -1.7107 -0.9742 0.0696
v  -1.6689 -0.9538 0.0815
v  -1.6767 -0.9420 0.0909
v  -1.6842 -0.9298 0.0951
v  -1.7236 -0.9516 0.0904
v  -1.7743 -0.9786 0.0773
v  -1.7659 -0.9901 0.0690
v  -1.7582 -0.9990 0.0541
v  -1.7582 -1.0667 -0.0555
v  -1.7078 -1.0426 -0.0357
v  -1.7249 -1.0294 -0.0228
v  -1.7773 -1.0535 -0.0465
v  -1.8214 -1.0889 -0.0614
v  -1.7921 -1.0949 -0.0691
v  -1.7686 -1.1092 -0.0791
v  -1.7348 -1.0852 -0.0662
v  -1.6864 -1.0619 -0.0490
v  -1.8102 -1.0149 0.0558
v  -1.8187 -1.0021 0.0627
v  -1.8031 -1.0239 0.0395
v  -1.7990 -1.0297 0.0170
v  -1.8396 -1.0511 0.0041
v  -1.8356 -1.0597 -0.0209
v  -1.7947 -1.0361 -0.0069
v  -1.7456 -1.0128 0.0142
v  -1.7522 -1.0060 0.0349
v  -1.7037 -0.9839 0.0535
v  -1.6955 -0.9927 0.0358
v  -1.6510 -0.9752 0.0540
v  -1.6604 -0.9650 0.0689
v  -1.7885 -1.0442 -0.0282
v  -1.8296 -1.0706 -0.0416
v  -1.7370 -1.0205 -0.0053
v  -1.6557 -1.0228 -0.0166
v  -1.6346 -1.0409 -0.0321
v  -1.5894 -1.0233 -0.0162
v  -1.6101 -1.0064 0.0009
v  -1.6266 -0.9942 0.0188
v  -1.6724 -1.0104 -0.0004
v  -1.6400 -0.9846 0.0369
v  -1.6854 -1.0011 0.0175
v  -1.5378 -1.1703 -0.2453
v  -1.5264 -1.1566 -0.1802
v  -1.5726 -1.1775 -0.1866
v  -1.5812 -1.1928 -0.2403
v  -1.4933 -1.1488 -0.2620
v  -1.4702 -1.1330 -0.1824
v  -1.8041 -1.1271 -0.0725
v  -1.7836 -1.1355 -0.0810
v  -1.8242 -1.1307 -0.0675
v  -1.8193 -1.1658 -0.0579
v  -1.8017 -1.1587 -0.0634
v  -1.7839 -1.1615 -0.0721
v  -1.7662 -1.2669 -0.1992
v  -1.7732 -1.2792 -0.1816
v  -1.8080 -1.2964 -0.2260
v  -1.7953 -1.2835 -0.2386
v  -1.7725 -1.2837 -0.2450
v  -1.7509 -1.2609 -0.2072
v  -1.8160 -1.3215 -0.2095
v  -1.8035 -1.3565 -0.1976
v  -1.7847 -1.3158 -0.1683
v  -1.7704 -1.3514 -0.1546
v  -1.7790 -1.3930 -0.1797
v  -1.7448 -1.3866 -0.1332
v  -1.7186 -1.3782 -0.0861
v  -1.6925 -1.4128 -0.0505
v  -1.7469 -1.3465 -0.1125
v  -1.7309 -1.3414 -0.0745
v  -1.7053 -1.3687 -0.0475
v  -1.6735 -1.3975 0.0042
v  -1.7600 -1.3131 -0.1290
v  -1.7588 -1.2797 -0.1338
v  -1.7446 -1.2809 -0.0932
v  -1.7423 -1.3110 -0.0895
v  -1.7577 -1.2477 -0.1200
v  -1.7484 -1.2548 -0.0843
v  -1.7620 -1.2387 -0.1482
v  -1.7628 -1.2042 -0.1189
v  -1.7602 -1.2197 -0.0973
v  -1.7549 -1.2337 -0.0693
v  -1.7690 -1.1777 -0.0918
v  -1.7680 -1.1985 -0.0755
v  -1.7808 -1.1865 -0.0576
v  -1.7785 -1.2103 -0.0410
v  -1.7650 -1.2180 -0.0539
v  -1.7970 -1.1867 -0.0478
v  -1.8150 -1.1967 -0.0428
v  -1.8083 -1.2269 -0.0309
v  -1.7933 -1.2136 -0.0341
v  -1.8188 -1.2692 -0.0018
v  -1.8247 -1.2484 -0.0283
v  -1.8187 -1.2734 0.0360
v  -1.7957 -1.2541 0.0218
v  -1.8015 -1.2495 -0.0106
v  -1.7898 -1.2370 -0.0188
v  -1.7820 -1.2449 0.0044
v  -1.7744 -1.2397 -0.0091
v  -1.7775 -1.2303 -0.0249
v  -1.6171 -1.2102 -0.2420
v  -1.6098 -1.1946 -0.1980
v  -1.6390 -1.2078 -0.2103
v  -1.6462 -1.2213 -0.2472
v  -1.5775 -1.1037 -0.0674
v  -1.5478 -1.1243 -0.1235
v  -1.4992 -1.1095 -0.1037
v  -1.5313 -1.0791 -0.0514
v  -1.6327 -1.1328 -0.0938
v  -1.5898 -1.1578 -0.1344
v  -1.6086 -1.0668 -0.0479
v  -1.5634 -1.0470 -0.0328
v  -1.6614 -1.0917 -0.0652
v  -1.6209 -1.1777 -0.1558
v  -1.6456 -1.1670 -0.1300
v  -1.6537 -1.1839 -0.1539
v  -1.6440 -1.1936 -0.1758
v  -1.7088 -1.1154 -0.0854
v  -1.7452 -1.1366 -0.0993
v  -1.7277 -1.1752 -0.1325
v  -1.6871 -1.1484 -0.1088
v  -1.7554 -1.2281 -0.1637
v  -1.7552 -1.1884 -0.1312
v  -1.7388 -1.2223 -0.1719
v  -1.7640 -1.1577 -0.1003
v  -1.7419 -1.2847 -0.2425
v  -1.7293 -1.2571 -0.2114
v  -1.7122 -1.2760 -0.2427
v  -1.7077 -1.2510 -0.2160
v  -1.6907 -1.2640 -0.2470
v  -1.6907 -1.2435 -0.2210
v  -1.6761 -1.2494 -0.2514
v  -1.6768 -1.2306 -0.2220
v  -1.6653 -1.2333 -0.2515
v  -1.6608 -1.2185 -0.2187
v  -1.6818 -1.2159 -0.1967
v  -1.6922 -1.2052 -0.1756
v  -1.7033 -1.2262 -0.1931
v  -1.6921 -1.2276 -0.2030
v  -1.6650 -1.2053 -0.1886
v  -1.6722 -1.1911 -0.1606
v  -1.6772 -1.1730 -0.1338
v  -1.7052 -1.1932 -0.1548
v  -1.7198 -1.2241 -0.1813
v  -1.7478 -1.5506 0.0621
v  -1.7679 -1.5498 0.1159
v  -1.7234 -1.5443 0.1112
v  -1.7459 -1.5469 0.1617
v  -1.7965 -1.5337 0.1602
v  -1.8205 -1.4988 0.1879
v  -1.7786 -1.5342 0.2050
v  -1.8074 -1.5043 0.2343
v  -1.8295 -1.4527 0.1942
v  -1.8211 -1.4628 0.2437
v  -1.8129 -1.4183 0.2427
v  -1.8176 -1.4059 0.1888
v  -1.8105 -1.3659 0.1877
v  -1.8035 -1.3807 0.2435
v  -1.7918 -1.3467 0.2449
v  -1.8004 -1.3297 0.1866
v  -1.7626 -1.2425 -0.0059
v  -1.7459 -1.2488 -0.0046
v  -1.7497 -1.2426 -0.0392
v  -1.7634 -1.2327 -0.0316
v  -1.7378 -1.2580 -0.0482
v  -1.7291 -1.2604 -0.0079
v  -1.7172 -1.2802 -0.0118
v  -1.7302 -1.2805 -0.0540
v  -1.8047 -1.2780 0.0748
v  -1.7865 -1.2859 0.1206
v  -1.7486 -1.2688 0.0928
v  -1.7777 -1.2596 0.0531
v  -1.7656 -1.2502 0.0240
v  -1.7447 -1.2565 0.0370
v  -1.7723 -1.2998 0.1788
v  -1.7638 -1.3199 0.2432
v  -1.7287 -1.3093 0.2372
v  -1.7364 -1.2879 0.1674
v  -1.7278 -1.3084 -0.0518
v  -1.7206 -1.3360 -0.0437
v  -1.7139 -1.3063 -0.0118
v  -1.7076 -1.3352 -0.0073
v  -1.7233 -1.2650 0.0398
v  -1.7061 -1.2812 0.0372
v  -1.7171 -1.2741 0.0955
v  -1.6962 -1.2870 0.0931
v  -1.7075 -1.2892 0.1607
v  -1.6857 -1.3008 0.1557
v  -1.6996 -1.3100 0.2303
v  -1.6774 -1.3207 0.2222
v  -1.7048 -1.3581 -0.0294
v  -1.6898 -1.3640 0.0026
v  -1.7004 -1.3055 0.0359
v  -1.6881 -1.3097 0.0902
v  -1.6812 -1.3376 0.0919
v  -1.6940 -1.3344 0.0388
v  -1.6770 -1.3223 0.1498
v  -1.6694 -1.3484 0.1488
v  -1.6696 -1.3413 0.2123
v  -1.6621 -1.3647 0.2081
v  -1.6826 -1.5085 0.0665
v  -1.6788 -1.4847 0.0295
v  -1.6638 -1.4794 0.0845
v  -1.6744 -1.5042 0.1173
v  -1.6827 -1.5221 0.1364
v  -1.6909 -1.5268 0.1066
v  -1.6824 -1.4506 -0.0100
v  -1.6631 -1.4432 0.0463
v  -1.6755 -1.3663 0.0485
v  -1.6541 -1.4020 0.0674
v  -1.6629 -1.3697 0.1021
v  -1.6437 -1.4064 0.1215
v  -1.6514 -1.3781 0.1573
v  -1.6389 -1.4144 0.1756
v  -1.6485 -1.3919 0.2150
v  -1.6448 -1.4252 0.2308
v  -1.7070 -1.5372 0.1566
v  -1.7292 -1.5392 0.2077
v  -1.6895 -1.5313 0.1816
v  -1.7101 -1.5402 0.2495
v  -1.6500 -1.4430 0.0999
v  -1.6563 -1.4811 0.1367
v  -1.6431 -1.4476 0.1518
v  -1.6568 -1.4853 0.1869
v  -1.6738 -1.5091 0.1695
v  -1.6806 -1.5144 0.2204
v  -1.6431 -1.4543 0.2035
v  -1.6638 -1.4886 0.2356
v  -1.6539 -1.4604 0.2549
v  -1.6754 -1.4902 0.2826
v  -1.6904 -1.5137 0.2667
v  -1.7172 -1.5323 0.3011
v  -1.6996 -1.5113 0.3106
v  -1.7217 -1.5289 0.3428
v  -1.7638 -1.5330 0.2527
v  -1.7981 -1.5117 0.2847
v  -1.7569 -1.5396 0.2997
v  -1.7936 -1.5210 0.3333
v  -1.8168 -1.4768 0.2971
v  -1.8124 -1.4905 0.3485
v  -1.8148 -1.4549 0.3531
v  -1.8152 -1.4362 0.2996
v  -1.7533 -1.5393 0.3408
v  -1.7878 -1.5264 0.3741
v  -1.7518 -1.5390 0.3800
v  -1.7814 -1.5290 0.4116
v  -1.8043 -1.4010 0.3013
v  -1.8058 -1.4224 0.3549
v  -1.7922 -1.3930 0.3576
v  -1.7909 -1.3693 0.3037
v  -1.8108 -1.4687 0.3967
v  -1.8067 -1.5002 0.3907
v  -1.7996 -1.5067 0.4270
v  -1.8050 -1.4785 0.4323
v  -1.7629 -1.3460 0.3063
v  -1.7646 -1.3744 0.3616
v  -1.7324 -1.3690 0.3621
v  -1.7287 -1.3377 0.3044
v  -1.8052 -1.4389 0.3989
v  -1.8018 -1.4522 0.4348
v  -1.7881 -1.4308 0.4364
v  -1.7915 -1.4131 0.4011
v  -1.6999 -1.3387 0.2987
v  -1.7050 -1.3716 0.3575
v  -1.6843 -1.3807 0.3466
v  -1.6773 -1.3479 0.2894
v  -1.6711 -1.3658 0.2751
v  -1.6770 -1.3933 0.3283
v  -1.6715 -1.4002 0.3087
v  -1.6650 -1.3849 0.2681
v  -1.7655 -1.3989 0.4044
v  -1.7649 -1.4199 0.4386
v  -1.7387 -1.4178 0.4395
v  -1.7361 -1.3957 0.4054
v  -1.6586 -1.4090 0.2741
v  -1.6617 -1.4374 0.2876
v  -1.6738 -1.4214 0.3255
v  -1.6797 -1.4459 0.3389
v  -1.7095 -1.4006 0.4019
v  -1.7134 -1.4260 0.4358
v  -1.6983 -1.4471 0.4167
v  -1.6906 -1.4127 0.3872
v  -1.6834 -1.4215 0.3616
v  -1.6896 -1.4463 0.3778
v  -1.6720 -1.4657 0.3057
v  -1.6891 -1.4903 0.3278
v  -1.6869 -1.4680 0.3498
v  -1.6973 -1.4864 0.3685
v  -1.7074 -1.5092 0.3541
v  -1.7239 -1.5267 0.3858
v  -1.7107 -1.5033 0.3939
v  -1.7231 -1.5193 0.4252
v  -1.6932 -1.4639 0.3796
v  -1.6994 -1.4731 0.3999
v  -1.7081 -1.4873 0.4265
v  -1.7178 -1.5029 0.4561
v  -1.7077 -1.4669 0.4503
v  -1.7151 -1.4832 0.4778
v  -1.7175 -1.4469 0.4648
v  -1.7395 -1.4378 0.4684
v  -1.7402 -1.4563 0.4930
v  -1.7223 -1.4653 0.4901
v  -1.7236 -1.4983 0.5022
v  -1.7285 -1.4827 0.5117
v  -1.7424 -1.4742 0.5139
v  -1.7444 -1.4867 0.5258
v  -1.7362 -1.4987 0.5271
v  -1.7312 -1.5085 0.5163
v  -1.7624 -1.4386 0.4680
v  -1.7827 -1.4470 0.4664
v  -1.7772 -1.4627 0.4917
v  -1.7595 -1.4563 0.4930
v  -1.7952 -1.4639 0.4641
v  -1.7885 -1.4768 0.4878
v  -1.7980 -1.4858 0.4622
v  -1.7926 -1.4906 0.4811
v  -1.7289 -1.5165 0.4859
v  -1.7424 -1.5218 0.5117
v  -1.7652 -1.5283 0.4940
v  -1.7395 -1.5331 0.4602
v  -1.7479 -1.5394 0.4221
v  -1.7743 -1.5305 0.4512
v  -1.7917 -1.5105 0.4616
v  -1.7860 -1.5084 0.4893
v  -1.7823 -1.4951 0.5059
v  -1.7708 -1.5108 0.5190
v  -1.7698 -1.4935 0.5224
v  -1.7726 -1.4805 0.5118
v  -1.7518 -1.5122 0.5303
v  -1.7571 -1.4912 0.5283
v  -1.7582 -1.4741 0.5137
v  -2.0981 -1.2883 -0.2018
v  -2.0804 -1.2869 -0.1852
v  -2.0974 -1.2513 -0.1777
v  -2.1200 -1.2590 -0.1923
v  -2.1386 -1.2488 -0.1748
v  -2.1172 -1.2403 -0.1604
v  -2.0953 -1.2307 -0.1490
v  -2.0732 -1.2214 -0.1390
v  -2.0827 -1.2361 -0.1658
v  -2.0623 -1.2276 -0.1583
v  -2.0222 -1.3642 -0.1781
v  -2.0032 -1.3630 -0.1625
v  -2.0193 -1.3238 -0.1639
v  -2.0398 -1.3234 -0.1778
v  -2.0573 -1.2902 -0.1738
v  -2.0323 -1.2943 -0.1642
v  -2.0412 -1.2696 -0.1671
v  -2.0674 -1.2641 -0.1726
v  -2.0689 -1.2477 -0.1697
v  -2.0496 -1.2463 -0.1663
v  -1.9840 -1.3602 -0.1448
v  -1.9661 -1.3552 -0.1246
v  -1.9809 -1.3174 -0.1291
v  -1.9993 -1.3221 -0.1478
v  -2.0512 -1.2113 -0.1301
v  -2.0405 -1.2195 -0.1502
v  -2.0182 -1.2099 -0.1406
v  -2.0296 -1.1996 -0.1204
v  -2.0087 -1.2940 -0.1531
v  -1.9863 -1.2899 -0.1399
v  -1.9921 -1.2652 -0.1486
v  -2.0164 -1.2697 -0.1586
v  -2.0271 -1.2422 -0.1602
v  -2.0032 -1.2351 -0.1518
v  -1.9627 -1.3088 -0.1103
v  -1.9500 -1.3466 -0.1033
v  -1.9341 -1.3337 -0.0812
v  -1.9399 -1.2975 -0.0954
v  -2.0088 -1.1862 -0.1077
v  -1.9960 -1.1973 -0.1287
v  -1.9736 -1.1829 -0.1145
v  -1.9873 -1.1725 -0.0920
v  -1.9665 -1.2567 -0.1395
v  -1.9627 -1.2824 -0.1277
v  -1.9361 -1.2725 -0.1180
v  -1.9393 -1.2445 -0.1318
v  -1.9784 -1.2237 -0.1434
v  -1.9529 -1.2085 -0.1342
v  -1.9145 -1.3163 -0.0619
v  -1.9132 -1.2835 -0.0831
v  -1.8918 -1.2949 -0.0499
v  -1.8887 -1.2642 -0.0723
v  -1.9076 -1.2586 -0.1069
v  -1.9124 -1.2286 -0.1196
v  -1.8856 -1.2393 -0.0936
v  -1.8929 -1.2114 -0.1032
v  -1.8326 -1.2160 -0.0427
v  -1.8378 -1.1814 -0.0550
v  -1.8556 -1.2022 -0.0618
v  -1.8505 -1.2409 -0.0440
v  -1.8705 -1.2685 -0.0452
v  -1.8693 -1.2384 -0.0661
v  -1.8723 -1.2157 -0.0824
v  -1.8823 -1.1949 -0.0891
v  -1.8686 -1.1900 -0.0744
v  -1.8775 -1.1823 -0.0803
v  -1.9640 -1.1592 -0.0743
v  -1.9507 -1.1695 -0.0963
v  -1.9297 -1.1584 -0.0790
v  -1.9407 -1.1471 -0.0588
v  -1.9287 -1.1924 -0.1188
v  -1.9098 -1.1792 -0.1003
v  -1.8448 -1.1448 -0.0648
v  -1.8537 -1.1126 -0.0598
v  -1.8745 -1.1292 -0.0596
v  -1.8630 -1.1587 -0.0667
v  -1.8746 -1.0710 -0.0044
v  -1.8688 -1.0827 -0.0276
v  -1.9044 -1.0912 -0.0090
v  -1.8974 -1.1070 -0.0332
v  -1.8752 -1.1610 -0.0712
v  -1.8864 -1.1621 -0.0763
v  -1.8871 -1.1376 -0.0617
v  -1.8983 -1.1420 -0.0632
v  -1.8828 -1.1133 -0.0473
v  -1.8613 -1.0949 -0.0457
v  -1.8925 -1.1246 -0.0513
v  -1.9025 -1.1270 -0.0489
v  -1.9193 -1.1356 -0.0507
v  -1.9242 -1.1230 -0.0327
v  -1.9126 -1.1494 -0.0684
v  -1.9316 -1.1101 -0.0118
v  -1.8976 -1.1692 -0.0858
v  -2.2734 -1.2467 -1.5687
v  -2.2934 -1.2336 -1.5851
v  -2.3083 -1.2154 -1.5904
v  -2.2868 -1.2042 -1.5783
v  -2.2753 -1.2196 -1.5747
v  -2.2643 -1.2315 -1.5657
v  -2.2504 -1.2542 -1.5447
v  -2.2494 -1.2297 -1.5468
v  -2.2299 -1.2280 -1.5123
v  -2.2258 -1.2572 -1.5122
v  -2.2564 -1.2109 -1.5508
v  -2.2659 -1.1937 -1.5534
v  -2.2504 -1.1865 -1.5138
v  -2.2394 -1.2061 -1.5133
v  -2.1850 -1.2542 -1.4255
v  -2.2042 -1.2562 -1.4698
v  -2.2108 -1.2263 -1.4671
v  -2.1888 -1.2246 -1.4207
v  -2.1598 -1.2533 -1.3895
v  -2.1574 -1.2222 -1.3851
v  -2.1644 -1.1862 -1.3727
v  -2.1308 -1.1859 -1.3327
v  -2.1987 -1.1965 -1.4152
v  -2.2127 -1.1692 -1.4117
v  -2.1819 -1.1538 -1.3618
v  -2.1570 -1.1428 -1.2910
v  -2.0938 -1.2033 -1.2976
v  -2.1083 -1.1725 -1.2670
v  -2.0984 -1.1458 -1.2467
v  -2.1203 -1.1242 -1.2517
v  -2.2225 -1.2022 -1.4652
v  -2.2360 -1.1803 -1.4639
v  -2.4263 -0.9879 -0.6927
v  -2.4328 -1.0070 -0.7057
v  -2.4356 -1.0166 -0.6886
v  -2.4318 -0.9967 -0.6766
v  -2.4235 -0.9809 -0.6634
v  -2.4170 -0.9720 -0.6775
v  -2.4095 -0.9621 -0.6913
v  -2.4181 -0.9778 -0.7095
v  -2.4275 -0.9955 -0.7228
v  -2.4056 -0.9596 -0.6610
v  -2.4126 -0.9685 -0.6502
v  -2.4033 -0.9601 -0.6404
v  -2.3934 -0.9531 -0.6434
v  -2.3797 -0.9451 -0.6494
v  -2.3976 -0.9500 -0.6702
v  -2.4409 -1.0036 -0.6605
v  -2.4448 -1.0219 -0.6707
v  -2.4609 -1.0212 -0.6591
v  -2.4549 -1.0046 -0.6485
v  -2.4431 -0.9899 -0.6365
v  -2.4320 -0.9883 -0.6490
v  -2.4189 -0.9741 -0.6371
v  -2.4032 -0.9611 -0.6277
v  -2.4255 -0.9759 -0.6236
v  -2.4040 -0.9624 -0.6125
v  -2.3852 -0.9507 -0.6238
v  -2.3808 -0.9501 -0.6057
v  -2.3570 -0.9429 -0.6014
v  -2.3646 -0.9448 -0.6254
v  -2.4488 -1.0018 -0.7447
v  -2.4334 -1.0147 -0.7334
v  -2.4417 -0.9790 -0.7336
v  -2.4604 -0.9579 -0.7445
v  -2.4682 -0.9855 -0.7562
v  -2.4709 -1.0185 -0.7703
v  -2.4506 -1.0262 -0.7497
v  -2.4392 -1.0294 -0.7383
v  -2.4307 -0.9584 -0.7195
v  -2.4177 -0.9419 -0.7001
v  -2.4287 -0.9156 -0.7103
v  -2.4463 -0.9343 -0.7304
v  -2.3988 -0.9307 -0.6781
v  -2.3759 -0.9259 -0.6546
v  -2.3765 -0.8985 -0.6608
v  -2.4049 -0.9034 -0.6861
v  -2.3532 -0.9279 -0.6287
v  -2.3374 -0.9326 -0.6023
v  -2.3232 -0.9057 -0.6002
v  -2.3506 -0.8994 -0.6318
v  -2.4456 -0.9565 -0.6071
v  -2.4355 -0.9704 -0.6117
v  -2.4564 -0.9832 -0.6278
v  -2.4690 -0.9709 -0.6237
v  -2.4177 -0.9444 -0.5922
v  -2.4101 -0.9582 -0.5989
v  -2.3828 -0.9460 -0.5906
v  -2.3576 -0.9370 -0.5841
v  -2.3891 -0.9344 -0.5796
v  -2.3629 -0.9295 -0.5693
v  -2.3181 -0.9231 -0.5777
v  -2.3437 -0.9260 -0.5631
v  -2.3371 -0.9307 -0.5811
v  -2.3264 -0.9219 -0.5569
v  -2.2966 -0.9146 -0.5675
v  -2.3057 -0.9173 -0.5467
v  -2.2827 -0.9135 -0.5324
v  -2.2735 -0.9059 -0.5498
v  -2.2695 -0.8798 -0.5580
v  -2.2945 -0.8897 -0.5801
v  -2.2449 -0.9075 -0.5307
v  -2.2563 -0.9167 -0.5158
v  -2.2296 -0.9284 -0.4976
v  -2.2130 -0.9189 -0.5123
v  -2.2049 -0.8867 -0.5134
v  -2.2389 -0.8797 -0.5354
v  -2.1834 -0.9336 -0.4879
v  -2.2069 -0.9419 -0.4729
v  -2.1884 -0.9465 -0.4403
v  -2.1598 -0.9411 -0.4536
v  -2.1503 -0.9022 -0.4521
v  -2.1733 -0.8968 -0.4864
v  -2.5135 -1.0069 -0.7989
v  -2.5284 -1.0247 -0.8198
v  -2.5177 -1.0426 -0.8159
v  -2.4954 -1.0305 -0.7937
v  -2.4974 -0.9870 -0.7837
v  -2.5167 -0.9637 -0.7977
v  -2.5274 -0.9879 -0.8112
v  -2.5347 -1.0108 -0.8293
v  -2.4887 -0.9598 -0.7713
v  -2.4796 -0.9304 -0.7596
v  -2.4925 -0.9056 -0.7802
v  -2.5071 -0.9353 -0.7884
v  -2.4603 -0.9046 -0.7471
v  -2.4337 -0.8847 -0.7300
v  -2.4358 -0.8567 -0.7515
v  -2.4680 -0.8786 -0.7690
v  -2.4022 -0.8719 -0.7055
v  -2.3712 -0.8637 -0.6758
v  -2.3623 -0.8325 -0.6944
v  -2.3980 -0.8431 -0.7255
v  -2.3462 -0.8585 -0.6435
v  -2.3215 -0.8534 -0.6137
v  -2.3343 -0.8228 -0.6634
v  -2.3096 -0.8124 -0.6336
v  -2.2944 -0.8430 -0.5890
v  -2.2675 -0.8318 -0.5625
v  -2.2573 -0.7852 -0.5751
v  -2.2839 -0.7988 -0.6053
v  -2.2036 -0.8302 -0.5065
v  -2.2369 -0.8280 -0.5342
v  -2.1953 -0.7740 -0.5083
v  -2.2274 -0.7768 -0.5419
v  -2.1741 -0.8359 -0.4743
v  -2.1533 -0.8387 -0.4376
v  -2.1391 -0.7757 -0.4354
v  -2.1652 -0.7754 -0.4729
v  -2.5308 -0.9786 -0.8281
v  -2.5382 -1.0039 -0.8407
v  -2.5213 -0.9530 -0.8184
v  -2.5135 -0.9572 -0.8385
v  -2.5258 -0.9805 -0.8447
v  -2.5348 -1.0041 -0.8527
v  -2.5097 -0.9253 -0.8123
v  -2.4936 -0.8949 -0.8059
v  -2.4795 -0.9026 -0.8311
v  -2.4986 -0.9335 -0.8343
v  -2.4674 -0.8640 -0.7943
v  -2.4315 -0.8392 -0.7750
v  -2.4176 -0.8447 -0.8023
v  -2.4571 -0.8663 -0.8153
v  -2.4304 -0.8650 -0.8302
v  -2.4503 -0.8709 -0.8276
v  -2.4385 -0.8818 -0.8450
v  -2.4551 -0.8922 -0.8403
v  -2.3895 -0.8244 -0.7460
v  -2.3498 -0.8143 -0.7129
v  -2.3339 -0.8144 -0.7307
v  -2.3734 -0.8268 -0.7658
v  -2.3185 -0.8057 -0.6820
v  -2.2927 -0.7937 -0.6522
v  -2.2751 -0.7930 -0.6679
v  -2.3021 -0.8054 -0.6980
v  -2.2682 -0.7777 -0.6228
v  -2.2433 -0.7606 -0.5910
v  -2.2243 -0.7587 -0.6080
v  -2.2500 -0.7765 -0.6386
v  -2.2153 -0.7475 -0.5552
v  -2.1837 -0.7423 -0.5185
v  -2.1646 -0.7393 -0.5366
v  -2.1952 -0.7451 -0.5735
v  -2.3934 -0.9358 -0.5626
v  -2.4234 -0.9405 -0.5780
v  -2.4254 -0.9432 -0.5612
v  -2.3970 -0.9392 -0.5459
v  -2.3731 -0.9395 -0.5317
v  -2.3670 -0.9355 -0.5505
v  -2.4016 -0.9291 -0.5321
v  -2.4251 -0.9342 -0.5448
v  -2.4235 -0.9226 -0.5337
v  -2.4088 -0.9148 -0.5220
v  -2.3923 -0.9069 -0.5073
v  -2.3815 -0.9249 -0.5185
v  -2.3481 -0.9353 -0.5417
v  -2.3558 -0.9419 -0.5198
v  -2.3401 -0.9410 -0.5094
v  -2.3318 -0.9328 -0.5336
v  -2.3660 -0.9220 -0.5065
v  -2.3783 -0.8995 -0.4951
v  -2.3652 -0.8913 -0.4838
v  -2.3522 -0.9183 -0.4951
v  -2.3932 -0.8849 -0.4788
v  -2.4065 -0.8947 -0.4939
v  -2.4234 -0.8839 -0.4783
v  -2.4100 -0.8714 -0.4599
v  -2.3984 -0.8624 -0.4425
v  -2.3810 -0.8757 -0.4649
v  -2.3132 -0.9273 -0.5241
v  -2.3230 -0.9340 -0.5001
v  -2.3057 -0.9269 -0.4899
v  -2.2927 -0.9230 -0.5122
v  -2.3688 -0.8659 -0.4495
v  -2.3570 -0.8551 -0.4324
v  -2.3385 -0.8743 -0.4551
v  -2.3519 -0.8835 -0.4700
v  -2.3872 -0.8524 -0.4246
v  -2.3765 -0.8413 -0.4057
v  -2.3374 -0.9126 -0.4828
v  -2.3222 -0.9052 -0.4707
v  -2.2705 -0.9252 -0.4973
v  -2.2882 -0.9247 -0.4761
v  -2.2730 -0.9256 -0.4572
v  -2.2499 -0.9341 -0.4787
v  -2.2339 -0.9415 -0.4538
v  -2.2606 -0.9212 -0.4349
v  -2.2492 -0.9139 -0.4069
v  -2.2202 -0.9414 -0.4227
v  -2.3065 -0.8975 -0.4575
v  -2.3259 -0.8648 -0.4379
v  -2.3149 -0.8553 -0.4193
v  -2.2928 -0.8911 -0.4402
v  -2.3462 -0.8434 -0.4132
v  -2.3663 -0.8299 -0.3846
v  -2.3569 -0.8179 -0.3635
v  -2.3365 -0.8322 -0.3932
v  -2.2817 -0.8823 -0.4207
v  -2.3047 -0.8441 -0.4016
v  -2.2941 -0.8331 -0.3808
v  -2.2709 -0.8725 -0.3964
v  -2.3279 -0.8211 -0.3743
v  -2.3490 -0.8057 -0.3442
v  -2.3399 -0.7939 -0.3239
v  -2.3181 -0.8099 -0.3541
v  -2.2586 -0.8631 -0.3650
v  -2.2811 -0.8224 -0.3549
v  -2.2635 -0.8076 -0.3249
v  -2.2418 -0.8494 -0.3304
v  -2.2191 -0.8916 -0.3327
v  -2.2362 -0.9058 -0.3706
v  -2.3053 -0.7979 -0.3308
v  -2.3272 -0.7820 -0.3004
v  -2.3091 -0.7645 -0.2732
v  -2.2872 -0.7811 -0.3036
v  -2.2622 -0.7577 -0.2702
v  -2.2840 -0.7398 -0.2394
v  -2.2571 -0.7196 -0.1978
v  -2.2358 -0.7363 -0.2305
v  -2.2130 -0.7613 -0.2555
v  -2.2388 -0.7847 -0.2917
v  -2.2130 -0.7165 -0.1918
v  -2.1916 -0.6970 -0.1488
v  -2.1701 -0.7235 -0.1814
v  -2.1913 -0.7423 -0.2201
v  -2.2341 -0.6977 -0.1572
v  -2.2126 -0.6773 -0.1112
v  -2.1686 -0.6738 -0.0977
v  -2.1902 -0.6501 -0.0589
v  -2.1679 -0.6309 -0.0005
v  -2.1455 -0.6545 -0.0410
v  -2.1221 -0.6819 -0.0804
v  -2.1468 -0.7021 -0.1333
v  -2.4097 -0.8760 -0.8387
v  -2.4246 -0.8958 -0.8583
v  -2.3913 -0.8593 -0.8089
v  -2.3725 -0.8787 -0.8162
v  -2.3881 -0.8967 -0.8481
v  -2.4019 -0.9196 -0.8708
v  -2.3592 -0.8435 -0.7754
v  -2.3219 -0.8262 -0.7430
v  -2.3123 -0.8442 -0.7520
v  -2.3462 -0.8631 -0.7815
v  -2.2907 -0.8133 -0.7107
v  -2.2630 -0.8006 -0.6797
v  -2.2535 -0.8130 -0.6905
v  -2.2818 -0.8276 -0.7216
v  -2.2365 -0.7855 -0.6498
v  -2.2091 -0.7707 -0.6192
v  -2.1978 -0.7870 -0.6280
v  -2.2263 -0.7992 -0.6594
v  -2.2189 -0.8170 -0.6671
v  -2.2462 -0.8311 -0.6990
v  -2.1898 -0.8046 -0.6354
v  -2.1778 -0.8104 -0.6518
v  -2.2075 -0.8280 -0.6824
v  -2.2353 -0.8461 -0.7127
v  -2.4302 -0.8514 -0.4396
v  -2.4431 -0.8682 -0.4609
v  -2.4659 -0.8579 -0.4318
v  -2.4553 -0.8366 -0.4070
v  -2.4417 -0.8301 -0.3820
v  -2.4187 -0.8441 -0.4175
v  -2.4080 -0.8344 -0.3977
v  -2.4308 -0.8182 -0.3622
v  -2.4205 -0.8045 -0.3441
v  -2.3976 -0.8227 -0.3786
v  -2.3867 -0.8130 -0.3565
v  -2.4073 -0.7982 -0.3218
v  -2.3965 -0.7874 -0.3012
v  -2.3767 -0.8012 -0.3353
v  -2.3692 -0.7877 -0.3168
v  -2.3900 -0.7726 -0.2833
v  -2.3802 -0.7602 -0.2620
v  -2.3602 -0.7760 -0.2959
v  -2.3470 -0.7653 -0.2704
v  -2.3644 -0.7522 -0.2340
v  -2.3463 -0.7334 -0.2020
v  -2.3286 -0.7478 -0.2410
v  -2.3040 -0.7239 -0.2041
v  -2.3216 -0.7130 -0.1611
v  -2.2969 -0.6877 -0.1164
v  -2.2773 -0.7011 -0.1614
v  -2.2544 -0.6769 -0.1188
v  -2.2733 -0.6686 -0.0697
v  -2.2495 -0.6538 -0.0193
v  -2.2320 -0.6605 -0.0694
v  -2.2093 -0.6380 -0.0143
v  -2.2248 -0.6381 0.0356
v  -2.2039 -0.6215 0.0892
v  -2.1876 -0.6188 0.0423
v  -2.5132 -0.8735 -0.4201
v  -2.5397 -0.8908 -0.4611
v  -2.5594 -0.9129 -0.4121
v  -2.5299 -0.8929 -0.3675
v  -2.5026 -0.8777 -0.3302
v  -2.4908 -0.8592 -0.3843
v  -2.4838 -0.8739 -0.4636
v  -2.5062 -0.8914 -0.4999
v  -2.4821 -0.8369 -0.3549
v  -2.4917 -0.8586 -0.2972
v  -2.4759 -0.8434 -0.2727
v  -2.4666 -0.8272 -0.3298
v  -2.4545 -0.8137 -0.3097
v  -2.4647 -0.8267 -0.2526
v  -2.4571 -0.8094 -0.2338
v  -2.4447 -0.7978 -0.2919
v  -2.4276 -0.7931 -0.2723
v  -2.4395 -0.8008 -0.2174
v  -2.4260 -0.7931 -0.2000
v  -2.4155 -0.7841 -0.2529
v  -2.4090 -0.7710 -0.2336
v  -2.4170 -0.7828 -0.1801
v  -2.4082 -0.7692 -0.1553
v  -2.3998 -0.7568 -0.2111
v  -2.3793 -0.7502 -0.1826
v  -2.3844 -0.7605 -0.1282
v  -2.3649 -0.7465 -0.0918
v  -2.3619 -0.7312 -0.1478
v  -2.3365 -0.7139 -0.1051
v  -2.3399 -0.7310 -0.0484
v  -2.3173 -0.7126 0.0006
v  -2.3146 -0.6899 -0.0575
v  -2.2876 -0.6761 -0.0091
v  -2.2899 -0.6977 0.0487
v  -2.2722 -0.6797 0.0986
v  -2.2665 -0.6576 0.0407
v  -2.5852 -0.9819 -0.4109
v  -2.6089 -1.0153 -0.4631
v  -2.5708 -1.0603 -0.4215
v  -2.5437 -1.0270 -0.3747
v  -2.5078 -0.9950 -0.3333
v  -2.5469 -0.9538 -0.3650
v  -2.5971 -0.9351 -0.4604
v  -2.6193 -0.9692 -0.5118
v  -2.5167 -0.9311 -0.3199
v  -2.4772 -0.9696 -0.2920
v  -2.4509 -0.9467 -0.2573
v  -2.4879 -0.9122 -0.2841
v  -2.4747 -0.8940 -0.2513
v  -2.4375 -0.9270 -0.2257
v  -2.4270 -0.9083 -0.2000
v  -2.4618 -0.8755 -0.2264
v  -2.4516 -0.8583 -0.2048
v  -2.4168 -0.8928 -0.1771
v  -2.4062 -0.8795 -0.1567
v  -2.4438 -0.8431 -0.1839
v  -2.4305 -0.8312 -0.1665
v  -2.3939 -0.8672 -0.1394
v  -2.3815 -0.8559 -0.1223
v  -2.4161 -0.8222 -0.1507
v  -2.4038 -0.8120 -0.1325
v  -2.3700 -0.8447 -0.1028
v  -2.3559 -0.8322 -0.0812
v  -2.3914 -0.7999 -0.1090
v  -2.3695 -0.7878 -0.0834
v  -2.3377 -0.8192 -0.0559
v  -2.3193 -0.8083 -0.0215
v  -2.3497 -0.7758 -0.0481
v  -2.3274 -0.7619 -0.0040
v  -2.2971 -0.7970 0.0212
v  -2.2750 -0.7845 0.0687
v  -2.3056 -0.7469 0.0451
v  -2.2828 -0.7308 0.0936
v  -2.2565 -0.7700 0.1180
v  -2.2426 -0.7550 0.1665
v  -2.2664 -0.7153 0.1424
v  -2.5094 -1.0634 -0.8144
v  -2.5103 -1.0828 -0.8127
v  -2.4887 -1.0803 -0.7843
v  -2.4857 -1.0569 -0.7882
v  -2.4676 -1.0811 -0.7510
v  -2.4641 -1.0540 -0.7637
v  -2.4318 -1.0290 -0.7163
v  -2.4349 -1.0464 -0.7288
v  -2.4362 -1.0669 -0.7108
v  -2.4321 -1.0413 -0.6978
v  -2.4426 -1.0451 -0.6785
v  -2.4472 -1.0653 -0.6856
v  -2.4616 -1.0553 -0.6777
v  -2.4617 -1.0410 -0.6690
v  -2.4650 -1.0679 -0.6945
v  -2.4750 -1.0545 -0.6816
v  -2.4554 -1.0766 -0.7085
v  -2.4760 -1.0754 -0.7125
v  -2.4836 -1.0642 -0.7004
v  -2.4918 -1.0524 -0.6866
v  -2.4480 -1.0523 -0.7438
v  -2.4490 -1.0724 -0.7315
v  -2.4552 -1.0795 -0.7227
v  -2.4719 -1.0828 -0.7283
v  -2.5936 -1.2270 -0.8665
v  -2.6042 -1.2380 -0.8837
v  -2.5962 -1.2553 -0.8784
v  -2.5818 -1.2446 -0.8600
v  -2.5712 -1.2358 -0.8390
v  -2.5858 -1.2176 -0.8475
v  -2.5937 -1.2032 -0.8578
v  -2.5999 -1.2139 -0.8760
v  -2.6080 -1.2254 -0.8928
v  -2.5801 -1.2076 -0.8290
v  -2.5633 -1.2272 -0.8186
v  -2.5582 -1.2169 -0.7980
v  -2.5759 -1.1963 -0.8109
v  -2.5846 -1.1805 -0.8220
v  -2.5887 -1.1922 -0.8399
v  -2.5748 -1.1837 -0.7920
v  -2.5771 -1.1719 -0.7731
v  -2.5828 -1.1571 -0.7841
v  -2.5827 -1.1685 -0.8029
v  -2.5578 -1.2037 -0.7765
v  -2.5619 -1.1908 -0.7556
v  -2.5795 -1.1618 -0.7555
v  -2.5667 -1.1798 -0.7371
v  -2.5662 -1.1688 -0.7208
v  -2.5772 -1.1519 -0.7392
v  -2.5808 -1.1382 -0.7503
v  -2.5836 -1.1472 -0.7669
v  -2.5452 -1.1850 -0.6720
v  -2.5459 -1.1940 -0.6896
v  -2.5212 -1.2204 -0.6473
v  -2.5191 -1.2090 -0.6310
v  -2.5257 -1.2047 -0.6161
v  -2.5529 -1.1823 -0.6568
v  -2.5700 -1.1537 -0.6908
v  -2.5640 -1.1597 -0.7048
v  -2.5731 -1.1432 -0.7232
v  -2.5742 -1.1363 -0.7086
v  -2.5756 -1.1240 -0.7168
v  -2.5763 -1.1301 -0.7333
v  -2.5289 -1.0755 -0.8410
v  -2.5333 -1.0598 -0.8413
v  -2.5452 -1.0793 -0.8660
v  -2.5453 -1.0918 -0.8661
v  -2.5506 -1.1021 -0.8632
v  -2.5327 -1.0897 -0.8382
v  -2.5381 -1.0454 -0.8430
v  -2.5415 -1.0345 -0.8476
v  -2.5472 -1.0516 -0.8599
v  -2.5471 -1.0651 -0.8634
v  -2.5103 -0.9951 -0.8564
v  -2.5228 -1.0122 -0.8618
v  -2.4949 -0.9775 -0.8518
v  -2.4778 -0.9988 -0.8666
v  -2.4942 -1.0117 -0.8681
v  -2.5096 -1.0263 -0.8707
v  -2.4775 -0.9599 -0.8506
v  -2.4594 -0.9407 -0.8531
v  -2.4362 -0.9784 -0.8758
v  -2.4600 -0.9875 -0.8683
v  -2.4416 -0.9193 -0.8580
v  -2.4192 -0.9478 -0.8769
v  -2.5445 -1.0296 -0.8554
v  -2.5404 -1.0289 -0.8625
v  -2.5431 -1.0569 -0.8788
v  -2.5512 -1.0544 -0.8696
v  -2.5583 -1.1103 -0.8899
v  -2.5558 -1.0976 -0.8882
v  -2.5610 -1.1183 -0.9134
v  -2.5680 -1.1304 -0.9142
v  -2.5738 -1.1387 -0.9112
v  -2.5631 -1.1195 -0.8873
v  -2.5546 -1.0783 -0.8806
v  -2.5511 -1.0882 -0.8955
v  -2.5318 -1.0283 -0.8659
v  -2.5250 -1.0423 -0.8731
v  -2.4818 -1.0251 -0.8772
v  -2.4681 -1.0139 -0.8780
v  -2.4682 -1.0182 -0.8938
v  -2.4786 -1.0292 -0.8925
v  -2.4897 -1.0441 -0.8944
v  -2.4959 -1.0397 -0.8783
v  -2.5116 -1.0561 -0.8821
v  -2.5020 -1.0616 -0.8996
v  -2.5179 -1.0788 -0.9090
v  -2.5284 -1.0739 -0.8924
v  -2.5426 -1.0963 -0.9075
v  -2.5365 -1.0960 -0.9219
v  -2.5553 -1.1141 -0.9368
v  -2.5550 -1.1186 -0.9238
v  -2.5671 -1.1350 -0.9390
v  -2.5757 -1.1305 -0.9518
v  -2.5974 -1.1492 -0.9657
v  -2.5737 -1.1421 -0.9405
v  -2.5790 -1.1492 -0.9409
v  -2.5991 -1.1632 -0.9637
v  -2.6011 -1.1722 -0.9594
v  -2.5861 -1.1569 -0.9365
v  -2.5874 -1.1181 -0.9636
v  -2.5668 -1.0989 -0.9489
v  -2.5786 -1.0815 -0.9648
v  -2.5952 -1.1039 -0.9807
v  -2.6081 -1.1322 -1.0015
v  -2.6069 -1.1405 -0.9824
v  -2.5465 -1.0814 -0.9371
v  -2.5279 -1.0653 -0.9275
v  -2.5416 -1.0483 -0.9456
v  -2.5600 -1.0632 -0.9534
v  -2.5121 -1.0498 -0.9202
v  -2.4993 -1.0348 -0.9149
v  -2.5103 -1.0228 -0.9360
v  -2.5247 -1.0353 -0.9401
v  -2.4769 -1.0110 -0.9138
v  -2.4882 -0.9986 -0.9307
v  -2.4983 -1.0105 -0.9325
v  -2.4871 -1.0219 -0.9130
v  -2.5907 -1.1641 -0.9292
v  -2.6028 -1.1792 -0.9508
v  -2.6022 -1.1847 -0.9421
v  -2.5922 -1.1707 -0.9217
v  -2.5809 -1.1553 -0.8994
v  -2.5788 -1.1471 -0.9055
v  -2.5999 -1.2008 -0.8880
v  -2.6091 -1.2122 -0.9048
v  -2.5925 -1.1895 -0.8698
v  -2.5901 -1.1779 -0.8796
v  -2.5986 -1.1897 -0.8988
v  -2.6089 -1.2007 -0.9164
v  -2.5931 -1.1752 -0.9161
v  -2.6019 -1.1877 -0.9353
v  -2.6033 -1.1912 -0.9311
v  -2.5945 -1.1788 -0.9111
v  -2.5852 -1.1654 -0.8901
v  -2.5827 -1.1611 -0.8945
v  -2.5967 -1.1830 -0.9059
v  -2.6064 -1.1945 -0.9250
v  -2.5878 -1.1704 -0.8858
v  -2.5684 -1.1290 -0.8828
v  -2.5719 -1.1386 -0.8779
v  -2.5630 -1.1227 -0.8562
v  -2.5572 -1.1123 -0.8600
v  -2.5867 -1.1777 -0.8517
v  -2.5823 -1.1657 -0.8331
v  -2.5786 -1.1535 -0.8416
v  -2.5836 -1.1656 -0.8609
v  -2.5743 -1.1461 -0.8737
v  -2.5769 -1.1522 -0.8699
v  -2.5703 -1.1392 -0.8494
v  -2.5676 -1.1314 -0.8527
v  -2.5802 -1.1578 -0.8663
v  -2.5740 -1.1458 -0.8463
v  -2.5430 -1.0993 -0.8358
v  -2.5540 -1.1088 -0.8332
v  -2.5440 -1.0980 -0.8096
v  -2.5262 -1.0921 -0.8105
v  -2.5797 -1.1540 -0.8132
v  -2.5795 -1.1427 -0.7937
v  -2.5754 -1.1304 -0.8008
v  -2.5758 -1.1419 -0.8209
v  -2.5626 -1.1173 -0.8304
v  -2.5661 -1.1269 -0.8275
v  -2.5632 -1.1150 -0.8059
v  -2.5576 -1.1044 -0.8084
v  -2.5703 -1.1342 -0.8249
v  -2.5691 -1.1225 -0.8040
v  -2.5798 -1.1231 -0.7593
v  -2.5807 -1.1323 -0.7763
v  -2.5750 -1.1095 -0.7653
v  -2.5759 -1.1194 -0.7829
v  -2.5110 -1.0882 -0.7833
v  -2.5353 -1.0893 -0.7860
v  -2.5284 -1.0816 -0.7635
v  -2.5005 -1.0864 -0.7574
v  -2.5522 -1.0938 -0.7872
v  -2.5602 -1.1046 -0.7860
v  -2.5563 -1.0959 -0.7664
v  -2.5468 -1.0855 -0.7661
v  -2.5680 -1.1119 -0.7852
v  -2.5659 -1.1023 -0.7669
v  -2.5725 -1.1088 -0.7248
v  -2.5758 -1.1150 -0.7415
v  -2.5642 -1.0960 -0.7298
v  -2.5706 -1.1012 -0.7469
v  -2.4976 -1.0813 -0.7354
v  -2.5230 -1.0777 -0.7424
v  -2.5200 -1.0737 -0.7237
v  -2.4988 -1.0724 -0.7188
v  -2.5602 -1.0952 -0.7477
v  -2.5535 -1.0913 -0.7294
v  -2.5420 -1.0894 -0.7268
v  -2.5488 -1.0922 -0.7461
v  -2.5386 -1.0840 -0.7451
v  -2.5324 -1.0818 -0.7256
v  -2.5728 -0.9085 -0.5078
v  -2.5354 -0.9058 -0.5423
v  -2.5615 -0.9274 -0.5834
v  -2.5989 -0.9370 -0.5542
v  -2.4538 -0.9493 -0.5957
v  -2.4800 -0.9640 -0.6146
v  -2.4897 -0.9577 -0.5990
v  -2.4558 -0.9490 -0.5776
v  -2.4810 -0.9025 -0.5213
v  -2.5090 -0.9172 -0.5592
v  -2.4609 -0.9177 -0.5365
v  -2.4945 -0.9300 -0.5689
v  -2.5187 -0.9430 -0.6023
v  -2.5355 -0.9335 -0.5968
v  -2.4221 -0.9062 -0.5130
v  -2.4374 -0.9204 -0.5341
v  -2.4394 -0.8982 -0.5027
v  -2.4499 -0.9374 -0.5556
v  -2.4731 -0.9391 -0.5666
v  -2.4911 -0.9402 -0.5792
v  -2.5071 -0.9516 -0.6048
v  -2.4595 -0.8851 -0.4886
v  -2.4550 -1.0054 -0.8818
v  -2.4402 -1.0032 -0.8878
v  -2.4483 -1.0098 -0.9023
v  -2.4601 -1.0094 -0.8975
v  -2.4570 -1.0011 -0.9203
v  -2.4690 -1.0010 -0.9165
v  -2.4629 -0.9884 -0.9363
v  -2.4778 -0.9877 -0.9323
v  -2.4687 -0.9908 -0.9497
v  -2.4816 -0.9839 -0.9449
v  -2.4770 -0.9997 -0.9583
v  -2.4904 -0.9921 -0.9470
v  -2.4992 -1.0039 -0.9511
v  -2.4883 -1.0089 -0.9667
v  -2.5022 -1.0193 -0.9753
v  -2.5106 -1.0168 -0.9566
v  -2.5247 -1.0291 -0.9624
v  -2.5175 -1.0309 -0.9834
v  -2.5342 -1.0439 -0.9918
v  -2.5409 -1.0419 -0.9691
v  -2.5583 -1.0564 -0.9774
v  -2.5518 -1.0586 -1.0011
v  -2.5685 -1.0755 -1.0116
v  -2.5758 -1.0741 -0.9883
v  -2.5914 -1.0964 -1.0033
v  -2.5822 -1.0955 -1.0232
v  -2.5893 -1.1249 -1.0408
v  -2.6033 -1.1262 -1.0235
v  -2.5549 -1.0967 -1.0237
v  -2.5411 -1.1378 -1.0393
v  -2.5696 -1.1311 -1.0432
v  -2.5692 -1.1052 -1.0306
v  -2.5375 -1.0837 -1.0131
v  -2.5186 -1.0685 -1.0024
v  -2.4957 -1.1051 -1.0092
v  -2.5165 -1.1210 -1.0221
v  -2.5005 -1.0544 -0.9933
v  -2.4836 -1.0425 -0.9835
v  -2.4577 -1.0782 -0.9841
v  -2.4756 -1.0903 -0.9975
v  -2.4554 -1.0240 -0.9619
v  -2.4680 -1.0326 -0.9732
v  -2.4293 -1.0618 -0.9550
v  -2.4421 -1.0693 -0.9695
v  -2.4427 -1.0115 -0.9359
v  -2.4113 -1.0466 -0.9292
v  -2.4191 -1.0533 -0.9421
v  -2.4471 -1.0148 -0.9503
v  -2.4383 -1.0181 -0.9213
v  -2.4297 -1.0212 -0.9059
v  -2.3975 -1.0419 -0.9061
v  -2.4047 -1.0444 -0.9170
v  -2.4198 -1.0138 -0.8941
v  -2.4090 -0.9984 -0.8861
v  -2.3827 -1.0261 -0.8821
v  -2.3903 -1.0363 -0.8948
v  -2.3954 -0.9760 -0.8797
v  -2.3813 -0.9502 -0.8660
v  -2.3606 -0.9871 -0.8521
v  -2.3727 -1.0092 -0.8672
v  -2.3689 -0.9256 -0.8453
v  -2.3550 -0.9039 -0.8175
v  -2.3354 -0.9376 -0.8133
v  -2.3492 -0.9623 -0.8341
v  -2.3336 -0.8857 -0.7852
v  -2.3032 -0.8654 -0.7592
v  -2.2858 -0.8898 -0.7764
v  -2.3148 -0.9160 -0.7892
v  -2.2743 -0.8473 -0.7301
v  -2.2622 -0.8623 -0.7448
v  -2.2498 -0.9147 -0.8800
v  -2.2438 -0.8917 -0.8312
v  -2.2254 -0.8814 -0.8532
v  -2.2381 -0.8957 -0.8816
v  -2.2109 -0.8663 -0.8796
v  -2.2342 -0.8980 -0.9107
v  -2.2546 -0.9318 -0.9335
v  -2.2455 -0.8641 -0.7697
v  -2.2601 -0.8918 -0.7969
v  -2.2192 -0.8467 -0.7374
v  -2.1987 -0.8552 -0.7615
v  -2.2247 -0.8670 -0.7957
v  -2.1918 -0.8287 -0.7059
v  -2.1623 -0.8094 -0.6736
v  -2.1430 -0.8127 -0.6950
v  -2.1712 -0.8378 -0.7278
v  -2.1302 -0.7918 -0.6386
v  -2.1455 -0.7945 -0.6190
v  -2.1150 -0.7840 -0.5866
v  -2.1001 -0.7770 -0.6037
v  -2.0825 -0.7706 -0.6206
v  -2.1122 -0.7902 -0.6584
v  -2.0756 -0.7696 -0.5701
v  -2.0501 -0.7761 -0.5419
v  -2.0904 -0.7829 -0.5577
v  -2.0686 -0.7904 -0.5322
v  -2.0284 -0.7596 -0.5504
v  -2.0576 -0.7562 -0.5817
v  -2.1789 -0.7606 -0.5854
v  -2.1488 -0.7557 -0.5507
v  -2.1371 -0.7761 -0.5616
v  -2.1667 -0.7793 -0.5944
v  -2.1578 -0.7956 -0.6025
v  -2.1277 -0.7913 -0.5714
v  -2.1043 -0.7920 -0.5450
v  -2.1126 -0.7765 -0.5330
v  -2.0924 -0.7805 -0.5086
v  -2.0846 -0.7965 -0.5210
v  -2.1515 -0.7435 -0.4823
v  -2.1208 -0.7449 -0.4454
v  -2.0988 -0.7425 -0.4638
v  -2.1338 -0.7407 -0.5004
v  -2.1209 -0.7557 -0.5183
v  -2.0976 -0.7604 -0.4937
v  -2.0819 -0.7704 -0.4819
v  -2.0757 -0.7881 -0.4890
v  -2.0719 -0.7645 -0.4613
v  -2.0590 -0.7898 -0.4642
v  -2.0652 -0.8017 -0.4974
v  -2.0468 -0.7970 -0.5075
v  -2.0431 -0.8051 -0.4695
v  -2.0217 -0.7988 -0.4798
v  -2.2062 -0.8720 -0.8207
v  -2.1812 -0.8653 -0.7847
v  -2.1657 -0.8659 -0.8049
v  -2.1926 -0.8689 -0.8385
v  -2.1776 -0.8085 -0.8473
v  -2.1609 -0.7740 -0.8541
v  -2.1731 -0.7944 -0.8767
v  -2.1902 -0.8225 -0.8793
v  -2.1868 -0.8425 -0.8454
v  -2.1596 -0.8279 -0.8154
v  -2.1509 -0.7913 -0.8170
v  -2.1371 -0.7558 -0.8240
v  -2.1853 -0.8566 -0.8366
v  -2.1624 -0.8493 -0.8111
v  -2.1513 -0.8532 -0.7461
v  -2.1247 -0.8208 -0.7119
v  -2.1104 -0.8195 -0.7272
v  -2.1312 -0.8548 -0.7677
v  -2.1339 -0.8311 -0.7770
v  -2.1122 -0.8026 -0.7331
v  -2.1134 -0.7791 -0.7359
v  -2.1333 -0.8065 -0.7791
v  -2.1286 -0.7695 -0.7812
v  -2.1109 -0.7442 -0.7406
v  -2.0975 -0.7132 -0.7528
v  -2.1152 -0.7363 -0.7901
v  -2.0953 -0.7906 -0.6739
v  -2.0656 -0.7648 -0.6325
v  -2.0514 -0.7593 -0.6406
v  -2.0838 -0.7868 -0.6847
v  -2.0841 -0.7726 -0.6894
v  -2.0500 -0.7442 -0.6461
v  -2.0563 -0.7239 -0.6490
v  -2.0891 -0.7503 -0.6918
v  -2.0901 -0.7190 -0.6985
v  -2.0586 -0.6977 -0.6563
v  -2.0478 -0.6762 -0.6720
v  -2.0784 -0.6911 -0.7137
v  -2.1403 -0.7630 -0.8731
v  -2.1597 -0.7942 -0.8952
v  -2.1157 -0.7444 -0.8422
v  -2.0965 -0.7428 -0.8663
v  -2.1238 -0.7622 -0.8984
v  -2.1438 -0.7978 -0.9179
v  -2.0938 -0.7264 -0.8075
v  -2.0757 -0.7028 -0.7716
v  -2.0510 -0.7054 -0.7944
v  -2.0723 -0.7284 -0.8298
v  -2.0559 -0.6807 -0.7345
v  -2.0287 -0.6659 -0.6919
v  -2.0061 -0.6605 -0.7141
v  -2.0303 -0.6804 -0.7579
v  -1.9942 -0.6526 -0.6424
v  -2.0094 -0.6635 -0.6253
v  -1.9746 -0.6501 -0.5813
v  -1.9614 -0.6386 -0.5957
v  -1.9452 -0.6317 -0.6125
v  -1.9754 -0.6459 -0.6617
v  -1.9509 -0.6530 -0.6810
v  -1.9768 -0.6722 -0.7345
v  -1.9252 -0.6364 -0.6305
v  -1.9050 -0.6505 -0.6437
v  -1.9258 -0.6713 -0.6934
v  -1.9471 -0.6935 -0.7461
v  -2.2564 -0.9681 -0.9828
v  -2.2408 -0.9276 -0.9647
v  -2.2533 -0.9511 -0.9872
v  -2.2303 -0.9300 -0.9922
v  -2.2521 -0.9562 -1.0125
v  -2.2688 -0.9890 -1.0327
v  -2.2179 -0.9027 -0.9423
v  -2.1930 -0.8727 -0.9224
v  -2.1703 -0.8744 -0.9550
v  -2.2036 -0.9043 -0.9731
v  -2.1753 -0.8336 -0.9090
v  -2.1571 -0.8364 -0.9316
v  -2.1306 -0.8063 -0.9326
v  -2.1441 -0.8339 -0.9418
v  -2.1251 -0.8174 -0.9468
v  -2.1445 -0.8480 -0.9561
v  -2.1085 -0.7738 -0.9167
v  -2.0785 -0.7512 -0.8887
v  -2.0665 -0.7603 -0.9070
v  -2.1008 -0.7838 -0.9303
v  -2.0488 -0.7376 -0.8546
v  -2.0219 -0.7203 -0.8184
v  -1.9865 -0.7404 -0.8415
v  -2.0286 -0.7507 -0.8780
v  -1.9994 -0.6963 -0.7796
v  -1.9662 -0.7155 -0.7932
v  -2.2591 -0.9466 -1.0352
v  -2.2844 -0.9707 -1.0602
v  -2.2343 -0.9200 -1.0154
v  -2.2378 -0.9093 -1.0354
v  -2.2653 -0.9322 -1.0554
v  -2.2931 -0.9545 -1.0798
v  -2.2057 -0.8958 -0.9985
v  -2.1749 -0.8736 -0.9859
v  -2.1823 -0.8639 -1.0052
v  -2.2098 -0.8870 -1.0187
v  -2.2361 -0.9018 -1.0517
v  -2.2090 -0.8805 -1.0337
v  -2.2054 -0.8741 -1.0470
v  -2.2303 -0.8949 -1.0664
v  -2.1861 -0.8556 -1.0179
v  -2.1840 -0.8492 -1.0309
v  -2.1519 -0.8452 -0.9763
v  -2.1316 -0.8129 -0.9634
v  -2.1427 -0.8024 -0.9763
v  -2.1621 -0.8352 -0.9921
v  -2.1479 -0.7939 -0.9882
v  -2.1681 -0.8265 -1.0035
v  -2.1440 -0.7897 -1.0029
v  -2.1656 -0.8209 -1.0170
v  -2.1037 -0.7799 -0.9448
v  -2.0656 -0.7537 -0.9245
v  -2.0717 -0.7392 -0.9377
v  -2.1132 -0.7681 -0.9566
v  -2.1173 -0.7590 -0.9695
v  -2.0741 -0.7295 -0.9511
v  -2.0716 -0.7261 -0.9669
v  -2.1131 -0.7563 -0.9854
v  -2.0185 -0.7429 -0.9044
v  -1.9726 -0.7315 -0.8811
v  -2.0198 -0.7227 -0.9226
v  -1.9656 -0.7078 -0.9035
v  -2.0214 -0.7097 -0.9358
v  -1.9644 -0.6912 -0.9176
v  -1.9639 -0.6793 -0.9295
v  -2.0210 -0.7020 -0.9497
v  -2.3826 -1.2409 -1.4605
v  -2.3956 -1.2499 -1.4268
v  -2.3997 -1.2262 -1.4148
v  -2.3861 -1.2169 -1.4454
v  -2.3653 -1.2045 -1.4808
v  -2.3606 -1.2283 -1.4983
v  -2.3981 -1.2525 -1.3661
v  -2.3994 -1.2312 -1.3550
v  -2.3919 -1.2300 -1.3660
v  -2.3919 -1.2509 -1.3771
v  -2.3997 -1.2535 -1.3502
v  -2.4008 -1.2332 -1.3398
v  -2.3894 -1.2506 -1.3846
v  -2.3886 -1.2295 -1.3739
v  -2.3911 -1.2292 -1.3824
v  -2.3913 -1.2511 -1.3927
v  -2.3956 -1.2521 -1.4051
v  -2.3974 -1.2295 -1.3943
v  -2.3955 -1.2006 -1.3332
v  -2.3963 -1.2060 -1.3196
v  -2.3911 -1.1739 -1.2917
v  -2.3905 -1.1649 -1.3045
v  -2.3846 -1.1586 -1.3153
v  -2.3884 -1.1971 -1.3440
v  -2.3839 -1.1946 -1.3524
v  -2.3813 -1.1546 -1.3233
v  -2.3830 -1.1509 -1.3314
v  -2.3860 -1.1921 -1.3614
v  -2.3935 -1.1906 -1.3719
v  -2.3891 -1.1473 -1.3410
v  -2.3966 -1.1410 -1.3554
v  -2.4010 -1.1858 -1.3896
v  -2.3844 -1.1291 -1.2719
v  -2.3843 -1.1392 -1.2598
v  -2.3743 -1.1061 -1.2283
v  -2.3768 -1.0965 -1.2394
v  -2.3721 -1.0923 -1.2507
v  -2.3777 -1.1235 -1.2826
v  -2.3111 -0.9904 -1.0938
v  -2.3159 -0.9779 -1.1128
v  -2.3344 -1.0003 -1.1463
v  -2.3315 -1.0089 -1.1305
v  -2.3193 -1.0230 -1.1209
v  -2.2961 -1.0101 -1.0803
v  -2.3678 -1.0700 -1.2111
v  -2.3629 -1.0798 -1.2010
v  -2.3492 -1.0578 -1.1765
v  -2.3563 -1.0479 -1.1856
v  -2.3580 -1.0444 -1.2019
v  -2.3670 -1.0672 -1.2238
v  -2.3743 -1.1193 -1.2909
v  -2.3700 -1.0906 -1.2601
v  -2.3707 -1.0859 -1.2644
v  -2.3767 -1.1153 -1.2982
v  -2.3639 -1.0635 -1.2337
v  -2.3666 -1.0709 -1.2367
v  -2.3818 -1.1108 -1.3061
v  -2.3728 -1.0810 -1.2704
v  -2.3718 -1.0748 -1.2779
v  -2.3858 -1.1041 -1.3169
v  -2.3618 -1.0586 -1.2372
v  -2.3526 -1.0390 -1.2083
v  -2.3495 -1.0393 -1.2176
v  -2.3576 -1.0533 -1.2415
v  -2.3444 -1.0278 -1.1604
v  -2.3484 -1.0205 -1.1732
v  -2.3350 -1.0386 -1.1521
v  -2.3909 -1.1763 -1.4166
v  -2.3892 -1.1318 -1.3771
v  -2.3707 -1.1194 -1.4032
v  -2.3714 -1.1661 -1.4494
v  -2.3793 -1.0955 -1.3326
v  -2.3633 -1.0683 -1.2858
v  -2.3491 -1.0645 -1.2922
v  -2.3634 -1.0890 -1.3437
v  -2.3427 -1.0863 -1.3434
v  -2.3307 -1.0658 -1.2959
v  -2.3092 -1.0647 -1.3043
v  -2.3198 -1.0842 -1.3451
v  -2.3299 -1.0857 -1.3767
v  -2.3487 -1.0931 -1.3884
v  -2.3420 -1.0194 -1.1863
v  -2.3264 -1.0003 -1.1627
v  -2.3189 -1.0084 -1.1876
v  -2.3386 -1.0274 -1.2057
v  -2.3472 -1.0457 -1.2409
v  -2.3323 -1.0405 -1.2396
v  -2.2651 -0.9211 -1.0729
v  -2.2568 -0.9128 -1.0902
v  -2.2830 -0.9385 -1.1235
v  -2.2905 -0.9443 -1.0994
v  -2.3164 -1.0376 -1.2443
v  -2.3055 -1.0044 -1.1996
v  -2.2907 -0.9947 -1.2100
v  -2.2993 -1.0311 -1.2576
v  -2.3093 -0.9735 -1.1316
v  -2.3025 -0.9734 -1.1494
v  -2.2859 -0.9637 -1.1677
v  -2.2982 -0.9783 -1.1674
v  -2.4873 -1.0577 -0.3579
v  -2.5128 -1.0919 -0.3969
v  -2.4529 -1.1095 -0.3925
v  -2.4323 -1.0748 -0.3598
v  -2.4103 -1.0385 -0.3260
v  -2.4579 -1.0229 -0.3211
v  -2.4328 -0.9948 -0.2837
v  -2.3925 -1.0104 -0.2887
v  -2.3774 -0.9864 -0.2534
v  -2.4127 -0.9710 -0.2487
v  -2.3533 -0.9468 -0.1968
v  -2.3894 -0.9324 -0.1917
v  -2.4000 -0.9508 -0.2176
v  -2.3650 -0.9658 -0.2222
v  -2.3786 -0.9172 -0.1693
v  -2.3421 -0.9314 -0.1755
v  -2.3309 -0.9183 -0.1566
v  -2.3673 -0.9041 -0.1497
v  -2.3557 -0.8916 -0.1319
v  -2.3195 -0.9061 -0.1387
v  -2.3074 -0.8939 -0.1207
v  -2.3438 -0.8799 -0.1140
v  -2.3316 -0.8685 -0.0942
v  -2.2944 -0.8816 -0.1012
v  -2.2789 -0.8690 -0.0800
v  -2.3169 -0.8561 -0.0729
v  -2.2998 -0.8448 -0.0470
v  -2.2606 -0.8584 -0.0550
v  -2.2375 -0.8481 -0.0268
v  -2.2790 -0.8348 -0.0152
v  -2.2530 -0.8249 0.0228
v  -2.2082 -0.8383 0.0051
v  -2.1698 -0.8311 0.0450
v  -2.2281 -0.8132 0.0663
v  -2.2115 -0.7993 0.1157
v  -2.1605 -0.8136 0.1025
v  -2.1539 -0.7994 0.1554
v  -2.2021 -0.7854 0.1667
v  -2.1217 -0.8468 0.0554
v  -2.0836 -0.8567 0.0573
v  -2.0820 -0.8452 0.0998
v  -2.1198 -0.8321 0.1008
v  -2.0787 -0.8301 0.1477
v  -2.1154 -0.8176 0.1517
v  -2.3974 -1.0851 -0.3725
v  -2.3746 -1.0970 -0.3835
v  -2.3606 -1.0653 -0.3484
v  -2.3802 -1.0477 -0.3402
v  -2.4129 -1.1215 -0.4011
v  -2.3862 -1.1297 -0.4120
v  -2.3645 -1.0180 -0.3027
v  -2.3451 -1.0370 -0.3105
v  -2.3293 -1.0117 -0.2735
v  -2.3503 -0.9932 -0.2662
v  -2.3375 -0.9721 -0.2339
v  -2.3154 -0.9907 -0.2398
v  -2.3026 -0.9734 -0.2116
v  -2.3251 -0.9530 -0.2078
v  -2.3139 -0.9395 -0.1858
v  -2.2910 -0.9604 -0.1898
v  -2.2798 -0.9487 -0.1722
v  -2.3030 -0.9276 -0.1673
v  -2.2919 -0.9154 -0.1494
v  -2.2686 -0.9358 -0.1554
v  -2.2567 -0.9223 -0.1384
v  -2.2801 -0.9031 -0.1312
v  -2.2666 -0.8898 -0.1122
v  -2.2431 -0.9088 -0.1199
v  -2.2275 -0.8970 -0.0997
v  -2.2504 -0.8767 -0.0918
v  -2.2313 -0.8658 -0.0692
v  -2.2095 -0.8887 -0.0780
v  -2.1885 -0.8835 -0.0556
v  -2.2079 -0.8555 -0.0460
v  -2.1623 -0.8780 -0.0350
v  -2.1315 -0.8740 -0.0197
v  -2.1483 -0.8482 0.0036
v  -2.1797 -0.8476 -0.0202
v  -2.1130 -0.8546 0.0158
v  -2.0973 -0.8741 -0.0123
v  -2.0625 -0.8723 -0.0122
v  -2.0769 -0.8575 0.0176
v  -2.3565 -1.1114 -0.3872
v  -2.3677 -1.1382 -0.4116
v  -2.3551 -1.1416 -0.4065
v  -2.3427 -1.1272 -0.3897
v  -2.3243 -1.1067 -0.3602
v  -2.3416 -1.0850 -0.3551
v  -2.3243 -1.0605 -0.3178
v  -2.3042 -1.0872 -0.3235
v  -2.2851 -1.0696 -0.2842
v  -2.3068 -1.0385 -0.2797
v  -2.2906 -1.0193 -0.2455
v  -2.2669 -1.0537 -0.2489
v  -2.2498 -1.0396 -0.2203
v  -2.2755 -1.0030 -0.2173
v  -2.2624 -0.9903 -0.1967
v  -2.2365 -1.0287 -0.1988
v  -2.2252 -1.0173 -0.1821
v  -2.2506 -0.9785 -0.1806
v  -2.3340 -1.1480 -0.3917
v  -2.3337 -1.1702 -0.3890
v  -2.3077 -1.1581 -0.3572
v  -2.3112 -1.1324 -0.3619
v  -2.3554 -1.1597 -0.4134
v  -2.3575 -1.1806 -0.4149
v  -2.2846 -1.1471 -0.3177
v  -2.2656 -1.1362 -0.2752
v  -2.2704 -1.1045 -0.2827
v  -2.2894 -1.1177 -0.3239
v  -2.2456 -1.1251 -0.2366
v  -2.2234 -1.1145 -0.2069
v  -2.2322 -1.0793 -0.2164
v  -2.2514 -1.0916 -0.2457
v  -2.3890 -1.2861 -0.4310
v  -2.4128 -1.2965 -0.4636
v  -2.3666 -1.2744 -0.3982
v  -2.3709 -1.2622 -0.3997
v  -2.3908 -1.2739 -0.4321
v  -2.4125 -1.2828 -0.4648
v  -2.3447 -1.2610 -0.3569
v  -2.3254 -1.2489 -0.3087
v  -2.3304 -1.2330 -0.3144
v  -2.3503 -1.2474 -0.3599
v  -2.3084 -1.2399 -0.2562
v  -2.2921 -1.2319 -0.2045
v  -2.2936 -1.2139 -0.2161
v  -2.3128 -1.2227 -0.2649
v  -2.2694 -1.2217 -0.1609
v  -2.2400 -1.2101 -0.1289
v  -2.2403 -1.1952 -0.1395
v  -2.2698 -1.2045 -0.1727
v  -2.2098 -1.1967 -0.1074
v  -2.1808 -1.1824 -0.0926
v  -2.1841 -1.1699 -0.1013
v  -2.2115 -1.1834 -0.1170
v  -2.1537 -1.1683 -0.0820
v  -2.1295 -1.1546 -0.0713
v  -2.1350 -1.1411 -0.0779
v  -2.1584 -1.1557 -0.0891
v  -2.0863 -1.1302 -0.0473
v  -2.1075 -1.1418 -0.0596
v  -2.0914 -1.1158 -0.0553
v  -2.1130 -1.1276 -0.0668
v  -2.0655 -1.1198 -0.0335
v  -2.0438 -1.1085 -0.0181
v  -2.0485 -1.0943 -0.0257
v  -2.0701 -1.1058 -0.0416
v  -2.0187 -1.0942 -0.0028
v  -1.9900 -1.0785 0.0091
v  -1.9956 -1.0641 0.0012
v  -2.0238 -1.0796 -0.0104
v  -1.9593 -1.0622 0.0162
v  -1.9273 -1.0458 0.0209
v  -1.9350 -1.0342 0.0130
v  -1.9661 -1.0490 0.0083
v  -2.3490 -1.2274 -0.3668
v  -2.3444 -1.2062 -0.3749
v  -2.3672 -1.2198 -0.4077
v  -2.3708 -1.2423 -0.4032
v  -2.3272 -1.2132 -0.3249
v  -2.3211 -1.1931 -0.3367
v  -2.2939 -1.1653 -0.3053
v  -2.3152 -1.1757 -0.3469
v  -2.3016 -1.1823 -0.2927
v  -2.2828 -1.1720 -0.2474
v  -2.2745 -1.1550 -0.2618
v  -2.3090 -1.2022 -0.2782
v  -2.2900 -1.1928 -0.2312
v  -2.2513 -1.1455 -0.2225
v  -2.2606 -1.1618 -0.2058
v  -2.2340 -1.1534 -0.1734
v  -2.2264 -1.1367 -0.1916
v  -2.2669 -1.1831 -0.1883
v  -2.2381 -1.1750 -0.1553
v  -2.2110 -1.1646 -0.1337
v  -2.1864 -1.1514 -0.1180
v  -2.1878 -1.1306 -0.1376
v  -2.2096 -1.1433 -0.1525
v  -2.1405 -1.1221 -0.0942
v  -2.1632 -1.1366 -0.1050
v  -2.1442 -1.1029 -0.1155
v  -2.1661 -1.1166 -0.1255
v  -2.1181 -1.1091 -0.0846
v  -2.0965 -1.0974 -0.0734
v  -2.1002 -1.0793 -0.0964
v  -2.1222 -1.0905 -0.1066
v  -2.0759 -1.0867 -0.0587
v  -2.0545 -1.0752 -0.0421
v  -2.0558 -1.0589 -0.0665
v  -2.0782 -1.0695 -0.0827
v  -2.0302 -1.0610 -0.0258
v  -2.0022 -1.0469 -0.0140
v  -2.0065 -1.0321 -0.0350
v  -2.0318 -1.0458 -0.0491
v  -2.3816 -1.2092 -0.4365
v  -2.3767 -1.1863 -0.4356
v  -2.4041 -1.1910 -0.4573
v  -2.3984 -1.2179 -0.4603
v  -2.4035 -1.2413 -0.4636
v  -2.3857 -1.2318 -0.4352
v  -2.3630 -1.1998 -0.4116
v  -2.3892 -1.2545 -0.4336
v  -2.4086 -1.2638 -0.4651
v  -2.3400 -1.1877 -0.3819
v  -2.4792 -1.0371 -0.6677
v  -2.4966 -1.0361 -0.6699
v  -2.4975 -1.0114 -0.6565
v  -2.4775 -1.0172 -0.6554
v  -2.4846 -0.9892 -0.6403
v  -2.4701 -0.9988 -0.6424
v  -2.5198 -1.0678 -0.7076
v  -2.5027 -1.0627 -0.7057
v  -2.5220 -1.0557 -0.6951
v  -2.5075 -1.0519 -0.6926
v  -2.5105 -0.9977 -0.6530
v  -2.5215 -0.9887 -0.6559
v  -2.5102 -0.9750 -0.6313
v  -2.4982 -0.9832 -0.6338
v  -2.5117 -1.0346 -0.6791
v  -2.5244 -1.0350 -0.6890
v  -2.5269 -1.0146 -0.6817
v  -2.5145 -1.0158 -0.6710
v  -2.5273 -1.0002 -0.6722
v  -2.5179 -1.0042 -0.6664
v  -2.5309 -1.0755 -0.7084
v  -2.5413 -1.0807 -0.7108
v  -2.5436 -1.0633 -0.7023
v  -2.5330 -1.0600 -0.6981
v  -2.5214 -0.9662 -0.6328
v  -2.5323 -0.9822 -0.6579
v  -2.5449 -0.9784 -0.6579
v  -2.5349 -0.9595 -0.6330
v  -2.5359 -1.0375 -0.6940
v  -2.5470 -1.0398 -0.6979
v  -2.5503 -1.0159 -0.6893
v  -2.5383 -1.0148 -0.6871
v  -2.5377 -0.9978 -0.6750
v  -2.5498 -0.9968 -0.6757
v  -2.5523 -0.9540 -0.6294
v  -2.5614 -0.9768 -0.6553
v  -2.5839 -0.9835 -0.6458
v  -2.5767 -0.9557 -0.6181
v  -2.5530 -1.0824 -0.7146
v  -2.5662 -1.0871 -0.7165
v  -2.5735 -1.0721 -0.7078
v  -2.5565 -1.0656 -0.7059
v  -2.5615 -1.0424 -0.6996
v  -2.5810 -1.0507 -0.6980
v  -2.5854 -1.0276 -0.6841
v  -2.5651 -1.0186 -0.6888
v  -2.5651 -0.9978 -0.6740
v  -2.5863 -1.0062 -0.6668
v  -2.5821 -1.1025 -0.7127
v  -2.5880 -1.1216 -0.7040
v  -2.6038 -1.1279 -0.6803
v  -2.5970 -1.0920 -0.7015
v  -2.5849 -1.1333 -0.7000
v  -2.5864 -1.1488 -0.6831
v  -2.6068 -0.9754 -0.5926
v  -2.6138 -1.0058 -0.6247
v  -2.6329 -1.0412 -0.5914
v  -2.6230 -1.0085 -0.5564
v  -2.6080 -1.0730 -0.6860
v  -2.6180 -1.1096 -0.6553
v  -2.6162 -1.0871 -0.6336
v  -2.6122 -1.0516 -0.6680
v  -2.6143 -1.0301 -0.6483
v  -2.6263 -1.0667 -0.6153
v  -2.5720 -1.1805 -0.6473
v  -2.5453 -1.2042 -0.6068
v  -2.5650 -1.1996 -0.5900
v  -2.5948 -1.1698 -0.6327
v  -2.6173 -1.0510 -0.5109
v  -2.6264 -1.0852 -0.5465
v  -2.5927 -1.1248 -0.5009
v  -2.5847 -1.0932 -0.4662
v  -2.6067 -1.1502 -0.6124
v  -2.5761 -1.1839 -0.5680
v  -2.5749 -1.1598 -0.5494
v  -2.6014 -1.1243 -0.5926
v  -2.6158 -1.1077 -0.5729
v  -2.5842 -1.1436 -0.5287
v  -2.4844 -1.2349 -0.6002
v  -2.4527 -1.2444 -0.5395
v  -2.4705 -1.2277 -0.5436
v  -2.4911 -1.2226 -0.5876
v  -2.4946 -1.2223 -0.5460
v  -2.5035 -1.2174 -0.5799
v  -2.5315 -1.1246 -0.4302
v  -2.5404 -1.1518 -0.4611
v  -2.4810 -1.1643 -0.4412
v  -2.4696 -1.1410 -0.4170
v  -2.5228 -1.2141 -0.5798
v  -2.5286 -1.2153 -0.5599
v  -2.4550 -1.2172 -0.5026
v  -2.4294 -1.2203 -0.4975
v  -2.4473 -1.1987 -0.4719
v  -2.4893 -1.1991 -0.4823
v  -2.4914 -1.2158 -0.5109
v  -2.4158 -1.2280 -0.4867
v  -2.4256 -1.2480 -0.4981
v  -2.4369 -1.1727 -0.4435
v  -2.4250 -1.1512 -0.4248
v  -2.3938 -1.1579 -0.4344
v  -2.4883 -1.1813 -0.4622
v  -2.4521 -1.1846 -0.4562
v  -2.3728 -1.1625 -0.4284
v  -2.5392 -1.1700 -0.4877
v  -2.5366 -1.1869 -0.5092
v  -2.5353 -1.2063 -0.5330
v  -2.4321 -1.2700 -0.5049
v  -2.4536 -1.2686 -0.5560
v  -2.4535 -1.2945 -0.5669
v  -2.4354 -1.2900 -0.5076
v  -2.4350 -1.3050 -0.5063
v  -2.4482 -1.3115 -0.5527
v  -2.5861 -1.2832 -0.8750
v  -2.5791 -1.3110 -0.8700
v  -2.5637 -1.3007 -0.8437
v  -2.5692 -1.2726 -0.8531
v  -2.5509 -1.2940 -0.8167
v  -2.5565 -1.2647 -0.8288
v  -2.5461 -1.2587 -0.8042
v  -2.5391 -1.2920 -0.7894
v  -2.5283 -1.2940 -0.7552
v  -2.5388 -1.2507 -0.7787
v  -2.5375 -1.2370 -0.7508
v  -2.5242 -1.2751 -0.7205
v  -2.5191 -1.2620 -0.6784
v  -2.5405 -1.2217 -0.7253
v  -2.5449 -1.2072 -0.7059
v  -2.5213 -1.2374 -0.6621
v  -2.4806 -1.2552 -0.6136
v  -2.4783 -1.2758 -0.6244
v  -2.5130 -1.3032 -0.6934
v  -2.5225 -1.3161 -0.7240
v  -2.5193 -1.3329 -0.7052
v  -2.5112 -1.3238 -0.6700
v  -2.4907 -1.3157 -0.6333
v  -2.4961 -1.2929 -0.6590
v  -2.4777 -1.2916 -0.6291
v  -2.4694 -1.3084 -0.6022
v  -2.4696 -1.3225 -0.5854
v  -2.4954 -1.3322 -0.6144
v  -2.5110 -1.3395 -0.6560
v  -2.5172 -1.3471 -0.6956
v  -2.3449 -1.2153 -1.5383
v  -2.3474 -1.1905 -1.5188
v  -2.3358 -1.1767 -1.5521
v  -2.3371 -1.2024 -1.5734
v  -2.3520 -1.1554 -1.4896
v  -2.3517 -1.1182 -1.4576
v  -2.3252 -1.1161 -1.4944
v  -2.3332 -1.1463 -1.5260
v  -2.3382 -1.0913 -1.4288
v  -2.3174 -1.0813 -1.3973
v  -2.2942 -1.0859 -1.4160
v  -2.3105 -1.0953 -1.4573
v  -2.2997 -1.0773 -1.3614
v  -2.2883 -1.0556 -1.3237
v  -2.2665 -1.0474 -1.3434
v  -2.2787 -1.0748 -1.3782
v  -2.2795 -1.0198 -1.2792
v  -2.2716 -0.9818 -1.2311
v  -2.2541 -0.9663 -1.2566
v  -2.2594 -1.0078 -1.3021
v  -2.2683 -0.9483 -1.1851
v  -2.2604 -0.9209 -1.1433
v  -2.2343 -0.9172 -1.1626
v  -2.2462 -0.9360 -1.2084
v  -2.2403 -0.9058 -1.1090
v  -2.2190 -0.8884 -1.0834
v  -2.2029 -0.8848 -1.0999
v  -2.2188 -0.9034 -1.1260
v  -2.1995 -0.8663 -1.0640
v  -2.1805 -0.8415 -1.0485
v  -2.1709 -0.8374 -1.0674
v  -2.1876 -0.8621 -1.0816
v  -2.1615 -0.8142 -1.0351
v  -2.1385 -0.7845 -1.0215
v  -2.1281 -0.7825 -1.0418
v  -2.1518 -0.8111 -1.0548
v  -2.1076 -0.7525 -1.0050
v  -2.0677 -0.7214 -0.9863
v  -2.0599 -0.7181 -1.0089
v  -2.0980 -0.7513 -1.0264
v  -2.0185 -0.6939 -0.9665
v  -1.9611 -0.6688 -0.9426
v  -1.9562 -0.6593 -0.9576
v  -2.0122 -0.6859 -0.9881
v  -2.2309 -1.0073 -1.3147
v  -2.2387 -1.0485 -1.3531
v  -2.2257 -0.9693 -1.2685
v  -2.1967 -0.9870 -1.2687
v  -2.2001 -1.0247 -1.3111
v  -2.2078 -1.0644 -1.3484
v  -2.2180 -0.9436 -1.2200
v  -2.2079 -0.9248 -1.1755
v  -2.1787 -0.9390 -1.1848
v  -2.1892 -0.9600 -1.2254
v  -2.1952 -0.9081 -1.1394
v  -2.1810 -0.8890 -1.1127
v  -2.1526 -0.9005 -1.1228
v  -2.1663 -0.9202 -1.1500
v  -2.1386 -0.8801 -1.1028
v  -2.1666 -0.8678 -1.0934
v  -2.1502 -0.8449 -1.0791
v  -2.1225 -0.8590 -1.0881
v  -2.1303 -0.8201 -1.0679
v  -2.1060 -0.7941 -1.0557
v  -2.0785 -0.8149 -1.0641
v  -2.1025 -0.8371 -1.0774
v  -2.0763 -0.7649 -1.0419
v  -2.0387 -0.7341 -1.0253
v  -2.0158 -0.7659 -1.0231
v  -2.0504 -0.7913 -1.0462
v  -1.9916 -0.7027 -1.0049
v  -1.9386 -0.6698 -0.9755
v  -1.9203 -0.7019 -0.9707
v  -1.9713 -0.7370 -0.9980
v  -2.0185 -0.6816 -0.6121
v  -2.0176 -0.7034 -0.6056
v  -1.9847 -0.6857 -0.5639
v  -1.9830 -0.6666 -0.5702
v  -1.9046 -0.6250 -0.5914
v  -1.9211 -0.6210 -0.5755
v  -1.9026 -0.6172 -0.5486
v  -1.8880 -0.6198 -0.5643
v  -1.8809 -0.6284 -0.5809
v  -1.8895 -0.6359 -0.6036
v  -1.9370 -0.6268 -0.5617
v  -1.9493 -0.6387 -0.5502
v  -1.9346 -0.6328 -0.5351
v  -1.9196 -0.6231 -0.5375
v  -2.0218 -0.7344 -0.5930
v  -1.9842 -0.7207 -0.5490
v  -1.9851 -0.7020 -0.5583
v  -2.0141 -0.7209 -0.6009
v  -1.9564 -0.6534 -0.5396
v  -1.9592 -0.6709 -0.5319
v  -1.9313 -0.6603 -0.5159
v  -1.9325 -0.6423 -0.5229
v  -1.9094 -0.6305 -0.5193
v  -1.9038 -0.6500 -0.5138
v  -1.8810 -0.6439 -0.5247
v  -1.8868 -0.6222 -0.5278
v  -1.8690 -0.6465 -0.5480
v  -1.8691 -0.6524 -0.5710
v  -1.8707 -0.6377 -0.5738
v  -1.8713 -0.6253 -0.5479
v  -1.9353 -0.7310 -0.7895
v  -1.9218 -0.7164 -0.7440
v  -1.9029 -0.7421 -0.7371
v  -1.9117 -0.7502 -0.7812
v  -1.9075 -0.7412 -0.8182
v  -1.9402 -0.7385 -0.8279
v  -1.9286 -0.7156 -0.8563
v  -1.8884 -0.7087 -0.8392
v  -1.8714 -0.6693 -0.8464
v  -1.9155 -0.6859 -0.8742
v  -1.9096 -0.6648 -0.8874
v  -1.9048 -0.6510 -0.8997
v  -1.8647 -0.6402 -0.8524
v  -1.8591 -0.6201 -0.8626
v  -1.8992 -0.6406 -0.9110
v  -1.8510 -0.6063 -0.8769
v  -1.8428 -0.5974 -0.8918
v  -1.8940 -0.6329 -0.9208
v  -1.8821 -0.6338 -0.9387
v  -1.8308 -0.5997 -0.9102
v  -1.8188 -0.6207 -0.9166
v  -1.8663 -0.6585 -0.9411
v  -1.7939 -0.5827 -0.8897
v  -1.7723 -0.5877 -0.8696
v  -1.7698 -0.6108 -0.8850
v  -1.7876 -0.6049 -0.8993
v  -1.8066 -0.5738 -0.8695
v  -1.7837 -0.5732 -0.8576
v  -1.8165 -0.5843 -0.8481
v  -1.7837 -0.5863 -0.8387
v  -1.8246 -0.6035 -0.8309
v  -1.7894 -0.6089 -0.8234
v  -1.7676 -0.6035 -0.8521
v  -1.7714 -0.6238 -0.8402
v  -1.7665 -0.6351 -0.8565
v  -1.7644 -0.6241 -0.8692
v  -1.8308 -0.6289 -0.8223
v  -1.8398 -0.6633 -0.8227
v  -1.8132 -0.6696 -0.8216
v  -1.7973 -0.6352 -0.8163
v  -1.7866 -0.6252 -0.9059
v  -1.7750 -0.6362 -0.8991
v  -1.7922 -0.6698 -0.9179
v  -1.8079 -0.6463 -0.9206
v  -1.7786 -0.6480 -0.8362
v  -1.7938 -0.6815 -0.8380
v  -1.7844 -0.6892 -0.8663
v  -1.7710 -0.6554 -0.8607
v  -1.7690 -0.6491 -0.8826
v  -1.7831 -0.6855 -0.8958
v  -2.2054 -0.9343 -0.3845
v  -2.1887 -0.9187 -0.3458
v  -2.1583 -0.9229 -0.3650
v  -2.1725 -0.9398 -0.4024
v  -2.2187 -0.8276 -0.2964
v  -2.1942 -0.8040 -0.2645
v  -2.1743 -0.8439 -0.2719
v  -2.1959 -0.8673 -0.3010
v  -2.1748 -0.7862 -0.2344
v  -2.1553 -0.7682 -0.2013
v  -2.1384 -0.8085 -0.2180
v  -2.1569 -0.8267 -0.2462
v  -2.1340 -0.9167 -0.3761
v  -2.1437 -0.9350 -0.4142
v  -2.1268 -0.8808 -0.3788
v  -2.1353 -0.8965 -0.4153
v  -2.1696 -0.8908 -0.3149
v  -2.1515 -0.8666 -0.2861
v  -2.1304 -0.8733 -0.3010
v  -2.1452 -0.8967 -0.3319
v  -2.1352 -0.8485 -0.2614
v  -2.1165 -0.8317 -0.2333
v  -2.0952 -0.8373 -0.2473
v  -2.1144 -0.8558 -0.2749
v  -2.1272 -0.8897 -0.3424
v  -2.1180 -0.8630 -0.3121
v  -2.1089 -0.8347 -0.3154
v  -2.1205 -0.8577 -0.3458
v  -2.1374 -0.8324 -0.3996
v  -2.1234 -0.8191 -0.3654
v  -2.0940 -0.7624 -0.3601
v  -2.1154 -0.7706 -0.3962
v  -2.1033 -0.8421 -0.2854
v  -2.0806 -0.8266 -0.2575
v  -2.0699 -0.8013 -0.2598
v  -2.0943 -0.8143 -0.2873
v  -2.0923 -0.7421 -0.4059
v  -2.0670 -0.7367 -0.3686
v  -2.0451 -0.7296 -0.3815
v  -2.0706 -0.7373 -0.4191
v  -2.1073 -0.8033 -0.3358
v  -2.0892 -0.7887 -0.3088
v  -2.0562 -0.7476 -0.3058
v  -2.0741 -0.7545 -0.3312
v  -2.0712 -0.7763 -0.2825
v  -2.0492 -0.7693 -0.2554
v  -2.0208 -0.7424 -0.2537
v  -2.0394 -0.7426 -0.2802
v  -2.0499 -0.7574 -0.4277
v  -2.0234 -0.7454 -0.3922
v  -2.0070 -0.7689 -0.3951
v  -2.0344 -0.7852 -0.4293
v  -2.0461 -0.7308 -0.3391
v  -2.0286 -0.7253 -0.3129
v  -2.0070 -0.7129 -0.3231
v  -2.0244 -0.7213 -0.3509
v  -2.0129 -0.7229 -0.2859
v  -1.9961 -0.7269 -0.2583
v  -1.9756 -0.7190 -0.2634
v  -1.9914 -0.7112 -0.2933
v  -2.0135 -0.7995 -0.4336
v  -1.9860 -0.7727 -0.4009
v  -1.9612 -0.7632 -0.4097
v  -1.9897 -0.7893 -0.4443
v  -2.0029 -0.7298 -0.3619
v  -1.9859 -0.7159 -0.3321
v  -1.9690 -0.7296 -0.3345
v  -1.9859 -0.7470 -0.3652
v  -1.9711 -0.7123 -0.2991
v  -1.9568 -0.7210 -0.2661
v  -1.9369 -0.7221 -0.2669
v  -1.9535 -0.7207 -0.3016
v  -1.9658 -0.7446 -0.3713
v  -1.9474 -0.7251 -0.3393
v  -1.9189 -0.7147 -0.3475
v  -1.9391 -0.7359 -0.3790
v  -1.9306 -0.7145 -0.3051
v  -1.9135 -0.7081 -0.2675
v  -1.8808 -0.6918 -0.2730
v  -1.9001 -0.7016 -0.3131
v  -2.6208 -1.1675 -1.0066
v  -2.6180 -1.1661 -1.0271
v  -2.6237 -1.2035 -1.0562
v  -2.6296 -1.1919 -1.0266
v  -2.6310 -1.1888 -1.0083
v  -2.6200 -1.1704 -0.9904
v  -2.6319 -1.1897 -0.9964
v  -2.6178 -1.1776 -0.9823
v  -2.6311 -1.1935 -0.9875
v  -2.6160 -1.1852 -0.9768
v  -2.6445 -1.1929 -1.0031
v  -2.6548 -1.1978 -1.0070
v  -2.6540 -1.1995 -0.9955
v  -2.6439 -1.1950 -0.9919
v  -2.6437 -1.1938 -1.0173
v  -2.6547 -1.1987 -1.0218
v  -2.6146 -1.1913 -0.9671
v  -2.6276 -1.1987 -0.9774
v  -2.6214 -1.2055 -0.9653
v  -2.6116 -1.1955 -0.9571
v  -2.6101 -1.2015 -0.9484
v  -2.6082 -1.1961 -0.9487
v  -2.6410 -1.1992 -0.9813
v  -2.6523 -1.2030 -0.9854
v  -2.6507 -1.2086 -0.9757
v  -2.6383 -1.2053 -0.9706
v  -2.6135 -1.2056 -0.9420
v  -2.6233 -1.2130 -0.9551
v  -2.6260 -1.2211 -0.9430
v  -2.6176 -1.2118 -0.9313
v  -2.6373 -1.2136 -0.9603
v  -2.6495 -1.2172 -0.9660
v  -2.6495 -1.2296 -0.9560
v  -2.6383 -1.2249 -0.9490
v  -2.6187 -1.2244 -0.9186
v  -2.6279 -1.2356 -0.9301
v  -2.6285 -1.2517 -0.9186
v  -2.6177 -1.2391 -0.9069
v  -2.6642 -1.2147 -1.0458
v  -2.6716 -1.2274 -1.0483
v  -2.6728 -1.2213 -1.0302
v  -2.6651 -1.2094 -1.0265
v  -2.6536 -1.2038 -1.0418
v  -2.6513 -1.2142 -1.0671
v  -2.6614 -1.2251 -1.0686
v  -2.6688 -1.2370 -1.0687
v  -2.6644 -1.2080 -1.0119
v  -2.6719 -1.2194 -1.0163
v  -2.6707 -1.2199 -1.0058
v  -2.6632 -1.2092 -1.0008
v  -2.6619 -1.2120 -0.9917
v  -2.6695 -1.2222 -0.9978
v  -2.6686 -1.2267 -0.9907
v  -2.6611 -1.2170 -0.9832
v  -2.6676 -1.2342 -0.9836
v  -2.6670 -1.2448 -0.9775
v  -2.6600 -1.2369 -0.9663
v  -2.6604 -1.2249 -0.9744
v  -2.6720 -1.2389 -1.0475
v  -2.6699 -1.2480 -1.0659
v  -2.6665 -1.2575 -1.0619
v  -2.6679 -1.2487 -1.0457
v  -2.6686 -1.2426 -1.0315
v  -2.6729 -1.2329 -1.0312
v  -2.6726 -1.2304 -1.0189
v  -2.6684 -1.2399 -1.0209
v  -2.6678 -1.2396 -1.0133
v  -2.6720 -1.2305 -1.0097
v  -2.6712 -1.2322 -1.0031
v  -2.6670 -1.2411 -1.0079
v  -2.6655 -1.2443 -1.0034
v  -2.6700 -1.2360 -0.9975
v  -2.6635 -1.2495 -0.9984
v  -2.6683 -1.2422 -0.9918
v  -2.6620 -1.2573 -0.9937
v  -2.6672 -1.2513 -0.9867
v  -2.6682 -1.2637 -0.9832
v  -2.6619 -1.2681 -0.9900
v  -2.6629 -1.2811 -0.9882
v  -2.6714 -1.2779 -0.9832
v  -2.6728 -1.2752 -0.9725
v  -2.6683 -1.2592 -0.9730
v  -2.6748 -1.2930 -0.9870
v  -2.6657 -1.2960 -0.9894
v  -2.6696 -1.3110 -0.9968
v  -2.6792 -1.3082 -0.9960
v  -2.6868 -1.3080 -0.9910
v  -2.6797 -1.2918 -0.9788
v  -2.6832 -1.3219 -1.0118
v  -2.6730 -1.3245 -1.0112
v  -2.6841 -1.3336 -1.0316
v  -2.6734 -1.3362 -1.0297
v  -2.6947 -1.3350 -1.0297
v  -2.6927 -1.3222 -1.0086
v  -2.6794 -1.3449 -1.0522
v  -2.6689 -1.3473 -1.0489
v  -2.6614 -1.3554 -1.0683
v  -2.6712 -1.3540 -1.0726
v  -2.6815 -1.3563 -1.0749
v  -2.6901 -1.3468 -1.0523
v  -2.6609 -1.3604 -1.0917
v  -2.6525 -1.3604 -1.0867
v  -2.6445 -1.3570 -1.1032
v  -2.6512 -1.3599 -1.1092
v  -2.6594 -1.3657 -1.1148
v  -2.6709 -1.3633 -1.0959
v  -2.6453 -1.3516 -1.1234
v  -2.6494 -1.3588 -1.1315
v  -2.6407 -1.3479 -1.1153
v  -2.6399 -1.3361 -1.1231
v  -2.6434 -1.3387 -1.1326
v  -2.6456 -1.3438 -1.1432
v  -2.6471 -1.3255 -1.1475
v  -2.6459 -1.3235 -1.1360
v  -2.6426 -1.3231 -1.1257
v  -2.6483 -1.3094 -1.1216
v  -2.6525 -1.3075 -1.1318
v  -2.6540 -1.3055 -1.1439
v  -2.6597 -1.2904 -1.1197
v  -2.6545 -1.2947 -1.1103
v  -2.6601 -1.2802 -1.0948
v  -2.6643 -1.2734 -1.1028
v  -2.6637 -1.2652 -1.1117
v  -2.6604 -1.2847 -1.1310
v  -2.6671 -1.2593 -1.0846
v  -2.6638 -1.2678 -1.0785
v  -2.6657 -1.2497 -1.0902
v  -2.6541 -1.2992 -0.9894
v  -2.6518 -1.2844 -0.9913
v  -2.6391 -1.2874 -0.9937
v  -2.6403 -1.3024 -0.9888
v  -2.6441 -1.3192 -0.9929
v  -2.6578 -1.3149 -0.9952
v  -2.6610 -1.3282 -1.0088
v  -2.6473 -1.3326 -1.0056
v  -2.6480 -1.3435 -1.0226
v  -2.6614 -1.3396 -1.0265
v  -2.6573 -1.3501 -1.0445
v  -2.6443 -1.3532 -1.0396
v  -2.6385 -1.3603 -1.0566
v  -2.6505 -1.3577 -1.0627
v  -2.6432 -1.3611 -1.0802
v  -2.6323 -1.3619 -1.0731
v  -2.6272 -1.3561 -1.0868
v  -2.6367 -1.3561 -1.0952
v  -2.6341 -1.3464 -1.1055
v  -2.6248 -1.3462 -1.0957
v  -2.6251 -1.3348 -1.1008
v  -2.6337 -1.3352 -1.1120
v  -2.6366 -1.3233 -1.1142
v  -2.6284 -1.3235 -1.1023
v  -2.6334 -1.3126 -1.0991
v  -2.6416 -1.3112 -1.1107
v  -2.6562 -1.2754 -1.0721
v  -2.6459 -1.2823 -1.0653
v  -2.6485 -1.2737 -1.0531
v  -2.6588 -1.2659 -1.0577
v  -2.6524 -1.2863 -1.0866
v  -2.6427 -1.2917 -1.0779
v  -2.6471 -1.2984 -1.1006
v  -2.6383 -1.3018 -1.0901
v  -2.6323 -1.3375 -1.0025
v  -2.6287 -1.3231 -0.9911
v  -2.6122 -1.3259 -0.9954
v  -2.6166 -1.3409 -1.0027
v  -2.6176 -1.3515 -1.0161
v  -2.6335 -1.3482 -1.0184
v  -2.6303 -1.3568 -1.0345
v  -2.6157 -1.3585 -1.0306
v  -2.6106 -1.3603 -1.0457
v  -2.6249 -1.3626 -1.0509
v  -2.6196 -1.3616 -1.0665
v  -2.6072 -1.3580 -1.0597
v  -2.6044 -1.3506 -1.0694
v  -2.6158 -1.3546 -1.0788
v  -2.6142 -1.3447 -1.0863
v  -2.6042 -1.3419 -1.0758
v  -2.6057 -1.3319 -1.0770
v  -2.6154 -1.3335 -1.0897
v  -2.6195 -1.3229 -1.0902
v  -2.6106 -1.3228 -1.0776
v  -2.6149 -1.3150 -1.0737
v  -2.6248 -1.3133 -1.0869
v  -2.6290 -1.3045 -1.0789
v  -2.6189 -1.3080 -1.0679
v  -2.6202 -1.3024 -1.0594
v  -2.6322 -1.2964 -1.0687
v  -2.6619 -1.2513 -1.0327
v  -2.6624 -1.2482 -1.0239
v  -2.6535 -1.2595 -1.0330
v  -2.6554 -1.2557 -1.0255
v  -2.6569 -1.2534 -1.0203
v  -2.6619 -1.2477 -1.0174
v  -2.5905 -1.3282 -1.0386
v  -2.6060 -1.3119 -1.0506
v  -2.6077 -1.3137 -1.0579
v  -2.6031 -1.3197 -1.0591
v  -2.5956 -1.3426 -1.0567
v  -2.5978 -1.3503 -1.0523
v  -2.5972 -1.3505 -1.0413
v  -2.6536 -1.2568 -1.0179
v  -2.6604 -1.2494 -1.0127
v  -2.6498 -1.2612 -1.0141
v  -2.6581 -1.2528 -1.0087
v  -2.5982 -1.3278 -1.0109
v  -2.6008 -1.3457 -1.0219
v  -2.6032 -1.3391 -1.0116
v  -2.6023 -1.3526 -1.0305
v  -2.5975 -1.3307 -1.0612
v  -2.5972 -1.3379 -1.0635
v  -2.6023 -1.3243 -1.0644
v  -2.6227 -1.2961 -1.0517
v  -2.6347 -1.2887 -1.0582
v  -2.6239 -1.2907 -1.0432
v  -2.6372 -1.2813 -1.0481
v  -2.6081 -1.3042 -1.0392
v  -2.6101 -1.3056 -1.0469
v  -2.6100 -1.3073 -0.9964
v  -2.6163 -1.2909 -1.0084
v  -2.6005 -1.3050 -1.0209
v  -2.5985 -1.3137 -1.0090
v  -2.6606 -1.2574 -1.0443
v  -2.6512 -1.2658 -1.0423
v  -2.6443 -1.2676 -1.0305
v  -2.6484 -1.2622 -1.0237
v  -2.6345 -1.2756 -1.0258
v  -2.6417 -1.2684 -1.0194
v  -2.6404 -1.2741 -1.0387
v  -2.6280 -1.2833 -1.0342
v  -2.6462 -1.2665 -1.0093
v  -2.6558 -1.2577 -1.0042
v  -2.6431 -1.2721 -1.0041
v  -2.6537 -1.2645 -0.9996
v  -2.6413 -1.2782 -0.9991
v  -2.6523 -1.2733 -0.9953
v  -2.6355 -1.2746 -1.0135
v  -2.6244 -1.2836 -1.0192
v  -2.6314 -1.2795 -1.0072
v  -2.6263 -1.2895 -0.9975
v  -2.6316 -1.2820 -1.0019
v  -2.6247 -1.3044 -0.9891
v  -2.6134 -1.2945 -1.0290
v  -2.6422 -1.1984 -1.0372
v  -2.6390 -1.2087 -1.0644
v  -2.6585 -1.2391 -1.0950
v  -2.6485 -1.2293 -1.0991
v  -2.6469 -1.2469 -1.1333
v  -2.6571 -1.2559 -1.1223
v  -2.6548 -1.2777 -1.1457
v  -2.6441 -1.2709 -1.1608
v  -2.6407 -1.3004 -1.1780
v  -2.6502 -1.3030 -1.1604
v  -2.6455 -1.3292 -1.1640
v  -2.6386 -1.3333 -1.1829
v  -2.6409 -1.3670 -1.1782
v  -2.6461 -1.3527 -1.1579
v  -2.6552 -1.3857 -1.1510
v  -2.6536 -1.3709 -1.1416
v  -2.6825 -1.3964 -1.1283
v  -2.6704 -1.3769 -1.1213
v  -2.6769 -1.4123 -1.1443
v  -2.6530 -1.4002 -1.1583
v  -2.6387 -1.3900 -1.1829
v  -2.6940 -1.3891 -1.0977
v  -2.6990 -1.3803 -1.0677
v  -2.6914 -1.3667 -1.0726
v  -2.6828 -1.3740 -1.0983
v  -2.6983 -1.3568 -1.0462
v  -2.7041 -1.3691 -1.0385
v  -2.7069 -1.3554 -1.0113
v  -2.7021 -1.3441 -1.0213
v  -2.6992 -1.3290 -0.9992
v  -2.7028 -1.3390 -0.9877
v  -2.6906 -1.3197 -0.9684
v  -2.6904 -1.3120 -0.9805
v  -2.6610 -1.2534 -0.9596
v  -2.6668 -1.2724 -0.9577
v  -2.6558 -1.2702 -0.9387
v  -2.6511 -1.2471 -0.9462
v  -2.6402 -1.2416 -0.9371
v  -2.6407 -1.2598 -0.9273
v  -2.6781 -1.2925 -0.9657
v  -2.6741 -1.2968 -0.9522
v  -2.6158 -1.2520 -0.8983
v  -2.6278 -1.2654 -0.9105
v  -2.6259 -1.2826 -0.9078
v  -2.6114 -1.2693 -0.8941
v  -2.6392 -1.2746 -0.9210
v  -2.6394 -1.2916 -0.9197
v  -2.6525 -1.2864 -0.9312
v  -2.6505 -1.2978 -0.9287
v  -2.6051 -1.2964 -0.8945
v  -2.6260 -1.3086 -0.9102
v  -2.6264 -1.3349 -0.9122
v  -2.6007 -1.3236 -0.8936
v  -2.6448 -1.3162 -0.9246
v  -2.6596 -1.3167 -0.9364
v  -2.6727 -1.3455 -0.9512
v  -2.6493 -1.3412 -0.9305
v  -2.6683 -1.3076 -0.9443
v  -2.6848 -1.3316 -0.9597
v  -2.6993 -1.3511 -0.9783
v  -2.7045 -1.3672 -1.0034
v  -2.7012 -1.3784 -0.9959
v  -2.6925 -1.3631 -0.9722
v  -2.7031 -1.3815 -1.0315
v  -2.7020 -1.3945 -1.0616
v  -2.7072 -1.4064 -1.0540
v  -2.7042 -1.3927 -1.0241
v  -2.6978 -1.4167 -1.1198
v  -2.7030 -1.4062 -1.0937
v  -2.7059 -1.4219 -1.0826
v  -2.6915 -1.4229 -1.1353
v  -2.7071 -1.4303 -1.0638
v  -2.7107 -1.4151 -1.0426
v  -2.7085 -1.4328 -1.0375
v  -2.7118 -1.4202 -1.0293
v  -2.7103 -1.4014 -1.0143
v  -2.7128 -1.4130 -1.0061
v  -2.7110 -1.4013 -0.9685
v  -2.7057 -1.3880 -0.9858
v  -2.7086 -1.4271 -0.9659
v  -2.7097 -1.4303 -1.0035
v  -2.6914 -1.3760 -0.9647
v  -2.6950 -1.3849 -0.9490
v  -2.6691 -1.3809 -0.9384
v  -2.6684 -1.3672 -0.9503
v  -2.7049 -1.4277 -0.9284
v  -2.7012 -1.4315 -0.8967
v  -2.7021 -1.4145 -0.8962
v  -2.7069 -1.4061 -0.9288
v  -2.7000 -1.4476 -0.8689
v  -2.7000 -1.4289 -0.8706
v  -2.7005 -1.4375 -0.8765
v  -2.6997 -1.4520 -0.8643
v  -2.6853 -1.4179 -0.8674
v  -2.6856 -1.4017 -0.8948
v  -2.6682 -1.4184 -0.8747
v  -2.6597 -1.4052 -0.8995
v  -2.6913 -1.3908 -0.9237
v  -2.6658 -1.3916 -0.9199
v  -2.6498 -1.4141 -0.8936
v  -2.6582 -1.4198 -0.8813
v  -2.6602 -1.4277 -0.8728
v  -2.6633 -1.4324 -0.8660
v  -2.6361 -1.4088 -0.8964
v  -2.6255 -1.4027 -0.8799
v  -2.6257 -1.3935 -0.8837
v  -2.6392 -1.4007 -0.9014
v  -2.5333 -1.3591 -0.7196
v  -2.5330 -1.3441 -0.7245
v  -2.5516 -1.3467 -0.7223
v  -2.5582 -1.3613 -0.7173
v  -2.5812 -1.3611 -0.7254
v  -2.5832 -1.3656 -0.7302
v  -2.5852 -1.3794 -0.7227
v  -2.5800 -1.3709 -0.7168
v  -2.5857 -1.3684 -0.7400
v  -2.5888 -1.3823 -0.7348
v  -2.5725 -1.3521 -0.7187
v  -2.5599 -1.3346 -0.7271
v  -2.5696 -1.3253 -0.7437
v  -2.5772 -1.3470 -0.7306
v  -2.5479 -1.3140 -0.7522
v  -2.5402 -1.3265 -0.7341
v  -2.5788 -1.3493 -0.7387
v  -2.5755 -1.3349 -0.7509
v  -2.5780 -1.3417 -0.7550
v  -2.5809 -1.3530 -0.7475
v  -2.5552 -1.3078 -0.7769
v  -2.5624 -1.3084 -0.8049
v  -2.5744 -1.3168 -0.7968
v  -2.5706 -1.3173 -0.7704
v  -2.5886 -1.3700 -0.7553
v  -2.5919 -1.3717 -0.7754
v  -2.5970 -1.3862 -0.7738
v  -2.5930 -1.3843 -0.7521
v  -2.5755 -1.3279 -0.7692
v  -2.5783 -1.3273 -0.7919
v  -2.5813 -1.3387 -0.7874
v  -2.5786 -1.3387 -0.7677
v  -2.5832 -1.3539 -0.7618
v  -2.5860 -1.3549 -0.7809
v  -2.6009 -1.3886 -0.7983
v  -2.5959 -1.3749 -0.7990
v  -2.6021 -1.3797 -0.8262
v  -2.6067 -1.3920 -0.8253
v  -2.5705 -1.3150 -0.8331
v  -2.5801 -1.3272 -0.8614
v  -2.5857 -1.3344 -0.8517
v  -2.5794 -1.3226 -0.8243
v  -2.6155 -1.3971 -0.8546
v  -2.6125 -1.3864 -0.8568
v  -2.6477 -1.3602 -0.9306
v  -2.6448 -1.3756 -0.9237
v  -2.6197 -1.3665 -0.8988
v  -2.6238 -1.3530 -0.9099
v  -2.5826 -1.3322 -0.8174
v  -2.5885 -1.3407 -0.8427
v  -2.5922 -1.3514 -0.8380
v  -2.5854 -1.3434 -0.8111
v  -2.5981 -1.3414 -0.8883
v  -2.5986 -1.3493 -0.8777
v  -2.6034 -1.3609 -0.8674
v  -2.5969 -1.3506 -0.8649
v  -2.6427 -1.3890 -0.9115
v  -2.6248 -1.3817 -0.8914
v  -2.5968 -1.3654 -0.8315
v  -2.6085 -1.3737 -0.8629
v  -2.5901 -1.3589 -0.8042
v  -2.6088 -1.1648 -1.0488
v  -2.5914 -1.1661 -1.0634
v  -2.5902 -1.2053 -1.0902
v  -2.6063 -1.2047 -1.0756
v  -2.5715 -1.1691 -1.0660
v  -2.5485 -1.1801 -1.0691
v  -2.5541 -1.2044 -1.0887
v  -2.5708 -1.2057 -1.0937
v  -2.6177 -1.2309 -1.0996
v  -2.6115 -1.2475 -1.1404
v  -2.6298 -1.2443 -1.1390
v  -2.6344 -1.2252 -1.1005
v  -2.6256 -1.2682 -1.1700
v  -2.6052 -1.2686 -1.1732
v  -2.6007 -1.2966 -1.1985
v  -2.6232 -1.2982 -1.1920
v  -2.6235 -1.3360 -1.2021
v  -2.6243 -1.3693 -1.2026
v  -2.5996 -1.3358 -1.2134
v  -2.6268 -1.3866 -1.2000
v  -2.6021 -1.2308 -1.1084
v  -2.5845 -1.2306 -1.1164
v  -2.5756 -1.2515 -1.1389
v  -2.5944 -1.2498 -1.1416
v  -2.5429 -1.2274 -1.1005
v  -2.5635 -1.2314 -1.1143
v  -2.5291 -1.2534 -1.1095
v  -2.5534 -1.2538 -1.1281
v  -2.5856 -1.2712 -1.1692
v  -2.5656 -1.2740 -1.1584
v  -2.5563 -1.2986 -1.1746
v  -2.5775 -1.2966 -1.1927
v  -2.5717 -1.3302 -1.2115
v  -2.5481 -1.3258 -1.1889
v  -2.5241 -1.2096 -1.0778
v  -2.5044 -1.1865 -1.0539
v  -2.4754 -1.2326 -1.0616
v  -2.5027 -1.2457 -1.0861
v  -2.4830 -1.1684 -1.0325
v  -2.4624 -1.1535 -1.0115
v  -2.4284 -1.2026 -1.0111
v  -2.4504 -1.2177 -1.0369
v  -2.4430 -1.1387 -0.9922
v  -2.4255 -1.1258 -0.9735
v  -2.3931 -1.1755 -0.9592
v  -2.4092 -1.1881 -0.9848
v  -2.3705 -1.0919 -0.8947
v  -2.3652 -1.0863 -0.8834
v  -2.3359 -1.1373 -0.8521
v  -2.3402 -1.1446 -0.8643
v  -2.3459 -1.1495 -0.8783
v  -2.3770 -1.0967 -0.9069
v  -2.3601 -1.0783 -0.8712
v  -2.3543 -1.0671 -0.8576
v  -2.3305 -1.1269 -0.8396
v  -2.3224 -1.1140 -0.8288
v  -2.2962 -1.1716 -0.8202
v  -2.2843 -1.1603 -0.8140
v  -2.3052 -1.1812 -0.8303
v  -2.3452 -1.0520 -0.8440
v  -2.3322 -1.0323 -0.8337
v  -2.2968 -1.0828 -0.8168
v  -2.3106 -1.1000 -0.8216
v  -2.2561 -1.1355 -0.8076
v  -2.2709 -1.1490 -0.8106
v  -2.3195 -1.0073 -0.8229
v  -2.3061 -0.9818 -0.8090
v  -2.2681 -1.0358 -0.8049
v  -2.2828 -1.0598 -0.8117
v  -2.2397 -1.1177 -0.8039
v  -2.2221 -1.0991 -0.7996
v  -2.2869 -0.9593 -0.7962
v  -2.2669 -0.9425 -0.7968
v  -2.2316 -1.0000 -0.7988
v  -2.2504 -1.0156 -0.7986
v  -2.4105 -1.1160 -0.9550
v  -2.3976 -1.1084 -0.9375
v  -2.3665 -1.1571 -0.9159
v  -2.3790 -1.1649 -0.9366
v  -2.3861 -1.1020 -0.9215
v  -2.3549 -1.1528 -0.8961
v  -2.3109 -1.1876 -0.8423
v  -2.3168 -1.1919 -0.8574
v  -2.3795 -1.2262 -0.9827
v  -2.3637 -1.2158 -0.9512
v  -2.3996 -1.2389 -1.0145
v  -2.3493 -1.2063 -0.9248
v  -2.3367 -1.1992 -0.9011
v  -2.3255 -1.1950 -0.8778
v  -2.4864 -1.2747 -1.0909
v  -2.4538 -1.2674 -1.0670
v  -2.4779 -1.2964 -1.0958
v  -2.5075 -1.2971 -1.1213
v  -2.5171 -1.2767 -1.1157
v  -2.5432 -1.2763 -1.1393
v  -2.5337 -1.2986 -1.1489
v  -2.5254 -1.3209 -1.1580
v  -2.5016 -1.3149 -1.1279
v  -2.4799 -1.3106 -1.1048
v  -2.4245 -1.2539 -1.0425
v  -2.3855 -1.2102 -1.3069
v  -2.3892 -1.2330 -1.3247
v  -2.3740 -1.2311 -1.3115
v  -2.3713 -1.2133 -1.2955
v  -2.3668 -1.1919 -1.2719
v  -2.3813 -1.1838 -1.2804
v  -2.3745 -1.1520 -1.2504
v  -2.3605 -1.1640 -1.2442
v  -2.3514 -1.1350 -1.2167
v  -2.3646 -1.1204 -1.2208
v  -2.3524 -1.0951 -1.1950
v  -2.3392 -1.1113 -1.1926
v  -2.3250 -1.0922 -1.1701
v  -2.3383 -1.0745 -1.1714
v  -2.3236 -1.0573 -1.1475
v  -2.3095 -1.0768 -1.1480
v  -2.2869 -1.0666 -1.1194
v  -2.3044 -1.0450 -1.1167
v  -2.3895 -1.2511 -1.3325
v  -2.3731 -1.2458 -1.3186
v  -2.3379 -1.2258 -1.3101
v  -2.3459 -1.2217 -1.3015
v  -2.3587 -1.2273 -1.3036
v  -2.3554 -1.2379 -1.3132
v  -2.3563 -1.2133 -1.2891
v  -2.3402 -1.2103 -1.2911
v  -2.3321 -1.1931 -1.2739
v  -2.3506 -1.1947 -1.2693
v  -2.3438 -1.1695 -1.2450
v  -2.3250 -1.1714 -1.2507
v  -2.3172 -1.1477 -1.2266
v  -2.3351 -1.1429 -1.2200
v  -2.3237 -1.1207 -1.1970
v  -2.3071 -1.1280 -1.2036
v  -2.2947 -1.1112 -1.1822
v  -2.3104 -1.1033 -1.1747
v  -2.2803 -1.0990 -1.1605
v  -2.2605 -1.0942 -1.1341
v  -2.2726 -1.0812 -1.1264
v  -2.2948 -1.0887 -1.1538
v  -2.3213 -1.2103 -1.3001
v  -2.3090 -1.1948 -1.2812
v  -2.3020 -1.1751 -1.2577
v  -2.2826 -1.1857 -1.2549
v  -2.2784 -1.1677 -1.2330
v  -2.2964 -1.1547 -1.2327
v  -2.2721 -1.1922 -1.2475
v  -2.2659 -1.1821 -1.2312
v  -2.2888 -1.1374 -1.2089
v  -2.2715 -1.1517 -1.2119
v  -2.2622 -1.1390 -1.1905
v  -2.2779 -1.1221 -1.1875
v  -2.2579 -1.1715 -1.2129
v  -2.2485 -1.1624 -1.1926
v  -2.2511 -1.1316 -1.1682
v  -2.2653 -1.1127 -1.1653
v  -2.2379 -1.1294 -1.1433
v  -2.2489 -1.1099 -1.1398
v  -2.2268 -1.1533 -1.1448
v  -2.2385 -1.1566 -1.1701
v  -2.2086 -1.1495 -1.1186
v  -2.1896 -1.1435 -1.0945
v  -2.2020 -1.1314 -1.0978
v  -2.2186 -1.1303 -1.1162
v  -2.2256 -1.1135 -1.1094
v  -2.1990 -1.1211 -1.0848
v  -2.1983 -1.1069 -1.0692
v  -2.2317 -1.0979 -1.0993
v  -2.1768 -1.1339 -1.0739
v  -2.1678 -1.1219 -1.0545
v  -2.2387 -1.0820 -1.0874
v  -2.1989 -1.0906 -1.0519
v  -2.2050 -1.0628 -1.0263
v  -2.2513 -1.0629 -1.0778
v  -2.2742 -1.0373 -1.0745
v  -2.2460 -1.0244 -1.0273
v  -2.1601 -1.1084 -1.0336
v  -2.1533 -1.0922 -1.0057
v  -2.2367 -0.9991 -0.9776
v  -2.1996 -1.0363 -0.9715
v  -2.2042 -1.0153 -0.9214
v  -2.2402 -0.9737 -0.9261
v  -2.1486 -1.0741 -0.9640
v  -2.1484 -1.0612 -0.9167
v  -2.2436 -0.9556 -0.8772
v  -2.2054 -1.0005 -0.8765
v  -2.2068 -0.9918 -0.8398
v  -2.2437 -0.9421 -0.8388
v  -2.2517 -0.9369 -0.8122
v  -2.2147 -0.9910 -0.8123
v  -2.1492 -1.0542 -0.8737
v  -2.1501 -1.0501 -0.8366
v  -2.2030 -1.0826 -0.7958
v  -2.1820 -1.0676 -0.7955
v  -2.1603 -1.0540 -0.8069
v  -2.0394 -0.7430 -0.5878
v  -2.0076 -0.7417 -0.5529
v  -2.0226 -0.7878 -0.5193
v  -1.9925 -0.7920 -0.4932
v  -1.9621 -0.7876 -0.5109
v  -1.9960 -0.7796 -0.5341
v  -1.9571 -0.7795 -0.4574
v  -1.9265 -0.7506 -0.4226
v  -1.8952 -0.7340 -0.4421
v  -1.9264 -0.7664 -0.4766
v  -1.9026 -0.7241 -0.3924
v  -1.8810 -0.7032 -0.3620
v  -1.8453 -0.6872 -0.3823
v  -1.8694 -0.7081 -0.4120
v  -1.8603 -0.6867 -0.3286
v  -1.8394 -0.6720 -0.2863
v  -1.7982 -0.6492 -0.3069
v  -1.8224 -0.6666 -0.3499
v  -1.9566 -0.6914 -0.5310
v  -1.9473 -0.7160 -0.5416
v  -1.9218 -0.7098 -0.5441
v  -1.9274 -0.6833 -0.5231
v  -1.9022 -0.6731 -0.5247
v  -1.9009 -0.6978 -0.5478
v  -1.8880 -0.6885 -0.5539
v  -1.8833 -0.6677 -0.5368
v  -1.9736 -0.7671 -0.5472
v  -1.9397 -0.7820 -0.5322
v  -1.9228 -0.7817 -0.5570
v  -1.9529 -0.7554 -0.5566
v  -1.9064 -0.7577 -0.5012
v  -1.8756 -0.7232 -0.4667
v  -1.8628 -0.7143 -0.4953
v  -1.8920 -0.7528 -0.5297
v  -1.8471 -0.6955 -0.4361
v  -1.8194 -0.6717 -0.4063
v  -1.7992 -0.6580 -0.4328
v  -1.8306 -0.6853 -0.4632
v  -1.7914 -0.6485 -0.3744
v  -1.7665 -0.6290 -0.3336
v  -1.7392 -0.6140 -0.3652
v  -1.7675 -0.6315 -0.4016
v  -1.7432 -0.6278 -0.4294
v  -1.7098 -0.6075 -0.3986
v  -1.6778 -0.6266 -0.4370
v  -1.7134 -0.6425 -0.4625
v  -1.7497 -0.6601 -0.4938
v  -1.7777 -0.6517 -0.4604
v  -1.8116 -0.6804 -0.4914
v  -1.7855 -0.6853 -0.5264
v  -1.8210 -0.7197 -0.5595
v  -1.8454 -0.7128 -0.5246
v  -1.8781 -0.6552 -0.6051
v  -1.8751 -0.6711 -0.5921
v  -1.8864 -0.7069 -0.6298
v  -1.8881 -0.6749 -0.6453
v  -1.8745 -0.6711 -0.5647
v  -1.8847 -0.6981 -0.5821
v  -1.9024 -0.6949 -0.6949
v  -1.8938 -0.7287 -0.6874
v  -1.8981 -0.7236 -0.5866
v  -1.9134 -0.7433 -0.5814
v  -1.8968 -0.7876 -0.6279
v  -1.8960 -0.7476 -0.6339
v  -1.9305 -0.7507 -0.5675
v  -1.9102 -0.7830 -0.5843
v  -1.8763 -0.7541 -0.5595
v  -1.8563 -0.7627 -0.5941
v  -1.8919 -0.7641 -0.6843
v  -1.8885 -0.7969 -0.6860
v  -1.8881 -0.8045 -0.7319
v  -1.8932 -0.7716 -0.7338
v  -1.8867 -0.7531 -0.8177
v  -1.8683 -0.7779 -0.8195
v  -1.8427 -0.7167 -0.8336
v  -1.8596 -0.7115 -0.8328
v  -1.8957 -0.7704 -0.7790
v  -1.8854 -0.8006 -0.7782
v  -1.8220 -0.7294 -0.8440
v  -1.8488 -0.7869 -0.8493
v  -1.8446 -0.7925 -0.8818
v  -1.8116 -0.7382 -0.8742
v  -1.8141 -0.7364 -0.9099
v  -1.8529 -0.7917 -0.9184
v  -1.8770 -0.7863 -0.9589
v  -1.8265 -0.7208 -0.9393
v  -1.8483 -0.6899 -0.9430
v  -1.8993 -0.7387 -0.9669
v  -1.9489 -0.7749 -0.9925
v  -1.9284 -0.8181 -0.9916
v  -1.9685 -0.8422 -1.0170
v  -1.9923 -0.8027 -1.0187
v  -2.0249 -0.8260 -1.0426
v  -1.9982 -0.8630 -1.0402
v  -2.0206 -0.8805 -1.0603
v  -2.0500 -0.8461 -1.0630
v  -2.0703 -0.8634 -1.0798
v  -2.0384 -0.8951 -1.0768
v  -2.0532 -0.9093 -1.0929
v  -2.0875 -0.8803 -1.0949
v  -2.0665 -0.9255 -1.1120
v  -2.1021 -0.8981 -1.1122
v  -2.0796 -0.9438 -1.1350
v  -2.1155 -0.9173 -1.1335
v  -2.1289 -0.9371 -1.1608
v  -2.0936 -0.9639 -1.1621
v  -2.1086 -0.9864 -1.1919
v  -2.1418 -0.9581 -1.1936
v  -2.1554 -0.9834 -1.2271
v  -2.1256 -1.0122 -1.2206
v  -2.1427 -1.0452 -1.2446
v  -2.1672 -1.0154 -1.2606
v  -1.8761 -0.8231 -0.6931
v  -1.8604 -0.8188 -0.6676
v  -1.8386 -0.8595 -0.7154
v  -1.8778 -0.8403 -0.7272
v  -1.8248 -0.7865 -0.6346
v  -1.7851 -0.7389 -0.6044
v  -1.7462 -0.7648 -0.6554
v  -1.7880 -0.8150 -0.6797
v  -1.7480 -0.7053 -0.5727
v  -1.7112 -0.6859 -0.5388
v  -1.6750 -0.7024 -0.6028
v  -1.7095 -0.7282 -0.6301
v  -1.6741 -0.6689 -0.5111
v  -1.6397 -0.6488 -0.4891
v  -1.6066 -0.6616 -0.5541
v  -1.6398 -0.6821 -0.5764
v  -1.8655 -0.8855 -0.7757
v  -1.8800 -0.8906 -0.8264
v  -1.8786 -0.8409 -0.8205
v  -1.8827 -0.8427 -0.7741
v  -1.8732 -0.8429 -0.8556
v  -1.8844 -0.8897 -0.8629
v  -1.8893 -0.8880 -0.8910
v  -1.8737 -0.8447 -0.8864
v  -1.8827 -0.8454 -0.9192
v  -1.8986 -0.8890 -0.9189
v  -1.9157 -0.8945 -0.9438
v  -1.9015 -0.8501 -0.9507
v  -1.9282 -0.8648 -0.9797
v  -1.9344 -0.9051 -0.9673
v  -1.9538 -0.9192 -0.9889
v  -1.9561 -0.8837 -1.0058
v  -1.9800 -0.9014 -1.0266
v  -1.9720 -0.9353 -1.0072
v  -1.9870 -0.9509 -1.0258
v  -1.9999 -0.9176 -1.0443
v  -2.0165 -0.9315 -1.0604
v  -1.9989 -0.9643 -1.0451
v  -2.0092 -0.9769 -1.0658
v  -2.0303 -0.9451 -1.0779
v  -2.0430 -0.9601 -1.0990
v  -2.0189 -0.9904 -1.0889
v  -2.0294 -1.0042 -1.1156
v  -2.0542 -0.9756 -1.1252
v  -2.0670 -0.9929 -1.1547
v  -2.0430 -1.0192 -1.1465
v  -2.0610 -1.0363 -1.1769
v  -2.0822 -1.0126 -1.1848
v  -2.1000 -1.0342 -1.2131
v  -2.0803 -1.0535 -1.2064
v  -2.0969 -1.0667 -1.2246
v  -2.1171 -1.0614 -1.2334
v  -2.0662 -1.0719 -1.2058
v  -2.0947 -1.0861 -1.2300
v  -2.0417 -1.0560 -1.1743
v  -1.9939 -1.0112 -1.0851
v  -1.9888 -0.9976 -1.0631
v  -1.9736 -1.0058 -1.0648
v  -1.9697 -1.0188 -1.0800
v  -2.0029 -1.0267 -1.1094
v  -2.0201 -1.0415 -1.1403
v  -1.9807 -0.9858 -1.0425
v  -1.9701 -0.9742 -1.0225
v  -1.9520 -0.9891 -1.0295
v  -1.9638 -0.9996 -1.0499
v  -1.9524 -1.0156 -1.0603
v  -1.9381 -1.0065 -1.0352
v  -1.9562 -0.9599 -1.0043
v  -1.9395 -0.9444 -0.9885
v  -1.9211 -0.9629 -0.9948
v  -1.9375 -0.9765 -1.0113
v  -1.9224 -0.9960 -1.0138
v  -1.9049 -0.9844 -0.9960
v  -1.9221 -0.9310 -0.9713
v  -1.9043 -0.9198 -0.9520
v  -1.8865 -0.9385 -0.9600
v  -1.9041 -0.9502 -0.9782
v  -1.8862 -0.9724 -0.9802
v  -1.8671 -0.9611 -0.9635
v  -1.8876 -0.9119 -0.9288
v  -1.8753 -0.9103 -0.9024
v  -1.8513 -0.9219 -0.9157
v  -1.8680 -0.9284 -0.9390
v  -1.8474 -0.9506 -0.9448
v  -1.8284 -0.9413 -0.9255
v  -1.8654 -0.9115 -0.8771
v  -1.8517 -0.9094 -0.8458
v  -1.8203 -0.9119 -0.8693
v  -1.8368 -0.9177 -0.8942
v  -1.8110 -0.9331 -0.9081
v  -1.7921 -0.9238 -0.8886
v  -1.8292 -0.8998 -0.8023
v  -1.7960 -0.8769 -0.7584
v  -1.7666 -0.8819 -0.8014
v  -1.7974 -0.9013 -0.8354
v  -1.7686 -0.9107 -0.8630
v  -1.7397 -0.8941 -0.8356
v  -1.7545 -0.8363 -0.7292
v  -1.7136 -0.7893 -0.7107
v  -1.6862 -0.8151 -0.7593
v  -1.7272 -0.8517 -0.7761
v  -1.7030 -0.8709 -0.8112
v  -1.6628 -0.8443 -0.7907
v  -1.6767 -0.7538 -0.6912
v  -1.6428 -0.7231 -0.6721
v  -1.6106 -0.7595 -0.7236
v  -1.6473 -0.7872 -0.7402
v  -1.6240 -0.8210 -0.7701
v  -1.5853 -0.7981 -0.7503
v  -1.6102 -0.6940 -0.6520
v  -1.5793 -0.6702 -0.6275
v  -1.5434 -0.7069 -0.6794
v  -1.5740 -0.7316 -0.7070
v  -1.5457 -0.7739 -0.7314
v  -1.5094 -0.7493 -0.7108
v  -1.8956 -1.0289 0.0293
v  -1.8630 -1.0096 0.0428
v  -1.8681 -0.9985 0.0291
v  -1.9025 -1.0181 0.0192
v  -1.6900 -0.9169 0.0929
v  -1.6932 -0.9040 0.0854
v  -1.7315 -0.9263 0.0748
v  -1.7287 -0.9383 0.0861
v  -1.7834 -0.9527 0.0559
v  -1.7797 -0.9647 0.0699
v  -1.8437 -0.9100 -0.0492
v  -1.8425 -0.9335 -0.0418
v  -1.7914 -0.9069 -0.0200
v  -1.7944 -0.8850 -0.0295
v  -1.7998 -0.8556 -0.0401
v  -1.8466 -0.8798 -0.0586
v  -1.8853 -0.8940 -0.0705
v  -1.8858 -0.9224 -0.0618
v  -1.8968 -0.9503 -0.0554
v  -1.8250 -0.9879 0.0567
v  -1.8290 -0.9763 0.0413
v  -1.8330 -0.9676 0.0198
v  -1.8730 -0.9900 0.0066
v  -1.7864 -0.9430 0.0370
v  -1.7885 -0.9337 0.0162
v  -1.8364 -0.9597 -0.0038
v  -1.8787 -0.9806 -0.0177
v  -1.7325 -0.9146 0.0584
v  -1.6940 -0.8914 0.0715
v  -1.6921 -0.8783 0.0529
v  -1.7316 -0.9028 0.0383
v  -1.8402 -0.9490 -0.0246
v  -1.8853 -0.9684 -0.0375
v  -1.7903 -0.9220 -0.0032
v  -1.7355 -0.8546 -0.0143
v  -1.7490 -0.8245 -0.0256
v  -1.7304 -0.8750 -0.0009
v  -1.6916 -0.8468 0.0136
v  -1.7017 -0.8244 -0.0016
v  -1.7206 -0.7933 -0.0135
v  -1.6899 -0.8637 0.0328
v  -1.7309 -0.8896 0.0180
v  -1.8153 -0.6597 -0.2289
v  -1.8576 -0.6842 -0.2239
v  -1.8389 -0.6879 -0.1709
v  -1.7985 -0.6690 -0.1704
v  -1.7580 -0.6442 -0.1830
v  -1.7790 -0.6401 -0.2498
v  -1.9190 -0.9148 -0.0638
v  -1.9150 -0.8922 -0.0712
v  -1.9363 -0.8792 -0.0615
v  -1.9436 -0.8964 -0.0534
v  -1.9592 -0.9079 -0.0482
v  -1.9329 -0.9303 -0.0593
v  -2.0679 -0.8189 -0.2105
v  -2.0329 -0.8014 -0.1662
v  -2.0193 -0.8008 -0.1839
v  -2.0506 -0.8144 -0.2232
v  -2.0063 -0.7911 -0.1918
v  -2.0378 -0.7953 -0.2294
v  -2.0920 -0.8135 -0.1935
v  -2.1146 -0.7842 -0.1792
v  -2.0911 -0.7612 -0.1356
v  -2.0688 -0.7926 -0.1514
v  -2.1315 -0.7448 -0.1587
v  -2.1064 -0.7221 -0.1117
v  -2.0834 -0.7066 -0.0645
v  -2.0973 -0.6681 -0.0265
v  -2.0727 -0.6631 0.0279
v  -2.0673 -0.7028 -0.0261
v  -2.0590 -0.7375 -0.0552
v  -2.0730 -0.7462 -0.0933
v  -2.0523 -0.7745 -0.1117
v  -2.0399 -0.7627 -0.0721
v  -2.0163 -0.7810 -0.0771
v  -2.0240 -0.7914 -0.1181
v  -1.9961 -0.8085 -0.1057
v  -1.9968 -0.7992 -0.0695
v  -1.9814 -0.8162 -0.0556
v  -1.9732 -0.8265 -0.0843
v  -1.9624 -0.8360 -0.1065
v  -1.9917 -0.8152 -0.1344
v  -1.9728 -0.8340 -0.0411
v  -1.9731 -0.8502 -0.0285
v  -1.9550 -0.8640 -0.0460
v  -1.9588 -0.8457 -0.0633
v  -1.9425 -0.8570 -0.0806
v  -1.9640 -0.8784 -0.0367
v  -1.9823 -0.8884 -0.0320
v  -1.9841 -0.8615 -0.0219
v  -2.0036 -0.8673 -0.0188
v  -2.0445 -0.8546 0.0118
v  -2.0308 -0.8695 -0.0157
v  -2.0180 -0.8500 0.0027
v  -2.0185 -0.8444 0.0351
v  -2.0466 -0.8541 0.0497
v  -2.0015 -0.8462 -0.0060
v  -1.9898 -0.8399 -0.0120
v  -1.9959 -0.8329 0.0041
v  -2.0039 -0.8368 0.0176
v  -1.8919 -0.7050 -0.2257
v  -1.9172 -0.7231 -0.2312
v  -1.9008 -0.7260 -0.1948
v  -1.8736 -0.7093 -0.1825
v  -1.8305 -0.7159 -0.1201
v  -1.7890 -0.6993 -0.1129
v  -1.8317 -0.7670 -0.0817
v  -1.7827 -0.7425 -0.0727
v  -1.7475 -0.7201 -0.0664
v  -1.7528 -0.6816 -0.1129
v  -1.7700 -0.7845 -0.0422
v  -1.7386 -0.7573 -0.0320
v  -1.8124 -0.8147 -0.0553
v  -1.8645 -0.7299 -0.1413
v  -1.8907 -0.7397 -0.1611
v  -1.8873 -0.7541 -0.1400
v  -1.8683 -0.7577 -0.1167
v  -1.8747 -0.8034 -0.0972
v  -1.8583 -0.8405 -0.0757
v  -1.9199 -0.8216 -0.1206
v  -1.8962 -0.8585 -0.0890
v  -1.9799 -0.8146 -0.1500
v  -1.9456 -0.8377 -0.1191
v  -1.9665 -0.8034 -0.1579
v  -1.9236 -0.8628 -0.0895
v  -2.0221 -0.7691 -0.2261
v  -1.9913 -0.7751 -0.1958
v  -1.9746 -0.7602 -0.2001
v  -1.9988 -0.7490 -0.2258
v  -1.9770 -0.7371 -0.2300
v  -1.9591 -0.7497 -0.2052
v  -1.9408 -0.7451 -0.2064
v  -1.9570 -0.7321 -0.2345
v  -1.9377 -0.7317 -0.2352
v  -1.9219 -0.7382 -0.2032
v  -1.9508 -0.7711 -0.1785
v  -1.9266 -0.7740 -0.1617
v  -1.9304 -0.7587 -0.1822
v  -1.9460 -0.7605 -0.1881
v  -1.9123 -0.7505 -0.1740
v  -1.9036 -0.7655 -0.1468
v  -1.8906 -0.7806 -0.1209
v  -1.9233 -0.7922 -0.1416
v  -1.9578 -0.7864 -0.1670
v  -2.2400 -0.6453 0.0913
v  -2.2489 -0.6655 0.1445
v  -2.2330 -0.6510 0.1906
v  -2.2200 -0.6308 0.1406
v  -2.2498 -0.7003 0.1872
v  -2.2327 -0.7405 0.2124
v  -2.2293 -0.7291 0.2593
v  -2.2392 -0.6874 0.2323
v  -2.1984 -0.7732 0.2160
v  -2.1528 -0.7877 0.2083
v  -2.1592 -0.7799 0.2630
v  -2.2009 -0.7635 0.2661
v  -2.1156 -0.8040 0.2056
v  -2.0799 -0.8151 0.2031
v  -2.0879 -0.8016 0.2624
v  -2.1227 -0.7929 0.2623
v  -1.9861 -0.8090 -0.0252
v  -1.9882 -0.8039 0.0097
v  -1.9916 -0.8213 0.0077
v  -1.9844 -0.8260 -0.0183
v  -1.9933 -0.7904 -0.0330
v  -2.0074 -0.7715 -0.0375
v  -1.9992 -0.7631 0.0050
v  -1.9894 -0.7836 0.0075
v  -2.0419 -0.8415 0.0889
v  -2.0128 -0.8277 0.0671
v  -2.0037 -0.8001 0.1078
v  -2.0376 -0.8242 0.1351
v  -1.9990 -0.8212 0.0379
v  -1.9928 -0.8009 0.0516
v  -2.0399 -0.8075 0.1946
v  -2.0104 -0.7834 0.1836
v  -2.0221 -0.7691 0.2547
v  -2.0503 -0.7927 0.2602
v  -2.0288 -0.7537 -0.0342
v  -2.0480 -0.7335 -0.0244
v  -2.0396 -0.7251 0.0123
v  -2.0189 -0.7457 0.0062
v  -1.9884 -0.7784 0.0554
v  -1.9930 -0.7557 0.0542
v  -1.9906 -0.7468 0.1105
v  -1.9912 -0.7711 0.1118
v  -1.9961 -0.7583 0.1778
v  -1.9935 -0.7333 0.1740
v  -2.0040 -0.7188 0.2417
v  -2.0067 -0.7441 0.2488
v  -2.0579 -0.7092 -0.0084
v  -2.0539 -0.6952 0.0243
v  -2.0099 -0.7372 0.0542
v  -2.0308 -0.7169 0.0588
v  -2.0250 -0.7070 0.1123
v  -2.0050 -0.7273 0.1089
v  -2.0177 -0.7007 0.2330
v  -2.0076 -0.7141 0.1694
v  -2.0254 -0.6938 0.1699
v  -2.0330 -0.6815 0.2302
v  -2.1691 -0.6137 0.0953
v  -2.1596 -0.6117 0.1461
v  -2.1339 -0.6147 0.1125
v  -2.1481 -0.6218 0.0573
v  -2.1879 -0.6128 0.1361
v  -2.1787 -0.6100 0.1659
v  -2.1226 -0.6414 0.0162
v  -2.1045 -0.6323 0.0726
v  -2.0471 -0.6844 0.0706
v  -2.0646 -0.6482 0.0917
v  -2.0605 -0.6393 0.1463
v  -2.0412 -0.6745 0.1246
v  -2.0399 -0.6623 0.1803
v  -2.0630 -0.6330 0.2007
v  -2.0736 -0.6340 0.2563
v  -2.0477 -0.6548 0.2389
v  -2.2038 -0.6232 0.1860
v  -2.2163 -0.6435 0.2365
v  -2.2057 -0.6290 0.2788
v  -2.1887 -0.6130 0.2110
v  -2.0958 -0.6238 0.1262
v  -2.1298 -0.6102 0.1647
v  -2.1324 -0.6106 0.2150
v  -2.0940 -0.6175 0.1786
v  -2.1619 -0.6112 0.1984
v  -2.1687 -0.6166 0.2493
v  -2.0979 -0.6161 0.2306
v  -2.1375 -0.6171 0.2637
v  -2.1440 -0.6284 0.3103
v  -2.1075 -0.6241 0.2818
v  -2.1722 -0.6275 0.2952
v  -2.2014 -0.6419 0.3298
v  -2.1998 -0.6497 0.3711
v  -2.1739 -0.6389 0.3387
v  -2.2289 -0.6780 0.2803
v  -2.2289 -0.7199 0.3102
v  -2.2328 -0.7135 0.3595
v  -2.2295 -0.6709 0.3277
v  -2.2089 -0.7549 0.3204
v  -2.1741 -0.7750 0.3208
v  -2.1882 -0.7675 0.3751
v  -2.2167 -0.7466 0.3725
v  -2.2260 -0.6703 0.3687
v  -2.2328 -0.7078 0.4004
v  -2.2304 -0.7028 0.4382
v  -2.2236 -0.6712 0.4080
v  -2.1386 -0.7852 0.3210
v  -2.1048 -0.7912 0.3221
v  -2.1242 -0.7817 0.3768
v  -2.1560 -0.7776 0.3755
v  -2.2206 -0.7385 0.4152
v  -2.2213 -0.7309 0.4519
v  -2.1962 -0.7590 0.4194
v  -2.2004 -0.7505 0.4556
v  -2.0702 -0.7807 0.3243
v  -2.0443 -0.7569 0.3232
v  -2.0714 -0.7458 0.3822
v  -2.0937 -0.7690 0.3808
v  -2.1681 -0.7698 0.4201
v  -2.1395 -0.7719 0.4210
v  -2.1515 -0.7621 0.4575
v  -2.1764 -0.7621 0.4568
v  -2.0294 -0.7320 0.3184
v  -2.0250 -0.7074 0.3101
v  -2.0545 -0.6980 0.3690
v  -2.0587 -0.7213 0.3785
v  -2.0367 -0.6914 0.2971
v  -2.0493 -0.6754 0.2913
v  -2.0644 -0.6744 0.3324
v  -2.0611 -0.6839 0.3516
v  -2.1134 -0.7587 0.4246
v  -2.0946 -0.7367 0.4265
v  -2.1137 -0.7286 0.4614
v  -2.1295 -0.7492 0.4600
v  -2.0661 -0.6569 0.2987
v  -2.0915 -0.6447 0.3134
v  -2.1070 -0.6580 0.3645
v  -2.0834 -0.6658 0.3501
v  -2.0842 -0.7115 0.4238
v  -2.0838 -0.6882 0.4107
v  -2.1166 -0.6776 0.4415
v  -2.1068 -0.7028 0.4588
v  -2.0877 -0.6759 0.3860
v  -2.1118 -0.6685 0.4030
v  -2.1203 -0.6393 0.3326
v  -2.1501 -0.6421 0.3552
v  -2.1502 -0.6530 0.3954
v  -2.1293 -0.6529 0.3763
v  -2.1753 -0.6488 0.3818
v  -2.1978 -0.6549 0.4138
v  -2.1903 -0.6601 0.4528
v  -2.1710 -0.6565 0.4212
v  -2.1286 -0.6619 0.4056
v  -2.1393 -0.6632 0.4262
v  -2.1553 -0.6643 0.4530
v  -2.1729 -0.6661 0.4830
v  -2.1544 -0.6756 0.5037
v  -2.1374 -0.6767 0.4756
v  -2.1262 -0.6963 0.4886
v  -2.1433 -0.6917 0.5146
v  -2.1453 -0.7116 0.5166
v  -2.1300 -0.7198 0.4912
v  -2.1709 -0.6755 0.5286
v  -2.1605 -0.6882 0.5370
v  -2.1827 -0.6764 0.5425
v  -2.1772 -0.6872 0.5539
v  -2.1722 -0.7013 0.5510
v  -2.1609 -0.7049 0.5384
v  -2.1429 -0.7385 0.4904
v  -2.1554 -0.7279 0.5162
v  -2.1707 -0.7391 0.5145
v  -2.1611 -0.7508 0.4886
v  -2.1822 -0.7527 0.4872
v  -2.1890 -0.7419 0.5116
v  -2.2026 -0.7377 0.5057
v  -2.2020 -0.7430 0.4862
v  -2.1898 -0.6694 0.5129
v  -2.2098 -0.6683 0.4873
v  -2.2180 -0.6937 0.5203
v  -2.2007 -0.6790 0.5386
v  -2.2203 -0.6698 0.4500
v  -2.2267 -0.6978 0.4776
v  -2.2198 -0.7245 0.4865
v  -2.2144 -0.7228 0.5154
v  -2.2008 -0.7276 0.5313
v  -2.1825 -0.7271 0.5363
v  -2.1919 -0.7176 0.5484
v  -2.2068 -0.7095 0.5452
v  -2.1982 -0.6951 0.5577
v  -2.1826 -0.7091 0.5537
v  -2.1691 -0.7179 0.5380
v  -2.2176 -1.0686 -0.1947
v  -2.2048 -1.1032 -0.1872
v  -2.1856 -1.0892 -0.1724
v  -2.2062 -1.0553 -0.1777
v  -2.1867 -1.1128 -0.1562
v  -2.2058 -1.1253 -0.1708
v  -2.1463 -1.0871 -0.1348
v  -2.1665 -1.1001 -0.1448
v  -2.1461 -1.0735 -0.1533
v  -2.1643 -1.0857 -0.1609
v  -2.2394 -0.9648 -0.1652
v  -2.2146 -1.0018 -0.1674
v  -2.2035 -0.9850 -0.1529
v  -2.2276 -0.9502 -0.1492
v  -2.1962 -1.0346 -0.1654
v  -2.1798 -1.0574 -0.1659
v  -2.1701 -1.0326 -0.1594
v  -2.1858 -1.0120 -0.1551
v  -2.1668 -1.0677 -0.1638
v  -2.1550 -1.0523 -0.1601
v  -2.2144 -0.9364 -0.1311
v  -2.1907 -0.9700 -0.1364
v  -2.1763 -0.9579 -0.1175
v  -2.2000 -0.9252 -0.1108
v  -2.1255 -1.0745 -0.1258
v  -2.1039 -1.0631 -0.1160
v  -2.1067 -1.0469 -0.1353
v  -2.1273 -1.0601 -0.1451
v  -2.1725 -0.9928 -0.1434
v  -2.1566 -1.0121 -0.1503
v  -2.1393 -0.9946 -0.1398
v  -2.1565 -0.9769 -0.1298
v  -2.1393 -1.0360 -0.1535
v  -2.1198 -1.0202 -0.1448
v  -2.1588 -0.9482 -0.0985
v  -2.1833 -0.9174 -0.0894
v  -2.1366 -0.9361 -0.0836
v  -2.1633 -0.9122 -0.0676
v  -2.0810 -1.0535 -0.1034
v  -2.0574 -1.0437 -0.0879
v  -2.0593 -1.0255 -0.1094
v  -2.0839 -1.0359 -0.1236
v  -2.1181 -0.9782 -0.1305
v  -2.1371 -0.9618 -0.1174
v  -2.0927 -0.9620 -0.1225
v  -2.1138 -0.9451 -0.1074
v  -2.0968 -1.0061 -0.1364
v  -2.0699 -0.9932 -0.1273
v  -2.1375 -0.9060 -0.0485
v  -2.1100 -0.9217 -0.0714
v  -2.0802 -0.9122 -0.0608
v  -2.1072 -0.8994 -0.0370
v  -2.0867 -0.9296 -0.0966
v  -2.0645 -0.9491 -0.1107
v  -2.0389 -0.9431 -0.0947
v  -2.0578 -0.9221 -0.0834
v  -2.0084 -0.8928 -0.0319
v  -2.0390 -0.8942 -0.0326
v  -2.0098 -0.9184 -0.0524
v  -1.9826 -0.9151 -0.0457
v  -2.0730 -0.8960 -0.0326
v  -2.0480 -0.9102 -0.0554
v  -2.0311 -0.9240 -0.0730
v  -2.0189 -0.9439 -0.0811
v  -2.0058 -0.9475 -0.0731
v  -2.0070 -0.9354 -0.0660
v  -2.0331 -1.0322 -0.0702
v  -2.0098 -1.0200 -0.0548
v  -2.0138 -1.0038 -0.0742
v  -2.0350 -1.0145 -0.0913
v  -2.0428 -0.9822 -0.1121
v  -2.0212 -0.9746 -0.0940
v  -1.9561 -0.9404 -0.0572
v  -1.9770 -0.9476 -0.0592
v  -1.9590 -0.9736 -0.0540
v  -1.9341 -0.9649 -0.0537
v  -1.9088 -1.0082 -0.0020
v  -1.9162 -0.9957 -0.0243
v  -1.9522 -1.0064 -0.0296
v  -1.9420 -1.0222 -0.0065
v  -1.9861 -0.9567 -0.0641
v  -1.9937 -0.9656 -0.0700
v  -1.9827 -0.9869 -0.0583
v  -1.9730 -0.9799 -0.0564
v  -1.9500 -0.9900 -0.0428
v  -1.9229 -0.9817 -0.0411
v  -1.9647 -0.9919 -0.0468
v  -1.9720 -0.9991 -0.0446
v  -1.9884 -1.0085 -0.0466
v  -1.9800 -1.0204 -0.0292
v  -1.9966 -0.9946 -0.0634
v  -1.9727 -1.0345 -0.0092
v  -2.0053 -0.9700 -0.0792
v  -2.3149 -1.1708 -1.5662
v  -2.3154 -1.1934 -1.5836
v  -2.2975 -1.1717 -1.5634
v  -2.2935 -1.1867 -1.5733
v  -2.3076 -1.1482 -1.5412
v  -2.2960 -1.1277 -1.5079
v  -2.2742 -1.1469 -1.5095
v  -2.2872 -1.1609 -1.5442
v  -2.2749 -1.1766 -1.5498
v  -2.2606 -1.1667 -1.5120
v  -2.2692 -1.0991 -1.4206
v  -2.2826 -1.1123 -1.4652
v  -2.2464 -1.1188 -1.4172
v  -2.2611 -1.1342 -1.4640
v  -2.2537 -1.0802 -1.3841
v  -2.2261 -1.0957 -1.3811
v  -2.1997 -1.1216 -1.3705
v  -2.1801 -1.0951 -1.3290
v  -2.2281 -1.1427 -1.4134
v  -2.1734 -1.0566 -1.2933
v  -2.1548 -1.0869 -1.2644
v  -2.1261 -1.0942 -1.2452
v  -2.2478 -1.1574 -1.4633
v  -1.4180 -1.0811 -0.3854
v  -1.4084 -1.0484 -0.4347
v  -1.3829 -1.0307 -0.4138
v  -1.3923 -1.0640 -0.3560
v  -1.4074 -1.0930 -0.2843
v  -1.4332 -1.1084 -0.3372
v  -1.4572 -1.1315 -0.2970
v  -1.4318 -1.1232 -0.2411
v  -1.4181 -0.9607 -0.5409
v  -1.4049 -1.0107 -0.4900
v  -1.3920 -0.9437 -0.5189
v  -1.3800 -0.9931 -0.4695
v  -1.4254 -0.9140 -0.5933
v  -1.4269 -0.8714 -0.6442
v  -1.4013 -0.8552 -0.6215
v  -1.3997 -0.8969 -0.5700
v  -1.4301 -0.8267 -0.6850
v  -1.4483 -0.7755 -0.7001
v  -1.4048 -0.8117 -0.6639
v  -1.4220 -0.7599 -0.6834
v  -1.4201 -1.1159 -0.2017
v  -1.4405 -1.1116 -0.1522
v  -1.4025 -1.1027 -0.2094
v  -1.4206 -1.0927 -0.1440
v  -1.6303 -0.9355 0.0927
v  -1.6392 -0.9226 0.0997
v  -1.5936 -0.9183 0.1038
v  -1.6033 -0.9041 0.1096
v  -1.6127 -0.8898 0.1126
v  -1.6477 -0.9095 0.1029
v  -1.4686 -1.0903 -0.0912
v  -1.4451 -1.0753 -0.0810
v  -1.4728 -1.0517 -0.0304
v  -1.4989 -1.0621 -0.0424
v  -1.4972 -1.0215 -0.0077
v  -1.5276 -1.0322 -0.0201
v  -1.5180 -0.9970 0.0112
v  -1.5513 -1.0090 -0.0019
v  -1.5354 -0.9791 0.0301
v  -1.5706 -0.9919 0.0164
v  -1.5500 -0.9661 0.0495
v  -1.5864 -0.9796 0.0353
v  -1.5995 -0.9696 0.0536
v  -1.5624 -0.9554 0.0679
v  -1.5734 -0.9446 0.0836
v  -1.6108 -0.9595 0.0696
v  -1.6209 -0.9481 0.0827
v  -1.5836 -0.9322 0.0954
v  -1.7497 -0.6188 -0.2865
v  -1.7334 -0.6104 -0.2365
v  -1.6965 -0.5831 -0.2802
v  -1.7191 -0.6013 -0.3266
v  -1.6871 -0.5932 -0.3741
v  -1.6656 -0.5711 -0.3533
v  -1.6275 -0.5803 -0.4089
v  -1.6491 -0.6051 -0.4195
v  -1.5842 -0.6078 -0.4621
v  -1.6098 -0.6277 -0.4728
v  -1.5502 -0.6244 -0.5231
v  -1.5769 -0.6415 -0.5359
v  -1.5492 -0.6514 -0.6042
v  -1.5217 -0.6362 -0.5875
v  -1.4893 -0.6670 -0.6388
v  -1.5155 -0.6852 -0.6557
v  -1.4795 -0.7279 -0.6888
v  -1.4543 -0.7104 -0.6718
v  -1.6961 -0.5906 -0.2079
v  -1.7193 -0.6094 -0.1992
v  -1.7247 -0.6317 -0.1556
v  -1.6968 -0.6126 -0.1470
v  -1.6544 -0.8963 0.1017
v  -1.6208 -0.8757 0.1114
v  -1.6268 -0.8618 0.1050
v  -1.6590 -0.8830 0.0951
v  -1.7177 -0.6983 -0.0569
v  -1.7223 -0.6641 -0.1009
v  -1.6888 -0.6751 -0.0474
v  -1.6948 -0.6434 -0.0898
v  -1.6949 -0.7662 -0.0008
v  -1.7098 -0.7324 -0.0220
v  -1.6682 -0.7408 0.0097
v  -1.6809 -0.7078 -0.0127
v  -1.6648 -0.8217 0.0259
v  -1.6766 -0.7973 0.0115
v  -1.6393 -0.7981 0.0345
v  -1.6522 -0.7722 0.0221
v  -1.6608 -0.8402 0.0446
v  -1.6608 -0.8557 0.0649
v  -1.6314 -0.8334 0.0740
v  -1.6334 -0.8175 0.0532
v  -1.6610 -0.8697 0.0827
v  -1.6300 -0.8478 0.0922
v  -1.3556 -1.0182 -0.3993
v  -1.3651 -1.0487 -0.3404
v  -1.3337 -1.0361 -0.3291
v  -1.3233 -1.0073 -0.3878
v  -1.3471 -1.0570 -0.2658
v  -1.3779 -1.0712 -0.2750
v  -1.3637 -0.9282 -0.5006
v  -1.3529 -0.9796 -0.4539
v  -1.3294 -0.9143 -0.4857
v  -1.3189 -0.9690 -0.4420
v  -1.3722 -0.8803 -0.5508
v  -1.3744 -0.8400 -0.6052
v  -1.3434 -0.8255 -0.5936
v  -1.3397 -0.8646 -0.5353
v  -1.3795 -0.7979 -0.6531
v  -1.3974 -0.7459 -0.6803
v  -1.3713 -0.7315 -0.6811
v  -1.3508 -0.7843 -0.6478
v  -1.3856 -1.0819 -0.2059
v  -1.3567 -1.0646 -0.1990
v  -1.3697 -1.0591 -0.1315
v  -1.3995 -1.0756 -0.1374
v  -1.5676 -0.8854 0.1197
v  -1.5571 -0.9010 0.1147
v  -1.5188 -0.8829 0.1248
v  -1.5303 -0.8653 0.1291
v  -1.5412 -0.8478 0.1304
v  -1.5778 -0.8697 0.1219
v  -1.3901 -1.0460 -0.0672
v  -1.4213 -1.0611 -0.0733
v  -1.4155 -1.0276 -0.0111
v  -1.4470 -1.0407 -0.0199
v  -1.4673 -1.0112 0.0038
v  -1.4328 -1.0005 0.0143
v  -1.4485 -0.9767 0.0341
v  -1.4854 -0.9863 0.0232
v  -1.4623 -0.9576 0.0524
v  -1.5009 -0.9675 0.0422
v  -1.4746 -0.9422 0.0709
v  -1.5142 -0.9535 0.0616
v  -1.5258 -0.9418 0.0800
v  -1.4860 -0.9286 0.0891
v  -1.4968 -0.9149 0.1049
v  -1.5365 -0.9299 0.0957
v  -1.5467 -0.9163 0.1071
v  -1.5076 -0.8997 0.1170
v  -1.6531 -0.5539 -0.2778
v  -1.6299 -0.5508 -0.3429
v  -1.6063 -0.5287 -0.2817
v  -1.5834 -0.5332 -0.3427
v  -1.5468 -0.5564 -0.4017
v  -1.5944 -0.5653 -0.4003
v  -1.5534 -0.5937 -0.4564
v  -1.5112 -0.5814 -0.4607
v  -1.4834 -0.5957 -0.5213
v  -1.5209 -0.6110 -0.5170
v  -1.4933 -0.6241 -0.5786
v  -1.4595 -0.6078 -0.5800
v  -1.4292 -0.6363 -0.6274
v  -1.4620 -0.6519 -0.6297
v  -1.4288 -0.6949 -0.6638
v  -1.3987 -0.6792 -0.6609
v  -1.6652 -0.5873 -0.1437
v  -1.6615 -0.5652 -0.2100
v  -1.6258 -0.5568 -0.1480
v  -1.6173 -0.5379 -0.2166
v  -1.5869 -0.8542 0.1204
v  -1.5512 -0.8304 0.1276
v  -1.5594 -0.8147 0.1184
v  -1.5939 -0.8392 0.1128
v  -1.6644 -0.6181 -0.0831
v  -1.6576 -0.6487 -0.0407
v  -1.6223 -0.6165 -0.0387
v  -1.6271 -0.5863 -0.0850
v  -1.6497 -0.6807 -0.0063
v  -1.6386 -0.7139 0.0164
v  -1.6054 -0.6801 0.0187
v  -1.6150 -0.6474 -0.0046
v  -1.6123 -0.7746 0.0397
v  -1.6248 -0.7461 0.0290
v  -1.5832 -0.7458 0.0431
v  -1.5941 -0.7136 0.0326
v  -1.6050 -0.7953 0.0572
v  -1.6015 -0.8108 0.0790
v  -1.5697 -0.7873 0.0795
v  -1.5749 -0.7717 0.0578
v  -1.5985 -0.8249 0.0989
v  -1.5653 -0.8007 0.1016
v  -1.2949 -1.0222 -0.3199
v  -1.2839 -0.9943 -0.3774
v  -1.2310 -0.9689 -0.3710
v  -1.2398 -0.9969 -0.3170
v  -1.2509 -1.0168 -0.2588
v  -1.3076 -1.0417 -0.2579
v  -1.2889 -0.9001 -0.4711
v  -1.2784 -0.9566 -0.4306
v  -1.2426 -0.8771 -0.4525
v  -1.2288 -0.9306 -0.4182
v  -1.3012 -0.8486 -0.5202
v  -1.3068 -0.8097 -0.5812
v  -1.2629 -0.7864 -0.5547
v  -1.2564 -0.8263 -0.4980
v  -1.3345 -0.7133 -0.6713
v  -1.3157 -0.7688 -0.6430
v  -1.2857 -0.6941 -0.6467
v  -1.2704 -0.7439 -0.6071
v  -1.2595 -1.0248 -0.1987
v  -1.3149 -1.0459 -0.1947
v  -1.2702 -1.0230 -0.1367
v  -1.3273 -1.0416 -0.1294
v  -1.4898 -0.8429 0.1376
v  -1.4761 -0.8627 0.1332
v  -1.4257 -0.8393 0.1390
v  -1.4424 -0.8154 0.1425
v  -1.4572 -0.7920 0.1413
v  -1.5018 -0.8229 0.1377
v  -1.3468 -1.0303 -0.0653
v  -1.2883 -1.0150 -0.0729
v  -1.3110 -1.0014 -0.0148
v  -1.3715 -1.0138 -0.0071
v  -1.3881 -0.9907 0.0221
v  -1.3288 -0.9833 0.0213
v  -1.3401 -0.9655 0.0427
v  -1.4024 -0.9694 0.0431
v  -1.3516 -0.9471 0.0621
v  -1.4148 -0.9506 0.0608
v  -1.3636 -0.9279 0.0809
v  -1.4264 -0.9335 0.0780
v  -1.3774 -0.9076 0.0996
v  -1.4381 -0.9171 0.0952
v  -1.3932 -0.8861 0.1166
v  -1.4503 -0.9001 0.1114
v  -1.4628 -0.8819 0.1244
v  -1.4090 -0.8630 0.1300
v  -1.5205 -0.5208 -0.3559
v  -1.5491 -0.5059 -0.2952
v  -1.4770 -0.4849 -0.3186
v  -1.4437 -0.5040 -0.3821
v  -1.4146 -0.5233 -0.4449
v  -1.4846 -0.5465 -0.4169
v  -1.4565 -0.5650 -0.4771
v  -1.3935 -0.5394 -0.5036
v  -1.3795 -0.5542 -0.5554
v  -1.4354 -0.5771 -0.5350
v  -1.4166 -0.5896 -0.5881
v  -1.3682 -0.5710 -0.5981
v  -1.3401 -0.5990 -0.6286
v  -1.3885 -0.6189 -0.6287
v  -1.3598 -0.6614 -0.6576
v  -1.3104 -0.6419 -0.6475
v  -1.5762 -0.5204 -0.1641
v  -1.5654 -0.5066 -0.2315
v  -1.5171 -0.4772 -0.1909
v  -1.5054 -0.4710 -0.2553
v  -1.5131 -0.8035 0.1332
v  -1.4713 -0.7704 0.1343
v  -1.4822 -0.7538 0.1136
v  -1.5226 -0.7872 0.1201
v  -1.5839 -0.5453 -0.0963
v  -1.5827 -0.5755 -0.0437
v  -1.5349 -0.5199 -0.0653
v  -1.5308 -0.4933 -0.1234
v  -1.5761 -0.6040 -0.0089
v  -1.5678 -0.6352 0.0155
v  -1.5244 -0.5769 0.0057
v  -1.5318 -0.5481 -0.0216
v  -1.5495 -0.7027 0.0435
v  -1.5585 -0.6687 0.0316
v  -1.5082 -0.6432 0.0392
v  -1.5164 -0.6092 0.0252
v  -1.5422 -0.7354 0.0563
v  -1.5360 -0.7599 0.0745
v  -1.4961 -0.7104 0.0667
v  -1.5012 -0.6778 0.0519
v  -1.5298 -0.7736 0.0983
v  -1.4916 -0.7389 0.0868
v  -0.8854 -0.0216 -0.1677
v  -0.8682 -0.0295 -0.2209
v  -0.9646 -0.1115 -0.2346
v  -0.9874 -0.0935 -0.1892
v  -0.9966 -0.1017 -0.1344
v  -0.8903 -0.0345 -0.1111
v  -0.7944 0.0298 -0.0882
v  -0.7910 0.0482 -0.1519
v  -0.7771 0.0498 -0.2170
v  -1.3286 -0.3271 -0.0970
v  -1.3354 -0.3481 -0.0514
v  -1.2411 -0.2706 -0.0574
v  -1.2377 -0.2525 -0.1037
v  -1.2298 -0.2342 -0.1579
v  -1.3207 -0.3086 -0.1539
v  -1.4020 -0.3826 -0.1310
v  -1.4088 -0.4037 -0.0766
v  -1.4118 -0.4288 -0.0331
v  -0.8922 -0.0514 -0.0601
v  -1.0009 -0.1171 -0.0836
v  -1.0023 -0.1347 -0.0340
v  -0.8898 -0.0735 -0.0128
v  -0.7859 -0.0211 0.0064
v  -0.7929 0.0072 -0.0362
v  -1.1167 -0.1853 -0.0960
v  -1.1106 -0.1690 -0.1481
v  -1.1195 -0.2026 -0.0477
v  -1.3326 -0.3765 -0.0158
v  -1.3267 -0.4106 0.0077
v  -1.2223 -0.3353 0.0069
v  -1.2360 -0.2973 -0.0183
v  -1.4105 -0.4581 0.0005
v  -1.4021 -0.4923 0.0227
v  -0.8813 -0.1035 0.0279
v  -0.9974 -0.1601 0.0125
v  -0.8672 -0.1399 0.0614
v  -0.9836 -0.1979 0.0479
v  -0.7608 -0.0886 0.0705
v  -0.7749 -0.0540 0.0407
v  -1.1151 -0.2276 -0.0039
v  -1.1016 -0.2648 0.0282
v  -1.3182 -0.4493 0.0206
v  -1.3107 -0.4927 0.0216
v  -1.1822 -0.4253 0.0346
v  -1.2036 -0.3781 0.0226
v  -1.3915 -0.5298 0.0349
v  -1.3818 -0.5685 0.0445
v  -0.8482 -0.1801 0.0869
v  -0.9639 -0.2408 0.0721
v  -0.9421 -0.2845 0.0914
v  -0.8262 -0.2225 0.1070
v  -0.7236 -0.1619 0.1259
v  -0.7431 -0.1249 0.0984
v  -1.0823 -0.3079 0.0492
v  -1.0609 -0.3530 0.0659
v  -1.2925 -0.5372 0.0444
v  -1.2772 -0.5758 0.0752
v  -1.1468 -0.5113 0.0867
v  -1.1623 -0.4727 0.0522
v  -1.3719 -0.6067 0.0618
v  -1.3656 -0.6423 0.0835
v  -0.8043 -0.2635 0.1274
v  -0.9209 -0.3265 0.1102
v  -0.9010 -0.3670 0.1338
v  -0.7849 -0.3019 0.1562
v  -0.6879 -0.2334 0.1911
v  -0.7052 -0.1978 0.1563
v  -1.0399 -0.3979 0.0828
v  -1.0211 -0.4398 0.1077
v  -1.2440 -0.6531 0.1276
v  -1.1138 -0.5866 0.1481
v  -1.1314 -0.5478 0.1202
v  -1.2614 -0.6149 0.1025
v  -1.3648 -0.6769 0.1039
v  -1.3442 -0.7071 0.1329
v  -0.7677 -0.3389 0.1920
v  -0.8830 -0.4062 0.1654
v  -0.8648 -0.4462 0.2004
v  -0.7488 -0.3787 0.2272
v  -0.6519 -0.3088 0.2690
v  -0.6690 -0.2709 0.2270
v  -1.0054 -0.4766 0.1424
v  -0.9874 -0.5160 0.1743
v  -1.2172 -0.6928 0.1462
v  -1.3183 -0.7423 0.1455
v  -1.2890 -0.7776 0.1467
v  -1.1883 -0.7318 0.1546
v  -1.0666 -0.6747 0.1785
v  -1.0919 -0.6306 0.1670
v  -0.7251 -0.4247 0.2571
v  -0.8409 -0.4929 0.2289
v  -0.8122 -0.5425 0.2439
v  -0.6957 -0.4733 0.2677
v  -0.5944 -0.4092 0.3154
v  -0.6276 -0.3561 0.3049
v  -0.9641 -0.5620 0.1980
v  -0.9369 -0.6095 0.2124
v  -1.1608 -0.7710 0.1522
v  -1.2581 -0.8091 0.1398
v  -1.2328 -0.8412 0.1245
v  -1.1348 -0.8094 0.1372
v  -1.0073 -0.7543 0.1601
v  -1.0376 -0.7166 0.1772
v  -0.6643 -0.5194 0.2615
v  -0.7794 -0.5905 0.2378
v  -0.7471 -0.6311 0.2104
v  -0.6330 -0.5598 0.2362
v  -0.5268 -0.5010 0.2756
v  -0.5596 -0.4585 0.3047
v  -0.9055 -0.6557 0.2097
v  -0.8739 -0.6946 0.1853
v  -1.1112 -0.8462 0.1080
v  -1.2116 -0.8729 0.1005
v  -1.1937 -0.9026 0.0689
v  -1.0843 -0.8704 0.0684
v  -0.9527 -0.8078 0.0856
v  -0.9786 -0.7847 0.1278
v  -0.7191 -0.6604 0.1689
v  -0.6950 -0.6809 0.1195
v  -0.5818 -0.6128 0.1474
v  -0.6057 -0.5903 0.1959
v  -0.4751 -0.5607 0.1873
v  -0.5007 -0.5306 0.2304
v  -0.8452 -0.7246 0.1480
v  -0.8205 -0.7455 0.1013
v  -1.0607 -0.8872 0.0242
v  -1.1832 -0.9358 0.0292
v  -1.1600 -0.9552 -0.0077
v  -1.0314 -0.9170 -0.0099
v  -0.8998 -0.8563 0.0066
v  -0.9301 -0.8241 0.0392
v  -0.5329 -0.6632 0.0623
v  -0.5604 -0.6313 0.0989
v  -0.6717 -0.7013 0.0730
v  -0.6442 -0.7310 0.0360
v  -0.4318 -0.6032 0.0937
v  -0.4556 -0.5773 0.1369
v  -0.7969 -0.7653 0.0556
v  -0.7683 -0.7951 0.0200
v  -1.0109 -0.9271 -0.0572
v  -1.1397 -0.9676 -0.0510
v  -1.1223 -0.9710 -0.0990
v  -0.9949 -0.9274 -0.1067
v  -0.8597 -0.8763 -0.0901
v  -0.8758 -0.8751 -0.0384
v  -0.6130 -0.7686 -0.0000
v  -0.5970 -0.7738 -0.0572
v  -0.4823 -0.7170 -0.0282
v  -0.5017 -0.7027 0.0274
v  -0.3795 -0.6651 0.0024
v  -0.4020 -0.6418 0.0565
v  -0.7394 -0.8260 -0.0199
v  -0.7235 -0.8289 -0.0750
v  -0.9822 -0.9220 -0.1559
v  -1.1076 -0.9687 -0.1495
v  -1.0955 -0.9633 -0.2002
v  -0.9725 -0.9126 -0.2044
v  -0.8388 -0.8611 -0.1926
v  -0.8474 -0.8712 -0.1416
v  -0.5842 -0.7743 -0.1141
v  -0.5775 -0.7650 -0.1713
v  -0.4581 -0.7249 -0.1498
v  -0.4663 -0.7277 -0.0874
v  -0.3514 -0.6882 -0.1274
v  -0.3607 -0.6849 -0.0592
v  -0.7119 -0.8244 -0.1299
v  -0.7047 -0.8136 -0.1839
v  -0.9662 -0.8983 -0.2519
v  -1.0849 -0.9509 -0.2449
v  -1.0788 -0.9331 -0.2910
v  -0.9639 -0.8790 -0.2973
v  -0.8335 -0.8255 -0.2902
v  -0.8342 -0.8454 -0.2423
v  -0.5778 -0.7445 -0.2259
v  -0.5830 -0.7178 -0.2770
v  -0.4693 -0.6699 -0.2634
v  -0.4604 -0.7023 -0.2093
v  -0.3669 -0.6301 -0.2526
v  -0.3548 -0.6668 -0.1937
v  -0.7024 -0.7957 -0.2361
v  -0.7045 -0.7732 -0.2862
v  -0.9674 -0.8521 -0.3384
v  -1.0769 -0.9088 -0.3348
v  -1.0816 -0.8779 -0.3698
v  -0.9773 -0.8182 -0.3675
v  -0.8523 -0.7609 -0.3680
v  -0.8382 -0.7995 -0.3358
v  -0.5923 -0.6869 -0.3260
v  -0.6138 -0.6420 -0.3675
v  -0.5073 -0.5835 -0.3609
v  -0.4826 -0.6324 -0.3131
v  -0.4141 -0.5299 -0.3565
v  -0.3848 -0.5854 -0.3047
v  -0.7112 -0.7457 -0.3350
v  -0.7298 -0.7023 -0.3704
v  -0.9938 -0.7787 -0.3743
v  -1.0950 -0.8405 -0.3887
v  -1.1188 -0.7966 -0.3937
v  -1.0161 -0.7344 -0.3761
v  -0.9034 -0.6621 -0.3681
v  -0.8758 -0.7132 -0.3752
v  -0.5541 -0.5086 -0.3837
v  -0.6535 -0.5765 -0.3841
v  -0.6944 -0.5093 -0.3613
v  -0.6008 -0.4327 -0.3589
v  -0.5165 -0.3623 -0.3589
v  -0.4668 -0.4475 -0.3853
v  -0.7615 -0.6454 -0.3819
v  -0.7962 -0.5853 -0.3590
v  -1.0385 -0.6897 -0.4034
v  -1.1342 -0.7552 -0.4304
v  -1.1455 -0.7132 -0.4690
v  -1.0559 -0.6507 -0.4367
v  -0.9494 -0.5740 -0.4218
v  -0.9288 -0.6151 -0.3913
v  -0.6321 -0.3786 -0.3734
v  -0.7265 -0.4568 -0.3742
v  -0.7470 -0.4185 -0.4057
v  -0.6510 -0.3409 -0.4036
v  -0.5635 -0.2686 -0.4080
v  -0.5458 -0.3075 -0.3792
v  -0.8258 -0.5357 -0.3792
v  -0.8468 -0.4959 -0.4110
v  -1.0661 -0.6082 -0.4710
v  -1.1501 -0.6706 -0.5115
v  -1.1583 -0.6268 -0.5576
v  -1.0708 -0.5680 -0.5250
v  -0.9724 -0.5016 -0.5026
v  -0.9687 -0.5324 -0.4446
v  -0.6687 -0.3005 -0.4288
v  -0.7657 -0.3746 -0.4252
v  -0.7697 -0.3516 -0.4810
v  -0.6744 -0.2805 -0.4844
v  -0.5876 -0.2170 -0.4960
v  -0.5786 -0.2359 -0.4423
v  -0.8672 -0.4518 -0.4292
v  -0.8678 -0.4315 -0.4899
v  -0.6829 -0.2594 -0.5670
v  -0.5986 -0.1986 -0.5745
v  -0.7780 -0.3222 -0.5614
v  -0.8081 -0.2572 -0.6116
v  -0.7146 -0.1934 -0.6117
v  -0.6301 -0.1381 -0.6246
v  -0.7582 -0.1131 -0.6165
v  -0.8472 -0.1856 -0.6056
v  -0.8955 -0.1187 -0.5623
v  -0.8011 -0.0465 -0.5522
v  -0.7162 0.0192 -0.5462
v  -0.6803 -0.0462 -0.6312
v  -0.8761 -0.3929 -0.5655
v  -0.9806 -0.4597 -0.5698
v  -1.0026 -0.3987 -0.6244
v  -0.9039 -0.3275 -0.6193
v  -1.1795 -0.5748 -0.5948
v  -1.2269 -0.5222 -0.6024
v  -1.1094 -0.4677 -0.6193
v  -1.0838 -0.5217 -0.5792
v  -1.0991 -0.1583 -0.2080
v  -1.0722 -0.1793 -0.2563
v  -1.1849 -0.2383 -0.2843
v  -1.2168 -0.2163 -0.2273
v  -1.1398 -0.4154 -0.6163
v  -1.1825 -0.3645 -0.5703
v  -1.0882 -0.2813 -0.5797
v  -1.0403 -0.3368 -0.6124
v  -1.2412 -0.4658 -0.5755
v  -1.2682 -0.4288 -0.5274
v  -0.8206 -0.0388 -0.4382
v  -0.9203 -0.1123 -0.4465
v  -0.9310 -0.1313 -0.3364
v  -0.8306 -0.0512 -0.3307
v  -0.7386 0.0282 -0.3392
v  -0.7279 0.0287 -0.4386
v  -0.8404 -0.0547 -0.2612
v  -0.7480 0.0258 -0.2671
v  -0.9402 -0.1367 -0.2694
v  -1.3140 -0.2943 -0.2264
v  -1.2904 -0.3052 -0.3031
v  -1.3777 -0.3682 -0.2622
v  -1.3908 -0.3693 -0.1947
v  -1.2018 -0.3536 -0.4766
v  -1.2190 -0.3523 -0.3921
v  -1.1292 -0.2801 -0.3821
v  -1.1158 -0.2708 -0.4765
v  -1.2848 -0.4196 -0.4503
v  -1.3072 -0.4117 -0.3766
v  -0.9427 -0.2592 -0.6065
v  -0.9918 -0.1964 -0.5700
v  -1.0179 -0.1918 -0.4581
v  -1.0337 -0.2063 -0.3530
v  -1.1501 -0.2743 -0.3176
v  -1.0471 -0.2072 -0.2890
v  -1.2471 -0.3386 -0.3328
v  -1.3389 -0.3950 -0.3147
v  -0.6468 0.0768 -0.5482
v  -0.5763 0.1483 -0.5664
v  -0.5504 0.0775 -0.6660
v  -0.6187 0.0116 -0.6467
v  -0.4898 -0.0308 -0.6685
v  -0.5621 -0.0899 -0.6434
v  -0.5251 -0.1532 -0.5953
v  -0.4493 -0.0983 -0.6181
v  -0.4376 -0.1128 -0.5363
v  -0.5117 -0.1658 -0.5156
v  -0.5016 -0.1815 -0.4615
v  -0.4280 -0.1339 -0.4829
v  -0.4162 -0.1625 -0.4430
v  -0.4884 -0.2087 -0.4215
v  -0.4712 -0.2497 -0.3932
v  -0.3999 -0.1997 -0.4116
v  -0.3700 -0.2581 -0.3956
v  -0.4430 -0.3056 -0.3693
v  -0.3168 -0.3483 -0.4026
v  -0.3921 -0.3974 -0.3930
v  -0.2584 -0.4308 -0.3558
v  -0.3369 -0.4835 -0.3573
v  -0.3044 -0.5434 -0.3012
v  -0.2177 -0.4929 -0.2988
v  -0.2832 -0.5920 -0.2458
v  -0.1886 -0.5438 -0.2414
v  -0.2684 -0.6305 -0.1826
v  -0.1708 -0.5830 -0.1738
v  -0.1672 -0.6026 -0.1004
v  -0.2637 -0.6505 -0.1117
v  0.0097 -0.0018 -0.6658
v  -0.0125 -0.0515 -0.5695
v  -0.0681 -0.0242 -0.5825
v  -0.0460 0.0190 -0.6729
v  -0.1132 0.0125 -0.5966
v  -0.0993 0.0470 -0.6839
v  0.1355 -0.0831 -0.6059
v  0.0572 -0.0751 -0.5825
v  0.0775 -0.0132 -0.6797
v  -0.3582 -0.0176 -0.6377
v  -0.2801 0.0631 -0.6468
v  -0.2778 0.0071 -0.5706
v  -0.3512 -0.0555 -0.5596
v  -0.3915 0.0561 -0.6962
v  -0.2723 0.1644 -0.7318
v  -0.1229 0.0984 -0.6608
v  -0.1341 0.0676 -0.5816
v  -0.1413 0.1163 -0.5552
v  -0.1291 0.1455 -0.6290
v  -0.1914 0.1290 -0.6325
v  -0.2273 0.1063 -0.6425
v  -0.2113 0.1706 -0.7255
v  -0.2002 0.0861 -0.5566
v  -0.2328 0.0554 -0.5645
v  -0.1590 0.1632 -0.6188
v  -0.1728 0.1167 -0.5500
v  -0.3504 -0.0808 -0.4980
v  -0.2832 -0.0295 -0.5059
v  -0.2788 -0.0651 -0.4602
v  -0.3419 -0.1126 -0.4555
v  -0.2447 0.0175 -0.4997
v  -0.2140 0.0474 -0.4966
v  -0.2101 -0.0034 -0.4642
v  -0.2387 -0.0304 -0.4626
v  -0.1843 0.0716 -0.4955
v  -0.1493 0.0837 -0.4898
v  -0.1594 0.0454 -0.4597
v  -0.1852 0.0236 -0.4620
v  -0.2567 -0.1050 -0.4403
v  -0.3228 -0.1486 -0.4264
v  -0.2139 -0.1587 -0.4462
v  -0.2862 -0.2102 -0.4304
v  -0.1375 0.0404 -0.5126
v  -0.1200 -0.0106 -0.5211
v  -0.1259 -0.0277 -0.4628
v  -0.1489 0.0145 -0.4616
v  -0.1949 -0.0416 -0.4430
v  -0.2177 -0.0716 -0.4472
v  -0.1627 -0.0814 -0.4204
v  -0.1793 -0.1154 -0.4328
v  -0.1721 -0.0092 -0.4346
v  -0.1413 -0.0493 -0.4274
v  -0.2273 -0.2856 -0.4061
v  -0.1532 -0.2200 -0.3995
v  -0.0762 -0.2930 -0.3632
v  -0.1608 -0.3592 -0.3497
v  -0.0780 -0.0517 -0.5059
v  -0.0209 -0.0883 -0.4926
v  -0.0182 -0.1116 -0.4332
v  -0.0828 -0.0740 -0.4505
v  -0.1056 -0.1358 -0.3978
v  -0.1213 -0.1730 -0.3925
v  -0.0322 -0.1925 -0.3768
v  -0.0417 -0.2398 -0.3728
v  -0.0901 -0.0973 -0.4095
v  -0.0195 -0.1394 -0.3780
v  -0.0984 -0.4268 -0.3043
v  0.0067 -0.3651 -0.3355
v  0.1152 -0.4261 -0.2803
v  -0.0510 -0.4802 -0.2459
v  0.0483 -0.1293 -0.5039
v  0.1306 -0.1505 -0.5224
v  0.1371 -0.1908 -0.4498
v  0.0556 -0.1540 -0.4362
v  0.0433 -0.3060 -0.3679
v  0.0470 -0.2486 -0.3873
v  0.1395 -0.2854 -0.3839
v  0.1416 -0.3530 -0.3513
v  0.0542 -0.1934 -0.3953
v  0.1408 -0.2269 -0.4017
v  0.2127 -0.1542 -0.5416
v  0.3288 -0.1955 -0.4733
v  0.2256 -0.2076 -0.4624
v  0.2595 -0.3659 -0.3341
v  0.2691 -0.4263 -0.2681
v  0.2497 -0.3038 -0.3822
v  0.3685 -0.2745 -0.3651
v  0.3889 -0.3438 -0.3282
v  0.4048 -0.3997 -0.2679
v  0.2384 -0.2437 -0.4074
v  0.3478 -0.2248 -0.4062
v  -0.6857 -0.0087 0.0500
v  -0.6724 -0.0407 0.0803
v  -0.6054 0.0078 0.0939
v  -0.6209 0.0364 0.0594
v  -0.6342 0.0664 0.0247
v  -0.6972 0.0236 0.0172
v  -0.7069 0.0553 -0.0225
v  -0.6455 0.0977 -0.0141
v  -0.6539 0.1353 -0.0669
v  -0.7124 0.0867 -0.0754
v  -0.7083 0.1132 -0.1502
v  -0.6479 0.1727 -0.1513
v  -0.6163 0.1761 -0.2419
v  -0.6904 0.1164 -0.2288
v  -0.6498 0.0879 -0.4511
v  -0.6545 0.0912 -0.3622
v  -0.5723 0.1568 -0.3929
v  -0.5741 0.1596 -0.4754
v  -0.6630 0.0942 -0.2900
v  -0.5791 0.1539 -0.3137
v  -0.4510 0.1662 -0.6895
v  -0.4760 0.2368 -0.5954
v  -0.3422 0.3366 -0.6446
v  -0.3235 0.2705 -0.7297
v  -0.4772 0.2485 -0.5090
v  -0.4771 0.2325 -0.4226
v  -0.3746 0.3227 -0.4657
v  -0.3470 0.3342 -0.5567
v  -0.0273 -0.5211 -0.1715
v  0.1361 -0.4863 -0.1816
v  0.1406 -0.5015 -0.0882
v  -0.0299 -0.5417 -0.0947
v  -0.6565 -0.0731 0.1123
v  -0.6398 -0.1052 0.1464
v  -0.5722 -0.0449 0.1764
v  -0.5878 -0.0194 0.1336
v  -0.6076 -0.1710 0.2211
v  -0.5396 -0.1061 0.2552
v  -0.5606 -0.0713 0.2195
v  -0.6246 -0.1367 0.1832
v  -0.5883 -0.2081 0.2606
v  -0.5714 -0.2468 0.3082
v  -0.4910 -0.1883 0.3296
v  -0.5155 -0.1448 0.2920
v  -0.5041 -0.3526 0.3455
v  -0.4202 -0.2957 0.3548
v  -0.4574 -0.2413 0.3489
v  -0.5408 -0.2981 0.3373
v  -0.3434 -0.5538 0.1183
v  -0.3632 -0.5341 0.1677
v  -0.2607 -0.5111 0.1326
v  -0.2785 -0.4884 0.1821
v  -0.2956 -0.4617 0.2273
v  -0.3837 -0.5117 0.2144
v  -0.2914 -0.6202 0.0247
v  -0.3155 -0.5902 0.0773
v  -0.2033 -0.5763 0.0347
v  -0.2329 -0.5435 0.0858
v  -0.1797 -0.5982 -0.0291
v  -0.2725 -0.6444 -0.0395
v  -0.0576 -0.5438 -0.0297
v  0.0547 -0.5068 -0.0296
v  -0.0056 -0.4985 0.0228
v  -0.0987 -0.5312 0.0293
v  0.0353 -0.3729 0.1599
v  -0.0090 -0.3572 0.1395
v  0.0099 -0.3989 0.1020
v  0.0487 -0.4096 0.1185
v  0.1134 -0.4123 0.1334
v  0.1018 -0.3787 0.1785
v  0.0913 -0.3285 0.2048
v  0.0317 -0.3150 0.1813
v  -0.0148 -0.3017 0.1618
v  0.4706 -0.1867 -0.4219
v  0.4906 -0.2190 -0.3714
v  0.5189 -0.2906 -0.3471
v  0.5421 -0.3451 -0.2951
v  -0.4434 0.3279 -0.3661
v  -0.3848 0.4317 -0.4449
v  -0.5111 0.3139 -0.2413
v  -0.4358 0.4250 -0.3372
v  -0.5129 0.2392 -0.3334
v  -0.5621 0.2398 -0.2409
v  -0.6129 0.2216 -0.1431
v  -0.6191 0.1676 -0.0568
v  -0.6118 0.1956 -0.0432
v  -0.5972 0.2551 -0.1307
v  -0.6044 0.1271 -0.0126
v  -0.5945 0.1004 0.0220
v  -0.5906 0.1346 0.0313
v  -0.5792 0.0745 0.0613
v  -0.5576 0.0521 0.1052
v  -0.5255 0.0865 0.1101
v  -0.5568 0.1069 0.0609
v  0.1916 -0.4155 0.1602
v  0.0065 -0.1988 0.2094
v  -0.0395 -0.1768 0.1641
v  -0.0201 -0.2375 0.1549
v  0.0334 -0.2471 0.1804
v  -0.4341 -0.4455 0.3015
v  -0.3365 -0.3752 0.3035
v  -0.3823 -0.3436 0.3443
v  -0.4667 -0.4042 0.3377
v  -0.4085 -0.4794 0.2573
v  -0.3193 -0.4237 0.2637
v  0.0710 -0.4244 0.0829
v  0.0533 -0.4259 0.0674
v  0.1152 -0.4330 0.0401
v  0.1222 -0.4344 0.0835
v  0.5626 -0.3858 -0.1472
v  0.4200 -0.4266 -0.1220
v  0.4143 -0.4279 -0.1892
v  0.5556 -0.3773 -0.2172
v  0.1925 -0.4478 0.0948
v  0.1810 -0.4385 0.0269
v  0.2614 -0.4367 0.0136
v  0.2832 -0.4526 0.0903
v  0.2900 -0.3973 0.1773
v  0.3886 -0.4349 0.0479
v  0.3656 -0.4236 -0.0103
v  0.3999 -0.4146 0.0997
v  0.2790 -0.4665 -0.1836
v  0.2886 -0.4697 -0.1087
v  0.2997 -0.4436 -0.0781
v  0.4298 -0.4078 -0.0938
v  0.4453 -0.3946 -0.0821
v  0.3184 -0.4248 -0.0654
v  0.2124 -0.4569 -0.0422
v  0.1904 -0.4755 -0.0567
v  0.3395 -0.4119 -0.0468
v  0.2361 -0.4389 -0.0260
v  0.4611 -0.3838 -0.0656
v  0.4803 -0.3906 -0.0383
v  -0.5314 0.0343 0.1589
v  -0.5119 0.0200 0.2151
v  -0.4942 -0.0028 0.2586
v  -0.4707 -0.0348 0.2917
v  -0.4220 0.0267 0.3262
v  -0.4481 0.0584 0.2936
v  -0.4421 -0.0730 0.3219
v  -0.4118 -0.1189 0.3440
v  -0.3566 -0.0605 0.3717
v  -0.3901 -0.0119 0.3535
v  -0.3790 -0.1752 0.3472
v  -0.3421 -0.2322 0.3474
v  -0.2821 -0.1795 0.3367
v  -0.3197 -0.1204 0.3527
v  -0.2507 -0.1550 0.3319
v  -0.0764 -0.2054 0.1874
v  -0.0962 -0.2222 0.2011
v  -0.0755 -0.2596 0.1825
v  -0.0553 -0.2480 0.1711
v  -0.0654 -0.3052 0.1615
v  -0.0439 -0.2973 0.1524
v  -0.2072 -0.3980 0.2105
v  -0.2274 -0.3559 0.2345
v  -0.1291 -0.3480 0.1922
v  -0.1474 -0.3015 0.2034
v  -0.1610 -0.2681 0.2278
v  -0.2362 -0.3195 0.2592
v  -0.1202 -0.2391 0.2101
v  -0.0885 -0.3189 0.1736
v  -0.0995 -0.2743 0.1923
v  -0.1416 -0.5055 0.0847
v  -0.0648 -0.4736 0.0756
v  -0.1107 -0.4353 0.1203
v  -0.1799 -0.4676 0.1284
v  -0.1225 -0.3957 0.1652
v  -0.1946 -0.4365 0.1759
v  0.4976 -0.3937 -0.0002
v  0.6008 -0.3617 -0.0598
v  0.5921 -0.3707 -0.0813
v  0.5829 -0.3782 -0.0964
v  0.5725 -0.3850 -0.1127
v  -0.5185 0.3308 -0.2007
v  -0.1483 -0.2188 0.2408
v  -0.1280 -0.1990 0.2300
v  -0.1642 -0.1839 0.2635
v  -0.1825 -0.2038 0.2730
v  -0.2150 -0.2363 0.2833
v  -0.1801 -0.2457 0.2525
v  -0.1835 -0.1567 0.2875
v  -0.1985 -0.1705 0.2960
v  -0.1491 -0.1637 0.2507
v  -0.3060 -0.2744 0.3300
v  -0.2722 -0.2936 0.2986
v  -0.2472 -0.2164 0.3131
v  -0.2155 -0.1865 0.3035
v  -0.2305 -0.2868 0.2702
v  -0.1250 -0.1372 0.2498
v  -0.1105 -0.1787 0.2156
v  -0.0826 -0.1580 0.2126
v  0.1585 -0.4471 -0.0047
v  0.0938 -0.4408 0.0204
v  0.0682 -0.4591 0.0212
v  0.1326 -0.4647 -0.0151
v  -0.0820 -0.3708 0.1518
v  -0.0704 -0.4142 0.1101
v  -0.0487 -0.3971 0.0922
v  -0.0607 -0.3556 0.1354
v  0.1085 -0.4838 -0.0235
v  0.0431 -0.4773 0.0221
v  -0.0239 -0.4492 0.0632
v  0.0035 -0.4363 0.0605
v  0.0307 -0.4273 0.0605
v  -0.0203 -0.3879 0.0869
v  -0.0378 -0.3480 0.1263
v  -1.2511 -0.6161 -0.6226
v  -1.2867 -0.5726 -0.6198
v  -1.2282 -0.6688 -0.6024
v  -1.2160 -0.7132 -0.5605
v  -1.2108 -0.7553 -0.5138
v  -1.2033 -0.7971 -0.4664
v  -1.1867 -0.8444 -0.4283
v  -1.1685 -0.8924 -0.4050
v  -1.1638 -0.9288 -0.3698
v  -1.1677 -0.9596 -0.3248
v  -1.1790 -0.9854 -0.2724
v  -1.1875 -0.9986 -0.2181
v  -1.1960 -1.0011 -0.1602
v  -1.2114 -1.0002 -0.0987
v  -1.2313 -0.9924 -0.0416
v  -1.2543 -0.9779 0.0054
v  -1.2611 -0.9612 0.0276
v  -1.2725 -0.9417 0.0505
v  -1.2848 -0.9182 0.0758
v  -1.3003 -0.8931 0.0993
v  -1.3191 -0.8668 0.1193
v  -1.3415 -0.8402 0.1344
v  -1.3649 -0.8118 0.1433
v  -1.3861 -0.7818 0.1445
v  -1.4056 -0.7525 0.1400
v  -1.4240 -0.7287 0.1241
v  -1.4369 -0.7087 0.0959
v  -1.4376 -0.6752 0.0752
v  -1.4432 -0.6422 0.0575
v  -1.4504 -0.6072 0.0445
v  -1.4588 -0.5719 0.0317
v  -1.4673 -0.5379 0.0148
v  -1.4745 -0.5068 -0.0093
v  -1.4764 -0.4787 -0.0489
v  -1.4747 -0.4538 -0.0987
v  -1.4635 -0.4351 -0.1597
v  -1.4508 -0.4267 -0.2237
v  -1.4298 -0.4362 -0.2848
v  -1.3945 -0.4554 -0.3483
v  -1.3648 -0.4695 -0.4153
v  -1.3414 -0.4854 -0.4813
v  -1.3235 -0.5059 -0.5370
v  -1.3159 -0.5319 -0.5796
v  -1.3254 -0.5559 -0.6041
v  -0.6122 0.1610 0.0031
# 6736 vertices

vn -0.1087 0.1142 -0.9875
vn -0.1114 0.2408 -0.9642
vn -0.3801 0.2912 -0.8779
vn -0.3581 0.0839 -0.9299
vn -0.3836 -0.3467 -0.8560
vn -0.3280 -0.2980 -0.8965
vn -0.2413 -0.2893 -0.9263
vn 0.0543 0.0597 -0.9967
vn 0.0831 0.1212 -0.9891
vn 0.1988 -0.0295 -0.9796
vn 0.4345 -0.0620 -0.8985
vn 0.3194 -0.0105 -0.9476
vn 0.1859 0.0343 -0.9820
vn -0.0254 -0.3126 -0.9496
vn 0.1836 -0.3429 -0.9213
vn 0.2193 0.3146 -0.9235
vn 0.0947 0.4759 -0.8744
vn 0.4610 0.6141 -0.6406
vn 0.3904 0.7326 -0.5576
vn 0.2774 0.8391 -0.4680
vn -0.1158 0.6571 -0.7448
vn 0.3072 0.1692 -0.9365
vn 0.5100 0.4210 -0.7501
vn 0.3934 0.0055 -0.9193
vn 0.5215 0.2641 -0.8113
vn 0.5471 -0.0373 -0.8362
vn 0.6045 0.1983 -0.7715
vn 0.3584 -0.2138 -0.9087
vn 0.5212 0.1255 -0.8441
vn -0.4676 -0.7218 -0.5103
vn -0.4609 -0.7239 -0.5133
vn -0.4409 -0.4408 -0.7819
vn -0.3498 -0.5481 -0.7597
vn -0.3715 -0.6815 -0.6305
vn -0.4614 -0.7085 -0.5340
vn -0.4853 -0.7338 -0.4754
vn -0.4270 -0.7453 -0.5121
vn -0.4928 -0.6627 -0.5638
vn -0.4415 -0.6265 -0.6423
vn -0.3887 -0.7013 -0.5976
vn -0.2717 -0.6488 -0.7108
vn -0.3196 -0.6156 -0.7203
vn -0.1822 -0.6159 -0.7665
vn -0.1689 -0.6290 -0.7588
vn -0.1952 -0.6034 -0.7732
vn -0.2124 -0.6088 -0.7643
vn -0.0675 -0.4987 -0.8642
vn -0.0961 -0.5874 -0.8036
vn 0.2596 -0.2603 -0.9300
vn 0.5834 0.7800 -0.2263
vn 0.5877 0.7556 -0.2894
vn 0.6019 0.7588 -0.2489
vn 0.5997 0.7679 -0.2251
vn 0.5522 0.7283 -0.4059
vn 0.6404 0.6549 -0.4013
vn 0.5966 0.6105 -0.5209
vn 0.7176 0.4068 -0.5653
vn 0.6493 0.4251 -0.6306
vn 0.7701 0.1615 -0.6172
vn 0.7118 0.0637 -0.6995
vn 0.6326 0.2187 -0.7429
vn 0.3856 -0.1356 -0.9127
vn 0.6311 -0.0274 -0.7752
vn 0.3718 -0.3526 -0.8588
vn 0.6115 -0.1219 -0.7818
vn -0.1023 -0.6633 -0.7413
vn -0.1546 -0.7163 -0.6805
vn 0.3389 -0.4892 -0.8036
vn 0.6543 -0.2614 -0.7096
vn 0.3495 -0.6746 -0.6502
vn 0.7348 -0.3976 -0.5495
vn -0.1896 -0.7793 -0.5973
vn -0.2741 -0.7857 -0.5546
vn 0.3055 -0.7358 -0.6044
vn 0.7699 -0.4251 -0.4760
vn 0.3068 -0.5873 -0.7489
vn 0.2993 -0.2871 -0.9099
vn 0.8165 0.0426 -0.5758
vn 0.8132 -0.2472 -0.5268
vn -0.3641 -0.6577 -0.6594
vn -0.4236 -0.4386 -0.7926
vn -0.4737 -0.7200 -0.5071
vn -0.4753 -0.7439 -0.4698
vn -0.5697 -0.6682 -0.4784
vn -0.5385 -0.5674 -0.6229
vn -0.4876 -0.3995 -0.7763
vn -0.4449 -0.4788 -0.7568
vn -0.3889 -0.5280 -0.7549
vn -0.4612 -0.7332 -0.4997
vn -0.4302 -0.7076 -0.5605
vn -0.3027 -0.6961 -0.6510
vn -0.2911 -0.4579 -0.8400
vn -0.0944 -0.4176 -0.9037
vn -0.1451 -0.6575 -0.7394
vn -0.0168 -0.6161 -0.7875
vn 0.0616 -0.4422 -0.8948
vn 0.1682 -0.4722 -0.8653
vn 0.0269 -0.5440 -0.8387
vn 0.2064 -0.4619 -0.8626
vn 0.1965 -0.3878 -0.9006
vn 0.0086 -0.5065 -0.8622
vn -0.0663 -0.5031 -0.8617
vn 0.1982 -0.3185 -0.9270
vn -0.0985 -0.5825 -0.8069
vn 0.1520 -0.3236 -0.9339
vn -0.1484 -0.6070 -0.7807
vn -0.1829 -0.6482 -0.7392
vn 0.0776 -0.3498 -0.9336
vn 0.0209 -0.4329 -0.9012
vn -0.3098 -0.6995 -0.6440
vn -0.2328 -0.7003 -0.6748
vn -0.0511 -0.5463 -0.8360
vn -0.1183 -0.5965 -0.7938
vn -0.4268 -0.5823 -0.6920
vn -0.1486 -0.5467 -0.8240
vn -0.1068 -0.4451 -0.8891
vn -0.4815 -0.4248 -0.7667
vn -0.2386 0.0482 -0.9699
vn -0.3220 -0.0001 -0.9467
vn 0.0016 0.6444 -0.7647
vn 0.0440 0.6777 -0.7340
vn 0.0609 0.7211 -0.6902
vn -0.1788 0.1072 -0.9780
vn -0.1046 0.2082 -0.9725
vn 0.0273 0.7593 -0.6501
vn 0.0644 0.7235 -0.6873
vn 0.0454 0.1891 -0.9809
vn 0.2732 0.0709 -0.9593
vn 0.3502 0.4931 -0.7964
vn 0.6782 0.5417 -0.4965
vn 0.4887 0.0343 -0.8718
vn 0.5938 0.6544 -0.4681
vn 0.2821 0.6231 -0.7295
vn 0.0777 0.7874 -0.6115
vn 0.3099 0.8026 -0.5097
vn 0.5801 -0.0416 -0.8135
vn 0.7698 0.5228 -0.3662
vn 0.8001 0.4043 -0.4431
vn 0.5797 -0.0535 -0.8131
vn 0.5681 0.0123 -0.8228
vn 0.4931 0.0708 -0.8671
vn 0.7780 0.3595 -0.5152
vn 0.7225 0.4173 -0.5513
vn 0.4251 0.0743 -0.9021
vn 0.4081 -0.0151 -0.9128
vn 0.6942 0.4707 -0.5446
vn 0.7410 0.4507 -0.4979
vn 0.4265 -0.1646 -0.8894
vn 0.8260 0.3666 -0.4282
vn 0.8959 0.2452 -0.3705
vn 0.4559 -0.2967 -0.8391
vn 0.7260 -0.0826 -0.6827
vn 0.8356 0.2413 -0.4934
vn 0.7797 0.2369 -0.5796
vn 0.7048 0.0974 -0.7027
vn 0.7402 -0.1991 -0.6422
vn 0.9028 0.2236 -0.3675
vn 0.7357 0.6613 -0.1464
vn 0.7069 0.6795 -0.1965
vn 0.6615 0.7196 -0.2113
vn 0.7158 0.6490 -0.2577
vn 0.7494 0.6617 -0.0222
vn 0.7174 0.6800 -0.1513
vn 0.6791 -0.2366 -0.6949
vn 0.8842 0.2651 -0.3846
vn 0.5917 -0.2114 -0.7779
vn 0.7813 0.3656 -0.5059
vn 0.7190 0.6942 0.0334
vn 0.6677 0.7329 -0.1303
vn 0.6712 0.7411 0.0142
vn 0.6538 0.7467 -0.1224
vn 0.6841 0.6353 -0.3583
vn 0.7184 0.6076 -0.3387
vn 0.7103 0.6122 -0.3474
vn 0.7106 0.6158 -0.3403
vn 0.6947 0.6072 -0.3857
vn 0.7567 0.5445 -0.3618
vn 0.5767 -0.1730 -0.7984
vn 0.7110 0.4117 -0.5701
vn 0.6844 -0.1850 -0.7053
vn 0.7919 0.3809 -0.4773
vn 0.6988 0.5886 -0.4065
vn 0.6920 0.7131 -0.1120
vn 0.7388 0.6662 -0.1023
vn 0.7169 0.5712 -0.3998
vn 0.7151 0.5392 -0.4449
vn 0.7236 0.5407 -0.4289
vn 0.6576 0.7529 -0.0241
vn 0.6839 0.7294 -0.0167
vn 0.8264 -0.2225 -0.5173
vn 0.9061 0.3301 -0.2646
vn 0.9165 -0.1592 -0.3670
vn 0.9283 0.3663 -0.0640
vn 0.9568 0.0674 -0.2830
vn 0.8921 0.4411 0.0979
vn 0.9359 0.2683 -0.2282
vn 0.8813 0.4264 0.2039
vn 0.7444 0.6651 0.0590
vn 0.7845 0.6154 -0.0762
vn 0.7795 0.6101 0.1421
vn 0.7843 0.6171 -0.0631
vn 0.7406 0.5529 -0.3817
vn 0.7241 0.5253 -0.4470
vn 0.7377 0.5539 -0.3860
vn 0.6977 0.5377 -0.4734
vn 0.7923 0.5726 0.2107
vn 0.7798 0.6236 -0.0546
vn 0.8134 0.4987 0.2995
vn 0.8183 0.5747 0.0056
vn 0.7374 0.5530 -0.3878
vn 0.6964 0.5512 -0.4596
vn 0.7649 0.5402 -0.3509
vn 0.7412 0.5293 -0.4128
vn 0.7906 0.4975 0.3570
vn 0.8134 0.5778 0.0674
vn 0.8557 0.4674 0.2221
vn 0.7511 0.6401 0.1615
vn 0.7072 0.6152 0.3483
vn 0.7345 0.6721 0.0938
vn 0.7553 0.5663 -0.3299
vn 0.7238 0.5323 -0.4391
vn 0.6991 0.6282 -0.3415
vn 0.6555 0.5637 -0.5026
vn 0.7119 0.6220 -0.3259
vn 0.6866 0.5294 -0.4983
vn 0.6899 0.7177 0.0947
vn 0.7435 0.6645 0.0757
vn 0.7664 0.5586 -0.3170
vn 0.7317 0.4971 -0.4664
vn 0.7825 0.5365 -0.3161
vn 0.7782 0.6244 0.0675
vn 0.8076 0.5879 0.0461
vn 0.8069 0.5063 -0.3041
vn 0.7725 0.4648 -0.4327
vn 0.7519 0.4946 -0.4360
vn 0.8274 0.4946 -0.2662
vn 0.7823 0.4340 -0.4467
vn 0.8332 0.5529 0.0075
vn 0.8756 0.4831 0.0003
vn 0.8870 0.4166 -0.1992
vn 0.8600 0.3466 -0.3744
vn 0.6919 0.7048 -0.1568
vn 0.3123 0.8946 -0.3197
vn 0.3788 0.9248 0.0346
vn 0.6839 0.7127 0.1563
vn 0.7562 0.6341 0.1613
vn 0.7513 0.6574 -0.0570
vn 0.6867 0.7258 0.0413
vn 0.6500 0.7411 0.1679
vn 0.6331 0.7663 0.1090
vn 0.7312 0.6782 -0.0743
vn 0.7909 0.5797 -0.1958
vn 0.7084 0.7027 0.0661
vn 0.7415 0.6698 0.0387
vn 0.7791 0.5761 -0.2472
vn 0.7612 0.6183 -0.1957
vn 0.7352 0.6746 0.0656
vn 0.7412 0.6617 0.1135
vn 0.7805 0.6181 -0.0935
vn 0.7584 0.6463 -0.0849
vn 0.7278 0.6858 -0.0065
vn 0.7127 0.4980 -0.4940
vn 0.6931 0.4567 -0.5577
vn 0.6825 0.3448 -0.6445
vn 0.7918 0.5826 -0.1833
vn 0.7206 0.5531 -0.4182
vn 0.5817 0.4020 -0.7071
vn 0.5286 0.4340 -0.7295
vn 0.6765 0.5863 -0.4457
vn 0.8009 0.4628 -0.3799
vn 0.6824 0.3509 -0.6413
vn 0.7162 0.5285 -0.4557
vn 0.5375 0.4535 -0.7109
vn 0.7275 0.5296 -0.4361
vn 0.6411 0.4096 -0.6491
vn 0.7614 0.4889 -0.4257
vn 0.7181 0.3541 -0.5992
vn 0.6626 0.5448 -0.5139
vn 0.5020 0.4439 -0.7422
vn 0.6464 0.5624 -0.5157
vn 0.4599 0.4478 -0.7668
vn 0.7439 0.5014 -0.4418
vn 0.6408 0.3563 -0.6800
vn 0.7399 0.4757 -0.4756
vn 0.6653 0.3225 -0.6734
vn 0.6380 0.5030 -0.5831
vn 0.5341 0.3440 -0.7723
vn 0.6667 0.4543 -0.5909
vn 0.5503 0.2988 -0.7797
vn 0.6744 0.4629 -0.5752
vn 0.5228 0.2948 -0.7998
vn 0.7233 0.4085 -0.5568
vn 0.5955 0.2003 -0.7780
vn 0.6969 0.3520 -0.6249
vn 0.5411 0.1815 -0.8211
vn 0.6591 0.2850 -0.6960
vn 0.5091 0.1336 -0.8503
vn 0.7309 0.2092 -0.6496
vn 0.5464 0.1049 -0.8310
vn 0.4596 0.1187 -0.8802
vn 0.0511 -0.2469 -0.9677
vn 0.0660 -0.2485 -0.9664
vn 0.4974 0.1165 -0.8596
vn 0.7222 0.3730 -0.5826
vn 0.6586 0.3950 -0.6405
vn 0.2625 0.1730 -0.9493
vn -0.1329 -0.2110 -0.9684
vn 0.2647 0.1528 -0.9521
vn -0.1872 -0.1995 -0.9619
vn 0.3507 0.1228 -0.9284
vn -0.1475 -0.1869 -0.9712
vn 0.2111 0.2111 -0.9544
vn -0.2323 -0.1047 -0.9670
vn 0.4213 0.1730 -0.8903
vn 0.0179 -0.1458 -0.9892
vn 0.5736 0.1360 -0.8077
vn 0.2358 -0.1901 -0.9530
vn 0.3116 0.2076 -0.9273
vn 0.0542 -0.1602 -0.9856
vn 0.1843 0.2085 -0.9605
vn -0.1472 -0.1314 -0.9803
vn 0.4009 0.1218 -0.9080
vn 0.0276 -0.2148 -0.9763
vn 0.4546 0.0892 -0.8862
vn 0.0582 -0.2603 -0.9638
vn 0.3177 0.0803 -0.9448
vn -0.0625 -0.2541 -0.9652
vn 0.2790 0.0502 -0.9590
vn -0.1367 -0.2406 -0.9609
vn 0.2635 0.0128 -0.9646
vn -0.1056 -0.2601 -0.9598
vn 0.2948 -0.0264 -0.9552
vn -0.1335 -0.2170 -0.9670
vn 0.2798 -0.0019 -0.9601
vn -0.0929 -0.1900 -0.9774
vn -0.4192 -0.5065 -0.7535
vn -0.5970 -0.7002 -0.3915
vn -0.6795 -0.5901 -0.4359
vn -0.5710 -0.3473 -0.7439
vn -0.2823 -0.0291 -0.9589
vn -0.0413 -0.1823 -0.9824
vn -0.3719 -0.5570 -0.7426
vn -0.5996 -0.7179 -0.3537
vn -0.3960 -0.5659 -0.7231
vn -0.6348 -0.7061 -0.3137
vn -0.5194 -0.5162 -0.6810
vn -0.7083 -0.6406 -0.2965
vn -0.5751 -0.4768 -0.6648
vn -0.7403 -0.6045 -0.2943
vn -0.5435 -0.4749 -0.6921
vn -0.7266 -0.6086 -0.3189
vn -0.5718 -0.4341 -0.6961
vn -0.7213 -0.6145 -0.3195
vn -0.4518 -0.4876 -0.7471
vn -0.6677 -0.6704 -0.3237
vn -0.2988 -0.5592 -0.7733
vn -0.6219 -0.7048 -0.3414
vn -0.3549 -0.5542 -0.7529
vn -0.6617 -0.6655 -0.3454
vn -0.4864 -0.4926 -0.7216
vn -0.6928 -0.6382 -0.3357
vn -0.3991 -0.5432 -0.7387
vn -0.6606 -0.6694 -0.3399
vn -0.4200 -0.5372 -0.7315
vn -0.7238 -0.5966 -0.3466
vn -0.5103 -0.4722 -0.7188
vn -0.7860 -0.5252 -0.3261
vn -0.5467 -0.4286 -0.7193
vn -0.8202 -0.4958 -0.2855
vn -0.5281 -0.4258 -0.7347
vn -0.8404 -0.4739 -0.2629
vn -0.5472 -0.3568 -0.7571
vn -0.8592 -0.4178 -0.2953
vn -0.5186 -0.3256 -0.7906
vn -0.8597 -0.3488 -0.3731
vn 0.2426 -0.3723 -0.8959
vn 0.0835 -0.3827 -0.9201
vn -0.4485 -0.6247 -0.6392
vn -0.3359 -0.6481 -0.6835
vn -0.2605 -0.5936 -0.7614
vn 0.4012 -0.2365 -0.8849
vn -0.5127 -0.0524 -0.8570
vn -0.3356 -0.3399 -0.8785
vn -0.4264 0.2501 -0.8693
vn 0.0546 0.0815 -0.9952
vn -0.1265 0.7238 -0.6783
vn 0.3098 0.8928 -0.3269
vn 0.5100 0.8286 -0.2311
vn 0.3559 0.6643 -0.6573
vn 0.7938 0.5616 -0.2334
vn 0.6957 0.7059 -0.1334
vn 0.7363 0.6608 -0.1457
vn 0.7982 0.5748 -0.1804
vn 0.8285 0.4744 -0.2977
vn 0.7008 0.3201 -0.6375
vn -0.1952 -0.5693 -0.7986
vn 0.1751 -0.2767 -0.9449
vn 0.4866 0.0893 -0.8691
vn 0.7880 0.2058 -0.5803
vn -0.5930 -0.5134 -0.6203
vn -0.6090 -0.5839 -0.5367
vn -0.4922 -0.6717 -0.5536
vn -0.4615 -0.5455 -0.6996
vn -0.3416 -0.3716 -0.8633
vn -0.4214 -0.3257 -0.8464
vn -0.4944 -0.2670 -0.8272
vn -0.6932 -0.4422 -0.5691
vn -0.7007 -0.4829 -0.5253
vn -0.7269 -0.4116 -0.5497
vn -0.7404 -0.4226 -0.5226
vn -0.5240 -0.2221 -0.8222
vn -0.5585 -0.1688 -0.8122
vn -0.7607 -0.3578 -0.5416
vn -0.7855 -0.3356 -0.5200
vn -0.8117 -0.2414 -0.5318
vn -0.8464 -0.2074 -0.4906
vn -0.6000 -0.0743 -0.7966
vn -0.6101 0.0182 -0.7921
vn -0.8284 -0.1251 -0.5459
vn -0.8809 -0.1251 -0.4564
vn -0.7573 -0.1613 -0.6328
vn -0.8358 -0.1863 -0.5165
vn -0.5632 -0.0208 -0.8261
vn -0.4990 -0.1667 -0.8504
vn -0.6369 -0.2721 -0.7213
vn -0.7407 -0.2738 -0.6135
vn -0.9344 -0.0476 -0.3531
vn -0.9530 -0.1973 -0.2298
vn -0.7687 -0.3914 -0.5058
vn -0.7900 -0.2522 -0.5588
vn -0.8291 -0.0921 -0.5514
vn -0.9181 0.3524 -0.1815
vn -0.9551 0.2824 0.0896
vn -0.9709 0.1225 0.2057
vn -0.6654 -0.1883 -0.7223
vn -0.5128 -0.1642 -0.8427
vn -0.6536 0.3404 -0.6760
vn -0.8260 0.3128 -0.4690
vn -0.4021 -0.5381 -0.7408
vn -0.2690 -0.3415 -0.9006
vn -0.5398 -0.5035 -0.6746
vn -0.5880 -0.5749 -0.5691
vn 0.0706 -0.2837 -0.9563
vn 0.0080 -0.1010 -0.9949
vn -0.5685 -0.5124 -0.6437
vn -0.5845 -0.4878 -0.6484
vn -0.5205 -0.4268 -0.7395
vn -0.5045 -0.3917 -0.7694
vn 0.2030 0.8985 -0.3892
vn 0.1826 0.8945 -0.4080
vn 0.1561 0.9340 -0.3215
vn 0.1825 0.9113 -0.3691
vn 0.1523 0.8883 -0.4332
vn 0.1486 0.9117 -0.3831
vn 0.0444 0.9089 -0.4146
vn 0.0906 0.8685 -0.4874
vn 0.0758 0.9295 -0.3610
vn -0.0524 0.8872 -0.4583
vn -0.0353 0.8906 -0.4534
vn 0.0714 0.9808 -0.1814
vn -0.3320 0.0422 -0.9423
vn 0.0254 0.7115 -0.7022
vn -0.3329 0.1796 -0.9257
vn 0.1852 0.8140 -0.5506
vn -0.2189 -0.0540 -0.9743
vn -0.0297 0.1040 -0.9941
vn 0.0524 0.2859 -0.9568
vn -0.3730 -0.0891 -0.9236
vn -0.0694 0.0232 -0.9973
vn -0.0167 0.0695 -0.9974
vn -0.3942 0.0622 -0.9169
vn 0.0364 0.6055 -0.7950
vn 0.1065 0.9076 -0.4061
vn 0.2353 0.9154 -0.3266
vn 0.1813 0.7100 -0.6805
vn 0.1773 0.7490 -0.6384
vn 0.0945 0.0167 -0.9954
vn 0.1833 0.0006 -0.9831
vn 0.2486 -0.0546 -0.9671
vn 0.1949 0.6339 -0.7484
vn 0.2924 0.7540 -0.5882
vn 0.3381 0.7308 -0.5930
vn 0.1464 -0.0006 -0.9892
vn 0.1161 0.0386 -0.9925
vn 0.2618 0.5653 -0.7822
vn 0.0581 -0.2008 -0.9779
vn 0.1690 0.1977 -0.9656
vn -0.1057 -0.4831 -0.8692
vn 0.0519 -0.1704 -0.9840
vn -0.1419 -0.6546 -0.7425
vn 0.0468 -0.2047 -0.9777
vn -0.2206 -0.5648 -0.7952
vn 0.1039 -0.1353 -0.9853
vn -0.1651 -0.4389 -0.8832
vn 0.0926 -0.0125 -0.9956
vn -0.0793 -0.2829 -0.9559
vn -0.2259 -0.6353 -0.7384
vn -0.1570 -0.2352 -0.9592
vn -0.0520 -0.3854 -0.9213
vn -0.1860 -0.7174 -0.6714
vn -0.2527 -0.3653 -0.8959
vn -0.2141 0.0048 -0.9768
vn -0.1166 -0.7035 -0.7011
vn 0.0551 -0.4517 -0.8905
vn 0.1324 -0.4657 -0.8750
vn -0.0546 -0.6498 -0.7581
vn -0.0339 -0.5789 -0.8147
vn 0.1476 -0.4348 -0.8883
vn 0.1072 -0.3939 -0.9129
vn 0.0332 -0.5419 -0.8398
vn 0.1124 -0.4320 -0.8948
vn 0.1281 -0.5080 -0.8518
vn 0.2171 -0.5607 -0.7990
vn 0.1735 -0.5284 -0.8311
vn -0.0657 -0.0735 -0.9951
vn -0.1627 -0.1525 -0.9748
vn -0.1834 -0.2003 -0.9624
vn -0.1016 -0.2027 -0.9740
vn -0.1191 -0.0477 -0.9917
vn -0.2082 -0.1301 -0.9694
vn -0.2512 -0.2095 -0.9450
vn -0.2235 -0.2929 -0.9297
vn -0.1086 -0.1816 -0.9774
vn -0.1525 -0.1676 -0.9740
vn -0.1991 -0.0903 -0.9758
vn -0.2760 -0.1219 -0.9534
vn -0.0936 -0.0992 -0.9907
vn 0.0104 -0.0175 -0.9998
vn 0.0243 0.0335 -0.9991
vn -0.1126 -0.0915 -0.9894
vn -0.1053 -0.0458 -0.9934
vn 0.0136 0.0497 -0.9987
vn -0.0289 -0.0621 -0.9977
vn 0.0395 0.0117 -0.9992
vn -0.0712 -0.0076 -0.9974
vn -0.1106 -0.0083 -0.9938
vn 0.0103 -0.0115 -0.9999
vn -0.0872 0.0311 -0.9957
vn -0.2061 -0.0567 -0.9769
vn -0.2947 -0.0522 -0.9542
vn -0.1965 -0.0056 -0.9805
vn -0.1684 0.0907 -0.9815
vn -0.3195 0.0106 -0.9475
vn -0.2040 -0.0387 -0.9782
vn -0.2099 0.0256 -0.9774
vn -0.1430 0.0827 -0.9863
vn -0.0725 0.0452 -0.9963
vn -0.0576 0.0613 -0.9965
vn -0.0305 0.1514 -0.9880
vn 0.2927 -0.0029 -0.9562
vn 0.5649 0.0369 -0.8243
vn 0.5437 0.2527 -0.8003
vn 0.2241 0.1594 -0.9614
vn -0.3518 0.0922 -0.9315
vn -0.1890 0.1787 -0.9656
vn -0.1859 0.2603 -0.9475
vn -0.3763 0.1715 -0.9105
vn -0.0333 0.1587 -0.9868
vn 0.1995 0.2362 -0.9510
vn -0.0172 0.2128 -0.9769
vn -0.1369 0.1641 -0.9769
vn -0.0654 0.2353 -0.9697
vn 0.0169 0.3054 -0.9521
vn -0.3569 0.1525 -0.9216
vn -0.0862 0.2787 -0.9565
vn -0.0057 0.1988 -0.9800
vn -0.3277 0.0131 -0.9447
vn 0.7443 0.0918 -0.6616
vn 0.8314 0.1609 -0.5319
vn 0.7934 0.2340 -0.5619
vn 0.7127 0.3067 -0.6308
vn 0.3667 0.2576 -0.8940
vn 0.4640 0.1171 -0.8781
vn 0.3005 0.1491 -0.9420
vn 0.1398 0.2342 -0.9621
vn 0.1789 0.3379 -0.9240
vn 0.3251 0.2870 -0.9011
vn -0.3058 0.3047 -0.9020
vn -0.3188 -0.0749 -0.9449
vn 0.1433 0.0874 -0.9858
vn 0.2565 0.2912 -0.9216
vn 0.8464 0.3312 -0.4169
vn 0.7752 0.5238 -0.3532
vn 0.6593 0.3336 -0.6738
vn 0.7612 0.2054 -0.6151
vn 0.5546 0.1627 -0.8161
vn 0.6493 0.3654 -0.6670
vn 0.5018 0.0274 -0.8645
vn 0.5494 0.2776 -0.7881
vn 0.4587 -0.0046 -0.8886
vn 0.4032 0.2019 -0.8925
vn 0.4163 0.1549 -0.8959
vn 0.7076 0.3945 -0.5862
vn 0.1509 0.2860 -0.9463
vn 0.5383 0.4833 -0.6904
vn 0.6928 0.3574 -0.6263
vn 0.7717 0.3258 -0.5462
vn 0.7807 0.5501 -0.2965
vn 0.6531 0.5843 -0.4817
vn 0.7852 0.5245 -0.3292
vn 0.7948 0.5424 -0.2723
vn 0.7400 0.5693 -0.3583
vn 0.7966 0.5951 -0.1061
vn 0.7888 0.6089 -0.0837
vn 0.7524 0.6227 -0.2148
vn 0.7348 0.5962 -0.3236
vn 0.7118 0.6144 -0.3405
vn 0.6947 0.6704 -0.2608
vn 0.7473 0.6117 -0.2597
vn 0.7725 0.6166 -0.1518
vn 0.7915 0.6108 -0.0207
vn 0.7948 0.6067 0.0144
vn 0.7338 0.5549 -0.3919
vn 0.3194 0.6038 -0.7303
vn 0.5606 -0.1109 -0.8206
vn 0.9396 0.1337 -0.3150
vn 0.4911 0.7514 -0.4407
vn 0.9343 -0.3332 -0.1270
vn 0.5191 -0.5856 -0.6226
vn 0.6001 -0.4446 -0.6650
vn 0.9892 -0.0410 -0.1410
vn 0.8246 0.5622 -0.0625
vn 0.2046 0.3180 -0.9258
vn 0.6888 0.1517 -0.7089
vn 0.5111 0.8386 -0.1887
vn 0.2207 0.2549 -0.9415
vn 0.2702 0.1631 -0.9489
vn 0.4914 0.7155 -0.4965
vn 0.5062 0.7731 -0.3822
vn 0.3236 0.0943 -0.9415
vn 0.3241 0.0836 -0.9423
vn 0.4512 0.6800 -0.5779
vn 0.4727 0.6844 -0.5551
vn 0.2703 0.0953 -0.9580
vn 0.4270 0.6749 -0.6018
vn 0.1614 0.1246 -0.9790
vn 0.3691 0.6662 -0.6481
vn 0.0086 0.1908 -0.9816
vn 0.2521 0.6790 -0.6895
vn -0.0999 0.3625 -0.9266
vn 0.1906 0.8101 -0.5545
vn 0.4265 0.8984 -0.1051
vn 0.5145 0.8571 0.0251
vn 0.4635 0.8822 -0.0830
vn 0.4258 0.8839 -0.1935
vn 0.4343 0.9002 -0.0317
vn 0.4707 0.8766 0.1003
vn 0.4066 0.9004 0.1547
vn 0.3945 0.9187 -0.0180
vn 0.4059 0.9138 0.0152
vn 0.4073 0.8878 0.2142
vn 0.4718 0.8278 0.3035
vn 0.4476 0.8918 0.0664
vn 0.5882 0.7723 0.2399
vn 0.5212 0.8408 0.1463
vn 0.5325 0.7456 0.4006
vn 0.5690 0.6888 0.4493
vn 0.6287 0.6340 0.4503
vn 0.7560 0.5277 0.3872
vn 0.9449 0.1603 0.2854
vn 0.7477 0.5883 0.3080
vn 0.9891 0.0188 0.1459
vn 0.9050 0.4253 -0.0083
vn 0.8093 0.4967 0.3136
vn 0.7396 0.5937 0.3170
vn 0.5914 0.8052 -0.0431
vn 0.6834 0.6459 0.3402
vn 0.5780 0.7087 0.4045
vn 0.3233 0.9445 0.0585
vn 0.2816 0.9312 0.2315
vn 0.4592 0.7397 0.4919
vn 0.4666 0.7211 0.5121
vn 0.4512 0.7958 0.4038
vn 0.5953 0.6689 0.4451
vn 0.5225 0.7080 0.4751
vn 0.5513 0.7434 0.3787
vn 0.6699 0.6486 0.3613
vn 0.6052 0.7726 0.1919
vn 0.4539 0.8808 0.1350
vn 0.3848 0.8494 -0.3613
vn 0.6276 0.7786 -0.0019
vn 0.7085 0.7056 -0.0159
vn 0.6661 0.5473 -0.5067
vn 0.3569 0.0519 -0.9327
vn 0.0084 0.2849 -0.9585
vn -0.3254 0.0250 -0.9453
vn -0.3153 0.1236 -0.9409
vn 0.1767 0.3200 -0.9308
vn 0.0590 0.0852 -0.9946
vn 0.1262 0.1155 -0.9853
vn 0.5354 0.4277 -0.7283
vn 0.0097 0.6259 -0.7798
vn 0.6199 0.3835 -0.6846
vn 0.7637 0.4294 -0.4820
vn 0.6569 0.3713 -0.6562
vn 0.6244 0.4017 -0.6699
vn 0.6719 0.5827 -0.4571
vn 0.6214 0.5045 -0.5995
vn 0.6124 0.3170 -0.7242
vn 0.6030 0.2177 -0.7675
vn 0.6541 0.1686 -0.7374
vn 0.6134 0.3271 -0.7189
vn 0.5494 0.1636 -0.8194
vn 0.5923 0.0535 -0.8040
vn 0.5958 -0.0779 -0.7993
vn 0.5149 -0.2640 -0.8156
vn 0.5636 -0.3419 -0.7520
vn 0.4488 -0.1703 -0.8773
vn 0.4368 -0.6000 -0.6702
vn 0.5103 -0.4908 -0.7062
vn 0.6210 -0.3686 -0.6917
vn 0.8199 0.5725 0.0076
vn 0.7799 0.6103 0.1389
vn 0.8289 0.5387 0.1504
vn 0.8585 0.5085 0.0663
vn 0.8442 0.4307 -0.3192
vn 0.8868 0.2300 -0.4008
vn 0.9350 0.1024 -0.3395
vn 0.8544 0.4786 0.2026
vn 0.9651 0.0938 -0.2444
vn 0.8482 0.4502 0.2790
vn 0.4870 -0.3183 -0.8133
vn 0.9269 0.1709 -0.3342
vn 0.9295 0.2778 -0.2426
vn 0.5082 -0.2174 -0.8334
vn 0.8903 0.4430 0.1051
vn 0.8742 0.4471 0.1895
vn 0.8253 0.4697 0.3135
vn 0.8506 0.4389 0.2895
vn 0.8314 0.4951 0.2522
vn 0.8219 0.5115 0.2507
vn 0.9572 0.1049 -0.2699
vn 0.7062 -0.2809 -0.6499
vn 0.7025 -0.0723 -0.7080
vn 0.9111 0.2162 -0.3509
vn 0.6819 0.1970 -0.7044
vn 0.3148 -0.2383 -0.9188
vn 0.4115 -0.1997 -0.8893
vn 0.8022 0.2868 -0.5237
vn -0.1595 -0.2981 -0.9411
vn -0.1128 0.2169 -0.9697
vn 0.0452 0.2904 -0.9558
vn 0.1320 -0.0076 -0.9912
vn 0.1626 -0.0626 -0.9847
vn -0.1792 -0.3977 -0.8999
vn -0.2571 -0.5218 -0.8134
vn -0.1972 -0.4148 -0.8883
vn -0.1153 -0.5513 -0.8263
vn -0.1782 -0.5127 -0.8399
vn 0.6595 0.5237 -0.5392
vn 0.2131 -0.0677 -0.9747
vn -0.0251 0.0054 -0.9997
vn 0.5165 0.5301 -0.6725
vn -0.3686 -0.4931 -0.7881
vn -0.4462 -0.4391 -0.7798
vn -0.3845 -0.4246 -0.8197
vn -0.4320 -0.4082 -0.8042
vn -0.2478 -0.2750 -0.9290
vn -0.2587 -0.2350 -0.9369
vn 0.1500 0.0458 -0.9876
vn 0.1438 0.0801 -0.9864
vn 0.5089 0.3304 -0.7949
vn 0.0456 -0.1104 -0.9928
vn 0.1245 -0.1209 -0.9848
vn 0.4922 0.2261 -0.8406
vn -0.4140 -0.5250 -0.7437
vn -0.3807 -0.5502 -0.7432
vn -0.4530 -0.5270 -0.7190
vn -0.4148 -0.6144 -0.6712
vn -0.2176 -0.3407 -0.9146
vn -0.0972 -0.4555 -0.8849
vn 0.2324 -0.0208 -0.9724
vn 0.3421 -0.1501 -0.9276
vn 0.3730 0.3079 -0.8753
vn 0.1077 0.5446 -0.8317
vn 0.1369 0.6812 -0.7191
vn 0.4430 0.5418 -0.7142
vn 0.6640 0.3546 -0.6583
vn 0.5097 0.2313 -0.8287
vn 0.5006 0.3337 -0.7988
vn 0.6721 0.4191 -0.6105
vn 0.6291 0.5296 -0.5690
vn 0.4635 0.3629 -0.8084
vn 0.5229 0.2540 -0.8137
vn 0.6710 0.4803 -0.5649
vn 0.7280 0.3195 -0.6066
vn 0.5655 0.0860 -0.8202
vn 0.5318 0.0120 -0.8468
vn 0.3176 -0.2023 -0.9264
vn 0.7195 0.2249 -0.6570
vn 0.6940 0.1974 -0.6924
vn 0.4827 -0.0130 -0.8757
vn 0.2681 -0.2152 -0.9390
vn 0.8477 0.4393 -0.2973
vn 0.8190 0.5136 -0.2557
vn 0.8520 0.5234 0.0141
vn 0.8610 0.5062 0.0495
vn 0.8665 0.4914 0.0880
vn 0.8456 0.3999 -0.3536
vn 0.1621 0.3149 -0.9352
vn -0.6043 -0.1378 -0.7848
vn -0.5554 -0.4596 -0.6930
vn -0.1207 -0.1370 -0.9832
vn -0.1466 0.0702 -0.9867
vn 0.1494 0.0283 -0.9884
vn 0.3051 0.3977 -0.8653
vn 0.2846 0.0863 -0.9548
vn 0.1859 0.2428 -0.9521
vn 0.1782 0.4863 -0.8554
vn -0.0174 0.5805 -0.8141
vn 0.0711 0.6397 -0.7653
vn 0.1866 0.7251 -0.6629
vn 0.1312 0.6333 -0.7627
vn 0.0824 0.1158 -0.9898
vn 0.0360 0.1517 -0.9878
vn 0.4498 0.6961 -0.5596
vn 0.2945 0.2720 -0.9161
vn 0.6380 0.1732 -0.7503
vn 0.7178 0.4873 -0.4973
vn 0.7770 0.4547 -0.4353
vn 0.7570 0.1963 -0.6233
vn 0.8080 0.2759 -0.5206
vn 0.7432 0.5561 -0.3720
vn 0.7572 0.5841 -0.2923
vn 0.8347 0.5200 -0.1814
vn -0.1374 -0.4236 -0.8954
vn -0.2829 -0.5231 -0.8039
vn -0.0827 -0.3615 -0.9287
vn -0.0039 -0.4062 -0.9138
vn 0.0918 -0.2926 -0.9518
vn 0.0147 -0.3371 -0.9414
vn 0.1441 -0.3161 -0.9377
vn 0.1180 -0.2926 -0.9489
vn -0.0216 -0.4594 -0.8880
vn 0.0873 -0.3139 -0.9454
vn 0.1594 -0.0236 -0.9869
vn 0.1561 -0.1275 -0.9795
vn 0.2325 -0.1420 -0.9622
vn 0.3333 0.0383 -0.9420
vn 0.0082 -0.0540 -0.9985
vn -0.0253 -0.2516 -0.9675
vn -0.0693 -0.4550 -0.8878
vn -0.1887 -0.5552 -0.8100
vn -0.1926 -0.5975 -0.7784
vn -0.1583 -0.5579 -0.8147
vn -0.0342 -0.2361 -0.9711
vn -0.1266 -0.2812 -0.9513
vn -0.0038 0.0089 -1.0000
vn 0.1231 0.0772 -0.9894
vn -0.0334 -0.5108 -0.8590
vn -0.0505 -0.6137 -0.7879
vn 0.1911 -0.6073 -0.7712
vn 0.2778 -0.4856 -0.8288
vn 0.1470 -0.2310 -0.9618
vn 0.2640 0.0849 -0.9608
vn 0.4035 -0.0502 -0.9136
vn 0.3452 -0.3044 -0.8878
vn 0.4748 -0.3931 -0.7874
vn 0.3016 -0.6471 -0.7002
vn 0.2526 -0.5654 -0.7852
vn 0.4808 -0.3346 -0.8105
vn 0.3761 -0.5172 -0.7688
vn 0.4399 -0.3123 -0.8420
vn 0.3022 -0.4641 -0.8326
vn 0.2445 -0.5741 -0.7814
vn -0.4643 0.4337 -0.7722
vn -0.6718 0.2394 -0.7010
vn -0.8634 0.2171 -0.4554
vn -0.7879 0.4519 -0.4183
vn -0.7805 0.4723 -0.4095
vn -0.4228 0.4400 -0.7922
vn -0.3554 0.4469 -0.8210
vn -0.3748 0.4418 -0.8151
vn -0.5452 0.1894 -0.8166
vn -0.5810 0.3446 -0.7373
vn -0.4944 0.4240 -0.7588
vn -0.2088 0.4813 -0.8513
vn -0.3295 0.3566 -0.8742
vn -0.5918 -0.2246 -0.7741
vn -0.7290 -0.1534 -0.6671
vn -0.8652 -0.1494 -0.4786
vn -0.8382 0.3066 -0.4510
vn -0.8043 0.4129 -0.4273
vn -0.6598 0.0237 -0.7511
vn -0.7261 -0.3061 -0.6157
vn -0.5999 -0.4057 -0.6895
vn -0.4557 0.0351 -0.8894
vn -0.8764 0.0557 -0.4784
vn -0.8446 -0.2690 -0.4629
vn -0.7594 -0.1422 -0.6349
vn -0.8727 -0.1293 -0.4708
vn -0.6386 -0.2808 -0.7164
vn -0.2666 0.2734 -0.9242
vn -0.5856 -0.2749 -0.7625
vn -0.1427 0.4681 -0.8721
vn -0.2058 0.2991 -0.9318
vn -0.3041 0.1602 -0.9391
vn -0.5887 -0.2512 -0.7683
vn -0.4284 0.0905 -0.8990
vn -0.6187 -0.4180 -0.6652
vn -0.6381 -0.3022 -0.7082
vn -0.4252 0.0660 -0.9027
vn -0.6225 -0.4482 -0.6416
vn -0.4965 0.0104 -0.8680
vn -0.4444 -0.0760 -0.8926
vn -0.6468 -0.4070 -0.6449
vn -0.2914 0.1258 -0.9483
vn -0.5686 -0.3019 -0.7652
vn -0.1685 0.2752 -0.9465
vn -0.1797 0.2199 -0.9588
vn -0.3272 0.0028 -0.9450
vn -0.5652 -0.4055 -0.7184
vn -0.4187 -0.5082 -0.7526
vn -0.0526 -0.1316 -0.9899
vn -0.6345 -0.5832 -0.5072
vn -0.6789 -0.5606 -0.4741
vn -0.4907 -0.4428 -0.7504
vn 0.0021 0.0301 -0.9995
vn -0.3839 -0.1802 -0.9056
vn -0.5641 -0.5114 -0.6483
vn -0.1803 0.1211 -0.9761
vn -0.1310 0.0761 -0.9885
vn -0.4669 -0.3346 -0.8186
vn -0.5816 -0.5838 -0.5665
vn -0.4048 0.0140 -0.9143
vn -0.6196 -0.3076 -0.7221
vn -0.5301 -0.1863 -0.8272
vn -0.3716 0.0530 -0.9269
vn -0.2293 0.1196 -0.9660
vn -0.2127 0.0759 -0.9742
vn -0.5974 -0.3371 -0.7277
vn -0.3098 -0.0672 -0.9484
vn -0.0500 0.0946 -0.9943
vn -0.4179 -0.1660 -0.8932
vn -0.0908 0.0917 -0.9916
vn 0.1880 0.2033 -0.9609
vn 0.2904 0.3121 -0.9046
vn 0.1660 0.2816 -0.9451
vn -0.5245 -0.4595 -0.7168
vn -0.0791 0.0071 -0.9968
vn -0.6450 -0.5748 -0.5035
vn -0.2752 0.3936 -0.8771
vn -0.2605 0.4230 -0.8679
vn 0.0178 0.3398 -0.9403
vn -0.1083 0.3079 -0.9452
vn 0.1342 0.2815 -0.9501
vn 0.4736 0.3582 -0.8046
vn 0.6341 0.4173 -0.6510
vn 0.3524 0.3172 -0.8805
vn 0.7344 0.2939 -0.6118
vn 0.6643 0.4671 -0.5835
vn 0.4231 0.2125 -0.8808
vn 0.6455 0.0745 -0.7602
vn 0.6369 0.2432 -0.7316
vn 0.4340 0.4459 -0.7828
vn 0.3290 0.4029 -0.8540
vn 0.4095 0.4344 -0.8023
vn 0.3604 0.4448 -0.8199
vn 0.3329 0.3991 -0.8543
vn 0.4786 0.3573 -0.8020
vn 0.5596 0.4601 -0.6894
vn 0.1847 -0.1726 -0.9675
vn 0.1140 -0.0173 -0.9933
vn 0.1675 0.2059 -0.9641
vn 0.3504 0.0765 -0.9335
vn 0.4242 0.4661 -0.7764
vn 0.2260 0.4067 -0.8852
vn 0.1104 0.3925 -0.9131
vn 0.2497 0.4246 -0.8703
vn 0.1745 0.2354 -0.9561
vn 0.1692 0.3518 -0.9206
vn 0.0796 0.3540 -0.9319
vn 0.1481 0.3998 -0.9046
vn -0.6297 -0.7766 -0.0181
vn -0.5666 -0.7735 0.2841
vn -0.5517 -0.8084 0.2051
vn -0.6470 -0.7576 -0.0856
vn -0.6562 -0.7541 0.0273
vn -0.6195 -0.7152 0.3236
vn -0.7120 -0.7010 0.0397
vn -0.6926 -0.6436 0.3256
vn -0.7582 -0.6517 0.0198
vn -0.7191 -0.6206 0.3126
vn -0.7643 -0.6444 0.0238
vn -0.7561 -0.6540 0.0238
vn -0.7023 -0.6421 0.3073
vn -0.7101 -0.6340 0.3062
vn -0.7455 -0.6655 0.0358
vn -0.7010 -0.6438 0.3068
vn -0.7215 -0.6911 0.0423
vn -0.7067 -0.6422 0.2968
vn -0.7141 -0.6992 0.0359
vn -0.7000 -0.6517 0.2922
vn -0.7418 -0.6692 0.0435
vn -0.7066 -0.6383 0.3053
vn -0.7534 -0.6549 0.0597
vn -0.7269 -0.6056 0.3239
vn -0.7760 -0.6281 0.0572
vn -0.7695 -0.5459 0.3315
vn -0.8325 -0.5506 0.0624
vn -0.7920 -0.4881 0.3669
vn -0.8583 -0.4991 0.1192
vn -0.8063 -0.4249 0.4115
vn -0.8731 -0.4525 0.1815
vn -0.8457 -0.3621 0.3921
vn -0.8915 -0.4098 0.1932
vn -0.8982 -0.3334 0.2866
vn -0.9168 -0.3690 0.1529
vn -0.9473 -0.3021 0.1066
vn -0.9298 -0.2876 0.2298
vn -0.9133 -0.3250 0.2455
vn -0.8262 -0.3369 0.4516
vn -0.8548 -0.2160 0.4718
vn -0.9342 -0.2655 0.2383
vn -0.9272 -0.3216 0.1919
vn -0.9339 -0.2910 0.2076
vn -0.8115 -0.3229 0.4870
vn -0.5423 -0.7737 0.3275
vn -0.6371 -0.7277 0.2542
vn -0.6988 -0.7138 0.0453
vn -0.6171 -0.7656 0.1816
vn -0.5432 -0.8107 0.2186
vn -0.4909 -0.8025 0.3390
vn -0.7161 -0.6548 0.2418
vn -0.7433 -0.6238 0.2417
vn -0.7758 -0.6272 -0.0689
vn -0.7553 -0.6542 -0.0404
vn -0.7392 -0.6346 0.2256
vn -0.7324 -0.6514 0.1983
vn -0.7580 -0.6473 -0.0803
vn -0.7781 -0.6240 -0.0714
vn -0.7381 -0.6512 0.1765
vn -0.7317 -0.6591 0.1736
vn -0.7066 -0.7067 -0.0352
vn -0.7367 -0.6725 -0.0713
vn -0.7044 -0.6822 0.1961
vn -0.7001 -0.6804 0.2166
vn -0.6834 -0.7294 0.0324
vn -0.6798 -0.7334 0.0068
vn -0.7228 -0.6512 0.2315
vn -0.7520 -0.6128 0.2428
vn -0.7485 -0.6632 -0.0018
vn -0.7167 -0.6967 0.0302
vn -0.7653 -0.5946 0.2466
vn -0.7616 -0.6448 -0.0644
vn -0.7980 -0.5697 0.1967
vn -0.7439 -0.6611 -0.0979
vn -0.8687 -0.4498 0.2073
vn -0.6942 -0.6971 0.1793
vn -0.7084 -0.7058 -0.0018
vn -0.8471 -0.5014 0.1761
vn -0.8721 -0.3609 0.3303
vn -0.6651 -0.6628 0.3440
vn -0.7908 -0.3032 0.5317
vn -0.5771 -0.6778 0.4556
vn -0.6706 -0.7393 -0.0612
vn -0.5837 -0.8072 -0.0876
vn -0.7356 -0.6705 -0.0961
vn -0.7125 -0.6421 -0.2829
vn -0.6448 -0.7162 -0.2669
vn -0.5619 -0.7810 -0.2727
vn -0.7689 -0.6203 -0.1551
vn -0.7697 -0.6028 -0.2102
vn -0.7312 -0.5540 -0.3981
vn -0.7441 -0.5747 -0.3407
vn -0.7572 -0.6143 -0.2220
vn -0.7314 -0.6478 -0.2130
vn -0.6810 -0.6148 -0.3978
vn -0.6997 -0.5850 -0.4102
vn -0.6891 -0.6966 -0.2000
vn -0.6449 -0.7450 -0.1707
vn -0.5863 -0.7249 -0.3615
vn -0.6492 -0.6522 -0.3914
vn -0.4753 -0.6747 -0.5647
vn -0.5733 -0.5896 -0.5689
vn -0.2085 -0.4453 -0.8708
vn -0.1822 -0.5270 -0.8301
vn -0.2502 -0.6042 -0.7565
vn -0.4457 -0.7371 -0.5080
vn -0.6066 -0.4719 -0.6397
vn -0.2403 -0.3196 -0.9166
vn -0.2394 -0.3409 -0.9091
vn -0.6181 -0.5001 -0.6065
vn -0.5385 -0.6012 -0.5904
vn -0.2173 -0.5397 -0.8133
vn -0.2337 -0.4185 -0.8776
vn -0.5590 -0.5246 -0.6421
vn -0.5330 -0.5231 -0.6651
vn -0.5543 -0.5875 -0.5896
vn -0.6784 -0.6211 -0.3925
vn -0.7142 -0.5571 -0.4237
vn -0.3692 -0.4800 -0.7958
vn -0.4296 -0.5138 -0.7426
vn -0.5125 -0.4893 -0.7057
vn -0.6624 -0.5583 -0.4995
vn -0.7083 -0.5772 -0.4064
vn -0.7131 -0.4754 -0.5152
vn -0.7668 -0.4751 -0.4317
vn -0.4858 -0.4331 -0.7593
vn -0.4256 -0.3139 -0.8487
vn -0.7170 -0.3749 -0.5876
vn -0.8093 -0.3796 -0.4483
vn -0.6955 -0.3343 -0.6360
vn -0.8255 -0.3295 -0.4582
vn -0.3804 -0.2834 -0.8803
vn -0.2621 -0.3076 -0.9147
vn -0.5488 -0.3692 -0.7500
vn -0.8012 -0.4048 -0.4406
vn -0.3522 -0.5211 -0.7774
vn -0.6880 -0.6087 -0.3952
vn -0.1144 -0.4276 -0.8967
vn 0.0150 -0.5286 -0.8488
vn -0.1804 -0.6540 -0.7347
vn -0.5255 -0.7873 -0.3225
vn -0.0882 -0.7354 -0.6719
vn -0.3869 -0.8847 -0.2601
vn 0.0627 -0.5837 -0.8095
vn 0.0492 -0.6405 -0.7664
vn -0.0700 -0.8010 -0.5946
vn -0.3072 -0.9300 -0.2018
vn -0.1059 -0.8585 -0.5018
vn -0.2978 -0.9426 -0.1509
vn 0.0182 -0.7004 -0.7135
vn 0.0014 -0.7214 -0.6926
vn -0.1603 -0.8655 -0.4746
vn -0.3422 -0.9217 -0.1827
vn -0.2064 -0.7988 -0.5651
vn -0.4233 -0.8710 -0.2495
vn -0.3804 -0.8953 -0.2319
vn -0.1852 -0.8393 -0.5112
vn -0.0022 -0.7066 -0.7076
vn -0.0284 -0.6788 -0.7338
vn -0.2316 -0.7726 -0.5911
vn -0.4585 -0.8490 -0.2625
vn -0.0792 -0.6638 -0.7437
vn -0.0955 -0.6762 -0.7305
vn -0.2268 -0.7871 -0.5736
vn -0.4385 -0.8631 -0.2506
vn -0.1549 -0.8378 -0.5236
vn -0.0165 -0.8806 -0.4735
vn -0.2332 -0.9629 -0.1355
vn -0.3629 -0.9093 -0.2034
vn -0.0177 -0.7280 -0.6854
vn 0.1320 -0.7597 -0.6367
vn 0.0844 -0.8943 -0.4394
vn -0.1177 -0.9880 -0.0999
vn 0.2482 -0.7349 -0.6311
vn 0.2842 -0.6887 -0.6670
vn 0.0679 -0.9046 -0.4209
vn -0.1290 -0.9860 -0.1061
vn -0.2328 -0.3747 -0.8975
vn -0.3261 -0.4231 -0.8454
vn -0.2401 -0.4344 -0.8681
vn -0.1542 -0.3886 -0.9084
vn -0.1639 -0.2492 -0.9545
vn -0.0774 -0.2764 -0.9579
vn 0.0276 -0.1913 -0.9811
vn -0.0231 -0.1873 -0.9820
vn -0.0007 -0.3042 -0.9526
vn 0.0486 -0.2034 -0.9779
vn 0.0278 -0.2086 -0.9776
vn -0.1239 -0.2094 -0.9699
vn -0.0843 -0.2536 -0.9636
vn 0.0912 -0.2918 -0.9521
vn 0.1171 -0.2844 -0.9515
vn 0.0973 -0.3665 -0.9253
vn 0.1500 -0.3812 -0.9122
vn -0.0058 -0.3714 -0.9285
vn 0.0749 -0.4785 -0.8749
vn 0.0912 -0.5285 -0.8440
vn 0.1296 -0.4542 -0.8814
vn 0.1052 -0.4843 -0.8686
vn 0.0756 -0.5557 -0.8279
vn 0.1142 -0.5991 -0.7925
vn 0.0793 -0.5863 -0.8062
vn 0.1336 -0.5064 -0.8519
vn 0.1661 -0.5288 -0.8323
vn 0.1353 -0.5784 -0.8044
vn 0.1915 -0.5466 -0.8152
vn 0.1870 -0.5218 -0.8323
vn 0.1148 -0.5405 -0.8335
vn 0.0773 -0.5131 -0.8548
vn 0.1767 -0.4678 -0.8660
vn 0.1721 -0.4135 -0.8941
vn 0.0639 -0.5060 -0.8602
vn 0.1237 -0.5486 -0.8269
vn 0.1937 -0.4031 -0.8944
vn 0.2794 -0.4938 -0.8235
vn 0.2599 -0.6203 -0.7400
vn -0.3228 -0.5644 -0.7598
vn -0.4761 -0.5463 -0.6891
vn -0.6034 -0.7827 -0.1525
vn -0.3753 -0.7273 -0.5746
vn -0.1908 -0.4838 -0.8541
vn -0.3070 -0.4569 -0.8348
vn -0.3325 -0.4710 -0.8171
vn -0.3432 -0.4532 -0.8227
vn -0.3163 -0.4649 -0.8269
vn -0.0838 -0.4029 -0.9114
vn 0.5293 0.8308 -0.1722
vn 0.6400 0.7683 -0.0098
vn 0.4719 0.8636 -0.1774
vn 0.5823 0.8111 0.0550
vn 0.5667 0.8126 -0.1362
vn 0.5231 0.8303 -0.1924
vn 0.5062 0.6457 -0.5717
vn 0.6791 0.6407 -0.3584
vn 0.6424 0.7481 -0.1664
vn 0.4363 0.8806 -0.1847
vn 0.7503 0.6605 -0.0297
vn 0.7711 0.6187 0.1505
vn 0.7140 0.6941 0.0915
vn 0.6283 0.7459 -0.2210
vn 0.6627 0.7297 0.1681
vn 0.6425 0.7168 0.2709
vn 0.5956 0.7771 0.2033
vn 0.5014 0.8480 0.1717
vn 0.6969 0.7071 0.1196
vn 0.7208 0.6527 0.2333
vn 0.4115 0.6698 -0.6181
vn 0.3942 0.9145 -0.0914
vn 0.3747 0.9270 -0.0161
vn 0.5320 0.7188 -0.4476
vn 0.7895 0.6134 0.0214
vn 0.7392 0.6704 -0.0642
vn 0.7595 0.6234 -0.1859
vn 0.6446 0.7094 -0.2849
vn 0.3697 0.9212 0.1210
vn 0.4697 0.8828 -0.0042
vn 0.3596 0.9115 -0.1996
vn 0.3025 0.9531 0.0104
vn 0.6120 0.7818 -0.1192
vn 0.5029 0.8046 -0.3158
vn 0.6335 0.5972 -0.4919
vn 0.3296 0.4919 -0.8059
vn 0.1747 0.5652 -0.8062
vn 0.4532 0.6923 -0.5615
vn 0.5659 0.7513 -0.3396
vn 0.3254 0.9383 -0.1174
vn 0.1173 0.9132 -0.3902
vn 0.2171 0.7937 -0.5683
vn 0.2027 0.9558 -0.2129
vn 0.2274 0.8758 -0.4258
vn 0.0434 0.7548 -0.6546
vn 0.0385 0.8713 -0.4892
vn 0.3235 0.7707 -0.5489
vn 0.1004 0.6443 -0.7582
vn -0.2954 0.7882 -0.5399
vn -0.6365 0.6526 -0.4111
vn -0.3443 0.7344 -0.5849
vn -0.7609 0.4337 -0.4826
vn -0.7732 0.5922 -0.2267
vn -0.8697 0.4748 -0.1345
vn -0.0456 0.3146 -0.9481
vn -0.1033 0.3608 -0.9269
vn -0.3728 0.0308 -0.9274
vn -0.4776 0.0976 -0.8732
vn -0.3338 0.5720 -0.7492
vn -0.3191 0.4641 -0.8263
vn -0.6615 0.1046 -0.7426
vn -0.6389 0.1643 -0.7515
vn -0.2227 0.4331 -0.8734
vn -0.6739 0.1975 -0.7120
vn -0.9352 0.3400 0.0994
vn -0.9513 0.1529 -0.2675
vn -0.9990 -0.0375 -0.0246
vn -0.9421 0.1959 0.2722
vn -0.6089 -0.2662 -0.7472
vn -0.7210 -0.4983 -0.4816
vn -0.8348 -0.3685 -0.4089
vn -0.7334 -0.1467 -0.6638
vn -0.7772 -0.1655 -0.6071
vn -0.8633 -0.3335 -0.3788
vn -0.8010 -0.1518 -0.5791
vn -0.8476 -0.3035 -0.4354
vn -0.8861 0.0250 -0.4629
vn -0.9323 -0.1895 -0.3082
vn -0.9577 -0.2854 0.0359
vn -0.7701 -0.4390 -0.4628
vn -0.8517 -0.3428 -0.3964
vn -0.9880 -0.1461 -0.0494
vn -0.9619 0.0449 0.2697
vn -0.9459 -0.1413 0.2921
vn -0.7010 -0.6963 -0.1539
vn -0.5839 -0.7963 0.1579
vn -0.6773 -0.7240 0.1307
vn -0.8010 -0.5811 -0.1436
vn -0.9312 0.1101 0.3475
vn -0.9728 -0.1037 0.2070
vn -0.8029 -0.5413 0.2497
vn -0.7025 -0.6917 -0.1677
vn -0.8784 -0.4212 0.2258
vn -0.7921 -0.5956 0.1337
vn -0.7026 -0.6494 0.2909
vn -0.4749 -0.6097 -0.6346
vn -0.4101 -0.5302 -0.7421
vn -0.5642 -0.7704 0.2970
vn -0.4987 -0.7947 0.3462
vn -0.5135 -0.8512 0.1083
vn -0.7423 -0.6621 0.1031
vn -0.6451 -0.7067 0.2905
vn -0.4817 -0.8259 -0.2931
vn -0.8720 -0.4726 -0.1278
vn -0.8697 -0.4644 -0.1673
vn -0.9231 -0.3809 -0.0531
vn -0.4103 -0.4392 -0.7992
vn -0.6431 -0.3507 -0.6807
vn -0.4659 -0.3631 -0.8069
vn -0.5029 -0.3541 -0.7885
vn -0.6129 -0.3667 -0.6999
vn -0.7939 -0.4007 -0.4574
vn -0.7541 -0.4971 -0.4292
vn -0.5496 -0.4236 -0.7201
vn -0.2716 -0.3462 -0.8980
vn -0.3336 -0.5360 -0.7755
vn -0.4708 -0.6604 -0.5849
vn -0.5170 -0.5488 -0.6569
vn -0.5877 -0.4346 -0.6825
vn -0.1790 -0.2782 -0.9437
vn -0.6295 -0.3562 -0.6905
vn -0.1562 -0.2582 -0.9534
vn -0.6959 -0.2369 -0.6780
vn -0.2849 -0.2796 -0.9169
vn -0.7720 -0.1387 -0.6204
vn -0.8247 -0.1246 -0.5516
vn -0.7250 -0.3421 -0.5978
vn -0.6699 -0.1761 -0.7213
vn -0.8148 -0.1998 -0.5442
vn -0.7387 -0.3953 -0.5459
vn -0.7419 -0.4058 -0.5338
vn -0.6539 -0.4131 -0.6339
vn -0.5192 -0.2772 -0.8085
vn -0.3224 -0.2462 -0.9140
vn -0.3676 -0.3043 -0.8788
vn -0.3027 -0.3944 -0.8676
vn -0.4513 -0.4678 -0.7599
vn -0.0702 -0.3362 -0.9392
vn -0.4090 -0.4073 -0.8166
vn -0.1996 -0.3575 -0.9123
vn -0.1741 -0.4455 -0.8782
vn -0.6240 -0.6910 -0.3649
vn -0.7383 -0.5356 -0.4099
vn -0.1315 -0.3309 -0.9345
vn -0.4501 -0.2421 -0.8595
vn -0.8482 -0.2692 -0.4561
vn -0.8003 -0.3952 -0.4509
vn -0.5257 -0.3382 -0.7806
vn -0.4472 0.3018 -0.8420
vn -0.2481 0.5888 -0.7693
vn -0.0771 0.4756 -0.8763
vn -0.3665 0.3603 -0.8578
vn -0.8294 0.3364 -0.4461
vn -0.5733 0.7659 -0.2911
vn -0.2243 0.4243 -0.8773
vn 0.1493 0.5533 -0.8195
vn 0.4773 0.5633 -0.6744
vn 0.0653 0.4281 -0.9014
vn 0.4823 0.3253 -0.8133
vn 0.7633 0.4645 -0.4490
vn 0.8702 0.3601 -0.3363
vn 0.7093 0.1786 -0.6819
vn 0.5517 0.2357 -0.8001
vn 0.7082 0.4712 -0.5258
vn 0.3943 0.5991 -0.6969
vn 0.2542 0.3912 -0.8845
vn 0.0850 0.3921 -0.9160
vn 0.2720 0.5669 -0.7776
vn 0.3354 0.4989 -0.7991
vn 0.0382 0.3505 -0.9358
vn 0.1523 0.3501 -0.9243
vn 0.5081 0.4449 -0.7375
vn 0.6472 0.4029 -0.6472
vn 0.3717 0.3083 -0.8757
vn 0.4992 0.2412 -0.8322
vn 0.6276 0.4229 -0.6537
vn 0.4765 0.5054 -0.7194
vn 0.3721 0.2261 -0.9002
vn 0.1652 0.1706 -0.9714
vn 0.2996 0.5695 -0.7654
vn 0.2563 0.5831 -0.7709
vn 0.0716 0.1248 -0.9896
vn 0.0949 0.1644 -0.9818
vn 0.1913 0.1988 -0.9612
vn 0.2599 0.6002 -0.7564
vn 0.3103 0.6064 -0.7321
vn 0.2933 0.1826 -0.9384
vn 0.3681 0.5719 -0.7331
vn 0.4495 0.4963 -0.7428
vn 0.3933 0.0543 -0.9178
vn 0.4336 -0.1744 -0.8841
vn 0.3532 -0.3321 -0.8746
vn 0.5489 0.3748 -0.7471
vn 0.5803 0.2114 -0.7865
vn 0.6333 0.7178 -0.2893
vn 0.6041 0.7653 -0.2223
vn 0.6928 0.6656 0.2775
vn 0.7369 0.6243 0.2594
vn 0.7965 0.5934 0.1160
vn 0.7203 0.6214 -0.3081
vn 0.8049 0.5167 -0.2919
vn 0.8304 0.5548 -0.0515
vn 0.8197 0.5408 -0.1885
vn 0.8118 0.4802 -0.3323
vn 0.7328 0.5437 -0.4091
vn 0.7553 0.6014 -0.2605
vn 0.6496 0.7091 -0.2742
vn 0.5954 0.6722 -0.4401
vn 0.4544 0.7960 -0.3998
vn 0.5180 0.8187 -0.2479
vn 0.4128 0.8891 -0.1977
vn 0.3731 0.8540 -0.3625
vn 0.3296 0.8756 -0.3531
vn 0.3516 0.8827 -0.3118
vn 0.3722 0.9214 -0.1117
vn 0.4007 0.9160 0.0200
vn 0.3764 0.8955 -0.2374
vn 0.3994 0.9085 -0.1227
vn 0.4033 0.8994 0.1687
vn 0.3500 0.8914 0.2881
vn 0.4442 0.8954 -0.0310
vn 0.5161 0.8500 -0.1055
vn 0.2961 0.8906 0.3452
vn 0.2834 0.9063 0.3134
vn -0.0599 -0.4701 -0.8806
vn -0.0360 -0.4289 -0.9026
vn -0.2531 -0.5559 -0.7918
vn -0.3473 -0.5927 -0.7267
vn 0.8582 0.3648 -0.3611
vn 0.7268 0.1614 -0.6677
vn 0.8767 0.4698 0.1030
vn 0.9298 0.3521 0.1073
vn 0.9469 0.2156 -0.2387
vn 0.8169 -0.0494 -0.5747
vn 0.4963 -0.0459 -0.8670
vn 0.5900 -0.2861 -0.7550
vn 0.3286 -0.3979 -0.8566
vn 0.2534 -0.2416 -0.9367
vn 0.3064 -0.2028 -0.9301
vn -0.1787 -0.4855 -0.8558
vn -0.2339 -0.6436 -0.7288
vn 0.0122 -0.8543 -0.5197
vn 0.0354 -0.4983 -0.8663
vn 0.1363 -0.7206 -0.6798
vn -0.1423 -0.9551 -0.2599
vn -0.2160 -0.7447 -0.6315
vn 0.4514 -0.7692 -0.4523
vn 0.8102 -0.5678 -0.1454
vn 0.3529 -0.7680 0.5344
vn 0.0981 -0.9854 0.1392
vn 0.9502 -0.1098 0.2918
vn 0.8020 0.2287 0.5518
vn 0.4791 0.0555 0.8760
vn 0.4604 -0.2848 0.8408
vn 0.9562 0.2927 -0.0020
vn 0.8517 0.4359 0.2909
vn 0.8261 -0.0237 -0.5630
vn 0.8321 -0.4604 -0.3093
vn 0.9738 0.0220 0.2262
vn 0.7963 0.2234 0.5622
vn 0.3373 -0.5357 -0.7741
vn 0.2457 -0.8037 -0.5420
vn 0.1623 -0.5847 -0.7948
vn -0.0667 -0.7313 -0.6788
vn 0.1555 -0.4985 -0.8528
vn -0.0363 -0.5859 -0.8095
vn 0.2291 -0.3580 -0.9052
vn 0.1379 -0.3697 -0.9189
vn 0.2919 -0.2524 -0.9225
vn 0.2784 -0.1599 -0.9471
vn 0.4402 0.0872 -0.8937
vn 0.4628 0.1773 -0.8686
vn 0.3528 0.9184 0.1788
vn 0.5421 0.7481 -0.3826
vn 0.4110 0.9065 0.0964
vn 0.5802 0.7043 -0.4092
vn 0.7476 0.6469 -0.1504
vn 0.6774 0.1572 -0.7186
vn 0.5638 0.7917 0.2353
vn 0.6656 0.4434 0.6003
vn 0.8867 0.1948 0.4193
vn 0.9741 -0.1592 -0.1605
vn 0.4479 -0.3793 -0.8096
vn 0.7630 -0.6453 -0.0378
vn 0.4737 -0.8777 0.0730
vn 0.2447 -0.6772 -0.6939
vn 0.7234 -0.3007 0.6215
vn 0.4752 -0.5510 0.6860
vn 0.5646 0.0345 0.8247
vn 0.4198 -0.2565 0.8706
vn -0.0025 -0.8528 -0.5222
vn 0.1502 -0.9698 0.1921
vn -0.0812 -0.9608 0.2650
vn -0.1473 -0.9239 -0.3532
vn 0.4387 0.8280 0.3492
vn 0.4512 0.5922 0.6676
vn 0.3558 0.9038 0.2379
vn 0.3058 0.7248 0.6174
vn 0.1991 -0.6262 0.7538
vn 0.0242 -0.6724 0.7398
vn 0.2297 -0.2318 0.9452
vn 0.1025 -0.2349 0.9666
vn 0.3501 0.1799 0.9193
vn 0.1809 0.2401 0.9537
vn 0.8776 0.4102 -0.2482
vn 0.7287 0.3025 -0.6144
vn 0.5762 0.4602 -0.6754
vn 0.7369 0.5950 -0.3207
vn 0.6309 0.7082 0.3170
vn 0.6724 0.7358 0.0802
vn 0.6787 0.7307 0.0734
vn 0.6509 0.6947 0.3063
vn 0.6986 0.6514 0.2960
vn 0.7195 0.6893 0.0847
vn 0.7419 0.6626 0.1028
vn 0.7277 0.6322 0.2660
vn 0.2250 0.0447 -0.9733
vn -0.4557 -0.2465 -0.8553
vn -0.4556 -0.1176 -0.8824
vn 0.1013 0.2355 -0.9666
vn 0.6278 0.6916 -0.3572
vn 0.4556 0.5403 -0.7075
vn 0.4339 0.4508 -0.7801
vn 0.6610 0.6719 -0.3341
vn 0.7094 0.6327 -0.3104
vn 0.4552 0.3469 -0.8201
vn 0.5559 0.2763 -0.7840
vn 0.7575 0.5773 -0.3048
vn -0.0298 0.2469 -0.9686
vn -0.3864 -0.1157 -0.9150
vn -0.2516 -0.1983 -0.9473
vn -0.0644 0.0534 -0.9965
vn -0.4344 -0.3327 -0.8370
vn -0.3165 -0.2829 -0.9054
vn -0.0116 -0.3339 -0.9425
vn 0.0975 -0.2735 -0.9569
vn -0.0328 -0.1446 -0.9889
vn 0.1447 -0.2552 -0.9560
vn -0.1485 -0.3343 -0.9307
vn -0.0528 -0.5043 -0.8619
vn 0.8838 0.2997 -0.3592
vn 0.4967 -0.1403 -0.8565
vn 0.8016 0.3215 -0.5041
vn 0.4906 -0.0877 -0.8670
vn -0.1674 -0.2765 -0.9463
vn -0.0360 -0.2542 -0.9665
vn 0.1846 -0.2457 -0.9516
vn 0.2390 -0.2213 -0.9455
vn 0.0433 -0.3374 -0.9404
vn 0.0679 -0.4860 -0.8713
vn 0.2838 -0.2839 -0.9159
vn 0.3313 -0.4186 -0.8456
vn 0.8054 0.5596 0.1955
vn 0.7905 0.5890 0.1678
vn 0.7150 0.6943 -0.0820
vn 0.7652 0.6404 0.0658
vn 0.4719 -0.0778 -0.8782
vn 0.4503 -0.1099 -0.8861
vn 0.7487 0.2356 -0.6197
vn 0.7137 0.1422 -0.6859
vn 0.4762 -0.2270 -0.8495
vn 0.7473 -0.0913 -0.6582
vn 0.7759 -0.2951 -0.5576
vn 0.5389 -0.3765 -0.7536
vn 0.7639 0.3948 -0.5105
vn 0.5520 0.5191 -0.6526
vn 0.5647 0.2071 -0.7989
vn 0.4519 0.4157 -0.7893
vn 0.8133 0.5731 -0.1004
vn 0.7156 0.6516 -0.2516
vn 0.8189 0.4630 -0.3393
vn 0.8826 0.4179 -0.2153
vn 0.9480 0.1201 -0.2948
vn 0.8866 -0.1644 -0.4323
vn 0.8582 0.1544 -0.4896
vn 0.6699 -0.1393 -0.7293
vn 0.5205 0.4698 -0.7130
vn 0.5797 0.2957 -0.7593
vn 0.4719 0.4098 -0.7806
vn 0.5273 0.2778 -0.8030
vn 0.5855 0.0836 -0.8064
vn 0.4761 -0.0787 -0.8759
vn 0.5499 0.1379 -0.8238
vn 0.5180 0.0230 -0.8551
vn -0.1863 0.0275 -0.9821
vn -0.1815 0.2688 -0.9459
vn -0.1727 -0.2929 -0.9404
vn 0.2944 0.1164 -0.9486
vn 0.2779 0.3239 -0.9043
vn 0.3637 0.5615 -0.7433
vn 0.3540 -0.1362 -0.9253
vn -0.1242 -0.4973 -0.8586
vn -0.0475 -0.4776 -0.8773
vn 0.3997 -0.3840 -0.8323
vn 0.5988 0.0087 -0.8009
vn 0.6264 0.2084 -0.7512
vn 0.5595 -0.2562 -0.7883
vn 0.2870 -0.1918 -0.9385
vn 0.3591 0.0166 -0.9331
vn 0.4259 0.2026 -0.8818
vn -0.0467 -0.3825 -0.9228
vn -0.1259 -0.3240 -0.9376
vn 0.2582 -0.4781 -0.8395
vn 0.3725 -0.5102 -0.7752
vn -0.1792 -0.2525 -0.9509
vn 0.0121 -0.1453 -0.9893
vn 0.5331 -0.4481 -0.7177
vn 0.4944 -0.5415 -0.6800
vn 0.2255 -0.4905 -0.8418
vn 0.2550 -0.3738 -0.8918
vn 0.0923 0.0152 -0.9956
vn -0.0781 -0.1123 -0.9906
vn 0.1585 -0.3378 -0.9278
vn 0.3274 -0.3537 -0.8762
vn 0.4150 -0.5708 -0.7085
vn 0.2669 -0.5496 -0.7916
vn 0.0470 -0.5381 -0.8415
vn 0.1660 -0.5466 -0.8208
vn -0.2106 -0.3036 -0.9292
vn -0.0116 -0.4623 -0.8867
vn -0.2642 -0.4140 -0.8711
vn -0.1111 -0.5216 -0.8459
vn 0.1293 0.3359 -0.9330
vn 0.1296 0.1776 -0.9755
vn -0.2588 0.1296 -0.9572
vn -0.2735 0.2422 -0.9309
vn -0.2738 0.3054 -0.9120
vn 0.0765 0.4117 -0.9081
vn 0.3845 0.4484 -0.8069
vn 0.4339 0.3564 -0.8275
vn 0.0884 -0.0037 -0.9961
vn 0.0294 -0.1586 -0.9869
vn -0.2422 -0.1352 -0.9608
vn -0.2433 -0.0200 -0.9697
vn -0.0155 -0.2752 -0.9613
vn -0.0506 -0.3591 -0.9319
vn -0.3102 -0.2480 -0.9178
vn -0.2608 -0.2188 -0.9403
vn -0.1987 -0.4361 -0.8777
vn -0.4143 -0.2065 -0.8864
vn -0.3797 -0.2481 -0.8912
vn -0.1061 -0.4218 -0.9004
vn -0.6824 0.0273 -0.7305
vn -0.6427 0.0741 -0.7626
vn -0.6882 -0.0039 -0.7255
vn -0.8802 -0.1343 -0.4551
vn -0.8650 -0.1685 -0.4726
vn -0.8464 -0.1547 -0.5095
vn -0.6712 -0.0316 -0.7406
vn -0.6460 -0.0662 -0.7605
vn -0.8909 -0.0471 -0.4517
vn -0.8846 -0.0775 -0.4598
vn -0.6594 -0.0928 -0.7461
vn -0.6889 -0.0362 -0.7240
vn -0.8919 0.1069 -0.4394
vn -0.8898 -0.0003 -0.4563
vn -0.7111 0.0569 -0.7008
vn -0.6277 0.2470 -0.7382
vn -0.7135 0.5123 -0.4779
vn -0.8581 0.2608 -0.4424
vn -0.4585 0.4110 -0.7879
vn -0.5026 0.7472 -0.4349
vn -0.3529 -0.1358 -0.9258
vn -0.2333 -0.0185 -0.9722
vn -0.2127 0.6170 -0.7576
vn -0.2158 0.9240 -0.3156
vn 0.1118 0.7920 -0.6002
vn 0.1636 0.9705 -0.1770
vn -0.0752 0.2230 -0.9719
vn 0.1397 0.4205 -0.8965
vn 0.4456 0.7692 -0.4581
vn 0.5204 0.8451 -0.1224
vn 0.6621 0.6291 -0.4072
vn 0.2699 0.4461 -0.8533
vn 0.2444 0.4471 -0.8605
vn 0.7554 0.4954 -0.4289
vn 0.7507 0.6453 -0.1415
vn 0.8805 0.4469 -0.1584
vn 0.7699 0.4604 -0.4418
vn 0.9185 0.3492 -0.1853
vn 0.2371 0.5017 -0.8319
vn 0.3694 0.5297 -0.7635
vn 0.7865 0.4170 -0.4555
vn 0.9154 0.2799 -0.2892
vn 0.7423 0.2696 -0.6134
vn 0.4186 0.0363 -0.9074
vn 0.5091 -0.1536 -0.8469
vn 0.8468 0.0780 -0.5262
vn 0.4867 0.4549 -0.7458
vn 0.3231 0.2940 -0.8995
vn -0.0434 -0.1011 -0.9939
vn -0.1258 0.1412 -0.9820
vn -0.4536 -0.0014 -0.8912
vn -0.4390 -0.1944 -0.8772
vn -0.4001 -0.3744 -0.8365
vn 0.0158 -0.3053 -0.9521
vn -0.6883 0.0028 -0.7254
vn -0.7292 -0.1920 -0.6568
vn -0.7283 0.1354 -0.6718
vn -0.8316 -0.1333 -0.5391
vn -0.8474 -0.3201 -0.4237
vn -0.7089 -0.3618 -0.6054
vn -0.8022 -0.0638 -0.5936
vn -0.8844 -0.2608 -0.3870
vn -0.5902 0.2172 -0.7775
vn -0.4213 0.2630 -0.8680
vn -0.7151 0.0337 -0.6982
vn -0.8753 -0.1822 -0.4479
vn -0.3152 0.3110 -0.8966
vn -0.6506 0.0837 -0.7548
vn -0.8496 -0.1382 -0.5090
vn 0.0680 0.9974 0.0235
vn -0.0927 0.9925 0.0798
vn -0.5024 0.8646 0.0075
vn -0.3376 0.9369 -0.0904
vn 0.5047 0.8633 0.0008
vn 0.4542 0.8908 0.0087
vn 0.7536 0.6538 -0.0682
vn 0.8801 0.4596 -0.1191
vn 0.8684 0.4819 -0.1171
vn 0.7378 0.6730 -0.0532
vn 0.9314 0.3284 -0.1568
vn 0.9273 0.3362 -0.1644
vn 0.9424 0.2142 -0.2567
vn 0.9386 0.1715 -0.2993
vn 0.8678 -0.0045 -0.4968
vn 0.5425 -0.3016 -0.7841
vn 0.4963 -0.3696 -0.7855
vn 0.8217 -0.0533 -0.5674
vn 0.0695 -0.4796 -0.8747
vn -0.3507 -0.5125 -0.7838
vn -0.3674 -0.6123 -0.7001
vn 0.0494 -0.5763 -0.8158
vn -0.6757 -0.4761 -0.5629
vn -0.8391 -0.4104 -0.3571
vn -0.8376 -0.4493 -0.3107
vn -0.6763 -0.5421 -0.4987
vn -0.9177 -0.2924 -0.2690
vn -0.9097 -0.2838 -0.3030
vn -0.9054 -0.3040 -0.2963
vn -0.9088 -0.3679 -0.1970
vn -0.9123 -0.3608 -0.1939
vn -0.9225 -0.3396 -0.1837
vn -0.9017 -0.3394 -0.2680
vn -0.9070 -0.3684 -0.2041
vn 0.6623 0.7334 -0.1530
vn 0.2846 0.9435 -0.1700
vn 0.8358 0.5194 -0.1780
vn 0.6562 0.5769 -0.4864
vn 0.4483 0.7848 -0.4279
vn -0.0082 0.8939 -0.4482
vn 0.8975 0.3613 -0.2528
vn 0.7242 0.3835 -0.5731
vn 0.8665 0.1336 -0.4809
vn 0.6152 0.1287 -0.7778
vn 0.6880 -0.1225 -0.7153
vn 0.3456 -0.4134 -0.8424
vn 0.1074 -0.3972 -0.9114
vn 0.4599 -0.1283 -0.8786
vn -0.0785 -0.6036 -0.7934
vn -0.4654 -0.6315 -0.6202
vn -0.6034 -0.5627 -0.5650
vn -0.2498 -0.5571 -0.7920
vn -0.7260 -0.5503 -0.4124
vn -0.8560 -0.4484 -0.2574
vn -0.8852 -0.4052 -0.2285
vn -0.7937 -0.4944 -0.3544
vn -0.9131 -0.3715 -0.1681
vn -0.9142 -0.3676 -0.1707
vn -0.9156 -0.3722 -0.1523
vn -0.9070 -0.3850 -0.1706
vn -0.9486 -0.1195 -0.2931
vn -0.9365 -0.2118 -0.2795
vn -0.9498 -0.0831 -0.3015
vn -0.9703 -0.0807 -0.2282
vn -0.9662 -0.1453 -0.2128
vn -0.9475 -0.2422 -0.2086
vn -0.6539 0.0023 -0.7566
vn -0.9016 -0.2997 -0.3119
vn -0.9051 -0.3434 -0.2508
vn -0.8973 -0.3116 -0.3125
vn 0.0549 0.1617 -0.9853
vn 0.0658 -0.0394 -0.9971
vn -0.2960 -0.1961 -0.9348
vn -0.9565 -0.0014 -0.2916
vn -0.9726 -0.0378 -0.2295
vn -0.9472 0.1223 -0.2963
vn -0.9763 0.0681 -0.2055
vn 0.0762 0.4702 -0.8793
vn -0.3727 0.4914 -0.7872
vn 0.0828 0.6174 -0.7823
vn 0.3360 0.3717 -0.8654
vn -0.4604 -0.3992 -0.7929
vn -0.7481 -0.3538 -0.5615
vn -0.8434 -0.3863 -0.3734
vn -0.9093 -0.3843 -0.1594
vn -0.9073 -0.3909 -0.1546
vn -0.9133 -0.3757 -0.1571
vn -0.9207 -0.3553 -0.1614
vn -0.9075 -0.3420 -0.2439
vn -0.9088 -0.3164 -0.2721
vn -0.9152 0.0227 -0.4024
vn -0.9527 0.2498 -0.1730
vn -0.5744 0.7394 -0.3513
vn -0.6867 0.3668 -0.6276
vn -0.9143 -0.2896 -0.2832
vn -0.9221 -0.3302 -0.2019
vn -0.9783 -0.1044 -0.1789
vn -0.9576 -0.2324 -0.1701
vn -0.9865 -0.0284 -0.1612
vn -0.9773 -0.1462 -0.1530
vn -0.9344 -0.3163 -0.1638
vn -0.9513 -0.2693 -0.1498
vn -0.9005 0.3057 -0.3094
vn -0.9481 0.2684 -0.1706
vn -0.7928 0.5476 -0.2675
vn -0.8974 0.4154 -0.1485
vn -0.7312 0.6781 -0.0743
vn -0.5747 0.7975 -0.1839
vn -0.9855 0.1100 -0.1293
vn -0.9899 -0.0482 -0.1330
vn -0.9583 0.2772 -0.0695
vn -0.8555 0.5179 0.0003
vn -0.7372 0.6752 -0.0265
vn -0.3092 0.9480 -0.0749
vn -0.9622 -0.2136 -0.1687
vn 0.6450 0.3638 -0.6720
vn 0.6591 0.4772 -0.5813
vn -0.0231 0.4126 -0.9106
vn -0.1587 0.3847 -0.9093
vn 0.2192 0.5331 -0.8171
vn 0.3213 0.4696 -0.8223
vn -0.3455 0.4280 -0.8351
vn 0.0079 0.6525 -0.7577
vn -0.5483 0.3833 -0.7432
vn -0.2815 0.6567 -0.6996
vn -0.5937 0.2504 -0.7647
vn -0.4599 0.5373 -0.7069
vn -0.4405 0.2179 -0.8709
vn -0.4568 0.4904 -0.7422
vn -0.2274 0.5425 -0.8087
vn -0.1558 0.3146 -0.9363
vn 0.1674 0.4677 -0.8679
vn -0.0105 0.5477 -0.8366
vn -0.1448 0.7723 -0.6186
vn -0.4147 0.8850 -0.2114
vn -0.5835 0.7553 -0.2984
vn -0.3509 0.6943 -0.6283
vn -0.7065 0.6065 -0.3646
vn -0.5168 0.5620 -0.6458
vn 0.1271 0.4864 -0.8644
vn -0.0607 0.4319 -0.8999
vn -0.2852 0.2730 -0.9188
vn -0.0734 0.4029 -0.9123
vn -0.2088 0.3592 -0.9096
vn -0.4650 0.1855 -0.8657
vn -0.1969 0.2531 -0.9472
vn -0.4797 0.0360 -0.8767
vn -0.1196 0.1416 -0.9827
vn -0.3673 -0.1685 -0.9147
vn -0.1153 -0.0296 -0.9929
vn -0.2693 -0.4148 -0.8692
vn -0.2346 -0.3977 -0.8870
vn -0.1037 -0.5200 -0.8478
vn -0.1805 -0.5585 -0.8096
vn -0.1927 -0.3420 -0.9197
vn 0.0432 -0.5893 -0.8067
vn -0.1040 -0.6176 -0.7796
vn -0.1558 -0.2281 -0.9611
vn -0.2359 -0.5147 -0.8243
vn -0.3341 -0.5815 -0.7418
vn -0.4096 -0.7197 -0.5606
vn -0.3569 -0.7423 -0.5671
vn -0.2593 -0.6294 -0.7326
vn -0.2509 -0.6800 -0.6889
vn -0.2674 -0.6909 -0.6717
vn -0.3207 -0.7458 -0.5840
vn -0.3153 -0.7348 -0.6006
vn -0.4074 -0.7537 -0.5156
vn -0.3482 -0.7903 -0.5042
vn -0.3377 -0.7004 -0.6288
vn -0.3299 -0.7739 -0.5406
vn -0.3540 -0.7720 -0.5279
vn -0.3630 -0.7396 -0.5668
vn -0.3823 -0.7531 -0.5354
vn -0.4242 -0.7312 -0.5342
vn -0.3183 -0.6848 -0.6556
vn -0.3882 -0.6676 -0.6353
vn -0.5286 -0.4568 -0.7155
vn -0.3928 -0.5746 -0.7180
vn -0.4054 -0.0936 -0.9093
vn -0.6284 -0.1458 -0.7641
vn -0.5480 0.0495 -0.8350
vn -0.3287 0.1067 -0.9384
vn -0.3497 0.1761 -0.9202
vn -0.3717 0.1631 -0.9139
vn -0.3863 0.3848 -0.8383
vn -0.3360 0.2419 -0.9103
vn -0.5762 0.1636 -0.8008
vn -0.8533 0.2448 -0.4604
vn -0.7025 0.6110 -0.3649
vn -0.3397 0.6155 -0.7111
vn -0.6790 0.1328 -0.7220
vn -0.4569 0.1470 -0.8773
vn -0.6028 0.0783 -0.7941
vn -0.7453 0.0713 -0.6629
vn -0.8774 0.0602 -0.4760
vn -0.8698 0.1394 -0.4733
vn -0.2559 0.1262 -0.9584
vn -0.5144 0.0265 -0.8571
vn -0.1523 -0.0298 -0.9879
vn -0.2978 -0.0681 -0.9522
vn -0.7363 -0.0082 -0.6766
vn -0.6934 -0.0585 -0.7181
vn -0.8773 -0.0089 -0.4798
vn -0.8755 -0.0625 -0.4792
vn -0.0839 -0.6638 -0.7432
vn 0.3926 -0.5235 -0.7562
vn 0.2704 -0.2214 -0.9369
vn 0.0466 -0.3917 -0.9189
vn -0.6817 -0.0712 -0.7281
vn -0.8785 -0.0631 -0.4736
vn -0.2625 -0.1394 -0.9548
vn -0.1672 -0.2219 -0.9606
vn -0.6569 -0.0240 -0.7536
vn -0.8917 0.0513 -0.4498
vn -0.0923 -0.4391 -0.8937
vn -0.5585 -0.0377 -0.8287
vn -0.5568 -0.8115 -0.1776
vn -0.7720 0.1650 -0.6138
vn -0.7437 0.1533 -0.6506
vn -0.4742 -0.4591 -0.7512
vn 0.5436 -0.6296 -0.5551
vn 0.6141 -0.4237 -0.6658
vn 0.7123 -0.5905 -0.3794
vn 0.7970 -0.5886 -0.1353
vn 0.5394 -0.7820 0.3124
vn 0.1523 -0.9845 0.0866
vn 0.4648 -0.2834 -0.8388
vn 0.6164 -0.4861 -0.6195
vn 0.6508 -0.7473 -0.1343
vn 0.7847 -0.6087 0.1170
vn 0.5539 -0.7735 0.3080
vn 0.7504 -0.6143 0.2441
vn 0.7576 -0.6165 0.2143
vn 0.5156 -0.8110 -0.2764
vn -0.2965 -0.9445 -0.1413
vn -0.0195 -0.8473 -0.5308
vn 0.1474 -0.7236 -0.6743
vn -0.2396 -0.4013 -0.8841
vn -0.4783 -0.4281 -0.7668
vn -0.7605 -0.4792 -0.4381
vn -0.1091 -0.8411 -0.5297
vn 0.2212 -0.9707 -0.0939
vn 0.3876 -0.9020 -0.1899
vn 0.0543 -0.7727 -0.6325
vn -0.1584 -0.9824 -0.0991
vn -0.1113 -0.9897 -0.0898
vn -0.1937 -0.2825 -0.9395
vn -0.1723 -0.8012 -0.5731
vn -0.4024 -0.5071 -0.7622
vn -0.2670 -0.1218 -0.9560
vn -0.5861 -0.7333 -0.3446
vn -0.8276 -0.3211 -0.4604
vn -0.4325 -0.2119 -0.8764
vn -0.2379 -0.1114 -0.9649
vn 0.1717 -0.7988 -0.5766
vn 0.4613 -0.7178 -0.5215
vn -0.0322 -0.2998 -0.9535
vn 0.2891 -0.3609 -0.8867
vn 0.2578 -0.7168 -0.6479
vn 0.3793 -0.4224 -0.8232
vn -0.2460 -0.0604 -0.9674
vn -0.2183 -0.0769 -0.9728
vn -0.2415 -0.0818 -0.9669
vn -0.1754 -0.1053 -0.9788
vn 0.3957 -0.1698 -0.9025
vn 0.2459 -0.1514 -0.9574
vn 0.1433 -0.0330 -0.9891
vn 0.3131 -0.0355 -0.9491
vn -0.3962 -0.1189 -0.9104
vn -0.2025 -0.0737 -0.9765
vn -0.2144 -0.0963 -0.9720
vn -0.4097 -0.1572 -0.8986
vn -0.8517 -0.2303 -0.4708
vn -0.8632 -0.1822 -0.4709
vn -0.1734 -0.1002 -0.9797
vn -0.2441 -0.0835 -0.9661
vn -0.2540 -0.0776 -0.9641
vn -0.2176 -0.0817 -0.9726
vn -0.2102 -0.0829 -0.9741
vn -0.2128 -0.0700 -0.9746
vn -0.3950 -0.1193 -0.9109
vn -0.3882 -0.1891 -0.9020
vn -0.1898 -0.1366 -0.9723
vn -0.1972 -0.0799 -0.9771
vn -0.8590 -0.1888 -0.4759
vn -0.8312 -0.2691 -0.4864
vn 0.1234 0.0110 -0.9923
vn 0.0483 0.0473 -0.9977
vn 0.0192 0.0191 -0.9996
vn -0.0671 -0.2053 -0.9764
vn -0.4092 -0.2903 -0.8650
vn -0.8117 -0.3542 -0.4645
vn -0.1788 -0.2372 -0.9549
vn -0.2459 -0.7288 -0.6391
vn 0.0497 -0.6549 -0.7540
vn -0.2257 -0.6885 -0.6892
vn -0.0426 -0.4546 -0.8897
vn -0.2208 -0.0609 -0.9734
vn -0.2397 -0.0828 -0.9673
vn -0.1681 -0.1086 -0.9798
vn -0.1396 -0.0435 -0.9893
vn 0.0092 -0.2089 -0.9779
vn -0.1902 -0.5133 -0.8368
vn -0.0369 -0.1964 -0.9798
vn -0.0481 -0.1002 -0.9938
vn 0.2047 -0.6079 -0.7672
vn -0.0871 -0.3964 -0.9139
vn -0.1651 -0.1310 -0.9775
vn -0.1168 -0.2419 -0.9632
vn -0.2022 -0.0796 -0.9761
vn -0.0674 0.5852 -0.8081
vn 0.2254 0.8377 -0.4974
vn 0.1500 0.6479 -0.7468
vn 0.3229 0.7460 -0.5825
vn 0.4776 0.8530 -0.2104
vn 0.5810 0.8129 -0.0405
vn 0.5404 0.8018 -0.2550
vn 0.5878 0.8079 -0.0427
vn 0.7062 0.5280 -0.4717
vn 0.7591 0.4696 -0.4508
vn 0.6424 0.5733 -0.5086
vn 0.7470 0.5342 -0.3958
vn 0.3890 0.7441 -0.5431
vn 0.6269 0.7053 -0.3310
vn 0.0495 0.8434 -0.5349
vn 0.3834 0.8764 -0.2915
vn -0.2462 0.8111 -0.5305
vn 0.0238 0.9669 -0.2542
vn -0.3593 0.7730 -0.5229
vn -0.2630 0.9583 -0.1122
vn -0.5356 0.8015 -0.2658
vn -0.4684 0.7087 -0.5276
vn 0.4899 0.5970 -0.6353
vn 0.5588 0.7010 -0.4432
vn 0.7287 0.5931 -0.3425
vn 0.7391 0.6591 -0.1392
vn 0.6616 0.7456 0.0801
vn 0.6695 0.7359 -0.1015
vn 0.7250 0.6813 0.1011
vn 0.6793 0.7054 0.2025
vn 0.7525 0.6516 -0.0953
vn 0.7686 0.6311 0.1049
vn 0.6892 0.7240 0.0286
vn 0.7732 0.5935 0.2234
vn 0.4509 0.8873 0.0970
vn 0.2555 0.9519 0.1693
vn 0.6399 0.6732 0.3706
vn 0.7026 0.6366 0.3179
vn 0.6149 0.7788 0.1238
vn 0.6214 0.7533 0.2154
vn 0.5991 0.7736 0.2065
vn 0.5898 0.7964 0.1339
vn 0.5835 0.7920 0.1797
vn 0.6286 0.7461 0.2195
vn 0.6461 0.7155 0.2658
vn 0.5576 0.7934 0.2440
vn 0.5306 0.7766 0.3396
vn 0.5477 0.7095 0.4435
vn 0.6689 0.6514 0.3582
vn 0.6647 0.6034 0.4405
vn 0.6423 0.5085 0.5735
vn 0.6407 0.4947 0.5873
vn 0.6263 0.5390 0.5633
vn 0.6924 0.4508 0.5634
vn 0.6860 0.4422 0.5778
vn 0.6457 0.4894 0.5862
vn 0.6160 0.5197 0.5920
vn 0.5528 0.6032 0.5749
vn 0.5302 0.6336 0.5635
vn 0.3712 0.7833 0.4987
vn 0.1840 0.9313 0.3144
vn 0.3551 0.8424 0.4053
vn 0.3216 0.9246 0.2040
vn 0.1687 0.9778 0.1241
vn 0.5906 0.6474 0.4816
vn 0.5948 0.7255 0.3461
vn 0.4173 0.7347 0.5349
vn 0.2186 0.8860 0.4090
vn 0.1675 0.9270 0.3355
vn 0.3421 0.8143 0.4689
vn 0.0945 0.9727 0.2120
vn 0.0960 0.9659 0.2406
vn 0.1198 0.9879 0.0985
vn 0.1309 0.9859 0.1043
vn 0.3877 0.8345 0.3916
vn 0.1960 0.9372 0.2886
vn 0.2101 0.9515 0.2248
vn 0.3921 0.8729 0.2902
vn 0.1092 0.9747 0.1948
vn 0.1033 0.9906 0.0895
vn 0.0484 0.9971 0.0593
vn 0.1101 0.9807 0.1616
vn 0.1944 0.9764 0.0938
vn 0.0934 0.9887 0.1170
vn -0.3149 0.9468 -0.0659
vn -0.2201 0.9358 -0.2753
vn 0.5688 0.6531 0.4999
vn 0.5771 0.6210 0.5305
vn 0.6500 0.5829 0.4875
vn 0.6562 0.5460 0.5208
vn 0.5945 0.5850 0.5516
vn 0.6762 0.4944 0.5462
vn 0.7198 0.4823 0.4992
vn 0.7644 0.4150 0.4934
vn 0.7965 0.4090 0.4452
vn 0.7541 0.5006 0.4251
vn 0.7503 0.5658 0.3419
vn 0.6916 0.6732 0.2616
vn 0.6519 0.6592 0.3748
vn 0.7371 0.5313 0.4176
vn 0.7549 0.4995 0.4251
vn 0.7448 0.5323 0.4023
vn 0.7255 0.5327 0.4358
vn 0.7404 0.4884 0.4617
vn 0.7500 0.5085 0.4231
vn 0.7722 0.4641 0.4339
vn 0.7635 0.4302 0.4816
vn 0.7965 0.4087 0.4457
vn 0.6063 0.7514 0.2603
vn 0.5644 0.7921 0.2323
vn 0.6804 0.6849 0.2607
vn 0.6817 0.6661 0.3027
vn 0.5908 0.7490 0.2999
vn 0.5183 0.7980 0.3075
vn 0.7340 0.6404 0.2261
vn 0.7432 0.6068 0.2820
vn 0.7287 0.5925 0.3433
vn 0.6981 0.5955 0.3975
vn 0.6642 0.6426 0.3819
vn 0.6882 0.6425 0.3370
vn 0.6376 0.6931 0.3361
vn 0.5876 0.7325 0.3439
vn 0.6166 0.7545 0.2247
vn 0.5547 0.7661 0.3247
vn -0.7055 -0.5925 -0.3890
vn -0.7241 -0.6840 -0.0878
vn -0.6240 -0.7770 -0.0828
vn -0.6298 -0.6543 -0.4187
vn -0.7204 -0.5443 -0.4297
vn -0.7208 -0.6883 -0.0822
vn -0.6786 -0.5682 -0.4655
vn -0.6438 -0.6121 -0.4591
vn -0.6667 -0.7388 -0.0985
vn -0.6850 -0.7232 -0.0885
vn -0.6250 -0.6522 -0.4289
vn -0.6231 -0.6671 -0.4083
vn -0.6761 -0.7259 -0.1262
vn -0.6712 -0.7336 -0.1068
vn -0.6772 -0.6207 -0.3951
vn -0.7382 -0.5856 -0.3347
vn -0.8075 -0.5762 -0.1264
vn -0.7400 -0.6619 -0.1195
vn -0.6208 -0.6438 -0.4474
vn -0.4708 -0.8714 -0.1377
vn -0.3627 -0.9038 -0.2270
vn -0.6735 -0.6311 -0.3849
vn -0.1183 -0.9880 -0.0993
vn -0.3954 -0.8820 0.2565
vn -0.5668 -0.7561 0.3273
vn -0.4648 -0.6762 0.5716
vn -0.3765 -0.7977 0.4711
vn -0.1524 -0.9817 -0.1140
vn -0.6083 -0.7216 0.3306
vn -0.4581 -0.6739 0.5796
vn -0.5769 -0.7332 0.3600
vn -0.5196 -0.6745 0.5245
vn -0.5754 -0.7499 0.3264
vn -0.6025 -0.7473 0.2804
vn -0.6080 -0.7098 0.3557
vn -0.5586 -0.7028 0.4405
vn -0.6516 -0.7205 0.2374
vn -0.6992 -0.6882 0.1937
vn -0.7321 -0.6471 0.2128
vn -0.6619 -0.7005 0.2669
vn -0.8577 -0.5121 -0.0459
vn -0.8749 -0.4717 -0.1093
vn -0.8010 -0.5945 0.0704
vn -0.7687 -0.6302 0.1091
vn -0.5602 -0.7445 0.3631
vn -0.5003 -0.8142 -0.2946
vn -0.6949 -0.6876 0.2106
vn -0.6612 -0.6467 -0.3802
vn -0.6961 -0.6884 0.2037
vn -0.7180 -0.6781 0.1570
vn -0.7690 -0.6142 -0.1771
vn -0.7634 -0.6156 -0.1954
vn -0.7438 -0.5584 -0.3674
vn -0.7481 -0.5536 -0.3659
vn -0.7392 -0.5248 -0.4221
vn -0.7306 -0.5399 -0.4180
vn -0.7376 -0.6687 0.0933
vn -0.7787 -0.6274 -0.0056
vn -0.7856 -0.5642 -0.2539
vn -0.7720 -0.6087 -0.1829
vn -0.7427 -0.5470 -0.3864
vn -0.7570 -0.4976 -0.4235
vn -0.7676 -0.4734 -0.4321
vn -0.7427 -0.5205 -0.4213
vn -0.7922 -0.5031 -0.3454
vn -0.8187 -0.5577 -0.1369
vn -0.8337 -0.4805 -0.2723
vn -0.7767 -0.4780 -0.4102
vn -0.7380 -0.4940 -0.4598
vn -0.7414 -0.5215 -0.4223
vn -0.7807 -0.4445 -0.4392
vn -0.7579 -0.4528 -0.4696
vn -0.7101 -0.5930 -0.3795
vn -0.6830 -0.6142 -0.3953
vn -0.7513 -0.5520 -0.3617
vn -0.7482 -0.5855 -0.3120
vn -0.7161 -0.6201 -0.3203
vn -0.6656 -0.6384 -0.3865
vn -0.8423 -0.4979 -0.2063
vn -0.8046 -0.5138 -0.2977
vn -0.8038 -0.5570 -0.2090
vn -0.7815 -0.5667 -0.2611
vn -0.7420 -0.6127 -0.2722
vn -0.6736 -0.6282 -0.3895
vn -0.7669 -0.5964 -0.2370
vn -0.6938 -0.6000 -0.3983
vn -0.8420 -0.5121 -0.1699
vn -0.8162 -0.5520 -0.1707
vn -0.8281 -0.5328 -0.1744
vn -0.8587 -0.4873 -0.1588
vn -0.7707 -0.5641 -0.2964
vn -0.8182 -0.4801 -0.3162
vn -0.8070 -0.5493 -0.2167
vn -0.7364 -0.5323 -0.4175
vn -0.8732 -0.4429 -0.2032
vn -0.8028 -0.3926 -0.4488
vn -0.8732 -0.3248 -0.3634
vn -0.8694 -0.1847 -0.4582
vn -0.9464 -0.2301 -0.2266
vn -0.9245 -0.3382 -0.1758
vn -0.9353 -0.2828 -0.2126
vn -0.9595 -0.1600 -0.2320
vn -0.8731 -0.0937 -0.4785
vn -0.8562 -0.2096 -0.4722
vn -0.8325 -0.1308 -0.5383
vn -0.7810 0.0440 -0.6230
vn -0.9584 0.0254 -0.2844
vn -0.9513 -0.1713 -0.2561
vn -0.6187 0.5428 -0.5680
vn -0.8025 0.5447 -0.2435
vn -0.9589 -0.0960 -0.2669
vn -0.9494 0.1314 -0.2854
vn -0.8580 0.2301 -0.4592
vn -0.8772 -0.0370 -0.4787
vn 0.0455 0.9939 0.1001
vn -0.0267 0.9995 0.0181
vn -0.2319 0.9726 -0.0178
vn -0.2026 0.9762 -0.0776
vn -0.7254 0.6587 -0.2000
vn -0.6026 0.7384 -0.3027
vn 0.4715 -0.0936 -0.8769
vn 0.2557 -0.7183 -0.6471
vn 0.7088 -0.3975 -0.5828
vn 0.7410 -0.0398 -0.6703
vn 0.6841 -0.5649 -0.4614
vn 0.7265 -0.0533 -0.6851
vn 0.5333 0.2489 -0.8085
vn 0.4061 0.3571 -0.8412
vn 0.4201 0.2326 -0.8772
vn 0.3323 0.2569 -0.9075
vn 0.4340 0.3402 -0.8342
vn 0.4891 0.2587 -0.8330
vn 0.3763 0.2271 -0.8982
vn 0.4103 0.1846 -0.8931
vn 0.4999 0.1705 -0.8492
vn 0.4825 0.0808 -0.8721
vn 0.4118 0.1416 -0.9002
vn 0.4146 0.0870 -0.9058
vn -0.4271 -0.8696 -0.2476
vn -0.3377 -0.9125 0.2307
vn -0.2490 -0.7842 0.5684
vn -0.2892 -0.9464 0.1440
vn -0.1605 -0.8165 0.5546
vn 0.0168 -0.5813 0.8135
vn -0.0710 -0.4371 0.8966
vn -0.1910 -0.6049 0.7731
vn 0.5353 -0.7947 -0.2862
vn 0.7494 -0.1027 -0.6541
vn 0.3508 -0.9325 0.0857
vn 0.8797 -0.0952 -0.4658
vn 0.3411 0.2111 -0.9160
vn 0.3322 0.3179 -0.8880
vn 0.3023 0.2412 -0.9222
vn 0.2797 0.1755 -0.9439
vn 0.3306 0.1609 -0.9300
vn 0.3572 0.2000 -0.9124
vn 0.3902 0.1884 -0.9012
vn 0.3472 0.1296 -0.9288
vn 0.3763 0.1004 -0.9210
vn 0.4447 0.1130 -0.8885
vn 0.4870 0.1749 -0.8557
vn 0.5726 0.1619 -0.8037
vn 0.6250 0.3612 -0.6920
vn 0.6442 0.4843 -0.5920
vn 0.6377 0.4263 -0.6416
vn 0.6685 0.3000 -0.6805
vn 0.5348 0.3616 -0.7637
vn 0.6308 0.5017 -0.5919
vn 0.4609 0.3663 -0.8083
vn 0.3794 0.4232 -0.8228
vn 0.4438 0.5570 -0.7020
vn 0.5590 0.5067 -0.6563
vn 0.6875 0.3507 0.6359
vn 0.3772 0.0907 0.9217
vn 0.6876 0.3635 0.6285
vn 0.3881 0.0359 0.9209
vn 0.1872 -0.1972 0.9623
vn 0.1034 -0.2083 0.9726
vn 0.7938 0.3865 0.4696
vn 0.0536 -0.3667 0.9288
vn 0.2427 -0.5637 0.7895
vn 0.4440 -0.1734 0.8791
vn 0.9641 0.1745 0.2000
vn 0.2879 -0.8235 0.4889
vn 0.9738 -0.0251 -0.2261
vn 0.3744 0.4418 -0.8153
vn 0.4843 0.5441 -0.6851
vn 0.6197 -0.0205 0.7846
vn 0.8177 0.0689 0.5716
vn 0.6092 0.1179 0.7842
vn 0.7288 0.0141 0.6846
vn 0.7016 0.0164 0.7124
vn 0.0752 -0.9813 0.1770
vn 0.4466 -0.6603 0.6038
vn 0.6780 -0.7325 0.0614
vn 0.1107 -0.9645 -0.2397
vn 0.8639 -0.1819 0.4696
vn 0.6398 -0.2044 0.7409
vn 0.0828 -0.7168 0.6924
vn 0.1410 -0.4193 0.8968
vn 0.0509 -0.1962 0.9792
vn 0.0553 -0.0355 0.9978
vn 0.0610 0.2816 0.9576
vn 0.0395 0.3229 0.9456
vn 0.1836 0.7596 0.6239
vn 0.1531 0.7205 0.6763
vn 0.2933 0.9278 0.2304
vn 0.2454 0.9147 0.3211
vn 0.3257 0.8894 0.3208
vn 0.3844 0.8706 0.3071
vn 0.3503 0.8238 0.4456
vn 0.2694 0.8076 0.5247
vn 0.4463 0.8477 0.2866
vn 0.4711 0.8526 0.2262
vn 0.4473 0.7929 0.4138
vn 0.4201 0.8020 0.4247
vn 0.4906 0.8600 0.1402
vn 0.5356 0.8439 0.0313
vn 0.5657 0.7459 0.3516
vn 0.4909 0.7780 0.3920
vn 0.6387 0.7130 0.2895
vn 0.6030 0.7960 -0.0524
vn 0.6955 0.7128 -0.0906
vn 0.7002 0.6752 0.2319
vn 0.7596 0.6457 -0.0780
vn 0.7197 0.6611 0.2120
vn 0.7720 0.6356 0.0070
vn 0.6879 0.6830 0.2454
vn 0.7357 0.6554 0.1707
vn 0.6001 0.7321 0.3224
vn 0.6839 0.6128 0.3960
vn 0.5169 0.7093 0.4793
vn 0.8772 0.3598 0.3180
vn 0.8563 0.3223 0.4036
vn 0.7131 0.6055 -0.3532
vn 0.7942 0.5733 -0.2013
vn 0.4824 0.6779 -0.5548
vn 0.4057 0.6663 -0.6257
vn 0.3729 0.6371 -0.6746
vn 0.4455 0.6310 -0.6351
vn 0.5988 0.5350 -0.5960
vn 0.5366 0.5436 -0.6453
vn 0.6403 0.4715 -0.6064
vn 0.6435 0.5235 -0.5585
vn 0.5683 0.5703 -0.5932
vn 0.6442 0.4898 -0.5875
vn 0.6657 0.5299 -0.5254
vn 0.5761 0.5575 -0.5978
vn 0.7376 -0.0197 0.6749
vn 0.4879 -0.1717 0.8559
vn 0.8792 0.1807 0.4408
vn 0.9375 0.3431 0.0576
vn 0.2576 -0.1141 0.9595
vn 0.7952 0.0844 0.6004
vn 0.1780 0.0805 0.9807
vn 0.7086 0.2227 0.6696
vn 0.1492 0.3185 0.9361
vn 0.5799 0.4755 0.6615
vn 0.1500 0.5040 0.8506
vn 0.4732 0.6087 0.6368
vn 0.2080 0.6066 0.7673
vn 0.4263 0.6601 0.6186
vn 0.2676 0.6676 0.6948
vn 0.3829 0.7007 0.6020
vn 0.3087 0.6881 0.6567
vn 0.4158 0.6848 0.5985
vn 0.3615 0.7018 0.6138
vn 0.5121 0.6440 0.5684
vn 0.4485 0.6907 0.5672
vn 0.5644 0.6402 0.5211
vn 0.7050 0.5820 0.4052
vn 0.6229 0.6103 0.4894
vn 0.6604 0.5872 0.4681
vn 0.7135 0.5660 0.4129
vn 0.7639 0.5574 0.3253
vn 0.7543 0.5600 0.3427
vn 0.7108 0.6009 0.3655
vn 0.6715 0.6550 0.3465
vn 0.6886 0.6489 0.3238
vn 0.7372 0.5880 0.3329
vn 0.5792 0.7543 0.3090
vn 0.4482 0.8444 0.2935
vn 0.5109 0.8126 0.2805
vn 0.6255 0.7117 0.3198
vn 0.5776 0.7458 0.3319
vn 0.6516 0.6613 0.3715
vn 0.6998 0.6545 0.2863
vn 0.6161 0.7315 0.2921
vn 0.4550 0.8512 0.2617
vn 0.4389 0.8596 0.2616
vn 0.7999 0.5983 0.0479
vn 0.7782 0.6230 0.0793
vn 0.8005 0.5969 -0.0540
vn 0.7984 0.5980 0.0705
vn 0.7646 0.6262 0.1524
vn 0.6352 0.6780 0.3700
vn 0.7507 0.6089 0.2564
vn 0.6570 0.6539 0.3752
vn 0.7825 0.6154 0.0943
vn 0.7947 0.6069 0.0038
vn 0.7538 0.6562 0.0350
vn 0.7170 0.6854 0.1270
vn 0.7842 0.5867 0.2020
vn 0.6983 0.5856 0.4116
vn 0.6899 0.5978 0.4082
vn 0.7430 0.6209 0.2500
vn 0.6033 0.7813 0.1598
vn 0.6656 0.7442 0.0564
vn 0.6010 0.7944 0.0879
vn 0.5573 0.8108 0.1791
vn 0.6455 0.7202 0.2541
vn 0.6029 0.7129 0.3582
vn 0.5628 0.7933 0.2321
vn 0.5151 0.7992 0.3098
vn 0.6180 0.7678 0.1691
vn 0.6175 0.7813 0.0906
vn 0.6792 0.7304 0.0720
vn 0.7096 0.6911 0.1370
vn 0.5491 0.8129 0.1940
vn 0.6026 0.7828 0.1555
vn 0.4728 0.8314 0.2921
vn 0.4911 0.8149 0.3078
vn 0.8258 0.5560 0.0944
vn 0.7719 0.6348 0.0352
vn 0.8559 0.5143 -0.0538
vn 0.9456 0.3252 0.0087
vn 0.6787 0.7266 0.1069
vn 0.7302 0.6831 0.0088
vn 0.5286 0.7837 0.3262
vn 0.5322 0.7807 0.3275
vn 0.9800 0.1472 -0.1342
vn 0.8934 0.3932 -0.2173
vn 0.8237 0.3423 -0.4520
vn 0.9267 0.1869 -0.3260
vn 0.7567 0.6431 -0.1179
vn 0.5256 0.7868 0.3235
vn 0.5137 0.7973 0.3169
vn 0.7381 0.6257 -0.2525
vn 0.7810 0.3254 -0.5331
vn 0.7153 0.3392 -0.6109
vn 0.5855 0.4404 -0.6806
vn 0.5682 0.4974 -0.6555
vn 0.7454 0.5747 -0.3378
vn 0.5478 0.7665 0.3353
vn 0.5116 0.7964 0.3224
vn 0.6711 0.6353 -0.3820
vn 0.3665 0.6035 -0.7082
vn 0.4475 0.5921 -0.6702
vn 0.4254 0.7036 -0.5692
vn 0.3437 0.6396 -0.6876
vn 0.5525 0.7583 -0.3460
vn 0.4114 0.8721 0.2651
vn 0.3571 0.9053 0.2299
vn 0.4821 0.8422 -0.2414
vn 0.4681 0.6106 -0.6389
vn 0.4650 0.7502 -0.4700
vn 0.5389 0.7286 -0.4227
vn 0.6256 0.5073 -0.5926
vn 0.4871 0.8593 -0.1561
vn 0.3582 0.9062 0.2248
vn 0.3369 0.9175 0.2114
vn 0.4493 0.8867 -0.1089
vn 0.7022 0.4533 -0.5490
vn 0.6797 0.5976 -0.4253
vn 0.7334 0.5120 -0.4472
vn 0.7297 0.4559 -0.5095
vn 0.5158 0.8492 -0.1135
vn 0.3281 0.9226 0.2031
vn 0.3988 0.8956 0.1973
vn 0.6229 0.7603 -0.1843
vn 0.0031 -0.8544 -0.5197
vn -0.2446 -0.9548 -0.1688
vn 0.2676 -0.5938 -0.7588
vn 0.2679 -0.4720 -0.8399
vn 0.0227 -0.7649 -0.6438
vn -0.2949 -0.9362 -0.1914
vn 0.1251 -0.7818 -0.6109
vn 0.1848 -0.6266 -0.7571
vn 0.1048 -0.7626 -0.6383
vn 0.0683 -0.8875 -0.4557
vn -0.1075 -0.9867 -0.1216
vn -0.1281 -0.9788 -0.1601
vn -0.2075 -0.9669 -0.1484
vn 0.1420 -0.7274 -0.6714
vn 0.2630 -0.5063 -0.8213
vn -0.0016 -0.8340 -0.5518
vn -0.0161 -0.7583 -0.6517
vn 0.0591 -0.6250 -0.7784
vn 0.1300 -0.7133 -0.6887
vn 0.2597 -0.8621 -0.4352
vn 0.1620 -0.9150 -0.3695
vn 0.1768 -0.8968 -0.4055
vn -0.0085 -0.8466 -0.5322
vn -0.0463 -0.8216 -0.5682
vn 0.1003 -0.7379 -0.6674
vn -0.2490 -0.9542 -0.1658
vn 0.2910 -0.4326 -0.8533
vn 0.3367 -0.3058 -0.8906
vn 0.3681 -0.3526 -0.8603
vn 0.3840 -0.4446 -0.8092
vn 0.3097 -0.3641 -0.8784
vn 0.2216 -0.4005 -0.8891
vn 0.2722 -0.3909 -0.8793
vn 0.1790 -0.5310 -0.8283
vn 0.1487 -0.4817 -0.8636
vn 0.1138 -0.5705 -0.8134
vn 0.1142 -0.6473 -0.7536
vn 0.2604 -0.4905 -0.8316
vn 0.3539 -0.6195 -0.7007
vn 0.1582 -0.4725 -0.8670
vn 0.0093 -0.6953 -0.7187
vn -0.0290 -0.7928 -0.6088
vn -0.0198 -0.7554 -0.6550
vn 0.0261 -0.6550 -0.7552
vn 0.0693 -0.5602 -0.8254
vn 0.0591 -0.5773 -0.8144
vn 0.1009 -0.5244 -0.8455
vn 0.1125 -0.4880 -0.8656
vn 0.4509 -0.0482 -0.8913
vn 0.3660 -0.2966 -0.8821
vn 0.3500 -0.3014 -0.8870
vn 0.4482 -0.1102 -0.8871
vn 0.4045 -0.0034 -0.9145
vn 0.3613 -0.2202 -0.9061
vn 0.2944 -0.9556 0.0087
vn 0.4850 -0.8732 -0.0475
vn 0.1629 -0.9857 0.0432
vn -0.0002 -0.9349 0.3549
vn 0.3014 -0.8735 0.3822
vn 0.6693 -0.6735 0.3139
vn 0.6644 -0.1749 -0.7266
vn 0.8783 0.2215 -0.4237
vn 0.6890 0.3038 -0.6580
vn 0.3849 -0.1726 -0.9067
vn 0.0392 -0.5007 -0.8647
vn 0.3488 -0.5326 -0.7711
vn 0.7803 0.5672 -0.2635
vn 0.7583 0.6376 0.1355
vn 0.8447 0.5158 -0.1426
vn 0.8083 0.5640 0.1688
vn 0.7647 0.6035 0.2261
vn 0.8125 0.5372 0.2265
vn 0.8492 0.4416 0.2896
vn 0.9170 0.3951 0.0542
vn 0.8584 0.4579 0.2314
vn 0.8799 0.3802 0.2850
vn 0.8609 0.3481 0.3709
vn 0.9339 0.3074 0.1823
vn 0.8863 0.4625 0.0255
vn 0.9430 0.3269 -0.0629
vn 0.9385 0.3305 0.0996
vn 0.9181 0.3858 0.0912
vn 0.9760 0.1757 0.1284
vn 0.9328 0.2091 0.2936
vn 0.9919 -0.0143 -0.1260
vn 0.9873 -0.1571 -0.0255
vn 0.9726 0.0227 0.2312
vn 0.9055 0.0145 0.4241
vn 0.9238 -0.3668 0.1096
vn 0.9129 -0.2351 0.3337
vn 0.6674 -0.5785 0.4689
vn 0.5050 -0.6618 0.5541
vn 0.8139 -0.2828 0.5075
vn 0.2200 -0.8416 0.4933
vn -0.1562 -0.9150 0.3719
vn -0.2850 -0.8586 0.4262
vn 0.0468 -0.8682 0.4939
vn -0.6586 -0.3521 0.6651
vn -0.4637 -0.7598 0.4558
vn -0.6505 -0.2167 0.7280
vn -0.4095 -0.2692 0.8717
vn -0.4815 -0.5034 0.7175
vn -0.1891 -0.6610 0.7261
vn -0.1742 -0.3167 0.9324
vn 0.0557 -0.3996 0.9150
vn 0.2110 -0.6608 0.7202
vn 0.3831 -0.1901 -0.9039
vn 0.3035 -0.3278 -0.8947
vn 0.2808 -0.3395 -0.8977
vn 0.3877 -0.2523 -0.8866
vn 0.1026 -0.7141 -0.6924
vn 0.2639 -0.5279 -0.8072
vn 0.2054 -0.5001 -0.8412
vn 0.1038 -0.7144 -0.6920
vn 0.0353 -0.7305 -0.6820
vn 0.2848 -0.5315 -0.7977
vn -0.0499 -0.8362 -0.5461
vn -0.0417 -0.8216 -0.5685
vn -0.0470 -0.8295 -0.5565
vn 0.2218 -0.4643 -0.8575
vn 0.1167 -0.6115 -0.7826
vn 0.1526 -0.5134 -0.8445
vn 0.2145 -0.4373 -0.8734
vn -0.0134 -0.8247 -0.5654
vn 0.2091 -0.8305 -0.5163
vn 0.1939 -0.7250 -0.6609
vn 0.0057 -0.7550 -0.6557
vn 0.7630 -0.4321 -0.4808
vn 0.6842 -0.5685 -0.4567
vn 0.3699 -0.6552 -0.6587
vn 0.6708 -0.6998 -0.2456
vn 0.1058 -0.5627 -0.8198
vn 0.2843 -0.6314 -0.7214
vn 0.3738 -0.5368 -0.7564
vn 0.4013 -0.6105 -0.6828
vn 0.5920 -0.4742 -0.6516
vn 0.5503 -0.5333 -0.6425
vn 0.7486 -0.3774 -0.5451
vn 0.5728 -0.4421 -0.6902
vn 0.6520 -0.2956 -0.6983
vn 0.3954 -0.3692 -0.8410
vn 0.3848 -0.5184 -0.7637
vn 0.2893 -0.5708 -0.7685
vn 0.3952 -0.6128 -0.6843
vn 0.4766 -0.5724 -0.6672
vn 0.2521 -0.4553 -0.8539
vn 0.1638 -0.5287 -0.8329
vn 0.0771 -0.6475 -0.7582
vn 0.1785 -0.6506 -0.7382
vn 0.3102 -0.6495 -0.6942
vn 0.3118 -0.0108 -0.9501
vn -0.0469 -0.1417 -0.9888
vn 0.3138 0.0064 -0.9495
vn 0.0110 -0.1063 -0.9943
vn -0.4863 -0.2358 -0.8414
vn -0.8361 -0.2442 -0.4912
vn -0.4108 -0.1580 -0.8979
vn -0.7960 -0.1370 -0.5895
vn -0.9742 -0.2224 0.0385
vn -0.9891 -0.1156 -0.0915
vn -0.9683 -0.1032 0.2276
vn -0.9511 -0.2079 0.2284
vn -0.9469 -0.2290 0.2259
vn -0.9504 -0.1401 0.2778
vn -0.8112 -0.2474 0.5299
vn -0.8143 -0.2897 0.5030
vn 0.2462 -0.2750 0.9294
vn 0.4494 -0.1487 0.8809
vn 0.7217 -0.0952 0.6856
vn 0.5654 -0.4118 0.7147
vn 0.8544 0.1666 0.4922
vn 0.7305 0.0216 0.6826
vn 0.9203 0.2085 0.3309
vn 0.9317 0.3042 0.1986
vn -0.5204 -0.3323 0.7866
vn -0.4494 -0.3110 0.8374
vn -0.0209 -0.2464 0.9689
vn -0.1938 -0.3120 0.9301
vn 0.0429 -0.2714 0.9615
vn 0.2431 -0.1926 0.9507
vn -0.4407 -0.3130 0.8413
vn -0.4361 -0.3373 0.8343
vn -0.0511 -0.3458 0.9369
vn -0.0539 -0.2716 0.9609
vn 0.9347 0.3385 0.1082
vn 0.8994 0.3340 0.2819
vn 0.9445 0.2941 0.1464
vn 0.9062 0.3025 0.2956
vn 0.5275 -0.0511 0.8480
vn 0.8489 0.1311 0.5120
vn 0.3518 -0.1271 0.9274
vn 0.7712 0.0345 0.6356
vn 0.3048 -0.2006 0.9311
vn 0.7507 -0.0585 0.6581
vn 0.3084 -0.3040 0.9014
vn 0.7701 -0.1715 0.6144
vn 0.8455 0.3020 0.4404
vn 0.8623 0.2801 0.4218
vn 0.9493 0.2275 0.2170
vn 0.9446 0.1532 0.2902
vn 0.9252 0.1613 0.3435
vn 0.9187 0.2361 0.3165
vn 0.9414 0.0665 0.3308
vn 0.9166 0.0667 0.3941
vn 0.9486 -0.0518 0.3123
vn 0.9174 -0.0829 0.3892
vn 0.8137 0.1438 -0.5632
vn 0.9126 0.2389 -0.3317
vn 0.9092 0.1707 -0.3798
vn 0.8379 0.1027 -0.5361
vn 0.7332 0.0577 -0.6776
vn 0.6587 0.0824 -0.7479
vn 0.9322 0.3242 -0.1607
vn 0.9503 0.2674 -0.1593
vn 0.8777 0.2159 0.4278
vn 0.9582 0.2245 0.1776
vn 0.8876 0.1370 0.4398
vn 0.9779 0.1308 0.1629
vn 0.9037 0.0248 0.4275
vn 0.9935 -0.0104 0.1131
vn 0.9285 -0.1491 0.3400
vn 0.9793 -0.1972 0.0456
vn 0.3536 -0.0031 -0.9354
vn 0.0322 -0.0447 -0.9985
vn 0.5782 -0.0213 -0.8156
vn 0.3610 -0.0867 -0.9285
vn 0.9668 0.1834 -0.1777
vn 0.8917 0.0913 -0.4433
vn 0.9738 0.0808 -0.2127
vn 0.8696 -0.0184 -0.4934
vn 0.8234 0.0018 -0.5674
vn 0.7726 -0.1166 -0.6240
vn 0.9655 -0.0739 -0.2498
vn 0.8446 -0.1438 -0.5157
vn 0.9376 -0.2313 -0.2596
vn 0.8329 -0.2257 -0.5052
vn 0.7475 -0.1821 -0.6388
vn 0.4849 -0.1466 -0.8622
vn 0.7578 -0.1841 -0.6260
vn 0.5613 -0.0996 -0.8216
vn -0.3511 -0.0089 -0.9363
vn -0.7466 0.0253 -0.6648
vn -0.2093 0.0130 -0.9778
vn -0.6822 0.0271 -0.7307
vn -0.9716 -0.0107 -0.2364
vn -0.9463 -0.0277 -0.3221
vn -0.9918 -0.0849 0.0952
vn -0.9817 -0.0602 0.1807
vn -0.0554 -0.0171 -0.9983
vn -0.6069 -0.0122 -0.7947
vn 0.0249 -0.0071 -0.9997
vn -0.5536 -0.0458 -0.8315
vn -0.9372 -0.1027 0.3333
vn -0.9310 -0.1352 0.3392
vn -0.7526 -0.2724 0.5995
vn -0.7902 -0.2332 0.5667
vn -0.9914 -0.1302 0.0105
vn -0.9139 -0.0736 -0.3992
vn -0.8795 -0.1219 -0.4600
vn -0.9804 -0.1898 -0.0526
vn -0.4155 -0.3799 0.8264
vn -0.3658 -0.4321 0.8243
vn 0.0094 -0.5038 0.8638
vn -0.0327 -0.4356 0.8995
vn -0.9258 -0.1927 0.3253
vn -0.9084 -0.2779 0.3124
vn -0.6351 -0.4153 0.6513
vn -0.6994 -0.3382 0.6296
vn 0.3126 -0.4334 0.8453
vn 0.3804 -0.5189 0.7656
vn 0.7944 -0.4099 0.4483
vn 0.7836 -0.3062 0.5406
vn 0.9593 -0.1618 0.2314
vn 0.9585 -0.2448 0.1458
vn 0.9522 -0.2542 0.1692
vn 0.9337 -0.2140 0.2872
vn -0.3057 -0.4774 0.8238
vn -0.2606 -0.5136 0.8175
vn 0.1238 -0.5500 0.8260
vn 0.0624 -0.5434 0.8371
vn 0.9458 -0.2735 0.1750
vn 0.9520 -0.3016 -0.0517
vn 0.9589 -0.2832 0.0203
vn 0.9520 -0.2802 -0.1230
vn 0.5082 -0.5567 0.6572
vn 0.6596 -0.4931 0.5672
vn 0.9482 -0.3125 0.0578
vn 0.8665 -0.4194 0.2706
vn 0.9660 -0.2586 0.0073
vn 0.9651 -0.2348 -0.1156
vn 0.9188 -0.2935 -0.2639
vn 0.8572 -0.2330 -0.4592
vn 0.9350 -0.2504 -0.2511
vn 0.9023 -0.2004 -0.3818
vn 0.8149 -0.1520 -0.5593
vn 0.6588 -0.0761 -0.7484
vn 0.8809 -0.1380 -0.4527
vn 0.7880 -0.0981 -0.6079
vn 0.9539 -0.2110 -0.2136
vn 0.9467 -0.1903 -0.2600
vn 0.9396 -0.1452 -0.3101
vn 0.9036 -0.1303 -0.4080
vn 0.9655 -0.2604 -0.0018
vn 0.9639 -0.2530 -0.0828
vn 0.7205 -0.4815 0.4991
vn 0.1773 -0.5823 0.7934
vn 0.2211 -0.6232 0.7501
vn 0.7456 -0.5067 0.4328
vn 0.9411 -0.2896 -0.1744
vn 0.7519 -0.5712 0.3292
vn 0.2354 -0.6878 0.6867
vn 0.2147 -0.8467 0.4868
vn 0.5750 -0.8181 0.0004
vn 0.7853 -0.4583 -0.4162
vn -0.2117 -0.5582 0.8022
vn -0.5755 -0.4894 0.6552
vn -0.5414 -0.5685 0.6194
vn -0.1632 -0.6149 0.7715
vn -0.8780 -0.3638 0.3111
vn -0.8500 -0.4474 0.2779
vn -0.9678 -0.2424 -0.0681
vn -0.9521 -0.2992 -0.0637
vn 0.7346 -0.1737 -0.6559
vn 0.3126 -0.3485 -0.8836
vn -0.2707 -0.2869 -0.9189
vn 0.4113 -0.1631 -0.8968
vn 0.1597 -0.0557 -0.9856
vn -0.4628 -0.1209 -0.8782
vn -0.8502 -0.1776 -0.4956
vn -0.8449 -0.2895 -0.4498
vn -0.8656 -0.5007 0.0028
vn -0.6017 -0.6302 -0.4907
vn -0.5900 -0.7892 0.1708
vn -0.5766 -0.6611 0.4800
vn -0.0452 -0.8593 -0.5095
vn -0.2343 -0.9222 0.3076
vn -0.1934 -0.7048 0.6825
vn -0.5607 -0.6521 -0.5103
vn -0.5071 -0.7663 -0.3945
vn -0.1549 -0.7731 -0.6151
vn -0.2112 -0.6145 -0.7602
vn 0.0693 -0.4340 -0.8982
vn 0.0925 -0.4876 -0.8682
vn 0.1660 -0.4451 -0.8800
vn 0.1905 -0.4564 -0.8691
vn 0.0414 -0.6888 -0.7238
vn 0.0399 -0.6907 -0.7220
vn -0.6255 -0.7699 -0.1267
vn -0.6467 -0.7567 -0.0955
vn -0.5628 -0.8029 -0.1964
vn -0.5426 -0.7898 -0.2860
vn -0.4075 -0.8777 -0.2522
vn -0.4093 -0.9041 -0.1231
vn -0.2877 -0.9548 -0.0747
vn -0.2720 -0.9401 -0.2053
vn -0.1718 -0.9261 -0.3358
vn -0.1825 -0.9370 -0.2978
vn -0.6992 -0.7091 -0.0909
vn -0.7460 -0.6596 -0.0921
vn -0.6958 -0.7182 0.0087
vn -0.6391 -0.7618 -0.1056
vn 0.1944 -0.4991 -0.8445
vn 0.0042 -0.7014 -0.7127
vn 0.0213 -0.7231 -0.6904
vn 0.1961 -0.5388 -0.8193
vn -0.4812 -0.8766 0.0091
vn -0.5282 -0.8307 0.1761
vn -0.3920 -0.9166 0.0790
vn -0.3622 -0.9321 -0.0000
vn -0.2345 -0.9315 -0.2782
vn -0.2383 -0.9389 -0.2484
vn -0.7140 -0.6789 0.1712
vn -0.7757 -0.6240 -0.0939
vn -0.7449 -0.6671 0.0133
vn -0.6084 -0.6756 0.4165
vn 0.1865 -0.5192 -0.8340
vn 0.0484 -0.7021 -0.7104
vn 0.0397 -0.6315 -0.7743
vn 0.1637 -0.4694 -0.8677
vn -0.3775 -0.9117 0.1619
vn -0.5363 -0.7571 0.3731
vn -0.4880 -0.7168 0.4981
vn -0.4046 -0.9021 0.1498
vn -0.1987 -0.9449 -0.2601
vn -0.2199 -0.9048 -0.3647
vn -0.6815 -0.7022 0.2063
vn -0.6161 -0.5793 0.5337
vn -0.6420 -0.6860 0.3424
vn -0.7051 -0.5153 0.4872
vn -0.6110 -0.6561 0.4430
vn -0.5350 -0.8447 0.0128
vn -0.7450 -0.6037 0.2836
vn -0.6217 -0.7710 -0.1381
vn -0.4020 -0.8698 0.2860
vn -0.3040 -0.9247 0.2293
vn -0.6457 -0.7539 0.1211
vn -0.5527 -0.7637 0.3336
vn -0.6190 -0.6795 0.3939
vn -0.7623 -0.5520 0.3379
vn -0.7805 -0.6212 0.0708
vn -0.6177 -0.7441 -0.2544
vn -0.6868 -0.7155 -0.1284
vn -0.5730 -0.7638 -0.2970
vn 0.1456 -0.4456 -0.8833
vn 0.0017 -0.5695 -0.8220
vn -0.0014 -0.5907 -0.8069
vn 0.1798 -0.5015 -0.8463
vn -0.3003 -0.8079 -0.5071
vn -0.3417 -0.7363 -0.5840
vn 0.0009 -0.9990 0.0443
vn 0.2676 -0.9127 -0.3088
vn 0.1762 -0.9206 -0.3484
vn -0.2415 -0.9622 -0.1256
vn 0.4053 -0.4568 -0.7919
vn 0.4374 -0.5625 -0.7016
vn 0.4176 -0.5598 -0.7157
vn 0.4134 -0.6326 -0.6549
vn -0.3309 -0.8714 -0.3622
vn -0.2717 -0.8254 -0.4948
vn 0.0595 -0.8716 -0.4866
vn 0.1199 -0.7883 -0.6036
vn 0.3639 -0.7465 -0.5571
vn 0.4162 -0.7040 -0.5754
vn 0.2758 -0.7842 -0.5558
vn 0.3258 -0.6989 -0.6367
vn 0.2515 -0.6211 -0.7423
vn 0.3719 -0.5949 -0.7125
vn 0.0424 -0.6885 -0.7240
vn 0.3727 -0.6179 -0.6923
vn -0.3111 -0.7482 -0.5860
vn 0.4188 0.7389 -0.5278
vn 0.2325 0.9168 -0.3247
vn 0.0234 0.9986 0.0479
vn 0.4886 0.8183 0.3027
vn 0.6031 0.7899 0.1114
vn 0.6883 0.7243 -0.0406
vn 0.6546 0.6369 -0.4074
vn 0.8382 0.5406 0.0721
vn 0.8661 0.4463 0.2250
vn 0.8161 0.5564 -0.1561
vn 0.7971 0.5340 0.2819
vn 0.7252 0.5522 0.4113
vn 0.8175 0.3573 0.4516
vn 0.8352 0.3816 0.3961
vn 0.8853 0.4646 0.0201
vn 0.8905 0.4536 0.0359
vn 0.8579 0.4030 0.3189
vn 0.8021 0.5314 0.2726
vn 0.7211 0.6734 -0.1629
vn 0.6822 0.6992 0.2139
vn 0.6554 0.6006 0.4579
vn 0.6666 0.4584 0.5878
vn 0.7390 0.5386 0.4047
vn 0.7364 0.5286 0.4223
vn 0.7498 0.5064 0.4259
vn 0.7586 0.4897 0.4297
vn 0.6514 0.4963 0.5739
vn 0.5586 0.5991 0.5736
vn 0.4515 0.8353 0.3138
vn 0.5116 0.8050 0.3004
vn 0.8047 0.3834 0.4533
vn 0.8011 0.3768 0.4651
vn -0.8894 0.0632 0.4527
vn -0.9770 0.0489 0.2076
vn -0.9541 0.2491 0.1661
vn -0.8780 0.1864 0.4409
vn -0.7882 0.0671 0.6117
vn -0.8082 0.0040 0.5889
vn -0.8984 -0.3346 0.2845
vn -0.9206 -0.3412 0.1900
vn -0.9167 -0.3814 0.1189
vn -0.7149 -0.0859 0.6939
vn -0.7234 -0.0159 0.6903
vn -0.6198 -0.0656 0.7820
vn -0.5179 -0.1166 0.8474
vn -0.6637 -0.3887 0.6390
vn -0.8005 -0.3587 0.4801
vn -0.6963 0.4283 0.5759
vn -0.7128 0.6160 0.3354
vn -0.2730 0.8102 0.5187
vn -0.2813 0.6924 0.6644
vn -0.3061 0.5673 0.7645
vn -0.6644 0.2660 0.6984
vn -0.6237 0.1139 0.7734
vn -0.5593 -0.0425 0.8279
vn -0.3670 0.3679 0.8544
vn -0.4076 0.2044 0.8900
vn -0.4030 -0.0894 0.9108
vn -0.3235 0.1371 0.9362
vn -0.4217 0.0621 0.9046
vn -0.5619 -0.2647 0.7837
vn -0.6611 -0.7326 -0.1620
vn -0.8820 -0.4703 0.0294
vn -0.6606 -0.7355 -0.1504
vn -0.6545 -0.7489 -0.1039
vn -0.6512 -0.7363 -0.1838
vn -0.6831 -0.7176 -0.1359
vn -0.7126 -0.7016 -0.0082
vn -0.8119 -0.5763 0.0934
vn -0.7217 -0.6779 -0.1402
vn -0.7559 -0.6527 -0.0509
vn -0.7262 -0.6750 0.1308
vn -0.7015 -0.7120 -0.0315
vn -0.7572 -0.6461 0.0961
vn -0.7415 -0.6302 0.2300
vn -0.7142 -0.6583 0.2377
vn -0.7206 -0.6537 0.2314
vn -0.7509 -0.5354 0.3866
vn -0.6261 -0.3066 0.7169
vn -0.7078 -0.6270 0.3253
vn -0.7423 -0.6368 0.2085
vn 0.0965 0.7261 0.6808
vn 0.0504 0.7215 0.6906
vn 0.0990 0.7517 0.6520
vn 0.0950 0.7431 0.6624
vn -0.0006 0.6223 0.7828
vn -0.0673 0.6801 0.7300
vn -0.1335 0.5543 0.8215
vn -0.1929 0.3741 0.9071
vn -0.0942 0.3646 0.9264
vn -0.1116 0.1194 0.9866
vn -0.5471 -0.1901 0.8152
vn -0.2110 0.0167 0.9773
vn -0.2837 0.1786 0.9421
vn -0.3006 -0.0792 0.9505
vn -0.5106 -0.3989 0.7617
vn -0.3176 -0.1712 0.9326
vn -0.2331 -0.3128 0.9208
vn -0.4928 -0.5380 0.6839
vn -0.6445 -0.7359 0.2074
vn -0.6625 -0.6940 0.2819
vn -0.3327 -0.7296 0.5974
vn -0.0518 -0.4474 0.8928
vn 0.0317 -0.4673 0.8835
vn -0.3215 -0.7698 0.5514
vn -0.5947 -0.8031 0.0363
vn -0.5727 -0.8095 0.1290
vn -0.4515 -0.6266 0.6353
vn 0.0001 -0.2917 0.9565
vn -0.0453 -0.0057 0.9990
vn -0.6002 -0.3380 0.7249
vn -0.8861 -0.4613 0.0460
vn -0.7414 -0.6707 0.0218
vn -0.6590 -0.7348 -0.1606
vn -0.7942 -0.5874 -0.1556
vn -0.6906 -0.6782 -0.2514
vn -0.6345 -0.7511 -0.1825
vn -0.6491 -0.7463 -0.1472
vn -0.8262 -0.5598 0.0625
vn -0.8649 -0.5016 0.0175
vn -0.9068 -0.4216 -0.0073
vn -0.6877 -0.7214 -0.0819
vn -0.6977 -0.7137 0.0610
vn -0.8001 -0.4635 0.3808
vn -0.8447 -0.5010 0.1882
vn -0.6886 -0.6849 0.2382
vn -0.6537 -0.6520 0.3842
vn -0.6222 -0.5192 0.5860
vn -0.7087 -0.4865 0.5109
vn -0.6737 -0.5870 0.4490
vn -0.7056 -0.5501 0.4467
vn -0.6273 -0.4401 0.6426
vn -0.5998 -0.5093 0.6171
vn -0.7462 -0.5415 0.3872
vn -0.7152 -0.6180 0.3266
vn -0.6657 -0.3567 0.6554
vn -0.6926 -0.3733 0.6173
vn -0.7224 -0.6370 0.2689
vn -0.7045 -0.6761 0.2157
vn -0.7323 -0.4763 0.4867
vn -0.7334 -0.3954 0.5529
vn -0.6889 -0.7227 0.0562
vn -0.6666 -0.7323 0.1390
vn -0.7147 -0.6324 0.2989
vn -0.7115 -0.5893 0.3827
vn -0.8028 -0.5962 -0.0054
vn -0.8950 -0.4461 0.0012
vn -0.7904 -0.4833 0.3764
vn -0.7591 -0.5793 0.2969
vn -0.9450 0.0079 0.3269
vn -0.9692 -0.0419 0.2427
vn -0.9208 0.0591 0.3854
vn -0.5692 0.6820 0.4593
vn -0.6152 0.6343 0.4683
vn -0.6641 0.5993 0.4470
vn -0.8801 0.1571 0.4481
vn -0.8027 0.1466 0.5781
vn -0.5569 0.6903 0.4619
vn -0.5526 0.7250 0.4112
vn -0.6562 0.0227 0.7542
vn -0.4687 -0.0284 0.8829
vn -0.0633 0.4982 0.8647
vn -0.4832 0.4502 0.7509
vn -0.0826 0.6209 0.7795
vn -0.4786 0.5790 0.6601
vn -0.2849 0.7693 0.5719
vn -0.4910 0.7540 0.4363
vn -0.3700 -0.1028 0.9233
vn -0.3646 -0.1237 0.9229
vn 0.0485 0.3537 0.9341
vn 0.0843 0.4730 0.8770
vn -0.3954 -0.0444 0.9174
vn -0.4631 0.0123 0.8862
vn -0.0807 0.3710 0.9251
vn -0.0205 0.3099 0.9506
vn -0.5279 0.0180 0.8491
vn -0.5424 -0.0742 0.8369
vn -0.0236 0.4047 0.9142
vn -0.0897 0.4244 0.9010
vn -0.5104 -0.2229 0.8306
vn -0.4499 -0.3512 0.8211
vn 0.1695 0.2024 0.9645
vn 0.0840 0.3246 0.9421
vn -0.1692 -0.1231 0.9779
vn -0.1958 0.0776 0.9776
vn -0.0644 0.1875 0.9802
vn 0.0327 0.1884 0.9815
vn 0.1620 0.1861 0.9691
vn -0.1366 -0.2369 0.9619
vn 0.2552 0.6345 0.7296
vn 0.1601 0.6017 0.7825
vn 0.1710 0.6891 0.7042
vn 0.2022 0.6606 0.7230
vn 0.2378 0.6597 0.7129
vn 0.3567 0.6470 0.6739
vn -0.2056 -0.2813 0.9373
vn 0.1499 0.2196 0.9640
vn -0.0129 0.3311 0.9435
vn -0.3212 -0.2593 0.9108
vn 0.3932 0.6805 0.6184
vn 0.2346 0.6994 0.6752
vn 0.2539 0.6946 0.6731
vn 0.3577 0.7169 0.5984
vn 0.0534 0.5871 0.8078
vn 0.0781 0.5724 0.8163
vn 0.0759 0.5684 0.8193
vn 0.0872 0.5712 0.8162
vn 0.0982 0.5086 0.8554
vn 0.0559 0.5615 0.8256
vn -0.3510 -0.2084 0.9129
vn -0.1101 0.3812 0.9179
vn 0.0252 0.3439 0.9387
vn -0.2019 -0.2187 0.9547
vn 0.0419 0.5520 0.8328
vn 0.0444 0.5406 0.8401
vn 0.2701 0.6486 0.7116
vn 0.2692 0.6732 0.6887
vn 0.0252 0.5063 0.8620
vn 0.0056 0.5002 0.8659
vn 0.3065 0.7195 0.6232
vn 0.3065 0.7109 0.6330
vn 0.0397 -0.2608 0.9646
vn 0.2835 0.2873 0.9149
vn 0.4606 0.3325 0.8230
vn 0.2019 -0.1979 0.9592
vn 0.2766 0.0314 0.9605
vn 0.5628 0.4183 0.7130
vn 0.6395 0.4093 0.6508
vn 0.3040 0.2330 0.9237
vn 0.4192 0.6526 0.6312
vn 0.3171 0.5993 0.7350
vn 0.3358 0.5996 0.7264
vn 0.5300 0.5898 0.6093
vn 0.0648 0.5208 0.8512
vn 0.0089 0.4798 0.8773
vn -0.0376 0.4986 0.8660
vn 0.0508 0.5190 0.8533
vn 0.6030 0.5482 0.5796
vn 0.3596 0.5950 0.7188
vn 0.4387 0.5464 0.7135
vn 0.6876 0.4810 0.5439
vn 0.0544 0.5172 0.8541
vn -0.0314 0.5131 0.8578
vn 0.0324 0.4888 0.8718
vn 0.1075 0.5064 0.8556
vn 0.7179 0.4923 0.4922
vn 0.4856 0.5609 0.6705
vn 0.4578 0.6573 0.5986
vn 0.6584 0.6192 0.4280
vn 0.5235 0.6299 0.5737
vn 0.6361 0.4519 0.6255
vn 0.1225 0.5299 0.8392
vn 0.0064 0.4863 0.8738
vn -0.0795 0.5166 0.8525
vn 0.0810 0.5884 0.8045
vn 0.0929 0.5851 0.8056
vn -0.0578 0.4847 0.8728
vn -0.0080 0.4549 0.8905
vn 0.1271 0.5182 0.8458
vn 0.4447 0.6484 0.6179
vn 0.4285 0.7033 0.5672
vn 0.1400 0.4988 0.8553
vn 0.1680 0.4699 0.8666
vn 0.4636 0.5662 0.6815
vn 0.4622 0.6033 0.6499
vn 0.0297 0.4576 0.8887
vn 0.0499 0.4225 0.9050
vn 0.2105 0.4567 0.8643
vn 0.0412 0.3860 0.9216
vn 0.1445 0.3021 0.9423
vn 0.3030 0.3772 0.8752
vn 0.4655 0.4592 0.7566
vn 0.4488 0.5305 0.7192
vn 0.2226 0.6782 0.7003
vn -0.1271 0.8668 0.4823
vn 0.3374 0.6395 0.6908
vn 0.5244 0.6272 0.5759
vn 0.4769 0.6976 0.5347
vn 0.2109 0.9145 0.3452
vn 0.3784 0.7062 0.5984
vn 0.3171 0.6470 0.6934
vn 0.4219 0.7491 0.5108
vn 0.4754 0.7341 0.4849
vn 0.2503 0.5444 0.8006
vn 0.2014 0.5422 0.8158
vn 0.4147 0.6477 0.6391
vn 0.4239 0.6849 0.5926
vn 0.2344 0.5876 0.7745
vn 0.3330 0.5908 0.7349
vn 0.4797 0.6444 0.5955
vn 0.4350 0.6565 0.6162
vn 0.3217 0.6196 0.7159
vn 0.3684 0.6619 0.6528
vn 0.2585 0.5487 0.7950
vn -0.1806 0.2921 0.9392
vn -0.1024 0.4086 0.9069
vn -0.0405 0.4556 0.8893
vn 0.0249 0.5138 0.8575
vn -0.0220 0.5436 0.8391
vn -0.3371 0.3805 0.8611
vn -0.2885 0.3486 0.8918
vn -0.1779 0.2971 0.9381
vn 0.1036 0.4209 0.9012
vn -0.0103 0.4824 0.8759
vn -0.3127 0.4004 0.8613
vn -0.2073 0.3627 0.9085
vn 0.0125 0.4848 0.8746
vn 0.0412 0.4496 0.8923
vn -0.1217 0.3061 0.9442
vn -0.3595 0.3914 0.8471
vn -0.0871 0.5005 0.8614
vn -0.1030 0.5160 0.8504
vn -0.4089 0.3990 0.8207
vn -0.2334 0.3073 0.9226
vn 0.0141 0.4575 0.8891
vn -0.0128 0.4308 0.9024
vn -0.2121 0.2701 0.9392
vn -0.3673 0.2890 0.8841
vn -0.1549 0.4559 0.8764
vn -0.1445 0.4065 0.9021
vn -0.3642 0.2441 0.8988
vn -0.4031 0.2391 0.8834
vn -0.1327 0.4194 0.8980
vn -0.0896 0.3626 0.9276
vn -0.3451 0.1404 0.9280
vn -0.4010 0.1219 0.9079
vn -0.1508 0.2981 0.9425
vn -0.2280 0.2304 0.9460
vn -0.4386 0.0771 0.8954
vn -0.4030 0.0479 0.9139
vn -0.1513 0.1580 0.9758
vn -0.4932 0.0590 0.8679
vn -0.4535 0.0597 0.8893
vn -0.7674 -0.2994 0.5669
vn -0.7784 -0.2950 0.5541
vn -0.8814 -0.2486 0.4016
vn -0.6581 0.1143 0.7442
vn -0.1921 0.3433 0.9194
vn -0.1089 0.3256 0.9392
vn -0.6581 0.1019 0.7460
vn -0.9044 -0.2381 0.3542
vn -0.8874 -0.2352 0.3965
vn -0.5932 0.0704 0.8019
vn -0.6895 0.1581 0.7068
vn -0.9306 -0.1540 0.3320
vn -0.8073 -0.2079 0.5523
vn -0.5202 0.1161 0.8461
vn -0.3676 0.0718 0.9272
vn -0.6664 -0.2505 0.7023
vn -0.8043 -0.2040 0.5581
vn -0.6206 0.1459 0.7704
vn -0.7211 0.1548 0.6753
vn -0.9064 -0.1696 0.3869
vn -0.8039 -0.2642 0.5328
vn -0.5534 0.0635 0.8305
vn -0.5015 0.0294 0.8647
vn -0.7720 -0.3118 0.5539
vn -0.8391 -0.3008 0.4533
vn -0.6237 0.0239 0.7813
vn -0.6559 -0.0056 0.7548
vn -0.8739 -0.2837 0.3948
vn -0.8568 -0.3024 0.4176
vn -0.6682 -0.0437 0.7427
vn -0.6440 -0.0815 0.7606
vn -0.8794 -0.2568 0.4008
vn -0.8646 -0.2347 0.4444
vn -0.6518 -0.0556 0.7564
vn -0.8461 -0.5320 0.0332
vn -0.9251 -0.3680 -0.0932
vn -0.7206 -0.5914 -0.3620
vn -0.6349 -0.7028 -0.3209
vn -0.6044 -0.7177 -0.3457
vn -0.8111 -0.5815 0.0632
vn -0.8401 -0.2308 0.4909
vn -0.9573 -0.0668 0.2813
vn -0.8086 -0.5875 0.0313
vn -0.5894 -0.7025 -0.3989
vn -0.6151 -0.6351 -0.4672
vn -0.8400 -0.5340 -0.0962
vn -0.8544 -0.4987 -0.1462
vn -0.6317 -0.6015 -0.4890
vn -0.6460 -0.6063 -0.4637
vn -0.8606 -0.4990 -0.1018
vn -0.8817 -0.4564 -0.1193
vn -0.6431 -0.6124 -0.4598
vn -0.6163 -0.6690 -0.4155
vn -0.8574 -0.5146 0.0084
vn -0.7992 -0.5847 0.1391
vn -0.6091 -0.6995 -0.3737
vn -0.6348 -0.6612 -0.3999
vn -0.8160 -0.5725 0.0792
vn -0.8563 -0.5146 -0.0442
vn -0.6416 -0.6373 -0.4269
vn -0.6302 -0.6660 -0.3992
vn -0.8202 -0.5711 0.0350
vn -0.8304 -0.5570 0.0125
vn -0.6694 -0.5911 -0.4499
vn -0.6859 -0.5186 -0.5104
vn -0.8696 -0.4896 -0.0637
vn -0.8894 -0.4481 -0.0901
vn -0.6716 -0.4864 -0.5589
vn -0.6660 -0.4615 -0.5861
vn -0.8922 -0.4463 -0.0689
vn -0.9244 -0.3751 -0.0691
vn -0.7022 -0.4074 -0.5839
vn -0.7677 -0.3480 -0.5381
vn -0.9357 -0.3521 -0.0215
vn -0.7624 -0.6449 -0.0534
vn -0.7156 -0.4329 0.5482
vn -0.6168 -0.4273 0.6610
vn -0.7388 -0.6716 0.0552
vn -0.5159 -0.2862 0.8074
vn -0.7657 -0.6213 0.1662
vn -0.9965 -0.0791 0.0269
vn -0.9128 -0.3678 0.1777
vn -0.8148 0.0266 0.5791
vn -0.9663 0.2264 0.1222
vn -0.6628 0.6899 0.2910
vn -0.3929 0.6197 0.6794
vn 0.0510 0.7984 0.6000
vn -0.1478 0.8659 0.4778
vn 0.2120 0.5308 0.8205
vn 0.2518 0.6698 0.6986
vn -0.1815 0.2654 0.9469
vn 0.1879 0.4412 0.8775
vn 0.2694 0.5457 0.7935
vn 0.2660 0.6198 0.7383
vn -0.7647 -0.5971 0.2423
vn -0.6856 -0.3320 0.6479
vn -0.4459 -0.0014 0.8951
vn -0.0609 0.1581 0.9855
vn -0.8293 -0.5268 -0.1862
vn -0.8256 -0.5631 -0.0364
vn -0.7143 -0.6839 -0.1485
vn -0.7642 -0.5941 -0.2511
vn -0.8080 -0.4917 -0.3245
vn -0.8397 -0.4572 -0.2930
vn -0.9555 -0.2941 0.0244
vn -0.9318 -0.3513 0.0914
vn -0.9013 -0.4018 0.1620
vn -0.8432 -0.4227 -0.3320
vn -0.8303 -0.4291 -0.3557
vn -0.8553 -0.3366 -0.3940
vn -0.8583 -0.3590 -0.3667
vn -0.9807 -0.1916 -0.0391
vn -0.9675 -0.2527 -0.0062
vn -0.8804 -0.2422 -0.4078
vn -0.9042 -0.1315 -0.4063
vn -0.9966 -0.0042 -0.0821
vn -0.9927 -0.0933 -0.0765
vn -0.8649 -0.2094 -0.4561
vn -0.8570 -0.1236 -0.5002
vn -0.9372 -0.1703 -0.3043
vn -0.8817 -0.1882 -0.4327
vn -0.9068 -0.2827 -0.3128
vn -0.9462 -0.2765 -0.1681
vn -0.9821 -0.1852 0.0341
vn -0.9985 -0.0460 -0.0292
vn -0.8066 -0.0466 -0.5893
vn -0.8919 -0.2538 -0.3742
vn -0.8315 -0.3993 -0.3862
vn -0.7143 -0.2048 -0.6692
vn -0.3600 0.1499 -0.9208
vn -0.4573 0.3039 -0.8358
vn -0.6614 0.3538 -0.6613
vn -0.9047 -0.1061 -0.4125
vn -0.9622 -0.1933 -0.1917
vn -0.8548 0.2880 -0.4317
vn -0.9350 0.3273 -0.1367
vn -0.9861 -0.1628 0.0323
vn -0.8243 -0.5650 0.0354
vn -0.7813 -0.5891 -0.2062
vn -0.8432 -0.5252 -0.1150
vn -0.8934 -0.3760 0.2461
vn -0.8274 -0.1495 0.5414
vn -0.7545 -0.3314 0.5665
vn -0.8329 -0.5321 -0.1519
vn -0.9089 -0.4161 -0.0258
vn -0.8974 -0.4376 -0.0569
vn -0.8513 -0.5007 -0.1566
vn -0.2432 0.8703 0.4283
vn -0.2752 0.8663 0.4170
vn -0.2660 0.8853 0.3815
vn -0.3098 0.8564 0.4130
vn -0.2391 0.8854 0.3986
vn -0.2145 0.9114 0.3513
vn -0.3503 0.8848 0.3073
vn -0.4352 0.8652 0.2489
vn -0.2803 0.9103 0.3046
vn -0.3780 0.8385 0.3925
vn -0.4224 0.8680 0.2611
vn -0.1371 0.9695 0.2030
vn -0.9713 0.0183 0.2373
vn -0.5903 0.6808 0.4335
vn -0.3965 0.7762 0.4902
vn -0.9610 0.1518 0.2311
vn -0.9328 -0.0910 0.3487
vn -0.9746 -0.1259 0.1852
vn -0.7803 0.2372 0.5787
vn -0.8472 0.0552 0.5285
vn -0.8407 0.0270 0.5408
vn -0.8710 -0.0224 0.4908
vn -0.9888 -0.0100 0.1488
vn -0.6683 0.5564 0.4938
vn -0.3179 0.8811 0.3501
vn -0.1772 0.8898 0.4206
vn -0.5046 0.6670 0.5481
vn -0.5519 0.5749 0.6041
vn -0.6959 -0.1211 0.7078
vn -0.7528 -0.0502 0.6564
vn -0.7923 -0.0181 0.6098
vn -0.4587 0.7189 0.5223
vn -0.3544 0.7219 0.5943
vn -0.7683 -0.0046 0.6401
vn -0.7466 -0.0683 0.6618
vn -0.3363 0.6879 0.6432
vn -0.5419 0.5050 0.6718
vn -0.7864 -0.2663 0.5573
vn -0.7697 -0.5334 0.3508
vn -0.7356 0.1314 0.6646
vn -0.7760 -0.2001 0.5982
vn -0.6793 -0.6832 0.2680
vn -0.7735 -0.5947 0.2192
vn -0.7833 -0.2458 0.5710
vn -0.7750 -0.2056 0.5976
vn -0.8184 -0.4851 0.3082
vn -0.8381 -0.3444 0.4231
vn -0.7892 -0.0691 0.6103
vn -0.7266 -0.6624 0.1822
vn -0.6422 -0.7474 0.1700
vn -0.7918 -0.4249 0.4389
vn -0.8845 -0.2702 0.3803
vn -0.9350 -0.0343 0.3529
vn -0.8815 -0.3915 0.2640
vn -0.6319 -0.7349 0.2464
vn -0.6463 -0.6857 0.3348
vn -0.6519 -0.5091 0.5620
vn -0.7045 -0.4960 0.5076
vn -0.6821 -0.6209 0.3862
vn -0.6808 -0.5796 0.4478
vn -0.6959 -0.4406 0.5671
vn -0.6517 -0.4836 0.5843
vn -0.5589 -0.5924 0.5803
vn -0.6386 -0.5318 0.5563
vn -0.6896 -0.4673 0.5533
vn -0.6171 -0.5672 0.5454
vn -0.8698 -0.1102 0.4810
vn -0.8673 -0.2574 0.4261
vn -0.9036 -0.2454 0.3512
vn -0.9033 -0.1727 0.3928
vn -0.9149 -0.1493 0.3750
vn -0.8914 -0.0862 0.4450
vn -0.9246 -0.2503 0.2872
vn -0.8952 -0.3317 0.2976
vn -0.9470 -0.1645 0.2759
vn -0.9269 -0.1392 0.3484
vn -0.8983 -0.2124 0.3846
vn -0.8780 -0.2179 0.4261
vn -0.8895 -0.1347 0.4367
vn -0.8947 -0.1504 0.4205
vn -0.8382 -0.0235 0.5448
vn -0.8553 -0.0773 0.5123
vn -0.8597 -0.0356 0.5096
vn -0.8869 -0.0837 0.4544
vn -0.8639 -0.1197 0.4892
vn -0.8215 -0.0255 0.5697
vn -0.8925 -0.0826 0.4434
vn -0.8907 -0.0575 0.4509
vn -0.9237 -0.0921 0.3720
vn -0.8720 -0.0036 0.4895
vn -0.8332 -0.0610 0.5496
vn -0.9596 -0.0960 0.2646
vn -0.9693 -0.0280 0.2444
vn -0.9245 0.0349 0.3796
vn -0.9326 -0.0595 0.3559
vn -0.9226 -0.0688 0.3795
vn -0.8859 -0.0190 0.4635
vn -0.9139 0.0159 0.4057
vn -0.9193 -0.0014 0.3936
vn -0.8841 -0.0106 0.4672
vn -0.8763 0.0692 0.4768
vn -0.6412 -0.0558 0.7654
vn -0.6858 0.1073 0.7198
vn -0.3844 0.1942 0.9025
vn -0.3856 -0.0222 0.9224
vn -0.9749 0.0595 0.2146
vn -0.9729 0.1392 0.1847
vn -0.8969 0.2271 0.3795
vn -0.9148 0.1362 0.3802
vn -0.8543 0.1013 0.5098
vn -0.9107 0.0895 0.4032
vn -0.8433 0.1605 0.5129
vn -0.7039 0.1794 0.6872
vn -0.8600 0.1693 0.4813
vn -0.7954 0.2634 0.5459
vn -0.9710 -0.0264 0.2376
vn -0.9712 0.1179 0.2071
vn -0.8259 0.1485 0.5438
vn -0.8552 0.2413 0.4588
vn -0.1625 0.0315 0.9862
vn -0.1485 0.2516 0.9564
vn -0.0446 0.1783 0.9830
vn -0.0130 0.1008 0.9948
vn -0.5562 0.2021 0.8061
vn -0.7429 0.1836 0.6437
vn -0.6329 0.0878 0.7692
vn -0.4807 0.0599 0.8749
vn -0.6889 0.2947 0.6622
vn -0.5840 0.2278 0.7792
vn -0.9230 0.2724 0.2719
vn -0.9617 -0.1058 0.2530
vn -0.6460 0.2280 0.7285
vn -0.7493 0.0341 0.6614
vn 0.0944 0.2861 0.9535
vn -0.1010 0.1524 0.9831
vn -0.2154 0.2869 0.9334
vn 0.1077 0.4893 0.8655
vn -0.3929 0.1073 0.9133
vn -0.2208 0.3085 0.9253
vn -0.3666 0.2247 0.9028
vn -0.4550 -0.0274 0.8901
vn -0.4840 -0.0596 0.8730
vn -0.5190 0.1548 0.8406
vn -0.5293 0.1022 0.8423
vn -0.1204 0.3474 0.9299
vn -0.3006 0.4309 0.8508
vn -0.7201 0.2354 0.6527
vn -0.1530 0.3202 0.9349
vn -0.0734 0.5599 0.8253
vn 0.1620 0.5253 0.8353
vn -0.0520 0.2840 0.9574
vn 0.1298 0.4860 0.8643
vn 0.1827 0.5057 0.8431
vn 0.2098 0.5901 0.7796
vn 0.3344 0.5809 0.7421
vn 0.3219 0.5649 0.7598
vn 0.0841 0.5275 0.8454
vn 0.0815 0.5819 0.8091
vn 0.1446 0.6371 0.7571
vn 0.1091 0.5573 0.8231
vn 0.1649 0.5717 0.8037
vn 0.2680 0.5862 0.7645
vn 0.3917 0.5850 0.7102
vn 0.4271 0.5898 0.6854
vn 0.0526 0.5116 0.8576
vn -0.4216 0.5552 0.7170
vn -0.1004 0.7217 0.6849
vn 0.2938 0.1272 0.9474
vn -0.3277 -0.1596 0.9312
vn 0.4561 -0.3231 0.8292
vn -0.1957 -0.6034 0.7730
vn 0.4371 -0.0485 0.8981
vn -0.1992 -0.4455 0.8728
vn 0.3834 0.5563 0.7373
vn -0.2034 0.1602 0.9659
vn 0.0909 0.8113 0.5775
vn -0.6800 0.2401 0.6928
vn -0.6712 0.2011 0.7134
vn -0.0607 0.7308 0.6799
vn -0.1633 0.6743 0.7201
vn -0.6476 0.1072 0.7544
vn -0.6155 0.0409 0.7871
vn -0.2224 0.6469 0.7294
vn -0.2568 0.6403 0.7239
vn -0.6171 0.0302 0.7863
vn -0.6598 0.0432 0.7502
vn -0.2931 0.6330 0.7166
vn -0.3609 0.6283 0.6891
vn -0.7365 0.0749 0.6723
vn -0.8203 0.1498 0.5520
vn -0.4537 0.6393 0.6209
vn -0.3778 0.7752 0.5062
vn -0.8387 0.3193 0.4412
vn 0.1547 0.8663 0.4749
vn 0.2782 0.8435 0.4595
vn 0.1243 0.8786 0.4611
vn 0.0464 0.8580 0.5116
vn 0.1831 0.8858 0.4264
vn 0.1791 0.9043 0.3874
vn 0.3297 0.8942 0.3028
vn 0.3165 0.8678 0.3830
vn 0.2170 0.8993 0.3796
vn 0.2822 0.8802 0.3816
vn 0.4982 0.8210 0.2789
vn 0.3829 0.8823 0.2736
vn 0.5056 0.7652 0.3985
vn 0.3909 0.8307 0.3964
vn 0.6612 0.7016 0.2655
vn 0.6098 0.7453 0.2695
vn 0.7533 0.1374 0.6432
vn 0.7172 0.5225 0.4612
vn 0.6964 0.6437 0.3175
vn 0.6569 0.5704 0.4931
vn 0.6595 0.0203 0.7515
vn 0.4632 0.4267 0.7768
vn 0.6434 0.5988 0.4769
vn 0.6850 0.4932 0.5361
vn 0.2542 0.7931 0.5534
vn 0.1981 0.9367 0.2887
vn 0.6301 0.7163 0.2998
vn 0.6331 0.6522 0.4168
vn 0.3212 0.9345 0.1537
vn 0.5621 0.8050 0.1895
vn 0.6620 0.7350 0.1471
vn 0.6411 0.7517 0.1548
vn 0.6795 0.6729 0.2924
vn 0.6459 0.6500 0.4003
vn 0.5954 0.7490 0.2908
vn 0.6636 0.7176 0.2114
vn 0.4680 0.7662 0.4403
vn 0.3257 0.7570 0.5664
vn -0.1089 0.8211 0.5603
vn 0.3343 0.8757 0.3485
vn 0.3531 0.6846 0.6377
vn -0.0748 0.5037 0.8606
vn -0.9716 -0.0088 0.2366
vn -0.8061 0.2341 0.5435
vn -0.5922 0.0004 0.8058
vn -0.8060 0.0444 0.5903
vn -0.7617 0.0689 0.6442
vn -0.6982 0.2699 0.6631
vn -0.9638 0.0823 0.2536
vn -0.3332 0.3748 0.8651
vn -0.6660 0.5861 0.4615
vn -0.2037 0.3254 0.9234
vn -0.0130 0.3810 0.9245
vn -0.2518 0.3273 0.9108
vn -0.2355 0.3497 0.9068
vn -0.2847 0.2628 0.9219
vn -0.1858 0.4490 0.8740
vn -0.0476 0.5340 0.8442
vn -0.3230 0.1598 0.9328
vn -0.2643 0.1157 0.9575
vn -0.3414 -0.1290 0.9310
vn -0.3581 -0.0059 0.9337
vn -0.3934 0.1063 0.9132
vn -0.2801 0.2714 0.9208
vn -0.4017 -0.3162 0.8595
vn -0.3066 -0.5387 0.7847
vn -0.3184 -0.3905 0.8638
vn -0.2399 -0.4228 0.8739
vn -0.3263 -0.6426 0.6932
vn -0.4908 -0.2246 0.8418
vn 0.4396 0.5510 0.7093
vn 0.5086 0.4872 0.7099
vn 0.5609 0.5219 0.6426
vn 0.5216 0.5919 0.6145
vn 0.1815 0.3913 0.9022
vn 0.1446 0.1882 0.9714
vn 0.2207 0.0602 0.9735
vn 0.6205 0.4661 0.6306
vn 0.6838 0.4400 0.5821
vn 0.3070 0.0488 0.9505
vn -0.4124 -0.3661 0.8342
vn -0.4186 -0.2732 0.8661
vn 0.2963 0.2430 0.9237
vn 0.2197 0.1393 0.9656
vn 0.5599 0.4244 0.7116
vn 0.6220 0.4367 0.6499
vn 0.7059 0.4582 0.5401
vn 0.6968 0.4166 0.5838
vn 0.6551 0.4998 0.5666
vn 0.6536 0.4733 0.5906
vn 0.2844 0.0482 0.9575
vn -0.1548 -0.3394 0.9278
vn 0.1848 0.1543 0.9706
vn -0.2176 -0.1385 0.9662
vn -0.2325 0.1403 0.9624
vn -0.0386 0.2339 0.9715
vn -0.5106 -0.2646 0.8181
vn -0.5954 -0.2909 0.7489
vn -0.8619 -0.3543 0.3628
vn -0.7581 -0.0604 0.6493
vn -0.7850 0.2401 0.5711
vn -0.8803 0.1632 0.4454
vn -0.8356 -0.4603 0.2999
vn -0.8013 -0.5604 0.2094
vn -0.8395 -0.4466 0.3096
vn -0.7356 -0.1204 0.6666
vn -0.7333 -0.5977 0.3242
vn -0.7672 -0.5766 0.2809
vn -0.1356 0.4597 0.8777
vn -0.2983 0.4715 0.8299
vn -0.8424 -0.0429 0.5371
vn -0.7176 -0.1166 0.6866
vn -0.8588 -0.5038 0.0927
vn -0.8883 -0.4572 0.0434
vn -0.9004 -0.4312 0.0582
vn -0.8871 -0.4492 0.1064
vn -0.9077 -0.3171 0.2747
vn -0.9205 -0.2763 0.2763
vn -0.7542 0.0250 0.6561
vn -0.7508 -0.0109 0.6604
vn -0.3842 0.2831 0.8788
vn -0.4480 0.1693 0.8779
vn -0.7561 -0.1677 0.6327
vn -0.8009 -0.1553 0.5784
vn -0.8360 -0.5480 0.0277
vn -0.8197 -0.5685 0.0697
vn -0.7759 -0.6308 -0.0074
vn -0.8367 -0.5476 -0.0122
vn -0.8764 -0.3827 0.2923
vn -0.7852 -0.4957 0.3711
vn -0.5947 -0.2083 0.7765
vn -0.6947 -0.0825 0.7146
vn -0.5381 0.2564 0.8029
vn -0.6553 0.4960 0.5697
vn -0.4246 0.1742 0.8885
vn -0.1984 0.3065 0.9310
vn -0.3719 0.4904 0.7882
vn -0.5503 0.6357 0.5413
vn -0.4095 0.2790 0.8686
vn -0.4371 0.3096 0.8445
vn -0.1504 0.4838 0.8621
vn -0.1567 0.3714 0.9152
vn -0.4079 0.1968 0.8916
vn -0.3853 0.0292 0.9223
vn -0.1236 0.2683 0.9554
vn -0.1233 0.4342 0.8923
vn -0.4225 -0.0446 0.9053
vn -0.6007 -0.2591 0.7563
vn -0.6359 -0.2673 0.7240
vn -0.4738 -0.0724 0.8776
vn -0.2116 0.1417 0.9670
vn -0.1680 0.1722 0.9706
vn 0.1987 0.4004 0.8945
vn 0.2169 0.4793 0.8504
vn 0.1498 0.3590 0.9212
vn 0.5328 0.4736 0.7013
vn 0.4968 0.4857 0.7192
vn 0.4617 0.5018 0.7314
vn -0.9821 -0.1637 -0.0929
vn -0.7061 0.2533 0.6612
vn -0.9066 0.0185 0.4217
vn -0.7453 -0.0285 0.6662
vn -0.8881 -0.1826 0.4219
vn -0.8684 -0.4796 -0.1257
vn -0.5781 0.3416 0.7410
vn -0.6373 0.4330 0.6374
vn -0.7015 0.1923 0.6862
vn -0.6522 0.0338 0.7573
vn -0.7083 0.5375 0.4576
vn -0.6250 0.5930 0.5077
vn -0.4784 0.6805 0.5551
vn -0.5966 0.5853 0.5490
vn -0.8125 0.1039 0.5736
vn -0.7874 0.0694 0.6125
vn -0.2415 0.6498 0.7207
vn -0.0391 0.4448 0.8948
vn -0.2901 0.1164 0.9499
vn -0.6105 0.2062 0.7647
vn 0.0426 0.4109 0.9107
vn 0.0761 0.5177 0.8522
vn -0.0091 0.2266 0.9739
vn -0.1239 0.1411 0.9822
vn 0.1497 0.5493 0.8221
vn 0.2889 0.4851 0.8254
vn -0.8118 -0.4702 0.3463
vn -0.8140 -0.5587 0.1589
vn -0.7673 -0.3878 0.5108
vn -0.7340 -0.3393 0.5883
vn -0.7547 -0.4421 0.4848
vn -0.8186 -0.3922 0.4196
vn -0.6994 -0.3602 0.6173
vn -0.7380 -0.3494 0.5773
vn -0.7440 -0.5021 0.4409
vn -0.7211 -0.3424 0.6023
vn -0.6717 -0.1871 0.7168
vn -0.7320 -0.1773 0.6579
vn -0.7391 -0.0716 0.6698
vn -0.6080 -0.0145 0.7938
vn -0.8186 -0.2993 0.4902
vn -0.8300 -0.0947 0.5497
vn -0.7731 -0.4865 0.4070
vn -0.7609 -0.5841 0.2825
vn -0.7479 -0.6221 0.2317
vn -0.7648 -0.5933 0.2510
vn -0.8283 -0.2786 0.4861
vn -0.8573 -0.3312 0.3941
vn -0.7648 0.0277 0.6436
vn -0.8404 -0.0358 0.5408
vn -0.7180 -0.5605 0.4128
vn -0.5316 -0.5388 0.6535
vn -0.5246 -0.6545 0.5445
vn -0.6726 -0.6468 0.3596
vn -0.7202 -0.2699 0.6391
vn -0.5465 -0.3524 0.7597
vn -0.5439 -0.0985 0.8334
vn -0.6631 0.0358 0.7477
vn -0.3963 -0.4440 0.8036
vn -0.4102 -0.3875 0.8256
vn -0.4089 -0.6824 0.6059
vn -0.5025 -0.6090 0.6137
vn -0.4278 -0.5539 0.7143
vn -0.5048 -0.6194 0.6013
vn -0.5205 -0.5124 0.6830
vn -0.4591 -0.3619 0.8113
vn -0.9121 0.4071 0.0484
vn -0.9620 0.2191 -0.1629
vn -0.9871 0.1598 -0.0061
vn -0.9014 0.4073 0.1467
vn -0.8941 0.4156 0.1671
vn -0.9071 0.4102 0.0949
vn -0.9441 0.3204 -0.0777
vn -0.9287 0.3067 0.2083
vn -0.8546 0.4290 0.2926
vn -0.9169 0.3990 0.0051
vn -0.9520 -0.1666 -0.2569
vn -0.9652 -0.2473 -0.0847
vn -0.9884 0.0212 -0.1503
vn -0.9945 0.0335 0.0996
vn -0.9151 -0.3791 -0.1377
vn -0.9105 -0.3000 -0.2846
vn -0.9456 -0.1508 -0.2882
vn -0.9461 -0.2838 -0.1561
vn -0.9352 0.2139 0.2821
vn -0.9509 -0.2963 -0.0896
vn -0.9576 -0.2733 -0.0912
vn -0.9573 0.1206 0.2627
vn -0.9030 0.2477 0.3510
vn -0.8468 0.3904 0.3612
vn -0.9866 0.0742 0.1452
vn -0.9901 0.0126 0.1397
vn -0.9315 -0.3275 -0.1583
vn -0.9087 -0.3882 -0.1534
vn -0.8744 -0.4455 -0.1923
vn -0.8826 -0.4201 -0.2109
vn -0.9887 -0.1052 0.1071
vn -0.9987 -0.0171 0.0487
vn -0.9521 0.1035 0.2879
vn -0.9431 -0.3231 -0.0785
vn -0.8977 -0.4276 -0.1062
vn -0.9701 -0.0251 0.2414
vn -0.9087 0.1841 0.3748
vn -0.8861 0.2443 0.3938
vn -0.8516 -0.5237 0.0242
vn -0.8653 -0.1710 0.4712
vn -0.8464 -0.0224 0.5320
vn -0.8923 -0.4511 -0.0157
vn -0.7609 -0.5605 -0.3270
vn -0.7565 -0.5869 -0.2886
vn -0.9605 -0.2233 0.1659
vn -0.8326 -0.5331 -0.1504
vn -0.7792 -0.5938 -0.2007
vn -0.9318 -0.3571 0.0649
vn -0.8934 0.0297 0.4483
vn -0.9107 0.0853 0.4042
vn -0.9896 -0.0413 0.1377
vn -0.9870 -0.0006 0.1607
vn -0.9765 -0.2150 -0.0149
vn -0.9245 -0.3459 -0.1600
vn -0.9249 0.0409 0.3781
vn -0.9349 0.0866 0.3442
vn -0.9205 -0.3676 -0.1328
vn -0.9719 -0.1994 0.1248
vn -0.8664 0.0395 0.4978
vn -0.9627 -0.1137 0.2456
vn -0.8774 0.0495 0.4772
vn -0.7157 0.2187 0.6633
vn -0.6207 0.2474 0.7440
vn -0.7125 0.1457 0.6863
vn -0.8850 -0.4638 -0.0407
vn -0.8754 -0.0402 0.4818
vn -0.7655 -0.5787 -0.2811
vn -0.8969 0.3570 0.2610
vn -0.8598 0.2644 0.4368
vn -0.7887 0.2898 0.5422
vn -0.8814 0.3858 0.2724
vn -0.7298 0.2346 0.6422
vn -0.5568 0.2622 0.7882
vn -0.2135 0.3691 0.9045
vn -0.4197 0.3074 0.8540
vn -0.1248 0.2436 0.9618
vn -0.1436 0.4209 0.8957
vn -0.4338 0.3948 0.8099
vn -0.2848 0.1911 0.9394
vn -0.2909 0.0209 0.9565
vn -0.5130 0.1526 0.8447
vn -0.5683 0.3323 0.7527
vn -0.5697 0.3316 0.7520
vn -0.5097 0.3915 0.7661
vn -0.4726 0.3770 0.7966
vn -0.4281 0.3001 0.8524
vn -0.2938 0.4074 0.8647
vn -0.7004 -0.2062 0.6833
vn -0.5929 0.0254 0.8049
vn -0.7221 0.1551 0.6742
vn -0.7662 -0.0532 0.6404
vn -0.4365 0.4148 0.7984
vn -0.6077 0.3725 0.7014
vn -0.7146 0.3432 0.6096
vn -0.6276 0.3574 0.6917
vn -0.7221 0.1811 0.6677
vn -0.6890 0.3030 0.6584
vn -0.7434 0.3091 0.5932
vn -0.6862 0.3523 0.6364
vn -0.3370 -0.7596 -0.5563
vn -0.4030 -0.7429 -0.5344
vn -0.1049 -0.7817 -0.6148
vn -0.0459 -0.7436 -0.6671
vn -0.0383 -0.6816 -0.7307
vn -0.3114 -0.7351 -0.6022
vn -0.3328 -0.6785 -0.6548
vn -0.0788 -0.6054 -0.7920
vn -0.1027 -0.5816 -0.8069
vn -0.3761 -0.6285 -0.6809
vn -0.0905 -0.6088 -0.7882
vn -0.3720 -0.6372 -0.6749
vn -0.3817 -0.6223 -0.6834
vn -0.0964 -0.5958 -0.7973
vn -0.3543 -0.6451 -0.6770
vn -0.1025 -0.6109 -0.7851
vn -0.1112 -0.6067 -0.7871
vn -0.3360 -0.6675 -0.6645
vn -0.3408 -0.6714 -0.6580
vn -0.1152 -0.6076 -0.7858
vn -0.1156 -0.5925 -0.7973
vn -0.3518 -0.6422 -0.6811
vn -0.3461 -0.6320 -0.6934
vn -0.1023 -0.5738 -0.8126
vn -0.1118 -0.5142 -0.8503
vn -0.3536 -0.6084 -0.7105
vn -0.3822 -0.5248 -0.7606
vn -0.1178 -0.4379 -0.8913
vn -0.0896 -0.3818 -0.9199
vn -0.3588 -0.4675 -0.8079
vn -0.3131 -0.4209 -0.8514
vn -0.1168 -0.3217 -0.9396
vn -0.2395 -0.2976 -0.9242
vn -0.3105 -0.3771 -0.8726
vn -0.3489 -0.3388 -0.8738
vn -0.2829 -0.2998 -0.9111
vn -0.3035 -0.2523 -0.9188
vn -0.4038 -0.2723 -0.8734
vn -0.3026 -0.2314 -0.9246
vn -0.0606 -0.1723 -0.9832
vn -0.0611 -0.2979 -0.9526
vn -0.3437 -0.2965 -0.8911
vn -0.0282 -0.2814 -0.9592
vn -0.3368 -0.2593 -0.9052
vn 0.0037 -0.7435 -0.6687
vn -0.1613 -0.7404 -0.6525
vn -0.3262 -0.6942 -0.6416
vn -0.1127 -0.6999 -0.7053
vn 0.0378 -0.7708 -0.6360
vn -0.0922 -0.7825 -0.6158
vn -0.1700 -0.6239 -0.7628
vn -0.4342 -0.6360 -0.6380
vn -0.4680 -0.6099 -0.6395
vn -0.1813 -0.5915 -0.7857
vn -0.1899 -0.6059 -0.7725
vn -0.4729 -0.6061 -0.6396
vn -0.4748 -0.6269 -0.6177
vn -0.2143 -0.6158 -0.7582
vn -0.2380 -0.6205 -0.7472
vn -0.4505 -0.6530 -0.6087
vn -0.3994 -0.6936 -0.5995
vn -0.2338 -0.6364 -0.7351
vn -0.2071 -0.6426 -0.7377
vn -0.3533 -0.7133 -0.6053
vn -0.3281 -0.7048 -0.6289
vn -0.1844 -0.6368 -0.7486
vn -0.1696 -0.6263 -0.7609
vn -0.3412 -0.6767 -0.6525
vn -0.3934 -0.6434 -0.6567
vn -0.1896 -0.5851 -0.7885
vn -0.2075 -0.5455 -0.8120
vn -0.4523 -0.6196 -0.6415
vn -0.4611 -0.6447 -0.6097
vn -0.2419 -0.5346 -0.8097
vn -0.3685 -0.6868 -0.6265
vn -0.2162 -0.6667 -0.7132
vn -0.2908 -0.4092 -0.8649
vn -0.2896 -0.4705 -0.8335
vn -0.1932 -0.3192 -0.9278
vn -0.0606 -0.6254 -0.7779
vn 0.0891 -0.6369 -0.7658
vn 0.0267 -0.2550 -0.9666
vn -0.3951 -0.7246 -0.5647
vn -0.3680 -0.7924 -0.4865
vn -0.5061 -0.7780 -0.3723
vn -0.5523 -0.7121 -0.4334
vn -0.6064 -0.6365 -0.4766
vn -0.4649 -0.6556 -0.5951
vn -0.5337 -0.6063 -0.5895
vn -0.6752 -0.5705 -0.4677
vn -0.7171 -0.5534 -0.4238
vn -0.5809 -0.5926 -0.5581
vn -0.5848 -0.6038 -0.5418
vn -0.7094 -0.5860 -0.3916
vn -0.6882 -0.6148 -0.3851
vn -0.5626 -0.6359 -0.5282
vn -0.5248 -0.6864 -0.5034
vn -0.6642 -0.6523 -0.3652
vn -0.6028 -0.7257 -0.3316
vn -0.4741 -0.7355 -0.4840
vn -0.7123 -0.6892 -0.1325
vn -0.7802 -0.5628 0.2728
vn -0.8327 -0.4826 0.2714
vn -0.7721 -0.6017 -0.2045
vn -0.6488 -0.7477 -0.1413
vn -0.7552 -0.6326 0.1718
vn -0.8855 -0.3779 0.2705
vn -0.8925 -0.3561 0.2767
vn -0.8554 -0.4845 -0.1832
vn -0.8310 -0.5119 -0.2179
vn -0.8518 -0.4589 0.2529
vn -0.7880 -0.5704 0.2318
vn -0.7727 -0.6145 -0.1594
vn -0.8283 -0.5413 -0.1448
vn -0.7785 -0.6015 -0.1791
vn -0.8307 -0.5440 -0.1185
vn -0.7649 -0.5648 -0.3097
vn -0.8580 -0.5092 -0.0677
vn -0.8425 -0.5385 0.0165
vn -0.8548 -0.5075 0.1087
vn -0.8064 -0.4818 -0.3429
vn -0.8722 -0.3842 -0.3026
vn -0.9349 -0.3454 0.0821
vn -0.8894 -0.4568 -0.0177
vn -0.9023 -0.3474 -0.2551
vn -0.9183 -0.3896 -0.0697
vn -0.9023 -0.3482 0.2544
vn -0.9382 -0.3169 0.1393
vn -0.8315 -0.5467 0.0987
vn -0.7005 -0.6848 0.2008
vn -0.6966 -0.5626 0.4452
vn -0.8055 -0.4661 0.3660
vn -0.5837 -0.7807 0.2231
vn -0.4957 -0.8428 0.2098
vn -0.5866 -0.6897 0.4246
vn -0.6315 -0.6248 0.4593
vn -0.4527 -0.8777 0.1572
vn -0.4766 -0.8742 0.0933
vn -0.5589 -0.7633 0.3242
vn -0.5535 -0.7529 0.3561
vn -0.5612 -0.8212 0.1032
vn -0.5177 -0.8515 0.0828
vn -0.6091 -0.7184 0.3359
vn -0.5806 -0.7409 0.3375
vn -0.6034 -0.7910 0.1011
vn -0.5860 -0.8041 0.0998
vn -0.6414 -0.7146 0.2791
vn -0.6440 -0.7037 0.3002
vn -0.5086 -0.8498 0.1381
vn -0.3977 -0.8938 0.2074
vn -0.4527 -0.7962 0.4014
vn -0.5636 -0.7639 0.3142
vn -0.2977 -0.9221 0.2473
vn -0.2866 -0.9306 0.2278
vn -0.3833 -0.7354 0.5588
vn -0.3831 -0.7766 0.5002
vn -0.8695 -0.4124 0.2718
vn -0.8360 -0.4276 0.3440
vn -0.8465 -0.4701 0.2499
vn -0.8751 -0.4568 0.1599
vn -0.8836 -0.2923 0.3659
vn -0.8365 -0.3211 0.4441
vn -0.8032 -0.2392 0.5456
vn -0.7890 -0.3495 0.5053
vn -0.8295 -0.2317 0.5081
vn -0.7972 -0.2565 0.5465
vn -0.7895 -0.2534 0.5590
vn -0.8760 -0.2528 0.4107
vn -0.8480 -0.3008 0.4365
vn -0.7431 -0.3409 0.5758
vn -0.7267 -0.3298 0.6026
vn -0.6739 -0.4307 0.6003
vn -0.7159 -0.4109 0.5644
vn -0.7730 -0.4157 0.4793
vn -0.6817 -0.5210 0.5137
vn -0.6466 -0.5598 0.5182
vn -0.6355 -0.5931 0.4943
vn -0.6535 -0.5363 0.5342
vn -0.6632 -0.5001 0.5568
vn -0.5864 -0.6444 0.4908
vn -0.6133 -0.6306 0.4756
vn -0.5909 -0.5762 0.5646
vn -0.6295 -0.5534 0.5453
vn -0.5869 -0.6226 0.5176
vn -0.6227 -0.5848 0.5199
vn -0.5827 -0.5688 0.5805
vn -0.5678 -0.5886 0.5755
vn -0.6610 -0.5604 0.4990
vn -0.6726 -0.5571 0.4870
vn -0.6462 -0.4621 0.6074
vn -0.6191 -0.5151 0.5927
vn -0.6118 -0.6027 0.5123
vn -0.4667 -0.6721 0.5748
vn -0.5290 -0.5388 0.6556
vn -0.6352 -0.4523 0.6261
vn -0.7975 -0.5916 0.1181
vn -0.6679 -0.7435 -0.0317
vn -0.4337 -0.7753 -0.4591
vn -0.8214 -0.5681 -0.0511
vn -0.8536 -0.5020 0.1393
vn -0.8552 -0.4885 0.1732
vn -0.8073 -0.5185 0.2817
vn -0.8644 -0.4842 0.1354
vn -0.8534 -0.4959 0.1608
vn -0.7978 -0.4434 0.4085
vn 0.1044 0.8061 0.5825
vn 0.3199 0.7395 0.5922
vn 0.3346 0.8026 0.4938
vn 0.0691 0.8475 0.5262
vn 0.1342 0.7787 0.6129
vn 0.0881 0.8053 0.5863
vn -0.2268 0.6001 0.7671
vn 0.0461 0.6100 0.7911
vn 0.0427 0.8641 0.5015
vn 0.1822 0.7234 0.6660
vn 0.4511 0.6666 0.5934
vn 0.5469 0.5993 0.5846
vn 0.4099 0.6470 0.6429
vn 0.1369 0.7133 0.6873
vn 0.4950 0.6993 0.5156
vn 0.3962 0.8376 0.3761
vn 0.4859 0.7593 0.4328
vn 0.5640 0.7096 0.4224
vn 0.4683 0.6916 0.5498
vn 0.5712 0.6455 0.5070
vn -0.2959 0.6237 0.7234
vn -0.0952 0.6769 0.7299
vn 0.1751 0.9095 0.3771
vn 0.1061 0.8979 0.4273
vn 0.4538 0.5953 0.6631
vn 0.3460 0.6505 0.6762
vn 0.0875 0.6822 0.7260
vn 0.2363 0.5941 0.7689
vn 0.2738 0.9187 0.2847
vn 0.1515 0.9450 0.2899
vn 0.0070 0.8897 0.4566
vn 0.2373 0.8636 0.4449
vn 0.2189 0.7585 0.6139
vn -0.0134 0.7737 0.6334
vn -0.0908 0.5547 0.8271
vn -0.2481 0.6535 0.7151
vn -0.5945 0.5216 0.6120
vn -0.5106 0.4416 0.7378
vn -0.0104 0.7162 0.6979
vn -0.3884 0.7508 0.5343
vn -0.2905 0.8892 0.3535
vn 0.0533 0.9210 0.3860
vn -0.0891 0.9396 0.3306
vn -0.4149 0.8461 0.3345
vn -0.5453 0.7209 0.4277
vn -0.2526 0.8475 0.4668
vn -0.3012 0.7319 0.6112
vn -0.5967 0.6028 0.5296
vn -0.6392 0.7621 0.1032
vn -0.7249 0.6362 -0.2642
vn -0.8356 0.4234 -0.3501
vn -0.7016 0.7092 0.0686
vn -0.6420 0.5867 -0.4935
vn -0.6004 0.4871 -0.6342
vn -0.8300 0.2657 0.4904
vn -0.8442 0.3144 0.4341
vn -0.9945 0.0632 0.0834
vn -0.9816 -0.0057 0.1911
vn -0.8266 0.5413 0.1539
vn -0.9841 0.1261 -0.1248
vn -0.9826 0.0854 -0.1650
vn -0.8767 0.4367 0.2015
vn -0.8652 0.3952 0.3086
vn -0.9700 0.1778 -0.1658
vn -0.4344 0.3683 -0.8220
vn -0.2739 0.2396 -0.9314
vn -0.5562 -0.0062 -0.8310
vn -0.7470 0.1600 -0.6453
vn -0.9507 -0.2873 -0.1168
vn -0.9524 -0.1616 -0.2586
vn -0.7878 -0.3670 -0.4947
vn -0.7835 -0.5015 -0.3668
vn -0.9321 -0.1746 -0.3174
vn -0.7771 -0.3286 -0.5368
vn -0.8187 -0.2985 -0.4905
vn -0.9186 -0.1425 -0.3685
vn -0.8687 0.0283 -0.4945
vn -0.7590 -0.1752 -0.6270
vn -0.7855 -0.3440 -0.5144
vn -0.8006 -0.4385 -0.4084
vn -0.4810 -0.2533 -0.8394
vn -0.5784 -0.1262 -0.8059
vn -0.2516 -0.0946 -0.9632
vn -0.3019 0.0922 -0.9489
vn -0.4929 -0.6832 -0.5388
vn -0.5400 -0.5653 -0.6235
vn -0.2362 -0.6993 -0.6746
vn -0.1612 -0.7714 -0.6156
vn -0.2085 0.1620 -0.9645
vn -0.3477 -0.0566 -0.9359
vn -0.2130 -0.5011 -0.8388
vn -0.5028 -0.6777 -0.5366
vn -0.1179 -0.6171 -0.7780
vn -0.3027 -0.5679 -0.7654
vn -0.2753 -0.3833 -0.8816
vn -0.7721 -0.6297 -0.0856
vn -0.8318 -0.5544 0.0283
vn -0.0341 -0.7395 -0.6723
vn 0.0408 -0.7607 -0.6478
vn -0.1711 -0.8289 -0.5326
vn -0.2976 -0.6366 -0.7115
vn -0.0853 -0.6771 -0.7310
vn -0.4920 -0.8223 -0.2861
vn -0.5688 -0.4523 -0.6869
vn -0.6031 -0.4476 -0.6602
vn -0.5380 -0.3555 -0.7643
vn -0.8820 -0.4662 0.0687
vn -0.9111 -0.3683 -0.1853
vn -0.9257 -0.3781 -0.0121
vn -0.9210 -0.3883 0.0312
vn -0.9094 -0.3837 -0.1606
vn -0.8922 -0.4420 -0.0923
vn -0.7306 -0.6742 -0.1076
vn -0.8184 -0.5652 0.1037
vn -0.8941 -0.3827 0.2327
vn -0.8191 -0.5646 -0.1017
vn -0.8856 -0.3193 0.3374
vn -0.8824 -0.4498 -0.1378
vn -0.9136 -0.3720 -0.1643
vn -0.8768 -0.3015 0.3745
vn -0.9115 -0.3238 0.2537
vn -0.9414 -0.2518 -0.2246
vn -0.9365 -0.1490 -0.3174
vn -0.9646 -0.1948 -0.1779
vn -0.8856 -0.3511 -0.3039
vn -0.9079 -0.1275 -0.3994
vn -0.8942 -0.2021 -0.3995
vn -0.8486 -0.3990 -0.3473
vn -0.8390 -0.4133 -0.3538
vn -0.8755 -0.4243 -0.2313
vn -0.9524 -0.3047 -0.0097
vn -0.8760 -0.4376 0.2030
vn -0.9282 -0.3382 0.1550
vn -0.9351 -0.2834 0.2127
vn -0.8192 -0.3829 0.4269
vn -0.8694 -0.4941 0.0013
vn -0.8989 -0.4341 0.0591
vn -0.8662 -0.3958 0.3049
vn -0.8210 -0.4815 0.3067
vn -0.8422 -0.3710 0.3911
vn -0.9576 -0.2742 0.0881
vn -0.9305 -0.3643 -0.0383
vn -0.9586 0.2691 0.0936
vn -0.9291 0.3252 0.1761
vn -0.7872 0.4346 0.4375
vn -0.7955 0.5570 0.2386
vn -0.8689 0.3867 0.3089
vn -0.7337 0.3806 0.5629
vn -0.3160 0.5154 0.7966
vn -0.6154 0.5112 0.5999
vn -0.4376 0.2699 0.8577
vn -0.1924 0.1290 0.9728
vn 0.1741 0.3210 0.9309
vn 0.0209 0.4200 0.9073
vn -0.3789 0.1824 0.9073
vn -0.6126 0.3433 0.7119
vn -0.3982 0.5314 0.7477
vn -0.0986 0.4366 0.8942
vn -0.7331 0.3432 0.5872
vn -0.7745 0.2998 0.5571
vn -0.5008 0.4492 0.7399
vn -0.5172 0.5223 0.6780
vn -0.7030 0.3001 0.6448
vn -0.5413 0.2546 0.8013
vn -0.2017 0.3550 0.9128
vn -0.3588 0.3918 0.8472
vn -0.4315 0.1850 0.8830
vn -0.5558 0.1736 0.8130
vn -0.3537 0.4561 0.8166
vn -0.2160 0.3716 0.9029
vn -0.7221 0.1269 0.6800
vn -0.7904 0.0873 0.6064
vn -0.5277 0.5383 0.6571
vn -0.4881 0.5200 0.7010
vn -0.7775 0.1178 0.6178
vn -0.7079 0.1477 0.6907
vn -0.4624 0.5612 0.6864
vn -0.5162 0.5544 0.6528
vn -0.6308 0.1292 0.7651
vn -0.5560 0.0033 0.8312
vn -0.3906 0.4506 0.8028
vn -0.4267 0.5282 0.7342
vn -0.5006 -0.2247 0.8360
vn -0.5321 -0.3802 0.7566
vn -0.3502 0.1585 0.9232
vn -0.3297 0.3352 0.8826
vn 0.0843 0.6848 0.7238
vn 0.1395 0.7256 0.6738
vn 0.1212 0.5848 0.8021
vn 0.5145 0.5765 0.6348
vn 0.5986 0.6171 0.5108
vn 0.5958 0.6593 0.4587
vn 0.1801 0.4786 0.8594
vn 0.1514 0.4421 0.8841
vn 0.2716 0.5084 0.8172
vn 0.3919 0.5276 0.7537
vn 0.0418 0.5016 0.8641
vn -0.0627 0.6342 0.7706
vn 0.1019 0.6769 0.7290
vn 0.1745 0.5662 0.8056
vn 0.0489 0.7918 0.6088
vn -0.1175 0.7590 0.6405
vn -0.1348 0.8230 0.5518
vn 0.0352 0.8673 0.4966
vn -0.1412 0.8478 0.5112
vn -0.0907 0.8571 0.5071
vn 0.2073 0.9054 0.3704
vn 0.0865 0.9041 0.4184
vn -0.0193 0.8727 0.4879
vn 0.0907 0.8908 0.4453
vn 0.4086 0.8943 0.1824
vn 0.3351 0.8961 0.2912
vn 0.1979 0.8804 0.4309
vn 0.1678 0.8284 0.5345
vn 0.3891 0.9135 0.1186
vn 0.4272 0.8977 0.1077
vn -0.7597 -0.5081 0.4058
vn -0.7875 -0.6103 0.0857
vn -0.7863 -0.5812 0.2095
vn -0.7651 -0.4672 0.4432
vn 0.1467 0.3198 0.9361
vn -0.1720 0.1061 0.9794
vn -0.0342 -0.1019 0.9942
vn 0.3092 0.1673 0.9362
vn 0.5846 0.3275 0.7423
vn 0.5495 0.4516 0.7029
vn -0.4563 -0.1029 0.8839
vn -0.6407 -0.2933 0.7096
vn -0.5271 -0.4479 0.7222
vn -0.3087 -0.3378 0.8891
vn -0.6154 -0.2526 0.7466
vn -0.3982 -0.8847 0.2422
vn -0.7191 -0.6721 0.1767
vn -0.8056 -0.5171 0.2892
vn -0.6943 -0.5360 0.4804
vn -0.6355 -0.7604 0.1340
vn -0.2783 -0.9604 -0.0143
vn -0.4724 -0.7527 0.4585
vn -0.1103 -0.8003 0.5894
vn 0.1969 -0.9796 -0.0392
vn 0.6602 -0.7500 -0.0401
vn 0.3474 -0.5995 0.7210
vn 0.9622 -0.2501 -0.1076
vn 0.9932 0.0839 -0.0806
vn 0.8965 0.2335 0.3766
vn 0.7830 -0.1267 0.6090
vn 0.5100 0.2616 0.8194
vn 0.6951 0.4293 0.5767
vn 0.9002 0.2288 0.3706
vn 0.7167 0.0099 0.6973
vn 0.2060 -0.4924 0.8456
vn -0.0150 -0.0738 0.9972
vn -0.4472 -0.5772 0.6833
vn -0.3036 -0.8307 0.4666
vn -0.5893 -0.7561 0.2849
vn -0.5600 -0.6263 0.5424
vn -0.6138 -0.5464 0.5699
vn -0.6221 -0.4144 0.6643
vn -0.6855 -0.6197 0.3822
vn -0.6902 -0.4239 0.5865
vn -0.6076 -0.3090 0.7316
vn -0.6422 -0.2201 0.7343
vn -0.4816 0.1204 0.8681
vn -0.5107 0.0342 0.8591
vn -0.0488 0.7130 0.6995
vn -0.0468 0.6671 0.7435
vn 0.2799 0.8984 0.3383
vn 0.3130 0.9171 0.2468
vn 0.2640 0.6142 0.7437
vn 0.8306 0.1964 0.5211
vn 0.8565 0.4509 0.2512
vn 0.4924 0.7799 0.3865
vn -0.2426 0.0913 0.9658
vn 0.4062 -0.1767 0.8965
vn -0.4124 -0.4623 0.7850
vn 0.3903 -0.6763 0.6247
vn -0.4208 -0.7155 0.5576
vn 0.3267 -0.8829 0.3374
vn 0.9268 -0.2787 0.2516
vn 0.8513 -0.5247 0.0005
vn 0.9670 -0.2181 -0.1315
vn 0.9976 0.0643 0.0259
vn -0.4235 -0.8725 0.2436
vn -0.3565 -0.9339 0.0281
vn 0.2050 -0.9441 -0.2583
vn 0.2690 -0.9628 -0.0267
vn 0.5120 0.8311 0.2172
vn 0.7895 0.6122 0.0434
vn 0.6626 0.7478 -0.0410
vn 0.3688 0.9047 0.2131
vn 0.7595 -0.5896 -0.2749
vn 0.6528 -0.6334 -0.4154
vn 0.8729 -0.1906 -0.4491
vn 0.9252 -0.1865 -0.3304
vn 0.9564 0.2179 -0.1947
vn 0.8920 0.2834 -0.3521
vn 0.2531 0.3717 0.8932
vn 0.1127 0.5549 0.8243
vn -0.2642 0.4085 0.8737
vn -0.1305 0.2487 0.9598
vn 0.5886 0.7060 0.3939
vn 0.5953 0.6892 0.4131
vn 0.4183 0.7136 0.5619
vn 0.4158 0.7249 0.5492
vn 0.6159 0.6433 0.4548
vn 0.6054 0.6228 0.4956
vn 0.4712 0.6454 0.6012
vn 0.4446 0.6725 0.5917
vn -0.7715 0.1687 0.6134
vn -0.7062 -0.0221 0.7077
vn -0.9820 -0.1693 0.0843
vn -0.9558 -0.2879 0.0593
vn 0.0267 0.6560 0.7543
vn 0.0667 0.6387 0.7665
vn -0.4277 0.4004 0.8104
vn -0.3559 0.4900 0.7958
vn 0.1073 0.6027 0.7907
vn 0.1364 0.5390 0.8312
vn -0.3580 0.2322 0.9044
vn -0.4539 0.3026 0.8381
vn -0.8359 0.1903 0.5148
vn -0.8719 0.0097 0.4896
vn -0.9269 -0.2380 0.2902
vn -0.9724 -0.1652 0.1645
vn -0.9279 -0.3643 0.0789
vn -0.9208 -0.3281 0.2109
vn -0.7406 -0.3248 0.5882
vn -0.7862 -0.3780 0.4889
vn -0.8442 -0.1820 0.5042
vn -0.7157 -0.2887 0.6359
vn -0.7419 -0.5355 0.4035
vn -0.8534 -0.3724 0.3647
vn -0.4457 -0.1968 0.8733
vn -0.4597 -0.1467 0.8759
vn -0.0016 0.2714 0.9625
vn 0.1749 0.2574 0.9504
vn -0.8760 -0.3268 0.3547
vn -0.8252 -0.3036 0.4764
vn -0.6592 -0.2723 0.7010
vn -0.6930 -0.2972 0.6568
vn -0.7593 -0.3827 0.5263
vn -0.6818 -0.5307 0.5035
vn -0.5206 -0.4695 0.7131
vn -0.6078 -0.3367 0.7192
vn 0.5801 0.5601 0.5914
vn 0.4452 0.6153 0.6505
vn 0.3109 0.6770 0.6671
vn 0.5464 0.5917 0.5927
vn -0.4808 -0.1348 0.8664
vn -0.5016 -0.1650 0.8492
vn -0.1973 0.0858 0.9766
vn -0.1250 0.1830 0.9751
vn -0.4507 -0.2827 0.8467
vn -0.3317 -0.4278 0.8408
vn -0.0450 -0.3418 0.9387
vn -0.1492 -0.1484 0.9776
vn -0.0442 0.3449 0.9376
vn -0.2672 0.4790 0.8361
vn -0.4284 0.3684 0.8251
vn -0.3814 0.1475 0.9126
vn 0.3318 0.5406 0.7731
vn 0.2752 0.3789 0.8836
vn 0.1340 0.4184 0.8983
vn 0.1523 0.6187 0.7707
vn 0.2578 0.0757 0.9632
vn 0.1229 -0.2034 0.9714
vn -0.2403 -0.1895 0.9520
vn 0.0504 0.0959 0.9941
vn -0.3268 0.4265 0.8434
vn -0.3249 0.2393 0.9150
vn -0.3841 0.2254 0.8954
vn -0.4014 0.3654 0.8399
vn -0.3564 0.0208 0.9341
vn -0.4753 -0.1371 0.8691
vn -0.4363 -0.0331 0.8992
vn -0.3931 0.0828 0.9158
vn -0.9218 -0.0087 0.3876
vn -0.8979 0.2260 0.3777
vn -0.4494 0.5164 0.7289
vn -0.6193 0.2760 0.7350
vn -0.6465 0.0668 0.7600
vn -0.8728 -0.3262 0.3630
vn -0.6010 -0.2067 0.7721
vn -0.7729 -0.5398 0.3336
vn -0.4868 -0.4610 0.7420
vn -0.7505 -0.5322 0.3917
vn -0.3795 -0.0622 0.9231
vn -0.5955 -0.0467 0.8020
vn -0.6262 -0.2513 0.7381
vn -0.3740 -0.3204 0.8703
vn -0.3222 0.1496 0.9348
vn -0.5269 0.1442 0.8376
vn -0.7865 -0.4292 0.4440
vn -0.4402 -0.5501 0.7096
vn -0.5447 -0.5300 0.6499
vn -0.8354 -0.3771 0.3998
vn -0.8259 -0.2295 0.5151
vn -0.8929 -0.3071 0.3294
vn -0.3136 -0.4843 0.8168
vn -0.6020 -0.4163 0.6814
vn -0.5829 -0.5270 0.6185
vn -0.3033 -0.5776 0.7579
vn -0.7782 -0.0483 0.6262
vn -0.5384 -0.4214 0.7298
vn -0.6769 -0.3893 0.6247
vn -0.8605 -0.1685 0.4808
vn -0.3683 -0.6234 0.6897
vn -0.5945 -0.5939 0.5421
vn -0.6756 -0.5787 0.4569
vn -0.5261 -0.5890 0.6135
vn -0.8812 -0.3504 0.3174
vn -0.7380 -0.5110 0.4407
vn -0.7568 -0.5616 0.3346
vn -0.8599 -0.4537 0.2339
vn -0.7215 0.2887 0.6294
vn -0.9335 0.2106 0.2901
vn -0.9465 0.0792 0.3128
vn -0.7528 0.1205 0.6471
vn -0.4747 0.3055 0.8254
vn -0.4784 0.3984 0.7826
vn -0.7310 0.3619 0.5785
vn -0.9220 0.2646 0.2828
vn -0.7889 -0.0556 0.6120
vn -0.9456 -0.0584 0.3200
vn -0.9362 -0.1688 0.3084
vn -0.8037 -0.2110 0.5563
vn -0.8019 -0.3235 0.5022
vn -0.9263 -0.2514 0.2808
vn -0.9357 -0.2893 0.2019
vn -0.7970 -0.4028 0.4500
vn -0.9527 -0.2763 0.1267
vn -0.9634 -0.2412 0.1173
vn -0.8342 -0.4756 0.2792
vn -0.8023 -0.4703 0.3677
vn -0.9854 0.0136 -0.1696
vn -0.9900 0.0510 -0.1315
vn -0.8764 -0.1586 -0.4546
vn -0.8591 -0.1674 -0.4837
vn -0.8494 -0.1507 -0.5057
vn -0.9808 -0.0347 -0.1920
vn -0.9806 -0.0688 -0.1838
vn -0.8533 -0.1108 -0.5095
vn -0.8586 -0.0355 -0.5115
vn -0.9832 -0.0731 -0.1674
vn -0.9824 -0.0839 -0.1668
vn -0.8640 0.0370 -0.5021
vn -0.8559 0.1302 -0.5005
vn -0.9758 -0.0697 -0.2075
vn -0.8458 0.2739 -0.4579
vn -0.9784 0.0353 -0.2036
vn -0.7980 0.5250 -0.2958
vn -0.9714 0.2131 -0.1051
vn -0.9232 0.3750 0.0845
vn -0.6589 0.7394 -0.1383
vn -0.3902 0.9205 0.0222
vn -0.7733 0.5760 0.2648
vn -0.9402 -0.0694 0.3334
vn -0.9621 -0.1686 0.2144
vn -0.4677 0.7614 0.4488
vn -0.0591 0.9623 0.2656
vn 0.1872 0.8143 0.5494
vn -0.1559 0.7301 0.6653
vn -0.6943 0.3587 0.6239
vn -0.8728 0.1614 0.4607
vn -0.0019 0.5886 0.8084
vn 0.2859 0.6062 0.7422
vn 0.0299 0.4884 0.8721
vn 0.3173 0.4572 0.8308
vn -0.5955 0.4174 0.6864
vn -0.5924 0.3893 0.7054
vn 0.0731 0.4235 0.9029
vn 0.3214 0.3424 0.8829
vn 0.2516 0.2153 0.9436
vn 0.0629 0.3326 0.9410
vn -0.4254 0.4574 0.7809
vn -0.5339 0.4692 0.7035
vn -0.1014 0.1863 0.9772
vn 0.0123 -0.0026 0.9999
vn -0.4485 -0.2169 0.8671
vn -0.5425 -0.0277 0.8396
vn -0.5849 0.2352 0.7763
vn -0.3628 0.3899 0.8464
vn -0.8567 -0.1462 0.4947
vn -0.8940 0.0973 0.4374
vn -0.7882 -0.3416 0.5118
vn -0.9114 -0.3998 0.0979
vn -0.9696 -0.2235 0.1000
vn -0.9942 -0.0339 0.1024
vn -0.9829 -0.0119 -0.1835
vn -0.9429 -0.2036 -0.2635
vn -0.8864 -0.3699 -0.2784
vn -0.8088 -0.3130 -0.4978
vn -0.9008 -0.1352 -0.4127
vn -0.9629 0.1185 -0.2425
vn -0.9300 -0.0734 -0.3602
vn -0.7936 -0.2709 -0.5448
vn -0.8416 -0.1903 -0.5055
vn -0.9723 -0.0014 -0.2336
vn -0.9664 0.2249 0.1242
vn -0.9773 0.2001 -0.0694
vn -0.9873 0.0623 -0.1460
vn -0.8753 -0.1447 -0.4615
vn -0.9337 0.2736 0.2309
vn 0.0342 0.9950 0.0936
vn -0.2725 0.9386 -0.2118
vn -0.2793 0.8722 -0.4015
vn 0.0051 0.9973 -0.0736
vn 0.2527 0.8773 0.4080
vn 0.2673 0.8457 0.4619
vn 0.3530 0.6060 0.7128
vn 0.3608 0.6221 0.6948
vn 0.3778 0.4554 0.8061
vn 0.3602 0.4580 0.8127
vn 0.3391 0.3347 0.8792
vn 0.3448 0.3317 0.8781
vn 0.2333 0.1328 0.9633
vn 0.2740 0.1674 0.9470
vn 0.0211 -0.0742 0.9970
vn -0.0522 -0.1278 0.9904
vn -0.3906 -0.4357 0.8109
vn -0.3814 -0.3653 0.8492
vn -0.6915 -0.5090 0.5126
vn -0.6394 -0.6148 0.4617
vn -0.7724 -0.6317 0.0651
vn -0.8355 -0.5380 0.1121
vn -0.8254 -0.4873 -0.2852
vn -0.7703 -0.5529 -0.3178
vn -0.7048 -0.4474 -0.5505
vn -0.7461 -0.4097 -0.5249
vn -0.7262 -0.2827 -0.6266
vn -0.6457 -0.3437 -0.6819
vn -0.6451 -0.3375 -0.6855
vn -0.7208 -0.2903 -0.6294
vn -0.7144 -0.2904 -0.6366
vn -0.6457 -0.3402 -0.6836
vn -0.7057 -0.3385 -0.6224
vn -0.6567 -0.3639 -0.6605
vn 0.2105 0.6952 0.6873
vn -0.0285 0.9270 0.3740
vn -0.4237 0.8645 0.2704
vn -0.1591 0.7443 0.6486
vn -0.0765 0.5446 0.8352
vn 0.3078 0.4828 0.8199
vn 0.2705 0.3334 0.9031
vn -0.1049 0.3419 0.9339
vn -0.3557 0.0574 0.9328
vn 0.0476 0.0811 0.9956
vn -0.2397 -0.1946 0.9511
vn -0.5195 -0.1939 0.8322
vn -0.7174 -0.4278 0.5498
vn -0.5110 -0.4719 0.7185
vn -0.6883 -0.6398 0.3419
vn -0.7989 -0.5702 0.1915
vn -0.8025 -0.5590 -0.2085
vn -0.7630 -0.6434 -0.0627
vn -0.7311 -0.5509 -0.4024
vn -0.7323 -0.4843 -0.4788
vn -0.6733 -0.3981 -0.6230
vn -0.6725 -0.4400 -0.5951
vn -0.6346 -0.3688 -0.6791
vn -0.6413 -0.3579 -0.6787
vn -0.6394 -0.3535 -0.6828
vn -0.6247 -0.3584 -0.6937
vn -0.7217 -0.2240 -0.6549
vn -0.7447 -0.1435 -0.6518
vn -0.6766 -0.2449 -0.6945
vn -0.6977 -0.1446 -0.7017
vn -0.7210 -0.0621 -0.6902
vn -0.7670 -0.0645 -0.6384
vn -0.9914 -0.0283 -0.1276
vn -0.7472 -0.2779 -0.6038
vn -0.7032 -0.3232 -0.6333
vn -0.7614 -0.3024 -0.5734
vn -0.9385 -0.2386 0.2494
vn -0.8228 -0.1222 0.5550
vn -0.8203 0.0766 0.5667
vn -0.7331 0.0112 -0.6800
vn -0.7724 0.0443 -0.6336
vn -0.7183 0.1243 -0.6846
vn -0.7738 0.1683 -0.6107
vn -0.8806 0.4511 0.1451
vn -0.7212 0.4227 0.5488
vn -0.6380 0.5669 0.5211
vn -0.5898 0.3195 0.7417
vn -0.8813 -0.3670 -0.2976
vn -0.9151 -0.4009 0.0437
vn -0.7850 -0.3896 -0.4816
vn -0.6340 -0.3519 -0.6887
vn -0.6235 -0.3579 -0.6951
vn -0.6383 -0.3211 -0.6996
vn -0.6259 -0.3387 -0.7025
vn -0.7225 -0.2949 -0.6254
vn -0.6984 -0.3135 -0.6434
vn -0.6429 0.7153 -0.2741
vn -0.6770 0.2502 -0.6921
vn -0.8397 0.0243 -0.5426
vn -0.9220 0.3268 -0.2077
vn -0.7186 -0.2789 -0.6371
vn -0.6598 -0.3119 -0.6837
vn -0.6708 -0.2164 -0.7094
vn -0.6955 -0.0709 -0.7150
vn -0.6649 -0.1158 -0.7379
vn -0.6886 0.0078 -0.7251
vn -0.6436 -0.2831 -0.7111
vn -0.6416 -0.2325 -0.7310
vn -0.6678 0.3165 -0.6737
vn -0.7722 0.3129 -0.5530
vn -0.5922 0.4715 -0.6535
vn -0.6893 0.5564 -0.4641
vn -0.4494 0.6831 -0.5758
vn -0.5162 0.7740 -0.3667
vn -0.6482 0.1352 -0.7494
vn -0.6505 -0.0239 -0.7591
vn -0.5813 0.2835 -0.7627
vn -0.4454 0.6846 -0.5770
vn -0.4720 0.5241 -0.7089
vn -0.2685 0.9465 -0.1791
vn -0.6699 -0.1832 -0.7194
vn -0.2433 0.3169 0.9167
vn -0.1506 0.4347 0.8879
vn -0.7852 0.3691 0.4972
vn -0.5220 0.4205 0.7421
vn -0.5771 0.4872 0.6555
vn -0.8590 0.3451 0.3782
vn -0.9000 0.3973 0.1795
vn -0.6486 0.6158 0.4474
vn -0.7560 0.6310 0.1740
vn -0.9311 0.3626 -0.0398
vn -0.9711 0.2283 -0.0701
vn -0.8595 0.5104 0.0273
vn -0.8850 0.4630 0.0485
vn -0.9755 0.1863 0.1172
vn -0.8131 0.5112 0.2785
vn -0.8742 0.2716 0.4026
vn -0.7193 0.5029 0.4792
vn -0.6458 0.4164 0.6399
vn -0.6209 0.7429 0.2501
vn -0.7292 0.6785 0.0892
vn -0.8387 0.5418 -0.0552
vn -0.8126 0.3555 0.4619
vn -0.9329 0.2297 0.2772
vn -0.7920 0.3828 0.4757
vn -0.6660 0.4342 0.6066
vn -0.8759 0.3295 0.3525
vn -0.9833 0.1566 0.0931
vn -0.9972 0.0067 0.0739
vn -0.9090 0.2166 0.3560
vn -0.8968 0.0864 0.4339
vn -0.9621 -0.2091 0.1752
vn -0.8677 -0.4434 0.2247
vn -0.8950 -0.0765 0.4394
vn -0.8598 -0.4330 0.2708
vn -0.8641 -0.3844 0.3248
vn -0.7603 -0.5917 0.2680
vn -0.7566 -0.5556 0.3448
vn -0.6517 -0.6228 0.4328
vn -0.7009 -0.6466 0.3010
vn -0.8886 -0.2669 0.3731
vn -0.8094 -0.5416 0.2270
vn -0.7868 -0.6099 0.0945
vn -0.7381 -0.6592 0.1436
vn -0.6491 -0.7601 -0.0305
vn -0.6730 -0.7358 -0.0757
vn -0.6961 -0.7057 0.1317
vn -0.6405 -0.7679 0.0095
vn -0.6872 -0.7179 0.1118
vn -0.6463 -0.7629 0.0179
vn -0.6346 -0.7662 -0.1008
vn -0.5895 -0.8058 -0.0558
vn -0.6127 -0.7902 -0.0141
vn -0.6918 -0.7214 0.0314
vn -0.6121 -0.7894 -0.0468
vn -0.6484 -0.7604 -0.0380
vn -0.6607 -0.7437 -0.1018
vn -0.6380 -0.7674 -0.0641
vn -0.7062 -0.7060 0.0529
vn -0.7296 -0.6837 -0.0162
vn -0.8778 -0.4732 -0.0741
vn -0.9799 -0.1643 -0.1128
vn -0.9800 -0.1226 0.1567
vn -0.8044 -0.5931 0.0358
vn -0.9996 0.0271 0.0082
vn -0.9714 0.1273 0.2005
vn -0.9660 0.1416 0.2163
vn -0.9672 0.0694 0.2442
vn -0.9228 0.3541 0.1517
vn -0.9528 0.2019 0.2269
vn -0.9896 0.1360 -0.0475
vn -0.7972 0.5902 0.1270
vn -0.9774 0.1131 -0.1788
vn -0.9891 0.1146 0.0924
vn -0.9622 0.0584 -0.2660
vn -0.9956 0.0553 -0.0757
vn -0.9470 0.0828 0.3105
vn -0.9995 -0.0038 0.0320
vn -0.9587 -0.1044 0.2647
vn -0.9105 -0.0722 0.4072
vn -0.9774 -0.0761 -0.1970
vn -0.9667 -0.0216 -0.2550
vn -0.7361 -0.4382 0.5159
vn -0.6301 -0.2764 0.7256
vn -0.4119 -0.5734 0.7082
vn -0.6526 -0.6980 0.2947
vn -0.9788 -0.0945 -0.1815
vn -0.9891 -0.0517 -0.1378
vn -0.8813 -0.2778 0.3824
vn -0.9329 -0.1883 0.3070
vn -0.9966 -0.0085 -0.0820
vn -0.8395 -0.4090 0.3577
vn -0.9979 0.0016 -0.0645
vn -0.9855 -0.1631 -0.0465
vn -0.1722 -0.6635 0.7281
vn -0.2067 -0.4736 0.8561
vn 0.3661 -0.5987 0.7125
vn 0.0936 -0.6366 0.7655
vn -0.4234 -0.3441 0.8381
vn -0.1734 -0.5376 0.8252
vn 0.1983 -0.7857 0.5859
vn 0.5132 -0.6007 0.6130
vn 0.5654 -0.6307 0.5316
vn 0.6345 -0.6452 0.4256
vn -0.4684 -0.8518 0.2346
vn -0.8941 -0.4477 -0.0124
vn -0.8644 -0.4282 0.2637
vn -0.4677 -0.7679 0.4377
vn -0.4753 -0.8601 0.1855
vn -0.4754 -0.8108 0.3415
vn 0.0730 -0.9251 0.3725
vn 0.0562 -0.9808 0.1868
vn -0.8881 -0.3231 0.3269
vn -0.9469 -0.1586 0.2797
vn -0.8439 -0.5342 0.0494
vn -0.5599 -0.8188 0.1269
vn -0.9378 -0.1511 0.3126
vn -0.9651 -0.2432 0.0968
vn -0.3881 -0.8256 0.4096
vn -0.1799 -0.7619 0.6222
vn -0.5887 -0.4064 0.6987
vn -0.8132 -0.3492 0.4657
vn -0.4640 -0.4696 0.7511
vn -0.3665 -0.7578 0.5399
vn -0.9450 -0.1006 0.3111
vn -0.9222 -0.1372 0.3615
vn -0.9458 -0.1108 0.3052
vn -0.9366 -0.1098 0.3328
vn -0.5444 -0.2196 0.8096
vn -0.6403 -0.0871 0.7632
vn -0.7538 -0.0738 0.6530
vn -0.6792 -0.1957 0.7074
vn -0.9303 -0.1341 0.3414
vn -0.9291 -0.1161 0.3512
vn -0.9758 -0.1524 0.1566
vn -0.9731 -0.1888 0.1324
vn -0.9198 -0.1347 0.3684
vn -0.9299 -0.1131 0.3499
vn -0.9443 -0.1166 0.3076
vn -0.9440 -0.1211 0.3068
vn -0.9305 -0.1229 0.3451
vn -0.9326 -0.1146 0.3423
vn -0.9739 -0.1611 0.1600
vn -0.9252 -0.1257 0.3582
vn -0.9092 -0.1793 0.3757
vn -0.9630 -0.2261 0.1469
vn -0.7736 -0.0462 0.6320
vn -0.8508 -0.2540 0.4600
vn -0.8253 -0.0307 0.5638
vn -0.8100 -0.0059 0.5865
vn -0.9423 -0.3192 0.1012
vn -0.8902 -0.2738 0.3641
vn -0.6537 -0.7492 0.1066
vn -0.5883 -0.6958 0.4121
vn -0.7580 -0.5047 0.4132
vn -0.6815 -0.7165 0.1486
vn -0.9329 -0.1034 0.3451
vn -0.9044 -0.0927 0.4165
vn -0.9119 -0.1544 0.3802
vn -0.9392 -0.1206 0.3215
vn -0.7898 -0.5459 0.2797
vn -0.8114 -0.2630 0.5220
vn -0.8396 -0.2492 0.4827
vn -0.8622 -0.1589 0.4810
vn -0.5114 -0.6620 0.5480
vn -0.8037 -0.4392 0.4015
vn -0.9058 -0.1729 0.3868
vn -0.8635 -0.2843 0.4165
vn -0.9275 -0.1209 0.3538
vn -0.7303 0.5440 0.4132
vn -0.3134 0.8065 0.5013
vn -0.3266 0.7104 0.6234
vn -0.5598 0.6095 0.5614
vn 0.0666 0.8290 0.5553
vn 0.2640 0.7943 0.5471
vn 0.2671 0.7874 0.5555
vn 0.0647 0.7749 0.6288
vn -0.0413 0.4885 0.8716
vn 0.0622 0.4953 0.8665
vn -0.0900 0.5295 0.8435
vn 0.0158 0.4271 0.9041
vn -0.2663 0.7065 0.6557
vn 0.0425 0.6713 0.7400
vn -0.0654 0.8490 0.5243
vn -0.4522 0.8108 0.3718
vn -0.6052 0.7864 0.1238
vn -0.6566 0.7539 0.0224
vn -0.2255 0.9522 0.2061
vn -0.7179 0.6926 -0.0705
vn -0.2802 0.5545 0.7836
vn -0.0784 0.6666 0.7413
vn 0.2671 0.6308 0.7285
vn 0.0978 0.5564 0.8251
vn 0.4066 0.7303 0.5490
vn 0.2567 0.7126 0.6529
vn 0.5192 0.6954 0.4968
vn 0.4572 0.6652 0.5903
vn 0.3130 0.6225 0.7173
vn 0.4876 0.6128 0.6218
vn 0.5905 0.5838 0.5573
vn 0.3803 0.7043 0.5995
vn 0.3061 0.8771 0.3702
vn 0.6311 0.6330 0.4484
vn 0.4155 0.7680 0.4873
vn 0.4092 0.7874 0.4610
vn 0.4764 0.7673 0.4293
vn 0.4959 0.7465 0.4436
vn 0.4465 0.7836 0.4319
vn 0.4863 0.7882 0.3771
vn 0.5555 0.7096 0.4334
vn 0.5049 0.7400 0.4444
vn 0.5526 0.7766 0.3026
vn 0.6499 0.7139 0.2606
vn 0.7132 0.6071 0.3504
vn 0.6470 0.6492 0.3999
vn 0.8149 0.5201 0.2557
vn 0.8257 0.5086 0.2441
vn 0.8283 0.5019 0.2489
vn 0.8440 0.4543 0.2852
vn 0.8364 0.4587 0.3000
vn 0.7980 0.5477 0.2515
vn 0.8180 0.5300 0.2238
vn 0.7695 0.6115 0.1844
vn 0.7449 0.6434 0.1763
vn 0.6026 0.7934 0.0864
vn 0.5129 0.8496 0.1227
vn 0.3420 0.9391 0.0347
vn 0.7095 0.6519 0.2677
vn 0.6547 0.7503 0.0918
vn 0.5546 0.8294 0.0670
vn 0.3445 0.9388 0.0014
vn 0.4377 0.8991 0.0071
vn 0.2015 0.9794 0.0138
vn 0.2293 0.9734 0.0018
vn 0.5156 0.8435 0.1508
vn 0.4322 0.8769 0.2104
vn 0.2778 0.9554 0.1001
vn 0.3227 0.9451 0.0525
vn 0.1945 0.9803 0.0337
vn 0.1677 0.9844 0.0530
vn 0.1646 0.9730 0.1620
vn -0.3710 0.9285 0.0137
vn -0.2520 0.9502 -0.1835
vn 0.1225 0.9906 0.0611
vn 0.7083 0.6617 0.2460
vn 0.7392 0.6323 0.2318
vn 0.7783 0.5528 0.2978
vn 0.7459 0.5880 0.3128
vn 0.7685 0.5962 0.2323
vn 0.8124 0.5008 0.2987
vn 0.7971 0.4872 0.3568
vn 0.8176 0.4199 0.3941
vn 0.6786 0.5630 0.4718
vn 0.7281 0.5317 0.4327
vn 0.5779 0.6656 0.4722
vn 0.7459 0.5336 0.3986
vn 0.7772 0.4896 0.3953
vn 0.8076 0.4324 0.4011
vn 0.5267 0.7472 0.4053
vn 0.4802 0.7873 0.3867
vn 0.5518 0.7476 0.3695
vn 0.6080 0.6601 0.4411
vn 0.5699 0.6774 0.4651
vn 0.5696 0.6293 0.5287
vn 0.6236 0.5996 0.5016
vn 0.6683 0.5907 0.4521
vn 0.6409 0.6377 0.4274
vn 0.6085 0.6926 0.3873
vn 0.5024 0.7485 0.4328
vn -0.6956 -0.5909 -0.4086
vn -0.6748 -0.6581 -0.3339
vn -0.3946 -0.7617 -0.5139
vn -0.4543 -0.6668 -0.5907
vn -0.4462 -0.6717 -0.5914
vn -0.7386 -0.5446 -0.3974
vn -0.7425 -0.5726 -0.3475
vn -0.4348 -0.7048 -0.5606
vn -0.4295 -0.7248 -0.5387
vn -0.7217 -0.6155 -0.3166
vn -0.6805 -0.6571 -0.3244
vn -0.4331 -0.7230 -0.5383
vn -0.4527 -0.7136 -0.5346
vn -0.6611 -0.6704 -0.3369
vn -0.6828 -0.6207 -0.3854
vn -0.4853 -0.6455 -0.5898
vn -0.5295 -0.5602 -0.6370
vn -0.6679 -0.5814 -0.4647
vn -0.6951 -0.6486 -0.3101
vn -0.3482 -0.8635 -0.3648
vn 0.2151 -0.7611 -0.6119
vn 0.2495 -0.6293 -0.7360
vn -0.0174 -0.7235 -0.6901
vn 0.0266 -0.8562 -0.5160
vn -0.0405 -0.6896 -0.7231
vn 0.2565 -0.6312 -0.7320
vn 0.1800 -0.6336 -0.7524
vn 0.0018 -0.6998 -0.7144
vn -0.0240 -0.7171 -0.6966
vn 0.0909 -0.6636 -0.7425
vn -0.0051 -0.6742 -0.7385
vn -0.0696 -0.7169 -0.6937
vn -0.1341 -0.6931 -0.7082
vn -0.1153 -0.6686 -0.7346
vn -0.2048 -0.6179 -0.7591
vn -0.2029 -0.6615 -0.7219
vn -0.3619 -0.5694 -0.7381
vn -0.5570 -0.4512 -0.6972
vn -0.4924 -0.4906 -0.7189
vn -0.3132 -0.6025 -0.7341
vn 0.0216 -0.7114 -0.7025
vn -0.1787 -0.6593 -0.7303
vn -0.1883 -0.6601 -0.7272
vn -0.5670 -0.6032 -0.5610
vn -0.5559 -0.6015 -0.5737
vn -0.2413 -0.6498 -0.7208
vn -0.6981 -0.5524 -0.4555
vn -0.6990 -0.5522 -0.4543
vn -0.3076 -0.6412 -0.7030
vn -0.5603 -0.5940 -0.5772
vn -0.6257 -0.5547 -0.5484
vn -0.4130 -0.6053 -0.6804
vn -0.7131 -0.5466 -0.4391
vn -0.7535 -0.4969 -0.4306
vn -0.7080 -0.4976 -0.5011
vn -0.5452 -0.5423 -0.6393
vn -0.7552 -0.4740 -0.4527
vn -0.6723 -0.4690 -0.5727
vn -0.7744 -0.4942 -0.3951
vn -0.7948 -0.4532 -0.4036
vn -0.6882 -0.5903 -0.4218
vn -0.6374 -0.6149 -0.4643
vn -0.6532 -0.5753 -0.4922
vn -0.6989 -0.5459 -0.4621
vn -0.6758 -0.5031 -0.5387
vn -0.6273 -0.5564 -0.5449
vn -0.5969 -0.5476 -0.5864
vn -0.6224 -0.4846 -0.6147
vn -0.6095 -0.6068 -0.5102
vn -0.5955 -0.5891 -0.5463
vn -0.5921 -0.4997 -0.6322
vn -0.5732 -0.5441 -0.6127
vn -0.5889 -0.4730 -0.6554
vn -0.5833 -0.5207 -0.6234
vn -0.6510 -0.5580 -0.5147
vn -0.6949 -0.4722 -0.5424
vn -0.6042 -0.5408 -0.5852
vn -0.6347 -0.4287 -0.6429
vn -0.7671 -0.3163 -0.5581
vn -0.6414 -0.3180 -0.6982
vn -0.6979 -0.2139 -0.6835
vn -0.8534 -0.1841 -0.4876
vn -0.6796 -0.2661 -0.6836
vn -0.7117 -0.1454 -0.6872
vn -0.9013 -0.1323 -0.4125
vn -0.7267 -0.1592 -0.6682
vn -0.7606 0.0327 -0.6484
vn -0.9477 0.0334 -0.3175
vn -0.8322 0.5235 -0.1828
vn -0.6565 0.5504 -0.5158
vn -0.7421 -0.0838 -0.6651
vn -0.7586 0.1437 -0.6355
vn 0.0788 0.9964 0.0313
vn -0.1680 0.9762 -0.1371
vn -0.5778 0.6703 -0.4658
vn -0.4860 -0.1462 0.8616
vn -0.3955 -0.7381 0.5466
vn -0.0988 -0.4541 0.8854
vn -0.1585 -0.1020 0.9821
vn -0.1690 -0.1215 0.9781
vn -0.0057 -0.6142 0.7891
vn -0.3968 0.1935 0.8973
vn -0.4931 0.3059 0.8144
vn -0.5880 0.2023 0.7832
vn -0.5130 0.1754 0.8403
vn -0.4713 0.2876 0.8338
vn -0.4385 0.2040 0.8753
vn -0.5401 0.1361 0.8305
vn -0.5553 0.1715 0.8138
vn -0.4560 0.1129 0.8828
vn -0.4718 0.0189 0.8815
vn -0.5203 0.0125 0.8539
vn -0.5333 0.0881 0.8413
vn -0.4102 -0.8732 -0.2633
vn -0.0034 -0.9273 -0.3744
vn 0.3634 -0.7481 -0.5553
vn 0.0313 -0.8940 -0.4469
vn 0.3975 -0.7864 -0.4728
vn 0.5607 -0.5610 -0.6090
vn 0.7241 -0.3920 -0.5674
vn 0.7066 -0.5419 -0.4551
vn 0.0926 -0.8267 0.5549
vn -0.1131 -0.1634 0.9801
vn 0.1175 -0.1437 0.9826
vn 0.3102 -0.9309 0.1927
vn -0.5875 0.1543 0.7944
vn -0.6450 0.1198 0.7547
vn -0.6165 0.1868 0.7649
vn -0.5703 0.2624 0.7784
vn -0.6051 0.1047 0.7892
vn -0.5924 0.0812 0.8015
vn -0.5636 0.1323 0.8154
vn -0.5758 0.1427 0.8050
vn -0.5678 0.0506 0.8216
vn -0.5339 0.0309 0.8450
vn -0.4517 0.0847 0.8881
vn -0.4942 0.1080 0.8626
vn -0.2480 0.3602 0.8993
vn -0.2629 0.3300 0.9066
vn -0.1664 0.5125 0.8424
vn -0.0829 0.4650 0.8814
vn -0.1379 0.4540 0.8803
vn -0.3575 0.3317 0.8730
vn -0.4356 0.3121 0.8443
vn -0.2560 0.4594 0.8506
vn -0.3628 0.5098 0.7801
vn -0.4953 0.3728 0.7847
vn 0.8983 0.3623 0.2486
vn 0.9759 0.1275 -0.1769
vn 0.9823 0.0695 -0.1739
vn 0.8918 0.3757 0.2521
vn 0.9141 -0.1507 -0.3765
vn 0.8777 -0.1639 -0.4504
vn 0.8139 0.3892 0.4313
vn 0.9861 0.1403 0.0888
vn 0.8176 -0.3212 -0.4779
vn 0.8012 -0.5282 -0.2812
vn 0.6861 0.1564 0.7105
vn 0.9829 -0.1424 -0.1171
vn 0.6007 -0.7935 -0.0982
vn 0.4017 -0.1029 0.9100
vn -0.4863 0.3859 0.7840
vn -0.3210 0.4998 0.8045
vn 0.9962 0.0010 0.0876
vn 0.9229 0.0744 0.3778
vn 0.9780 0.0303 0.2066
vn 0.9707 0.0273 0.2388
vn 0.4357 -0.7465 0.5029
vn 0.7695 -0.6385 0.0131
vn 0.2265 -0.9697 -0.0920
vn -0.1116 -0.9787 0.1724
vn 0.8700 -0.1758 0.4607
vn 0.9750 -0.1867 0.1207
vn 0.6455 -0.6815 -0.3448
vn 0.8391 -0.3799 -0.3894
vn 0.8673 0.0116 -0.4976
vn 0.8533 -0.1504 -0.4993
vn 0.8270 0.3305 -0.4548
vn 0.8046 0.3690 -0.4653
vn 0.6302 0.7484 -0.2065
vn 0.6018 0.7849 -0.1476
vn 0.3268 0.9302 0.1672
vn 0.3782 0.9226 0.0756
vn 0.4260 0.8942 0.1374
vn 0.5670 0.8234 -0.0228
vn 0.5527 0.8286 0.0893
vn 0.4469 0.8715 0.2018
vn 0.4573 0.8503 0.2606
vn 0.5657 0.8103 0.1531
vn 0.5716 0.7987 0.1879
vn 0.4232 0.8497 0.3146
vn 0.3601 0.8530 0.3777
vn 0.5751 0.7831 0.2365
vn 0.5817 0.7488 0.3177
vn 0.2962 0.8292 0.4739
vn 0.5760 0.7054 0.4131
vn 0.2621 0.7765 0.5730
vn 0.5573 0.6658 0.4961
vn 0.2818 0.6885 0.6682
vn 0.3284 0.6196 0.7129
vn 0.5530 0.6504 0.5207
vn 0.5622 0.6746 0.4784
vn 0.4077 0.6137 0.6761
vn 0.5239 0.6432 0.5585
vn 0.5747 0.7307 0.3685
vn 0.6600 0.7205 0.2126
vn 0.6853 0.6134 0.3926
vn 0.7320 0.3515 0.5836
vn 0.2437 0.5429 0.8037
vn 0.0876 0.5554 0.8270
vn 0.8009 0.3017 0.5173
vn -0.2229 0.6372 0.7378
vn -0.3107 0.5860 0.7483
vn -0.3832 0.5962 0.7055
vn -0.3220 0.6230 0.7129
vn -0.2057 0.4768 0.8546
vn -0.1228 0.4193 0.8995
vn -0.2852 0.3828 0.8787
vn -0.3197 0.5089 0.7992
vn -0.1668 0.4275 0.8885
vn -0.2681 0.4448 0.8545
vn -0.3638 0.3063 0.8797
vn -0.3163 0.3061 0.8979
vn 0.5685 0.3130 0.7608
vn 0.8404 0.1965 0.5050
vn 0.9881 -0.1410 -0.0617
vn 0.9686 -0.0116 0.2484
vn 0.9485 -0.0693 -0.3092
vn 0.9397 0.1526 0.3059
vn 0.9524 0.2529 0.1704
vn 0.9136 0.1301 -0.3852
vn 0.8563 0.3566 -0.3736
vn 0.8801 0.4606 0.1153
vn 0.7794 0.6216 0.0787
vn 0.7806 0.5408 -0.3135
vn 0.7402 0.6372 -0.2149
vn 0.7289 0.6818 0.0617
vn 0.6943 0.7183 0.0455
vn 0.7137 0.6890 -0.1258
vn 0.7009 0.7081 -0.0858
vn 0.6916 0.7183 0.0752
vn 0.7372 0.6523 0.1764
vn 0.7106 0.7036 -0.0025
vn 0.7072 0.6994 0.1036
vn 0.7401 0.6106 0.2817
vn 0.7162 0.5763 0.3936
vn 0.7240 0.6537 0.2204
vn 0.7362 0.5910 0.3297
vn 0.6804 0.5538 0.4799
vn 0.6747 0.5464 0.4962
vn 0.7213 0.5613 0.4058
vn 0.6754 0.5998 0.4290
vn 0.6623 0.5842 0.4691
vn 0.6284 0.6437 0.4369
vn 0.6392 0.6498 0.4113
vn 0.5550 0.7499 0.3601
vn 0.5901 0.7089 0.3864
vn 0.4961 0.8100 0.3128
vn 0.4674 0.8457 0.2575
vn 0.5653 0.7284 0.3872
vn 0.4489 0.8504 0.2744
vn 0.6063 0.6484 0.4603
vn 0.4678 0.5690 0.6763
vn 0.4954 0.5598 0.6642
vn 0.3859 0.5473 0.7426
vn 0.4776 0.5936 0.6477
vn 0.5294 0.6114 0.5882
vn 0.6098 0.5997 0.5182
vn 0.5081 0.5988 0.6191
vn 0.4846 0.6860 0.5427
vn 0.4112 0.6488 0.6404
vn 0.4173 0.5699 0.7079
vn 0.5652 0.5645 0.6016
vn 0.5729 0.6114 0.5458
vn 0.4356 0.7789 0.4513
vn 0.4254 0.8004 0.4223
vn 0.3795 0.7855 0.4888
vn 0.3792 0.7470 0.5460
vn 0.5279 0.7222 0.4469
vn 0.4781 0.7891 0.3858
vn 0.4527 0.7527 0.4781
vn 0.4876 0.6633 0.5677
vn 0.4203 0.7089 0.5664
vn 0.3991 0.7631 0.5083
vn 0.4460 0.8003 0.4007
vn 0.4391 0.7668 0.4683
vn 0.5430 0.4835 0.6866
vn 0.5382 0.2544 0.8035
vn 0.3784 0.4456 0.8113
vn 0.4399 0.5952 0.6725
vn 0.4321 0.7070 0.5598
vn 0.3703 0.6540 0.6597
vn 0.4193 0.1787 0.8901
vn 0.2208 0.2106 0.9523
vn 0.0384 0.3111 0.9496
vn 0.2333 0.3482 0.9079
vn 0.2798 0.6087 0.7424
vn 0.1709 0.5867 0.7916
vn -0.0123 0.3016 0.9534
vn -0.2406 0.4495 0.8603
vn -0.2572 0.4005 0.8795
vn -0.1202 0.3028 0.9454
vn 0.0987 0.5316 0.8412
vn 0.0163 0.5930 0.8050
vn -0.4091 0.5581 0.7219
vn -0.4067 0.5961 0.6922
vn -0.2649 0.6643 0.6989
vn -0.3343 0.5518 0.7641
vn -0.0183 0.7247 0.6888
vn 0.0330 0.8171 0.5756
vn -0.3389 0.5984 0.7260
vn -0.3249 0.5655 0.7580
vn -0.1309 0.7578 0.6393
vn -0.1629 0.7136 0.6814
vn 0.1088 0.8383 0.5342
vn 0.1274 0.8695 0.4772
vn -0.2863 0.5032 0.8154
vn -0.2480 0.4459 0.8600
vn 0.0117 0.6841 0.7293
vn -0.0487 0.7446 0.6657
vn 0.1586 0.8820 0.4437
vn 0.2074 0.8388 0.5033
vn -0.4090 -0.8827 0.2316
vn -0.5007 -0.8043 0.3199
vn -0.5463 -0.5358 0.6438
vn -0.4752 -0.6450 0.5984
vn -0.3362 -0.9132 0.2305
vn -0.4966 -0.7125 0.4958
vn -0.5032 -0.6164 0.6057
vn -0.3909 -0.8447 0.3656
vn -0.5242 -0.5461 0.6534
vn -0.4638 -0.7696 0.4388
vn -0.4148 -0.8745 0.2513
vn -0.4570 -0.7709 0.4437
vn -0.5161 -0.7199 0.4642
vn -0.4341 -0.8568 0.2784
vn -0.4188 -0.8813 0.2189
vn -0.4176 -0.8752 0.2441
vn -0.2107 -0.9212 0.3271
vn -0.1904 -0.9389 0.2867
vn -0.1935 -0.8968 0.3979
vn -0.4857 -0.7730 0.4081
vn -0.5379 -0.5063 0.6740
vn -0.5447 -0.3708 0.7522
vn -0.5189 -0.4070 0.7517
vn -0.5407 -0.4170 0.7306
vn -0.5516 -0.4222 0.7194
vn -0.5430 -0.4070 0.7346
vn -0.4587 -0.5017 0.7334
vn -0.5485 -0.4602 0.6981
vn -0.5714 -0.5073 0.6451
vn -0.6019 -0.4274 0.6746
vn -0.5654 -0.4187 0.7106
vn -0.5188 -0.5476 0.6566
vn -0.3724 -0.6778 0.6339
vn -0.5561 -0.5215 0.6471
vn -0.4557 -0.8448 0.2805
vn -0.4247 -0.8940 0.1426
vn -0.5327 -0.6588 0.5312
vn -0.6152 -0.6699 0.4157
vn -0.5261 -0.8351 0.1608
vn -0.4933 -0.8638 0.1029
vn -0.6254 -0.4813 0.6142
vn -0.5620 -0.4728 0.6787
vn -0.4540 -0.1322 0.8811
vn -0.4986 -0.1653 0.8509
vn -0.4847 -0.3763 0.7896
vn -0.4004 -0.3806 0.8335
vn -0.5056 -0.3196 0.8014
vn -0.5028 -0.0984 0.8588
vn 0.1910 -0.9635 0.1876
vn 0.2479 -0.8869 0.3898
vn 0.6407 -0.6761 0.3638
vn 0.4998 -0.8662 -0.0013
vn 0.3051 -0.9195 -0.2480
vn 0.1379 -0.9889 0.0550
vn -0.1933 0.2460 0.9498
vn 0.1012 0.1673 0.9807
vn -0.2459 -0.2309 0.9414
vn -0.5404 -0.2160 0.8132
vn -0.4404 -0.5692 0.6943
vn -0.6870 -0.5348 0.4920
vn 0.1828 0.5243 0.8317
vn 0.5086 0.6220 0.5954
vn 0.5622 0.5515 0.6163
vn 0.3203 0.4849 0.8138
vn 0.5913 0.5916 0.5481
vn 0.6162 0.5279 0.5845
vn 0.6919 0.4325 0.5781
vn 0.5348 0.3683 0.7605
vn 0.6558 0.2846 0.6992
vn 0.7729 0.3357 0.5384
vn 0.7048 0.3682 0.6064
vn 0.6432 0.4481 0.6209
vn 0.4912 0.4432 0.7499
vn 0.5703 0.3644 0.7361
vn 0.5979 0.2999 0.7434
vn 0.4489 0.2979 0.8425
vn 0.6301 0.1455 0.7628
vn 0.7443 0.1845 0.6419
vn 0.8294 0.0060 0.5586
vn 0.7127 0.0090 0.7014
vn 0.5192 -0.1797 0.8356
vn 0.4283 -0.0488 0.9023
vn 0.8629 -0.2836 0.4184
vn 0.7467 -0.6567 0.1058
vn 0.7691 -0.5749 0.2793
vn 0.7793 -0.2384 0.5795
vn 0.5966 -0.3809 0.7064
vn 0.5443 -0.8286 -0.1311
vn 0.2359 -0.8925 -0.3845
vn 0.4481 -0.8531 -0.2672
vn 0.2177 -0.8323 -0.5097
vn 0.2125 -0.3022 -0.9292
vn 0.1476 -0.7224 -0.6756
vn 0.3649 -0.4579 -0.8107
vn 0.5231 -0.2165 -0.8243
vn 0.2667 -0.1673 -0.9492
vn 0.5299 -0.6277 -0.5703
vn 0.7246 -0.6516 -0.2242
vn 0.8086 -0.3640 -0.4623
vn 0.7031 -0.2681 -0.6586
vn -0.5455 -0.2456 0.8013
vn -0.5174 -0.3064 0.7990
vn -0.5922 -0.3908 0.7047
vn -0.5782 -0.3776 0.7232
vn -0.4697 -0.5926 0.6544
vn -0.3894 -0.5865 0.7102
vn -0.4839 -0.7714 0.4132
vn -0.4416 -0.7328 0.5177
vn -0.5248 -0.6418 0.5591
vn -0.4786 -0.5163 0.7102
vn -0.4649 -0.8443 0.2665
vn -0.5400 -0.7727 0.3338
vn -0.4579 -0.8605 0.2234
vn -0.5876 -0.5101 0.6281
vn -0.6072 -0.4830 0.6309
vn -0.6136 -0.5539 0.5628
vn -0.5774 -0.6486 0.4959
vn -0.5271 -0.7823 0.3320
vn -0.4576 -0.8500 0.2610
vn -0.4298 -0.7559 0.4939
vn -0.2948 -0.8552 0.4263
vn 0.0160 -0.4762 0.8792
vn 0.0030 -0.6038 0.7972
vn -0.3329 -0.6910 0.6417
vn 0.1665 -0.7206 0.6731
vn -0.6179 -0.6018 0.5060
vn -0.4295 -0.6681 0.6076
vn -0.3341 -0.6554 0.6774
vn -0.4200 -0.5832 0.6953
vn -0.2215 -0.5251 0.8217
vn -0.2212 -0.5865 0.7792
vn -0.2566 -0.5058 0.8236
vn -0.0492 -0.4278 0.9025
vn -0.2129 -0.3471 0.9133
vn -0.4836 -0.4279 0.7635
vn -0.3348 -0.6496 0.6826
vn -0.4720 -0.6058 0.6405
vn -0.4203 -0.5639 0.7109
vn -0.2759 -0.6186 0.7357
vn -0.5739 -0.5006 0.6481
vn -0.5977 -0.5665 0.5673
vn -0.5766 -0.6812 0.4511
vn -0.5020 -0.6842 0.5291
vn -0.3882 -0.6808 0.6211
vn -0.6247 -0.0666 0.7781
vn -0.8473 -0.1935 0.4947
vn -0.8234 -0.1574 0.5452
vn -0.6257 -0.0523 0.7783
vn -0.9625 -0.2683 0.0401
vn -0.8574 -0.2472 -0.4513
vn -0.9218 -0.1427 -0.3604
vn -0.9722 -0.1894 0.1376
vn -0.4817 -0.1972 -0.8539
vn -0.3195 -0.1681 -0.9325
vn -0.3314 -0.0638 -0.9413
vn -0.5995 -0.0926 -0.7950
vn -0.3287 -0.1889 -0.9254
vn -0.0154 -0.2410 -0.9704
vn 0.0075 -0.2004 -0.9797
vn -0.2868 -0.1003 -0.9527
vn 0.9608 -0.0880 0.2631
vn 0.9900 -0.1136 -0.0840
vn 0.9251 -0.2369 -0.2967
vn 0.9100 -0.4023 0.1002
vn 0.8715 0.1596 0.4637
vn 0.6875 0.2805 0.6699
vn 0.7841 0.1956 0.5890
vn 0.9675 0.0419 0.2494
vn 0.3912 -0.2821 -0.8760
vn 0.6881 -0.2633 -0.6762
vn 0.8117 -0.1943 -0.5508
vn 0.4666 -0.2581 -0.8460
vn 0.8416 -0.2263 -0.4904
vn 0.9380 -0.1506 -0.3121
vn 0.4691 -0.2573 -0.8449
vn 0.7830 -0.2156 -0.5834
vn 0.7593 -0.2976 -0.5787
vn 0.4635 -0.2841 -0.8393
vn 0.6010 0.3126 0.7356
vn 0.7136 0.3136 0.6264
vn 0.7314 0.2833 0.6203
vn 0.6385 0.2658 0.7223
vn 0.9997 -0.0210 -0.0086
vn 0.8897 0.1323 0.4370
vn 0.9550 0.0545 0.2915
vn 0.9733 -0.0836 -0.2138
vn 0.9508 -0.1537 -0.2691
vn 0.9632 -0.0400 0.2657
vn 0.9375 -0.1557 0.3111
vn 0.9319 -0.2651 -0.2477
vn 0.8247 0.2899 0.4857
vn 0.8215 0.2686 0.5030
vn 0.6954 0.2104 0.6871
vn 0.7545 0.2219 0.6176
vn 0.7822 0.1603 0.6020
vn 0.7491 0.1492 0.6454
vn 0.7782 -0.0537 0.6257
vn 0.7774 0.0655 0.6256
vn 0.8296 0.0704 0.5538
vn 0.8388 -0.0806 0.5384
vn -0.0315 0.0941 0.9951
vn 0.0045 0.0519 0.9986
vn 0.1770 0.1288 0.9757
vn 0.2185 0.1981 0.9555
vn -0.2728 0.0253 0.9617
vn -0.1745 0.0024 0.9847
vn 0.3639 0.2853 0.8867
vn 0.3790 0.2320 0.8958
vn 0.8350 0.2107 0.5084
vn 0.6650 0.2100 0.7167
vn 0.6646 0.1258 0.7366
vn 0.8508 0.1458 0.5048
vn 0.8533 0.0323 0.5204
vn 0.6326 -0.0193 0.7742
vn 0.5709 -0.2157 0.7922
vn 0.8004 -0.1490 0.5806
vn -0.5936 -0.0610 0.8024
vn -0.8183 -0.0939 0.5671
vn -0.5813 -0.1418 0.8013
vn -0.3708 -0.0781 0.9254
vn 0.3719 0.1563 0.9150
vn 0.1088 0.0483 0.9929
vn 0.0490 -0.0628 0.9968
vn 0.3422 0.0538 0.9381
vn -0.0299 -0.0482 0.9984
vn -0.1046 -0.1683 0.9802
vn 0.3052 -0.1037 0.9466
vn 0.0154 -0.1896 0.9817
vn 0.0169 -0.2724 0.9620
vn 0.2794 -0.2673 0.9222
vn -0.1290 -0.2356 0.9633
vn -0.4527 -0.2059 0.8676
vn -0.3806 -0.1579 0.9112
vn -0.1145 -0.2371 0.9647
vn -0.9754 -0.0442 0.2159
vn -0.9626 0.0095 -0.2709
vn -0.9839 0.0048 -0.1788
vn -0.9326 -0.0328 0.3595
vn -0.7178 0.0027 -0.6963
vn -0.3762 -0.0233 -0.9262
vn -0.4494 -0.0550 -0.8916
vn -0.7785 -0.0192 -0.6274
vn -0.8648 -0.0712 0.4970
vn -0.9960 -0.0397 -0.0805
vn -0.9972 -0.0741 -0.0115
vn -0.8221 -0.0626 0.5659
vn -0.2283 -0.0623 -0.9716
vn 0.0501 -0.1894 -0.9806
vn 0.1031 -0.2276 -0.9683
vn -0.2099 -0.1003 -0.9726
vn -0.8270 -0.0705 -0.5578
vn -0.8603 -0.1133 -0.4971
vn -0.5140 -0.1042 -0.8514
vn -0.5669 -0.1531 -0.8095
vn 0.4661 -0.3305 -0.8207
vn 0.7397 -0.3933 -0.5460
vn 0.7345 -0.4626 -0.4965
vn 0.4919 -0.3808 -0.7830
vn -0.2084 -0.1511 -0.9663
vn 0.1556 -0.2821 -0.9467
vn 0.2108 -0.3478 -0.9136
vn -0.2118 -0.2220 -0.9518
vn 0.8879 -0.4020 -0.2237
vn 0.8921 -0.3009 0.3372
vn 0.8236 -0.4212 0.3798
vn 0.8564 -0.4966 -0.1411
vn 0.7328 -0.1752 0.6575
vn 0.7628 -0.2209 0.6077
vn 0.6661 -0.2728 0.6942
vn 0.6565 -0.2706 0.7041
vn 0.5247 -0.4201 -0.7405
vn 0.7443 -0.5029 -0.4395
vn 0.7751 -0.5087 -0.3746
vn 0.5542 -0.4536 -0.6979
vn 0.6670 -0.2906 0.6860
vn 0.4772 -0.3325 0.8135
vn 0.4174 -0.3182 0.8512
vn 0.5420 -0.3126 0.7801
vn 0.8395 -0.5425 0.0304
vn 0.7116 -0.4453 0.5435
vn 0.5756 -0.3464 0.7407
vn 0.8463 -0.4871 0.2158
vn 0.5377 -0.2952 0.7897
vn 0.4345 -0.2764 0.8572
vn 0.2667 -0.3316 0.9049
vn 0.0680 -0.2775 0.9583
vn 0.1577 -0.2414 0.9575
vn 0.2882 -0.2918 0.9120
vn -0.0331 -0.2002 0.9792
vn -0.2710 -0.1311 0.9536
vn -0.0888 -0.1522 0.9844
vn 0.0875 -0.1817 0.9795
vn 0.3408 -0.2504 0.9062
vn 0.2980 -0.2335 0.9256
vn 0.2484 -0.1957 0.9487
vn 0.1473 -0.1802 0.9725
vn 0.4654 -0.2826 0.8388
vn 0.5341 -0.2981 0.7911
vn 0.8205 -0.4791 0.3117
vn 0.7866 -0.4995 0.3629
vn 0.7723 -0.5883 -0.2396
vn 0.7815 -0.5475 -0.2991
vn 0.3842 -0.3057 0.8712
vn 0.7110 -0.5631 0.4212
vn 0.0914 -0.4888 0.8676
vn 0.3410 -0.8357 0.4305
vn 0.5717 -0.8049 -0.1590
vn 0.7315 -0.6515 -0.2013
vn 0.5745 -0.5072 -0.6424
vn 0.5751 -0.5720 -0.5849
vn 0.2662 -0.5168 -0.8137
vn 0.2637 -0.4302 -0.8634
vn -0.1870 -0.3075 -0.9330
vn -0.1818 -0.4040 -0.8965
vn -0.5517 -0.2523 -0.7949
vn -0.5749 -0.1924 -0.7953
vn -0.1587 -0.2160 0.9634
vn -0.5287 -0.2176 0.8205
vn -0.9085 -0.3093 0.2811
vn -0.5709 -0.3934 0.7207
vn -0.7341 -0.1102 0.6701
vn -0.9833 -0.1536 0.0978
vn -0.8817 -0.1640 -0.4424
vn -0.8444 -0.2820 -0.4555
vn -0.4430 -0.4935 -0.7484
vn 0.1481 -0.6227 -0.7683
vn -0.1290 -0.7487 -0.6502
vn -0.7586 -0.5992 -0.2559
vn -0.4455 -0.8791 0.1693
vn 0.2257 -0.8794 -0.4191
vn 0.5055 -0.6561 -0.5603
vn -0.7158 -0.6616 -0.2235
vn -0.7357 -0.6458 0.2042
vn -0.6007 -0.7786 0.1815
vn -0.5861 -0.7710 -0.2490
vn -0.6753 -0.5341 0.5086
vn -0.7089 -0.4725 0.5237
vn -0.6095 -0.5032 0.6127
vn -0.6139 -0.5261 0.5885
vn -0.5652 -0.7281 0.3879
vn -0.5317 -0.7257 0.4367
vn -0.4276 -0.7579 -0.4927
vn -0.5142 -0.7881 -0.3384
vn -0.4492 -0.7961 -0.4055
vn -0.4125 -0.7432 -0.5268
vn -0.4094 -0.8777 -0.2491
vn -0.2946 -0.9416 -0.1629
vn -0.1917 -0.9494 -0.2487
vn -0.3002 -0.8986 -0.3200
vn -0.3494 -0.9370 -0.0057
vn -0.3231 -0.9456 -0.0386
vn -0.4377 -0.6937 -0.5720
vn -0.4149 -0.7496 -0.5158
vn -0.3524 -0.6975 -0.6239
vn -0.4671 -0.6434 -0.6065
vn -0.5921 -0.5435 0.5950
vn -0.5690 -0.5811 0.5819
vn -0.5477 -0.7571 0.3560
vn -0.5764 -0.7374 0.3523
vn -0.2299 -0.8617 -0.4523
vn -0.1718 -0.9210 -0.3496
vn -0.1220 -0.9004 -0.4177
vn -0.1168 -0.8068 -0.5792
vn -0.3356 -0.9373 -0.0935
vn -0.3125 -0.9435 -0.1099
vn -0.2296 -0.6489 -0.7254
vn -0.4862 -0.6067 -0.6289
vn 0.0379 -0.6383 -0.7689
vn -0.3776 -0.6464 -0.6631
vn -0.5846 -0.5635 0.5837
vn -0.6261 -0.5151 0.5854
vn -0.6113 -0.6690 0.4228
vn -0.5518 -0.7355 0.3931
vn -0.0443 -0.8921 -0.4496
vn 0.0425 -0.7225 -0.6901
vn -0.0671 -0.8818 -0.4668
vn 0.1752 -0.6768 -0.7150
vn -0.2999 -0.9512 -0.0727
vn -0.4001 -0.9159 -0.0318
vn -0.1814 -0.6733 -0.7168
vn 0.1291 -0.5349 -0.8350
vn 0.0386 -0.4681 -0.8828
vn -0.0492 -0.6478 -0.7602
vn 0.0564 -0.6177 -0.7844
vn -0.2568 -0.8285 -0.4976
vn -0.4348 -0.7595 -0.4838
vn -0.1520 -0.5691 -0.8081
vn 0.0352 -0.8399 -0.5416
vn 0.0010 -0.7273 -0.6864
vn -0.2344 -0.7253 -0.6473
vn 0.0324 -0.9004 -0.4339
vn 0.0136 -0.6401 -0.7682
vn -0.1119 -0.5094 -0.8532
vn -0.3475 -0.5936 -0.7259
vn -0.5314 -0.7369 -0.4179
vn -0.5459 -0.7603 -0.3520
vn -0.4631 -0.7040 -0.5384
vn -0.6481 -0.4910 0.5821
vn -0.6022 -0.5402 0.5877
vn -0.6633 -0.6279 0.4071
vn -0.6712 -0.6099 0.4214
vn -0.5656 -0.8245 -0.0182
vn -0.6556 -0.7551 -0.0078
vn 0.0409 -0.9957 -0.0830
vn -0.2177 -0.9579 -0.1872
vn -0.1956 -0.9414 0.2749
vn -0.1043 -0.9378 0.3312
vn -0.4336 -0.5124 0.7412
vn -0.3392 -0.6179 0.7093
vn -0.3142 -0.6775 0.6651
vn -0.3605 -0.6054 0.7096
vn -0.4667 -0.8752 -0.1271
vn -0.5534 -0.8329 -0.0040
vn -0.4313 -0.8170 0.3827
vn -0.3753 -0.8912 0.2546
vn -0.2654 -0.7873 0.5565
vn -0.2429 -0.7568 0.6069
vn -0.3158 -0.8120 0.4909
vn -0.3499 -0.7324 0.5841
vn -0.4755 -0.6583 0.5836
vn -0.3850 -0.6373 0.6675
vn -0.5699 -0.7222 0.3918
vn -0.3701 -0.6587 0.6551
vn -0.6443 -0.7647 0.0106
vn -0.2214 0.7028 0.6761
vn -0.1671 0.8890 0.4263
vn 0.3195 0.7020 0.6365
vn 0.3962 0.7731 0.4953
vn 0.0153 0.6046 0.7964
vn 0.3072 0.5239 0.7945
vn 0.6498 0.4307 0.6263
vn 0.4988 0.5258 0.6890
vn 0.6445 0.5322 0.5490
vn 0.7733 0.3735 0.5124
vn 0.4866 0.4442 0.7523
vn 0.5042 0.4317 0.7479
vn 0.6532 0.5267 0.5439
vn 0.7330 0.3954 0.5534
vn 0.2494 0.6625 0.7063
vn 0.5377 0.6888 0.4863
vn 0.7266 0.6021 0.3309
vn 0.8442 0.4695 0.2586
vn 0.7236 0.5438 0.4251
vn 0.8215 0.5084 0.2582
vn 0.7679 0.6140 0.1826
vn 0.4845 0.8404 0.2429
vn 0.8055 0.3793 0.4553
vn 0.6852 0.2449 -0.6859
vn 0.6723 0.3645 -0.6443
vn 0.6354 0.3652 -0.6804
vn 0.6436 0.2235 -0.7320
vn 0.6383 0.1454 -0.7559
vn 0.6292 0.1400 -0.7645
vn 0.5014 0.0946 -0.8600
vn 0.5172 0.0485 -0.8545
vn 0.7100 0.5448 -0.4461
vn 0.6781 0.5013 -0.5374
vn 0.6920 0.5686 -0.4447
vn 0.6732 0.5056 -0.5395
vn 0.7396 0.4672 -0.4845
vn 0.7391 0.4829 -0.4696
vn 0.6829 0.5068 -0.5261
vn 0.7064 0.4922 -0.5086
vn 0.6781 0.6944 -0.2409
vn 0.4482 0.8735 0.1898
vn 0.6266 0.7085 -0.3247
vn 0.3329 0.9405 0.0679
vn 0.5278 -0.1502 -0.8360
vn 0.4376 -0.3638 -0.8223
vn 0.6940 -0.0876 -0.7146
vn 0.5466 -0.3486 -0.7614
vn 0.0132 -0.8421 -0.5391
vn -0.0427 -0.9183 -0.3935
vn -0.0437 -0.8785 -0.4758
vn -0.0845 -0.9346 -0.3455
vn -0.1737 -0.9710 -0.1642
vn -0.1611 -0.9737 -0.1613
vn 0.3082 -0.5109 -0.8025
vn 0.3272 -0.4618 -0.8244
vn 0.0542 -0.6326 -0.7726
vn 0.0933 -0.6844 -0.7231
vn -0.0775 -0.7607 -0.6445
vn -0.0455 -0.7838 -0.6194
vn -0.0378 -0.7239 -0.6889
vn -0.0222 -0.7296 -0.6835
vn 0.0336 -0.6413 -0.7665
vn 0.0354 -0.6383 -0.7690
vn 0.0883 -0.5736 -0.8143
vn 0.0827 -0.5603 -0.8241
vn 0.0925 -0.5548 -0.8268
vn 0.0985 -0.5817 -0.8074
vn 0.0582 -0.6754 -0.7352
vn 0.0681 -0.6290 -0.7744
vn 0.0499 -0.7345 -0.6768
vn -0.0012 -0.7939 -0.6081
vn -0.5420 -0.0151 0.8403
vn -0.5638 -0.1294 0.8157
vn -0.5504 0.0037 0.8349
vn -0.5033 0.0763 0.8608
vn -0.4048 0.3128 0.8592
vn -0.4723 0.2625 0.8414
vn -0.3544 0.5366 0.7658
vn -0.3429 0.5717 0.7454
vn -0.3331 0.5178 0.7880
vn -0.3517 0.4845 0.8010
vn -0.3550 0.3664 0.8601
vn -0.3791 0.3377 0.8616
vn -0.2397 0.4233 0.8737
vn -0.2421 0.4329 0.8683
vn -0.0981 0.6929 0.7143
vn -0.0163 0.6851 0.7282
vn 0.2031 0.8184 0.5375
vn 0.0828 0.8646 0.4956
vn -0.5669 -0.1817 0.8035
vn -0.5733 -0.2497 0.7804
vn -0.5929 -0.3696 0.7154
vn -0.6052 -0.3349 0.7222
vn -0.3346 -0.9332 0.1313
vn -0.3247 -0.9411 0.0940
vn -0.4757 -0.7956 0.3751
vn -0.4937 -0.7661 0.4115
vn -0.6039 -0.5796 0.5471
vn -0.6083 -0.4783 0.6334
vn -0.6091 -0.5726 0.5488
vn -0.6315 -0.4623 0.6225
vn -0.5124 -0.8449 0.1538
vn -0.5747 -0.7208 0.3875
vn -0.4716 -0.8505 0.2330
vn -0.5573 -0.7110 0.4288
vn -0.6078 -0.7138 0.3479
vn -0.5159 -0.8475 0.1245
vn -0.5155 -0.7847 0.3441
vn -0.4360 -0.8868 0.1533
vn -0.6455 -0.5325 0.5476
vn -0.6261 -0.4733 0.6196
vn -0.5948 -0.5208 0.6124
vn -0.5854 -0.5945 0.5513
vn -0.5844 -0.5683 0.5793
vn -0.5634 -0.6073 0.5601
vn 0.4903 0.4172 -0.7652
vn 0.5087 0.2511 -0.8235
vn 0.4125 0.2708 -0.8698
vn 0.4073 0.4273 -0.8072
vn 0.4245 0.1286 -0.8963
vn 0.5479 0.1481 -0.8233
vn 0.5806 0.6370 -0.5070
vn 0.5196 0.5921 -0.6160
vn 0.4750 0.6989 -0.5347
vn 0.4120 0.6423 -0.6463
vn 0.6145 0.5374 -0.5775
vn 0.5749 0.5353 -0.6189
vn 0.4945 0.5336 -0.6861
vn 0.5236 0.5752 -0.6286
vn 0.4551 0.7610 -0.4624
vn 0.1188 0.9906 -0.0672
vn 0.1362 0.9899 -0.0382
vn 0.3770 0.7530 -0.5393
vn 0.6263 -0.1000 -0.7732
vn 0.4485 -0.0646 -0.8915
vn 0.3952 -0.2247 -0.8907
vn 0.4793 -0.2683 -0.8356
vn -0.1031 -0.9526 -0.2861
vn -0.0614 -0.9095 -0.4112
vn -0.0457 -0.9328 -0.3575
vn -0.1039 -0.9702 -0.2190
vn -0.1658 -0.9840 -0.0652
vn -0.1722 -0.9764 -0.1306
vn 0.3235 -0.3558 -0.8768
vn 0.3328 -0.4014 -0.8533
vn 0.1636 -0.5950 -0.7869
vn 0.1035 -0.6209 -0.7770
vn -0.0532 -0.7645 -0.6424
vn -0.0050 -0.7494 -0.6621
vn -0.0347 -0.7356 -0.6766
vn -0.0399 -0.7323 -0.6798
vn 0.0024 -0.6846 -0.7289
vn 0.0257 -0.6581 -0.7525
vn 0.0605 -0.6440 -0.7626
vn 0.0868 -0.5995 -0.7957
vn 0.1059 -0.6161 -0.7805
vn 0.0974 -0.6645 -0.7409
vn 0.0883 -0.7520 -0.6532
vn 0.0688 -0.7156 -0.6951
vn -0.0044 -0.8343 -0.5513
vn 0.0296 -0.8592 -0.5108
vn -0.5161 0.0225 0.8562
vn -0.3894 0.2671 0.8815
vn -0.4411 0.0853 0.8934
vn -0.3055 0.3447 0.8876
vn -0.2277 0.5022 0.8342
vn -0.2307 0.4880 0.8418
vn -0.2760 0.4847 0.8300
vn -0.3236 0.4372 0.8391
vn -0.3996 0.3539 0.8456
vn -0.3434 0.3669 0.8645
vn -0.3167 0.4596 0.8297
vn -0.4000 0.4859 0.7771
vn -0.2717 0.7496 0.6035
vn -0.2105 0.7132 0.6686
vn -0.0639 0.8961 0.4392
vn -0.1167 0.9088 0.4005
vn -0.5884 -0.3042 0.7492
vn -0.5495 -0.1459 0.8227
vn -0.5545 -0.2499 0.7938
vn -0.5077 -0.1001 0.8557
vn -0.3039 -0.9450 0.1206
vn -0.2910 -0.9393 0.1816
vn -0.4252 -0.7780 0.4625
vn -0.4447 -0.8013 0.4003
vn -0.6000 -0.4528 0.6595
vn -0.5814 -0.5807 0.5698
vn -0.5650 -0.5626 0.6035
vn -0.5792 -0.4123 0.7032
vn -0.5198 -0.7171 0.4643
vn -0.4158 -0.8600 0.2958
vn -0.3865 -0.8534 0.3498
vn -0.4993 -0.7100 0.4966
vn -0.4160 -0.8486 0.3268
vn -0.3543 -0.9153 0.1913
vn -0.3498 -0.8959 0.2740
vn -0.3103 -0.9217 0.2326
vn -0.5049 -0.6484 0.5698
vn -0.5387 -0.5387 0.6478
vn -0.4925 -0.5486 0.6756
vn -0.4510 -0.7304 0.5129
vn -0.5244 -0.6188 0.5850
vn -0.4893 -0.5873 0.6447
vn 0.3930 0.2730 -0.8781
vn 0.4039 0.4215 -0.8119
vn 0.4386 0.4584 -0.7730
vn 0.4010 0.3035 -0.8644
vn 0.3748 0.1550 -0.9140
vn 0.3803 0.1145 -0.9177
vn 0.4728 0.7315 -0.4914
vn 0.4217 0.6501 -0.6321
vn 0.5204 0.7547 -0.3995
vn 0.4697 0.6856 -0.5561
vn 0.5384 0.5865 -0.6051
vn 0.5636 0.5064 -0.6526
vn 0.6571 0.5024 -0.5620
vn 0.6087 0.5947 -0.5251
vn 0.2971 0.9548 -0.0040
vn 0.5104 0.7092 -0.4863
vn 0.5465 0.8322 -0.0943
vn 0.6893 0.5793 -0.4352
vn 0.3466 -0.0091 -0.9380
vn 0.3717 -0.0489 -0.9271
vn 0.3089 -0.1366 -0.9412
vn 0.3399 -0.1921 -0.9206
vn -0.0688 -0.9855 -0.1550
vn 0.0045 -0.9506 -0.3103
vn 0.0214 -0.9722 -0.2331
vn -0.0284 -0.9969 -0.0735
vn -0.1128 -0.9874 0.1108
vn -0.1486 -0.9888 0.0169
vn 0.2904 -0.3123 -0.9045
vn 0.2610 -0.2539 -0.9314
vn 0.2215 -0.4153 -0.8823
vn 0.2041 -0.5205 -0.8291
vn 0.0723 -0.7001 -0.7104
vn 0.1632 -0.6161 -0.7706
vn 0.1163 -0.6998 -0.7048
vn 0.0110 -0.7276 -0.6860
vn 0.0881 -0.7260 -0.6820
vn 0.0011 -0.7164 -0.6977
vn 0.0757 -0.7462 -0.6614
vn 0.0265 -0.7046 -0.7091
vn 0.0765 -0.7827 -0.6176
vn 0.0622 -0.7271 -0.6837
vn 0.0735 -0.8453 -0.5292
vn 0.0791 -0.7964 -0.5996
vn 0.0592 -0.8823 -0.4669
vn 0.0578 -0.9159 -0.3973
vn -0.3055 0.4441 0.8423
vn -0.3951 0.2473 0.8847
vn -0.4122 0.4163 0.8104
vn -0.4307 0.4551 0.7793
vn -0.5016 0.4218 0.7553
vn -0.3489 0.4801 0.8049
vn -0.4249 0.3874 0.8182
vn -0.5156 0.3814 0.7673
vn -0.4648 0.4009 0.7895
vn -0.4448 0.3456 0.8263
vn -0.4065 0.5309 0.7435
vn -0.3651 0.6149 0.6990
vn -0.1445 0.8603 0.4889
vn -0.2542 0.7920 0.5551
vn -0.0439 0.9290 0.3675
vn 0.1787 0.9422 0.2833
vn -0.5589 -0.1471 0.8161
vn -0.5069 -0.0011 0.8620
vn -0.5873 -0.0266 0.8089
vn -0.5166 0.1978 0.8331
vn -0.2827 -0.9184 0.2768
vn -0.2815 -0.8631 0.4194
vn -0.4288 -0.6246 0.6527
vn -0.4223 -0.7067 0.5677
vn -0.5896 -0.3271 0.7385
vn -0.5762 -0.5047 0.6428
vn -0.5982 -0.3881 0.7010
vn -0.6130 -0.1857 0.7679
vn -0.5066 -0.6779 0.5328
vn -0.3937 -0.8255 0.4044
vn -0.4443 -0.7644 0.4672
vn -0.5488 -0.5827 0.5994
vn -0.3007 -0.9172 0.2613
vn -0.3015 -0.9085 0.2893
vn -0.2803 -0.9157 0.2878
vn -0.3361 -0.8735 0.3523
vn -0.3922 -0.8408 0.3732
vn -0.4694 -0.6553 0.5918
vn -0.3874 -0.8227 0.4160
vn -0.3044 -0.9007 0.3101
vn -0.4733 -0.5495 0.6885
vn -0.4518 -0.6634 0.5965
vn -0.5825 0.0914 0.8077
vn -0.5311 0.4840 0.6955
vn -0.3917 0.5988 0.6986
vn -0.4857 0.2430 0.8397
vn -0.5285 -0.1243 0.8398
vn -0.5727 -0.1801 0.7997
vn -0.5627 -0.2757 0.7793
vn -0.6156 -0.0377 0.7872
vn -0.6049 0.3640 0.7083
vn -0.6255 -0.2074 0.7522
vn -0.5859 -0.4052 0.7018
vn -0.5288 -0.3941 0.7517
vn -0.5514 -0.2277 0.8026
vn -0.5559 -0.1496 0.8177
vn -0.6431 -0.1179 0.7567
vn -0.6562 -0.1220 0.7447
vn -0.6392 -0.2808 0.7160
vn -0.5893 -0.4679 0.6586
vn -0.5497 -0.3154 0.7735
vn -0.5184 -0.2460 0.8190
vn -0.4880 -0.3763 0.7876
vn -0.4944 -0.4911 0.7172
vn -0.4152 -0.6212 0.6646
vn -0.4904 -0.4489 0.7470
vn -0.4960 -0.2375 0.8352
vn -0.4931 -0.1400 0.8586
vn -0.4862 -0.3717 0.7909
vn -0.4506 -0.6833 0.5745
vn -0.2655 -0.8795 0.3949
vn -0.3140 -0.8855 0.3425
vn -0.4436 -0.6852 0.5777
vn -0.4560 -0.7092 0.5377
vn -0.2639 -0.8965 0.3558
vn -0.4043 -0.6736 0.6187
vn -0.4337 -0.6089 0.6642
vn -0.3248 -0.8149 0.4801
vn -0.3546 -0.8179 0.4530
vn -0.3383 -0.8015 0.4931
vn -0.3613 -0.7368 0.5714
vn -0.4449 -0.6284 0.6381
vn -0.3695 -0.8383 0.4009
vn -0.0945 -0.9799 0.1758
vn -0.0642 -0.9784 0.1963
vn -0.2535 -0.9512 0.1761
vn -0.2384 -0.9511 0.1963
vn -0.0874 -0.9667 0.2406
vn -0.1200 -0.9442 0.3066
vn -0.2862 -0.8902 0.3544
vn -0.3037 -0.9020 0.3069
vn -0.2973 -0.9194 0.2576
vn -0.2972 -0.9077 0.2962
vn -0.4346 -0.8026 0.4085
vn -0.3607 -0.8249 0.4353
vn -0.3233 -0.9153 0.2402
vn -0.3258 -0.9263 0.1893
vn -0.2388 -0.8609 0.4493
vn -0.2960 -0.8194 0.4908
vn -0.3881 -0.7689 0.5081
vn -0.3489 -0.8554 0.3829
vn -0.2425 -0.8738 0.4216
vn -0.2902 -0.8326 0.4718
vn -0.3804 -0.8584 0.3442
vn -0.3303 -0.8966 0.2949
vn -0.3894 -0.8288 0.4018
vn -0.4751 -0.7679 0.4297
vn -0.5629 -0.7126 0.4187
vn -0.5241 -0.7415 0.4189
vn -0.3628 -0.8903 0.2753
vn -0.4076 -0.8058 0.4296
vn -0.2541 -0.8936 0.3700
vn -0.3377 -0.8778 0.3397
vn -0.3826 -0.7923 0.4753
vn -0.2953 -0.8410 0.4533
vn -0.2818 -0.7991 0.5311
vn -0.1834 -0.8919 0.4134
vn -0.5013 -0.7405 0.4477
vn -0.4260 -0.7775 0.4626
vn -0.4157 -0.8187 0.3961
vn -0.4880 -0.7907 0.3697
vn -0.5997 -0.7118 0.3657
vn -0.5849 -0.6905 0.4256
vn -0.4233 -0.7708 0.4761
vn -0.3862 -0.8466 0.3663
vn -0.1867 -0.9647 0.1855
vn -0.0796 -0.9874 0.1365
vn -0.0115 -0.9956 -0.0928
vn -0.1311 -0.9911 -0.0247
vn -0.2122 -0.9770 -0.0206
vn -0.2818 -0.9436 0.1736
vn -0.4124 -0.8968 0.1604
vn -0.3495 -0.9105 0.2210
vn -0.2010 -0.9786 -0.0436
vn -0.2488 -0.9610 -0.1205
vn -0.2643 -0.9473 -0.1810
vn -0.4724 -0.8737 0.1158
vn -0.3329 -0.9220 0.1978
vn -0.2344 -0.9718 -0.0269
vn -0.0559 -0.9645 -0.2581
vn 0.0292 -0.9541 -0.2980
vn 0.0711 -0.8750 -0.4789
vn 0.0458 -0.8742 -0.4834
vn 0.0809 -0.8397 -0.5370
vn -0.0847 -0.9554 -0.2830
vn -0.0574 -0.9197 -0.3884
vn 0.0023 -0.9350 -0.3546
vn 0.1811 -0.7755 -0.6048
vn 0.1372 -0.7765 -0.6150
vn 0.1251 -0.7455 -0.6547
vn -0.0663 -0.8943 -0.4425
vn -0.0514 -0.9400 -0.3374
vn 0.1316 -0.7934 -0.5943
vn 0.1705 -0.7196 -0.6731
vn 0.1221 -0.7750 -0.6201
vn 0.1845 -0.6850 -0.7048
vn 0.2839 -0.5605 -0.7780
vn 0.3080 -0.5192 -0.7972
vn 0.2204 -0.6710 -0.7079
vn 0.3036 -0.5873 -0.7503
vn 0.3474 -0.5051 -0.7901
vn 0.3061 -0.4815 -0.8213
vn 0.2574 -0.6089 -0.7503
vn 0.2464 -0.5233 -0.8158
vn 0.2104 -0.6351 -0.7432
vn 0.2602 -0.6165 -0.7432
vn 0.3176 -0.5106 -0.7990
vn 0.2792 -0.6163 -0.7363
vn 0.2510 -0.6104 -0.7513
vn 0.2755 -0.4943 -0.8245
vn 0.2765 -0.5453 -0.7913
vn 0.2453 -0.6340 -0.7334
vn 0.2655 -0.6261 -0.7331
vn 0.1737 -0.7597 -0.6266
vn 0.2666 -0.5938 -0.7592
vn 0.2980 -0.6241 -0.7223
vn 0.2079 -0.7444 -0.6345
vn 0.1920 -0.6874 -0.7004
vn 0.2545 -0.4858 -0.8362
vn 0.2715 -0.6288 -0.7286
vn 0.2285 -0.6975 -0.6792
vn 0.3289 -0.2314 -0.9156
vn 0.2808 -0.2722 -0.9204
vn 0.3087 -0.1131 -0.9444
vn 0.3431 -0.0525 -0.9378
vn 0.3359 -0.0578 -0.9401
vn 0.3088 -0.3297 -0.8921
vn 0.2959 -0.5132 -0.8056
vn 0.3726 -0.1447 -0.9167
vn 0.3583 -0.3032 -0.8830
vn 0.2731 -0.6041 -0.7486
vn 0.3232 -0.4251 -0.8455
vn 0.2433 -0.6506 -0.7194
vn 0.2907 -0.4420 -0.8486
vn 0.3569 -0.0760 -0.9311
vn 0.3597 0.0550 -0.9314
vn 0.3362 -0.0185 -0.9416
vn 0.3646 0.0884 -0.9270
vn 0.3724 0.1633 -0.9136
vn 0.3538 0.1875 -0.9163
vn 0.3460 0.0668 -0.9359
vn 0.3553 0.0073 -0.9347
vn 0.3612 0.2222 -0.9056
vn 0.3526 0.1787 -0.9186
vn 0.3462 -0.1254 -0.9297
vn 0.3820 0.1073 -0.9179
vn 0.3465 -0.2324 -0.9088
vn 0.3589 0.0631 -0.9312
vn 0.3579 0.2103 -0.9098
vn 0.3771 0.2847 -0.8813
vn 0.3831 0.2226 -0.8965
vn 0.3862 0.3604 -0.8491
vn 0.3703 0.4391 -0.8186
vn 0.3500 0.4287 -0.8329
vn 0.3582 0.3047 -0.8825
vn 0.3799 0.3962 -0.8359
vn 0.4003 0.5034 -0.7657
vn 0.3633 0.5744 -0.7336
vn 0.3527 0.4377 -0.8271
vn 0.3546 0.6119 -0.7070
vn 0.3746 0.4289 -0.8220
vn 0.3632 0.3425 -0.8665
vn 0.3683 0.4491 -0.8141
vn 0.3309 0.6509 -0.6833
vn 0.3790 0.5388 -0.7524
vn 0.3510 0.7726 -0.5290
vn 0.2188 0.9047 -0.3656
vn 0.1564 0.9204 -0.3583
vn 0.3002 0.6500 -0.6981
vn 0.3821 0.6604 -0.6464
vn 0.2336 0.8987 -0.3712
vn 0.2667 0.8837 -0.3845
vn 0.3699 0.6859 -0.6267
vn 0.2443 0.8824 -0.4022
vn 0.3412 0.7203 -0.6040
vn 0.3286 0.6604 -0.6752
vn 0.1770 0.9178 -0.3554
vn 0.1031 0.9928 -0.0607
vn 0.2984 0.9398 -0.1667
vn 0.4179 0.8849 -0.2059
vn 0.2301 0.9568 -0.1776
vn 0.1160 0.9898 -0.0827
vn -0.0022 0.9997 -0.0233
vn -0.0038 1.0000 0.0081
vn -0.0282 0.9993 0.0237
vn -0.0069 0.9995 0.0316
vn -0.0070 0.9997 0.0223
vn -0.0340 0.9981 -0.0521
vn -0.0285 0.9989 -0.0369
vn -0.0392 0.9985 0.0386
vn 0.0399 0.9992 0.0063
vn 0.4260 0.8162 -0.3903
vn 0.5495 0.7110 -0.4387
vn 0.6148 0.6221 -0.4848
vn 0.5104 0.7349 -0.4466
vn 0.4035 0.8381 -0.3671
vn 0.3500 0.8697 -0.3480
vn 0.2618 0.9058 -0.3332
vn 0.2763 0.9112 -0.3057
vn 0.3268 0.8671 -0.3760
vn 0.3233 0.8422 -0.4316
vn 0.3055 0.7910 -0.5301
vn 0.2110 0.8951 -0.3927
vn 0.3152 0.8892 -0.3316
vn 0.3505 0.8687 -0.3500
vn 0.5787 0.6374 -0.5087
vn 0.6600 0.5762 -0.4820
vn 0.6255 0.6663 -0.4059
vn 0.5582 0.5776 -0.5957
vn 0.5498 0.4555 -0.7001
vn 0.5144 0.6919 -0.5066
vn 0.4401 0.6306 -0.6393
vn 0.4607 0.6810 -0.5692
vn 0.5752 0.3471 -0.7408
vn 0.5379 0.3084 -0.7846
vn 0.5088 0.3101 -0.8031
vn 0.4281 0.5462 -0.7200
vn 0.4792 0.6768 -0.5588
vn 0.5669 0.3574 -0.7422
vn 0.4361 0.5895 -0.6799
vn 0.3835 0.5613 -0.7334
vn 0.4690 0.5890 -0.6581
vn 0.1557 0.9673 -0.2003
vn 0.1068 0.9546 -0.2780
vn 0.0372 0.9312 -0.3627
vn -0.2602 0.9497 0.1742
vn -0.1774 0.9660 0.1883
vn -0.4944 0.5683 0.6577
vn -0.5289 0.4723 0.7052
vn -0.5822 0.3861 0.7156
vn -0.3607 0.9098 0.2052
vn 0.4782 0.6099 -0.6320
vn 0.4339 0.6377 -0.6364
vn 0.1614 0.9608 -0.2253
vn 0.1830 0.9677 -0.1732
vn 0.3703 0.8994 -0.2323
vn -0.1308 0.9721 0.1949
vn 0.1074 0.9665 -0.2330
vn 0.4281 0.7226 -0.5427
vn -0.4247 0.2415 0.8725
vn -0.2791 0.6363 0.7192
vn -0.2665 0.6702 0.6927
vn -0.4914 0.1990 0.8479
vn -0.2746 0.9410 0.1979
vn -0.6017 0.5700 0.5595
vn -0.4871 0.6352 0.5993
vn -0.1477 0.9575 0.2478
vn -0.5013 0.7687 0.3973
vn -0.6593 0.4445 0.6064
vn -0.5993 0.0714 0.7973
vn -0.6125 0.0528 0.7887
vn -0.6155 -0.0171 0.7879
vn -0.6357 0.0072 0.7719
vn -0.6281 0.0533 0.7763
vn -0.6007 0.0990 0.7933
vn -0.5834 0.3864 0.7144
vn -0.6255 0.3451 0.6997
vn -0.5142 0.3947 0.7614
vn -0.6551 0.1048 0.7482
vn -0.4759 0.6493 0.5932
vn -0.6512 0.3941 0.6485
vn -0.6785 0.0291 0.7340
vn -0.6565 0.1712 0.7347
vn -0.5781 0.2689 0.7704
vn -0.6099 0.1406 0.7799
vn -0.6454 0.1331 0.7522
vn -0.6274 0.2474 0.7384
vn -0.5500 0.3690 0.7492
vn -0.1441 0.9592 0.2432
vn -0.4860 0.6039 0.6317
vn -0.6178 0.0808 0.7822
vn -0.5732 0.0477 0.8180
vn -0.3928 0.5522 0.7354
vn -0.4107 0.4476 0.7944
vn -0.4140 0.6536 0.6336
vn -0.5284 0.5939 0.6067
vn -0.6615 0.3270 0.6749
vn -0.6960 0.3206 0.6425
vn -0.4671 0.8456 0.2583
vn -0.4439 0.8644 0.2362
vn 0.0029 0.9447 -0.3279
vn -0.0118 0.9334 -0.3587
vn 0.3517 0.5554 -0.7536
vn 0.3838 0.5910 -0.7096
vn 0.4890 0.3036 -0.8178
vn 0.4804 0.2853 -0.8294
vn 0.3951 0.4753 -0.7861
vn 0.4033 0.4994 -0.7668
vn 0.2633 0.7069 -0.6564
vn 0.2598 0.7380 -0.6228
vn 0.1069 0.8940 -0.4350
vn 0.0332 0.9033 -0.4277
vn -0.2082 0.9509 -0.2288
vn -0.1067 0.9809 -0.1629
vn 0.0025 0.9724 -0.2334
vn -0.0387 0.9944 -0.0984
vn 0.2995 0.8543 -0.4248
vn 0.2586 0.8736 -0.4122
vn 0.3457 0.7355 -0.5827
vn 0.3288 0.7683 -0.5493
vn 0.3730 0.6183 -0.6918
vn 0.3517 0.6317 -0.6908
vn 0.4152 0.4117 -0.8112
vn 0.4035 0.3972 -0.8243
vn 0.4293 0.0586 -0.9013
vn 0.4284 0.0710 -0.9008
vn -0.2658 0.5398 -0.7987
vn -0.3684 0.4638 -0.8057
vn -0.4223 0.4052 -0.8109
vn -0.2873 0.5275 -0.7995
vn -0.7500 0.3188 -0.5796
vn -0.6446 0.4580 -0.6122
vn -0.2291 0.5811 -0.7809
vn -0.3063 0.5571 -0.7719
vn -0.2578 0.5565 -0.7899
vn 0.4500 0.6439 -0.6188
vn 0.5199 0.5955 -0.6124
vn 0.6537 0.3788 -0.6551
vn 0.5335 0.3529 -0.7687
vn 0.0615 0.9438 -0.3247
vn -0.0325 0.8785 -0.4766
vn -0.9613 0.2257 -0.1581
vn -0.9682 0.1707 -0.1827
vn -0.6968 0.4120 -0.5872
vn -0.8634 0.3264 -0.3846
vn 0.6517 0.3333 -0.6813
vn 0.5423 0.4786 -0.6905
vn 0.2805 0.5680 -0.7738
vn 0.6970 0.3149 -0.6442
vn 0.6861 0.3362 -0.6452
vn 0.1479 0.4569 -0.8771
vn 0.3941 0.4483 -0.8023
vn 0.4625 0.4726 -0.7501
vn 0.5989 0.4644 -0.6524
vn 0.3421 0.7834 -0.5189
vn 0.3119 0.7285 -0.6099
vn 0.6528 0.5038 -0.5657
vn 0.5931 0.5322 -0.6042
vn 0.4728 0.7811 -0.4078
vn 0.4113 0.8119 -0.4143
vn 0.4895 0.5646 -0.6645
vn -0.4533 0.6398 -0.6206
vn -0.2594 0.8849 -0.3869
vn 0.3487 0.8246 -0.4454
vn 0.0621 0.9732 -0.2212
vn 0.0203 0.9500 -0.3117
vn 0.1625 0.9824 -0.0918
vn -0.1121 0.9786 -0.1725
vn -0.9452 0.2502 -0.2097
vn -0.7825 0.2797 -0.5564
vn -0.6645 0.4670 -0.5834
vn -0.6466 0.6640 -0.3754
vn 0.3824 0.9045 -0.1888
vn 0.2535 0.9442 -0.2103
vn 0.3039 0.9440 -0.1287
vn 0.3642 0.9313 -0.0053
vn 0.0468 0.9270 -0.3722
vn -0.1880 0.8640 -0.4671
vn 0.2415 0.9191 -0.3114
vn 0.3203 0.9168 -0.2386
vn 0.0640 0.9430 -0.3265
vn 0.2551 0.8824 -0.3952
vn -0.5188 0.3552 -0.7776
vn -0.4691 0.3657 -0.8039
vn -0.4236 0.3715 -0.8261
vn -0.4756 0.4395 -0.7620
vn 0.2216 0.9455 -0.2386
vn 0.2939 0.9433 -0.1541
vn -0.0086 0.9974 -0.0712
vn 0.0094 0.9885 -0.1509
vn -0.1350 0.7889 -0.5995
vn -0.2056 0.8576 -0.4715
vn 0.1788 0.8258 -0.5349
vn -0.0126 0.8476 -0.5304
vn 0.0556 0.6500 -0.7579
vn 0.2129 0.6510 -0.7286
vn -0.4006 0.4005 -0.8241
vn -0.2541 0.5124 -0.8203
vn -0.3050 0.5226 -0.7962
vn -0.4587 0.4554 -0.7630
vn -0.0903 0.9244 -0.3706
vn -0.1463 0.9651 -0.2173
vn -0.0731 0.9279 -0.3657
vn -0.0182 0.8145 -0.5799
vn -0.3344 0.8600 -0.3854
vn -0.1903 0.8153 -0.5469
vn -0.0829 0.5779 -0.8119
vn 0.1757 0.5223 -0.8345
vn -0.0892 0.5466 -0.8326
vn 0.1133 0.7495 -0.6522
vn 0.1167 0.5699 -0.8134
vn 0.0919 0.8610 -0.5002
vn 0.1548 0.8375 -0.5240
vn 0.1207 0.7962 -0.5929
vn 0.1973 0.5325 -0.8231
vn -0.0168 0.7771 -0.6292
vn 0.1825 0.6700 -0.7195
vn -0.4283 -0.7176 0.5492
vn -0.4390 -0.7444 0.5032
vn -0.5591 -0.6480 0.5172
vn -0.4976 -0.6742 0.5458
vn -0.4901 -0.6413 0.5904
vn -0.4503 -0.6565 0.6052
vn -0.5101 -0.5397 0.6697
vn -0.5124 -0.5792 0.6340
vn -0.6385 -0.4112 0.6505
vn -0.5931 -0.3590 0.7207
vn -0.6550 -0.0641 0.7529
vn -0.7462 -0.0216 0.6653
vn -0.6664 0.3825 0.6400
vn -0.6343 0.3343 0.6971
vn -0.6479 0.0751 0.7580
vn -0.6160 0.0742 0.7842
vn -0.6743 0.0464 0.7370
vn -0.6766 0.0087 0.7363
vn -0.6233 0.3058 0.7197
vn -0.7002 0.2626 0.6639
vn -0.4658 0.8428 0.2696
vn -0.6483 0.3364 0.6830
vn -0.6707 0.3014 0.6777
vn -0.5660 0.7915 0.2307
vn -0.6313 0.0005 0.7756
vn -0.7007 0.1430 0.6989
vn -0.7824 0.3715 0.4999
vn -0.6990 0.1241 0.7043
vn 0.2734 0.3801 -0.8836
vn 0.1487 0.3426 -0.9276
vn 0.2329 -0.0999 -0.9674
vn 0.3281 0.0508 -0.9433
vn -0.4994 -0.7195 0.4827
vn -0.5809 -0.6709 0.4608
vn -0.7255 -0.5069 0.4654
vn -0.6488 -0.5788 0.4941
vn -0.6373 -0.6676 0.3849
vn -0.6496 -0.6992 0.2985
vn -0.7199 -0.5832 0.3764
vn -0.6412 -0.6384 0.4258
vn -0.6375 -0.6479 0.4170
vn -0.5496 -0.7595 0.3479
vn -0.3683 -0.8846 0.2861
vn -0.5666 -0.7559 0.3281
vn -0.1521 -0.9816 -0.1151
vn 0.0354 -0.9988 -0.0347
vn -0.1395 -0.9820 0.1277
vn -0.3245 -0.9397 0.1079
vn 0.2510 -0.6042 -0.7562
vn 0.3041 -0.4808 -0.8224
vn 0.3691 -0.5928 -0.7158
vn 0.4074 -0.5344 -0.7406
vn 0.4061 -0.6971 -0.5909
vn 0.2783 -0.6006 -0.7495
vn 0.3340 -0.4997 -0.7992
vn 0.2740 -0.6548 -0.7044
vn 0.3388 -0.5320 -0.7760
vn 0.3184 -0.6550 -0.6853
vn 0.3981 -0.2846 -0.8721
vn 0.3809 -0.2759 -0.8825
vn 0.3528 -0.2808 -0.8926
vn 0.2814 -0.3740 -0.8837
vn 0.3185 -0.6144 -0.7219
vn 0.3484 -0.5268 -0.7753
vn -0.3967 -0.7121 -0.5793
vn -0.4923 -0.6804 -0.5428
vn -0.4372 -0.4299 -0.7899
vn -0.2750 -0.4306 -0.8596
vn -0.1875 -0.4640 -0.8658
vn -0.2732 -0.6844 -0.6760
vn -0.4136 -0.8323 -0.3691
vn -0.4517 -0.8689 -0.2025
vn -0.3962 -0.9016 -0.1739
vn 0.1550 0.5930 -0.7901
vn 0.0840 0.8018 -0.5917
vn 0.0391 0.8502 -0.5250
vn 0.1489 0.5904 -0.7933
vn -0.8251 0.4565 0.3328
vn -0.8102 0.5848 -0.0391
vn -0.8294 0.3584 0.4286
vn -0.9224 0.3826 0.0538
vn -0.7630 0.3359 0.5523
vn -0.7515 0.3699 0.5462
vn -0.8542 0.0728 0.5148
vn -0.8906 -0.2786 0.3595
vn -0.9639 0.2175 -0.1537
vn -0.8943 0.2537 0.3686
vn -0.8422 -0.4868 0.2318
vn -0.6892 -0.6131 0.3861
vn -0.8353 -0.3522 -0.4223
vn -0.6076 -0.6015 0.5186
vn -0.6521 -0.5569 0.5145
vn -0.7444 -0.5331 0.4021
vn -0.7729 -0.6345 -0.0073
vn -0.0899 -0.4983 -0.8623
vn -0.5825 -0.1487 -0.7991
vn -0.0776 -0.7440 -0.6637
vn -0.1324 -0.9681 -0.2128
vn -0.5870 -0.7273 -0.3556
vn 0.2460 -0.7612 -0.6000
vn 0.4493 -0.7787 -0.4380
vn 0.2723 -0.9189 -0.2853
vn 0.0561 -0.9155 -0.3984
vn 0.2702 -0.6815 -0.6801
vn 0.4276 -0.7615 -0.4871
vn -0.1327 -0.2366 -0.9625
vn -0.1018 -0.3037 -0.9473
vn -0.0412 -0.1787 -0.9830
vn -0.1846 -0.1592 -0.9698
vn 0.2306 0.0598 -0.9712
vn 0.3068 -0.2416 -0.9206
vn 0.2740 0.1895 -0.9429
vn 0.2255 0.2665 -0.9371
vn -0.1063 -0.1666 -0.9803
vn -0.0030 -0.0408 -0.9992
vn 0.0726 0.1380 -0.9878
vn 0.0863 -0.1764 -0.9805
vn -0.1888 -0.1788 -0.9656
vn 0.2410 -0.0133 -0.9704
vn 0.1227 0.3036 -0.9449
vn 0.0678 0.0105 -0.9976
vn 0.1824 0.2468 -0.9517
vn 0.2795 -0.2286 -0.9325
vn 0.3237 -0.5644 -0.7594
vn 0.2718 -0.4976 -0.8237
vn 0.2244 -0.4753 -0.8507
vn 0.2969 -0.4811 -0.8249
vn 0.2946 -0.5300 -0.7952
vn 0.2735 -0.4699 -0.8393
vn 0.2033 -0.0035 -0.9791
vn 0.2312 -0.2436 -0.9419
vn 0.1705 -0.0418 -0.9845
vn 0.1748 0.2397 -0.9550
vn -0.7375 -0.4510 0.5027
vn -0.7825 -0.4388 0.4417
vn -0.7396 -0.6030 0.2988
vn -0.6530 -0.7332 0.1900
vn -0.6242 -0.7661 0.1530
vn -0.7324 -0.6082 0.3060
vn -0.5419 -0.8324 0.1161
vn -0.3139 -0.9493 0.0191
vn -0.2852 -0.9426 -0.1734
vn -0.5167 -0.8542 0.0584
vn -0.0334 -0.9994 0.0052
vn 0.1641 -0.9850 -0.0535
vn 0.2624 -0.9532 -0.1502
vn 0.0293 -0.9660 -0.2567
vn 0.3315 -0.9080 -0.2562
vn 0.5658 -0.8129 -0.1381
vn 0.5598 -0.8179 -0.1327
vn 0.5151 -0.8390 -0.1754
vn 0.4945 -0.8569 -0.1452
vn 0.5100 -0.8059 -0.3007
vn 0.1534 -0.9468 -0.2829
vn 0.4254 -0.8133 -0.3970
vn 0.4840 -0.8082 -0.3354
vn 0.4595 -0.8598 -0.2228
vn 0.4620 -0.8591 -0.2203
vn 0.5588 -0.7566 -0.3396
vn 0.5494 -0.7508 -0.3666
vn 0.5048 -0.8203 -0.2688
vn 0.5307 -0.8148 -0.2336
vn 0.4298 -0.8711 -0.2375
vn 0.3240 -0.6951 -0.6418
vn 0.3950 -0.7372 -0.5481
vn 0.4041 -0.7304 -0.5507
vn 0.3729 -0.6736 -0.6382
vn 0.4741 -0.7174 -0.5105
vn 0.4522 -0.6452 -0.6158
vn 0.2866 0.0968 -0.9532
vn 0.2834 -0.2692 -0.9204
vn 0.2212 -0.2906 -0.9309
vn 0.1902 -0.3057 -0.9329
vn 0.1901 -0.1295 -0.9732
vn -0.8593 0.3577 0.3657
vn 0.5960 -0.7524 -0.2804
vn 0.6368 -0.7589 -0.1363
vn 0.6572 -0.7379 -0.1536
vn 0.5897 -0.7596 -0.2745
vn 0.5514 -0.7643 -0.3344
vn 0.5622 -0.7505 -0.3474
vn 0.6216 -0.7186 -0.3118
vn 0.5943 -0.7695 -0.2338
vn 0.6283 -0.7310 -0.2661
vn 0.4097 -0.8779 -0.2479
vn 0.5401 -0.7636 -0.3539
vn 0.4798 -0.8369 -0.2634
vn 0.5318 -0.8047 -0.2639
vn 0.5605 -0.7474 -0.3568
vn 0.0858 -0.4480 -0.8899
vn 0.5457 -0.7960 -0.2620
vn -0.0236 -0.4912 -0.8707
vn 0.1616 -0.4522 -0.8772
vn 0.2195 -0.5929 -0.7748
vn 0.3813 -0.7541 -0.5347
vn 0.2861 -0.6568 -0.6977
vn 0.6102 -0.7003 -0.3704
vn 0.5779 -0.7159 -0.3917
vn 0.5388 -0.7598 -0.3639
vn 0.5940 -0.7047 -0.3880
vn 0.3163 -0.5362 -0.7826
vn 0.3427 -0.7035 -0.6226
vn 0.3976 -0.8185 -0.4147
vn 0.2447 -0.8545 -0.4582
vn 0.0458 -0.6523 -0.7566
vn -0.0486 -0.7605 -0.6475
vn 0.0180 -0.8133 -0.5815
vn 0.3648 0.9281 0.0749
vn 0.0003 0.9067 0.4219
vn 0.6338 0.7280 -0.2613
vn 0.6991 0.5570 -0.4484
vn 0.6852 0.5269 -0.5029
vn 0.6206 0.6453 -0.4455
vn 0.5161 0.8065 -0.2886
vn 0.4418 0.7870 -0.4306
vn 0.4285 0.5812 -0.6918
vn 0.4056 0.4059 -0.8190
vn 0.3828 0.2463 -0.8904
vn 0.3593 0.0774 -0.9300
vn 0.3325 -0.0542 -0.9415
vn 0.2945 -0.1638 -0.9415
vn 0.2608 -0.3120 -0.9136
vn 0.2357 -0.5208 -0.8205
vn 0.2075 -0.6560 -0.7257
vn 0.1758 -0.6985 -0.6936
vn 0.1470 -0.7368 -0.6600
vn 0.1203 -0.7962 -0.5929
vn 0.0993 -0.8655 -0.4909
vn 0.0680 -0.9358 -0.3459
vn 0.0148 -0.9875 -0.1572
vn -0.0308 -0.9988 0.0386
vn -0.1144 -0.9554 0.2721
vn -0.2999 -0.7702 0.5630
vn -0.3821 -0.7206 0.5786
vn -0.3370 -0.8276 0.4489
vn -0.2653 -0.8969 0.3538
vn -0.2203 -0.9327 0.2855
vn -0.2801 -0.9079 0.3119
vn -0.4007 -0.8172 0.4143
vn -0.5330 -0.6283 0.5666
vn -0.6087 -0.4117 0.6782
vn -0.6339 -0.2320 0.7378
vn -0.6473 -0.0442 0.7610
vn -0.6297 0.1493 0.7624
vn -0.5329 0.4335 0.7267
vn -0.4850 0.4422 0.7545
vn -0.5485 0.3785 0.7456
vn -0.6150 0.3865 0.6873
vn -0.5730 0.4893 0.6574
vn -0.3683 0.6360 0.6782
vn -0.1833 0.7260 0.6628
vn -0.8947 -0.0023 -0.4466
# 6736 vertex normals

vt 0.0000 0.0000 0.0000
# 1 texture coords

o cabeza1
g cabeza1
usemtl cabeza1_dragonsinalas__17174_Tiamat_v1default
s 1
f 1/1/1 2/1/2 3/1/3 
f 3/1/3 4/1/4 1/1/1 
f 1/1/1 4/1/4 5/1/5 
f 5/1/5 6/1/6 1/1/1 
f 1/1/1 6/1/6 7/1/7 
f 7/1/7 8/1/8 1/1/1 
f 8/1/8 9/1/9 2/1/2 
f 2/1/2 1/1/1 8/1/8 
f 10/1/10 11/1/11 12/1/12 
f 12/1/12 13/1/13 10/1/10 
f 13/1/13 9/1/9 8/1/8 
f 8/1/8 10/1/10 13/1/13 
f 8/1/8 7/1/7 14/1/14 
f 14/1/14 10/1/10 8/1/8 
f 14/1/14 15/1/15 11/1/11 
f 16/1/16 17/1/17 2/1/2 
f 2/1/2 9/1/9 16/1/16 
f 17/1/17 16/1/16 18/1/18 
f 18/1/18 19/1/19 17/1/17 
f 17/1/17 19/1/19 20/1/20 
f 20/1/20 21/1/21 17/1/17 
f 21/1/21 3/1/3 2/1/2 
f 2/1/2 17/1/17 21/1/21 
f 16/1/16 22/1/22 23/1/23 
f 23/1/23 18/1/18 16/1/16 
f 22/1/22 16/1/16 9/1/9 
f 9/1/9 13/1/13 22/1/22 
f 22/1/22 13/1/13 12/1/12 
f 12/1/12 24/1/24 22/1/22 
f 24/1/24 25/1/25 23/1/23 
f 23/1/23 22/1/22 24/1/24 
f 26/1/26 27/1/27 25/1/25 
f 25/1/25 24/1/24 26/1/26 
f 24/1/24 12/1/12 11/1/11 
f 11/1/11 26/1/26 24/1/24 
f 26/1/26 11/1/11 15/1/15 
f 15/1/15 28/1/28 26/1/26 
f 28/1/28 29/1/29 27/1/27 
f 27/1/27 26/1/26 28/1/28 
f 30/1/30 31/1/31 5/1/5 
f 5/1/5 32/1/32 30/1/30 
f 32/1/32 33/1/33 34/1/34 
f 34/1/34 30/1/30 32/1/32 
f 30/1/30 34/1/34 35/1/35 
f 35/1/35 36/1/36 30/1/30 
f 36/1/36 37/1/37 31/1/31 
f 31/1/31 30/1/30 36/1/36 
f 38/1/38 39/1/39 7/1/7 
f 7/1/7 6/1/6 38/1/38 
f 6/1/6 5/1/5 31/1/31 
f 31/1/31 38/1/38 6/1/6 
f 38/1/38 31/1/31 37/1/37 
f 37/1/37 40/1/40 38/1/38 
f 40/1/40 41/1/41 39/1/39 
f 39/1/39 38/1/38 40/1/40 
f 42/1/42 14/1/14 7/1/7 
f 39/1/39 41/1/41 43/1/43 
f 43/1/43 42/1/42 39/1/39 
f 42/1/42 43/1/43 44/1/44 
f 44/1/44 45/1/45 42/1/42 
f 45/1/45 15/1/15 14/1/14 
f 14/1/14 42/1/42 45/1/45 
f 45/1/45 44/1/44 46/1/46 
f 46/1/46 47/1/47 45/1/45 
f 46/1/46 48/1/48 49/1/49 
f 49/1/49 47/1/47 46/1/46 
f 47/1/47 49/1/49 29/1/29 
f 28/1/28 15/1/15 45/1/45 
f 50/1/50 51/1/51 52/1/52 
f 52/1/52 53/1/53 50/1/50 
f 50/1/50 18/1/18 23/1/23 
f 23/1/23 51/1/51 50/1/50 
f 51/1/51 23/1/23 25/1/25 
f 25/1/25 54/1/54 51/1/51 
f 54/1/54 55/1/55 52/1/52 
f 52/1/52 51/1/51 54/1/54 
f 56/1/56 57/1/57 55/1/55 
f 54/1/54 25/1/25 27/1/27 
f 27/1/27 56/1/56 54/1/54 
f 56/1/56 27/1/27 29/1/29 
f 29/1/29 58/1/58 56/1/56 
f 58/1/58 59/1/59 57/1/57 
f 60/1/60 59/1/59 58/1/58 
f 58/1/58 61/1/61 60/1/60 
f 58/1/58 29/1/29 49/1/49 
f 49/1/49 48/1/48 62/1/62 
f 61/1/61 62/1/62 63/1/63 
f 64/1/64 65/1/65 63/1/63 
f 63/1/63 62/1/62 64/1/64 
f 62/1/62 48/1/48 66/1/66 
f 66/1/66 67/1/67 68/1/68 
f 68/1/68 64/1/64 66/1/66 
f 68/1/68 69/1/69 65/1/65 
f 65/1/65 64/1/64 68/1/68 
f 70/1/70 71/1/71 69/1/69 
f 69/1/69 68/1/68 70/1/70 
f 72/1/72 70/1/70 68/1/68 
f 68/1/68 67/1/67 72/1/72 
f 70/1/70 72/1/72 73/1/73 
f 73/1/73 74/1/74 70/1/70 
f 70/1/70 74/1/74 75/1/75 
f 75/1/75 71/1/71 70/1/70 
f 76/1/76 77/1/77 78/1/78 
f 78/1/78 79/1/79 76/1/76 
f 79/1/79 75/1/75 74/1/74 
f 74/1/74 76/1/76 79/1/79 
f 74/1/74 73/1/73 80/1/80 
f 80/1/80 76/1/76 74/1/74 
f 80/1/80 81/1/81 77/1/77 
f 77/1/77 76/1/76 80/1/80 
f 82/1/82 83/1/83 84/1/84 
f 84/1/84 85/1/85 82/1/82 
f 82/1/82 85/1/85 86/1/86 
f 86/1/86 87/1/87 82/1/82 
f 87/1/87 88/1/88 89/1/89 
f 89/1/89 82/1/82 87/1/87 
f 89/1/89 35/1/35 83/1/83 
f 83/1/83 82/1/82 89/1/89 
f 90/1/90 91/1/91 37/1/37 
f 37/1/37 36/1/36 90/1/90 
f 36/1/36 35/1/35 89/1/89 
f 89/1/89 90/1/90 36/1/36 
f 90/1/90 89/1/89 88/1/88 
f 88/1/88 92/1/92 90/1/90 
f 92/1/92 93/1/93 91/1/91 
f 91/1/91 90/1/90 92/1/92 
f 94/1/94 95/1/95 41/1/41 
f 40/1/40 37/1/37 91/1/91 
f 91/1/91 94/1/94 40/1/40 
f 94/1/94 91/1/91 93/1/93 
f 93/1/93 96/1/96 94/1/94 
f 96/1/96 97/1/97 95/1/95 
f 95/1/95 94/1/94 96/1/96 
f 98/1/98 43/1/43 41/1/41 
f 41/1/41 95/1/95 98/1/98 
f 95/1/95 97/1/97 99/1/99 
f 99/1/99 98/1/98 95/1/95 
f 98/1/98 99/1/99 100/1/100 
f 100/1/100 101/1/101 98/1/98 
f 101/1/101 44/1/44 43/1/43 
f 43/1/43 98/1/98 101/1/101 
f 102/1/102 46/1/46 44/1/44 
f 44/1/44 101/1/101 102/1/102 
f 101/1/101 100/1/100 103/1/103 
f 103/1/103 102/1/102 101/1/101 
f 104/1/104 102/1/102 103/1/103 
f 103/1/103 105/1/105 104/1/104 
f 104/1/104 48/1/48 46/1/46 
f 46/1/46 102/1/102 104/1/104 
f 106/1/106 107/1/107 67/1/67 
f 67/1/67 66/1/66 106/1/106 
f 66/1/66 48/1/48 104/1/104 
f 104/1/104 106/1/106 66/1/66 
f 106/1/106 104/1/104 105/1/105 
f 105/1/105 108/1/108 106/1/106 
f 108/1/108 109/1/109 107/1/107 
f 107/1/107 106/1/106 108/1/108 
f 110/1/110 73/1/73 72/1/72 
f 72/1/72 111/1/111 110/1/110 
f 72/1/72 67/1/67 107/1/107 
f 107/1/107 111/1/111 72/1/72 
f 111/1/111 107/1/107 109/1/109 
f 109/1/109 112/1/112 111/1/111 
f 112/1/112 113/1/113 110/1/110 
f 110/1/110 111/1/111 112/1/112 
f 114/1/114 80/1/80 73/1/73 
f 73/1/73 110/1/110 114/1/114 
f 114/1/114 110/1/110 113/1/113 
f 113/1/113 115/1/115 114/1/114 
f 115/1/115 116/1/116 117/1/117 
f 117/1/117 114/1/114 115/1/115 
f 114/1/114 117/1/117 81/1/81 
f 81/1/81 80/1/80 114/1/114 
f 118/1/118 87/1/87 86/1/86 
f 86/1/86 119/1/119 118/1/118 
f 119/1/119 120/1/120 121/1/121 
f 121/1/121 118/1/118 119/1/119 
f 118/1/118 121/1/121 122/1/122 
f 122/1/122 123/1/123 118/1/118 
f 123/1/123 88/1/88 87/1/87 
f 87/1/87 118/1/118 123/1/123 
f 92/1/92 88/1/88 123/1/123 
f 123/1/123 124/1/124 92/1/92 
f 123/1/123 122/1/122 125/1/125 
f 125/1/125 124/1/124 123/1/123 
f 124/1/124 125/1/125 126/1/126 
f 126/1/126 127/1/127 124/1/124 
f 124/1/124 127/1/127 93/1/93 
f 93/1/93 92/1/92 124/1/124 
f 128/1/128 129/1/129 130/1/130 
f 130/1/130 131/1/131 128/1/128 
f 128/1/128 131/1/131 97/1/97 
f 97/1/97 96/1/96 128/1/128 
f 96/1/96 93/1/93 127/1/127 
f 127/1/127 128/1/128 96/1/96 
f 127/1/127 126/1/126 129/1/129 
f 129/1/129 128/1/128 127/1/127 
f 132/1/132 130/1/130 129/1/129 
f 129/1/129 133/1/133 132/1/132 
f 129/1/129 126/1/126 134/1/134 
f 134/1/134 133/1/133 129/1/129 
f 133/1/133 134/1/134 135/1/135 
f 136/1/136 99/1/99 97/1/97 
f 97/1/97 131/1/131 136/1/136 
f 131/1/131 130/1/130 137/1/137 
f 137/1/137 136/1/136 131/1/131 
f 136/1/136 137/1/137 138/1/138 
f 138/1/138 139/1/139 136/1/136 
f 139/1/139 100/1/100 99/1/99 
f 99/1/99 136/1/136 139/1/139 
f 140/1/140 141/1/141 105/1/105 
f 105/1/105 103/1/103 140/1/140 
f 103/1/103 100/1/100 139/1/139 
f 139/1/139 140/1/140 103/1/103 
f 139/1/139 138/1/138 142/1/142 
f 142/1/142 140/1/140 139/1/139 
f 140/1/140 142/1/142 143/1/143 
f 143/1/143 141/1/141 140/1/140 
f 144/1/144 145/1/145 109/1/109 
f 109/1/109 108/1/108 144/1/144 
f 108/1/108 105/1/105 141/1/141 
f 141/1/141 144/1/144 108/1/108 
f 146/1/146 144/1/144 141/1/141 
f 141/1/141 143/1/143 146/1/146 
f 144/1/144 146/1/146 147/1/147 
f 147/1/147 145/1/145 144/1/144 
f 148/1/148 149/1/149 150/1/150 
f 150/1/150 151/1/151 148/1/148 
f 148/1/148 151/1/151 113/1/113 
f 113/1/113 112/1/112 148/1/148 
f 112/1/112 109/1/109 145/1/145 
f 145/1/145 148/1/148 112/1/112 
f 145/1/145 147/1/147 149/1/149 
f 149/1/149 148/1/148 145/1/145 
f 152/1/152 153/1/153 154/1/154 
f 154/1/154 155/1/155 152/1/152 
f 155/1/155 55/1/55 57/1/57 
f 152/1/152 57/1/57 59/1/59 
f 59/1/59 156/1/156 152/1/152 
f 156/1/156 157/1/157 153/1/153 
f 153/1/153 152/1/152 156/1/156 
f 158/1/158 159/1/159 160/1/160 
f 160/1/160 161/1/161 158/1/158 
f 161/1/161 154/1/154 153/1/153 
f 153/1/153 158/1/158 161/1/161 
f 158/1/158 153/1/153 157/1/157 
f 157/1/157 162/1/162 158/1/158 
f 162/1/162 163/1/163 159/1/159 
f 159/1/159 158/1/158 162/1/162 
f 164/1/164 165/1/165 157/1/157 
f 157/1/157 156/1/156 164/1/164 
f 156/1/156 59/1/59 60/1/60 
f 60/1/60 164/1/164 156/1/156 
f 164/1/164 60/1/60 63/1/63 
f 63/1/63 166/1/166 164/1/164 
f 166/1/166 167/1/167 165/1/165 
f 165/1/165 164/1/164 166/1/166 
f 168/1/168 169/1/169 163/1/163 
f 163/1/163 162/1/162 168/1/168 
f 162/1/162 157/1/157 165/1/165 
f 165/1/165 168/1/168 162/1/162 
f 168/1/168 165/1/165 167/1/167 
f 167/1/167 170/1/170 168/1/168 
f 170/1/170 171/1/171 169/1/169 
f 169/1/169 168/1/168 170/1/170 
f 172/1/172 173/1/173 174/1/174 
f 174/1/174 175/1/175 172/1/172 
f 175/1/175 163/1/163 169/1/169 
f 169/1/169 172/1/172 175/1/175 
f 172/1/172 169/1/169 171/1/171 
f 171/1/171 176/1/176 172/1/172 
f 176/1/176 177/1/177 173/1/173 
f 173/1/173 172/1/172 176/1/176 
f 178/1/178 179/1/179 167/1/167 
f 167/1/167 166/1/166 178/1/178 
f 166/1/166 63/1/63 65/1/65 
f 65/1/65 178/1/178 166/1/166 
f 178/1/178 65/1/65 69/1/69 
f 69/1/69 180/1/180 178/1/178 
f 180/1/180 181/1/181 179/1/179 
f 179/1/179 178/1/178 180/1/180 
f 182/1/182 183/1/183 184/1/184 
f 184/1/184 185/1/185 182/1/182 
f 185/1/185 186/1/186 187/1/187 
f 187/1/187 182/1/182 185/1/185 
f 182/1/182 187/1/187 177/1/177 
f 177/1/177 176/1/176 182/1/182 
f 176/1/176 171/1/171 183/1/183 
f 183/1/183 182/1/182 176/1/176 
f 188/1/188 183/1/183 171/1/171 
f 171/1/171 170/1/170 188/1/188 
f 170/1/170 167/1/167 179/1/179 
f 179/1/179 188/1/188 170/1/170 
f 188/1/188 179/1/179 181/1/181 
f 181/1/181 189/1/189 188/1/188 
f 189/1/189 184/1/184 183/1/183 
f 183/1/183 188/1/188 189/1/189 
f 190/1/190 191/1/191 181/1/181 
f 180/1/180 69/1/69 71/1/71 
f 71/1/71 190/1/190 180/1/180 
f 190/1/190 71/1/71 75/1/75 
f 75/1/75 192/1/192 190/1/190 
f 192/1/192 193/1/193 191/1/191 
f 194/1/194 195/1/195 193/1/193 
f 192/1/192 75/1/75 79/1/79 
f 79/1/79 194/1/194 192/1/192 
f 194/1/194 79/1/79 78/1/78 
f 78/1/78 196/1/196 194/1/194 
f 196/1/196 197/1/197 195/1/195 
f 195/1/195 194/1/194 196/1/196 
f 198/1/198 199/1/199 184/1/184 
f 184/1/184 189/1/189 198/1/198 
f 189/1/189 181/1/181 191/1/191 
f 191/1/191 198/1/198 189/1/189 
f 198/1/198 191/1/191 193/1/193 
f 193/1/193 200/1/200 198/1/198 
f 200/1/200 201/1/201 199/1/199 
f 199/1/199 198/1/198 200/1/200 
f 202/1/202 203/1/203 186/1/186 
f 186/1/186 185/1/185 202/1/202 
f 185/1/185 184/1/184 199/1/199 
f 199/1/199 202/1/202 185/1/185 
f 202/1/202 199/1/199 201/1/201 
f 201/1/201 204/1/204 202/1/202 
f 204/1/204 205/1/205 203/1/203 
f 203/1/203 202/1/202 204/1/204 
f 206/1/206 207/1/207 201/1/201 
f 201/1/201 200/1/200 206/1/206 
f 200/1/200 193/1/193 195/1/195 
f 195/1/195 206/1/206 200/1/200 
f 206/1/206 195/1/195 197/1/197 
f 197/1/197 208/1/208 206/1/206 
f 208/1/208 209/1/209 207/1/207 
f 207/1/207 206/1/206 208/1/208 
f 210/1/210 211/1/211 205/1/205 
f 205/1/205 204/1/204 210/1/210 
f 204/1/204 201/1/201 207/1/207 
f 207/1/207 210/1/210 204/1/204 
f 210/1/210 207/1/207 209/1/209 
f 209/1/209 212/1/212 210/1/210 
f 212/1/212 213/1/213 211/1/211 
f 211/1/211 210/1/210 212/1/212 
f 214/1/214 215/1/215 209/1/209 
f 209/1/209 208/1/208 214/1/214 
f 208/1/208 197/1/197 216/1/216 
f 216/1/216 214/1/214 208/1/208 
f 214/1/214 216/1/216 217/1/217 
f 217/1/217 218/1/218 214/1/214 
f 218/1/218 219/1/219 215/1/215 
f 215/1/215 214/1/214 218/1/218 
f 220/1/220 221/1/221 213/1/213 
f 213/1/213 212/1/212 220/1/220 
f 212/1/212 209/1/209 215/1/215 
f 215/1/215 220/1/220 212/1/212 
f 220/1/220 215/1/215 219/1/219 
f 219/1/219 222/1/222 220/1/220 
f 222/1/222 223/1/223 221/1/221 
f 221/1/221 220/1/220 222/1/222 
f 224/1/224 225/1/225 223/1/223 
f 223/1/223 222/1/222 224/1/224 
f 222/1/222 219/1/219 226/1/226 
f 226/1/226 224/1/224 222/1/222 
f 224/1/224 226/1/226 227/1/227 
f 227/1/227 228/1/228 224/1/224 
f 228/1/228 229/1/229 225/1/225 
f 225/1/225 224/1/224 228/1/228 
f 230/1/230 231/1/231 232/1/232 
f 232/1/232 233/1/233 230/1/230 
f 233/1/233 234/1/234 235/1/235 
f 235/1/235 230/1/230 233/1/233 
f 230/1/230 235/1/235 229/1/229 
f 229/1/229 228/1/228 230/1/230 
f 228/1/228 227/1/227 231/1/231 
f 231/1/231 230/1/230 228/1/228 
f 236/1/236 237/1/237 234/1/234 
f 234/1/234 233/1/233 236/1/236 
f 233/1/233 232/1/232 238/1/238 
f 238/1/238 236/1/236 233/1/233 
f 236/1/236 238/1/238 239/1/239 
f 239/1/239 240/1/240 236/1/236 
f 240/1/240 241/1/241 237/1/237 
f 237/1/237 236/1/236 240/1/240 
f 242/1/242 132/1/132 135/1/135 
f 135/1/135 243/1/243 242/1/242 
f 243/1/243 244/1/244 245/1/245 
f 245/1/245 242/1/242 243/1/243 
f 242/1/242 245/1/245 246/1/246 
f 246/1/246 247/1/247 242/1/242 
f 247/1/247 130/1/130 132/1/132 
f 132/1/132 242/1/242 247/1/247 
f 137/1/137 130/1/130 247/1/247 
f 247/1/247 248/1/248 137/1/137 
f 247/1/247 246/1/246 249/1/249 
f 249/1/249 248/1/248 247/1/247 
f 248/1/248 249/1/249 250/1/250 
f 250/1/250 251/1/251 248/1/248 
f 251/1/251 138/1/138 137/1/137 
f 137/1/137 248/1/248 251/1/251 
f 252/1/252 142/1/142 138/1/138 
f 138/1/138 251/1/251 252/1/252 
f 251/1/251 250/1/250 253/1/253 
f 253/1/253 252/1/252 251/1/251 
f 252/1/252 253/1/253 254/1/254 
f 254/1/254 255/1/255 252/1/252 
f 255/1/255 143/1/143 142/1/142 
f 142/1/142 252/1/252 255/1/255 
f 256/1/256 146/1/146 143/1/143 
f 143/1/143 255/1/255 256/1/256 
f 255/1/255 254/1/254 257/1/257 
f 257/1/257 256/1/256 255/1/255 
f 256/1/256 257/1/257 258/1/258 
f 258/1/258 259/1/259 256/1/256 
f 259/1/259 147/1/147 146/1/146 
f 146/1/146 256/1/256 259/1/259 
f 260/1/260 257/1/257 254/1/254 
f 254/1/254 261/1/261 260/1/260 
f 261/1/261 262/1/262 263/1/263 
f 263/1/263 260/1/260 261/1/261 
f 260/1/260 263/1/263 264/1/264 
f 264/1/264 265/1/265 260/1/260 
f 265/1/265 258/1/258 257/1/257 
f 257/1/257 260/1/260 265/1/265 
f 266/1/266 267/1/267 268/1/268 
f 268/1/268 269/1/269 266/1/266 
f 269/1/269 174/1/174 173/1/173 
f 173/1/173 266/1/266 269/1/269 
f 266/1/266 173/1/173 177/1/177 
f 177/1/177 270/1/270 266/1/266 
f 270/1/270 271/1/271 267/1/267 
f 267/1/267 266/1/266 270/1/270 
f 272/1/272 273/1/273 271/1/271 
f 271/1/271 270/1/270 272/1/272 
f 270/1/270 177/1/177 187/1/187 
f 187/1/187 272/1/272 270/1/270 
f 272/1/272 187/1/187 186/1/186 
f 186/1/186 274/1/274 272/1/272 
f 274/1/274 275/1/275 273/1/273 
f 273/1/273 272/1/272 274/1/274 
f 276/1/276 277/1/277 275/1/275 
f 275/1/275 274/1/274 276/1/276 
f 274/1/274 186/1/186 203/1/203 
f 203/1/203 276/1/276 274/1/274 
f 276/1/276 203/1/203 205/1/205 
f 205/1/205 278/1/278 276/1/276 
f 278/1/278 279/1/279 277/1/277 
f 277/1/277 276/1/276 278/1/278 
f 280/1/280 281/1/281 279/1/279 
f 279/1/279 278/1/278 280/1/280 
f 278/1/278 205/1/205 211/1/211 
f 211/1/211 280/1/280 278/1/278 
f 280/1/280 211/1/211 213/1/213 
f 213/1/213 282/1/282 280/1/280 
f 282/1/282 283/1/283 281/1/281 
f 281/1/281 280/1/280 282/1/282 
f 284/1/284 285/1/285 283/1/283 
f 283/1/283 282/1/282 284/1/284 
f 282/1/282 213/1/213 221/1/221 
f 221/1/221 284/1/284 282/1/282 
f 284/1/284 221/1/221 223/1/223 
f 223/1/223 286/1/286 284/1/284 
f 286/1/286 287/1/287 285/1/285 
f 285/1/285 284/1/284 286/1/286 
f 288/1/288 289/1/289 287/1/287 
f 287/1/287 286/1/286 288/1/288 
f 286/1/286 223/1/223 225/1/225 
f 225/1/225 288/1/288 286/1/286 
f 288/1/288 225/1/225 229/1/229 
f 229/1/229 290/1/290 288/1/288 
f 290/1/290 291/1/291 289/1/289 
f 289/1/289 288/1/288 290/1/290 
f 292/1/292 293/1/293 291/1/291 
f 291/1/291 290/1/290 292/1/292 
f 290/1/290 229/1/229 235/1/235 
f 235/1/235 292/1/292 290/1/290 
f 292/1/292 235/1/235 234/1/234 
f 234/1/234 294/1/294 292/1/292 
f 294/1/294 295/1/295 293/1/293 
f 293/1/293 292/1/292 294/1/294 
f 296/1/296 297/1/297 295/1/295 
f 295/1/295 294/1/294 296/1/296 
f 294/1/294 234/1/234 237/1/237 
f 237/1/237 296/1/296 294/1/294 
f 296/1/296 237/1/237 241/1/241 
f 241/1/241 298/1/298 296/1/296 
f 298/1/298 299/1/299 297/1/297 
f 297/1/297 296/1/296 298/1/298 
f 300/1/300 301/1/301 302/1/302 
f 302/1/302 303/1/303 300/1/300 
f 303/1/303 304/1/304 305/1/305 
f 305/1/305 300/1/300 303/1/303 
f 300/1/300 305/1/305 268/1/268 
f 268/1/268 306/1/306 300/1/300 
f 306/1/306 307/1/307 301/1/301 
f 301/1/301 300/1/300 306/1/306 
f 308/1/308 309/1/309 307/1/307 
f 307/1/307 306/1/306 308/1/308 
f 306/1/306 268/1/268 267/1/267 
f 267/1/267 308/1/308 306/1/306 
f 308/1/308 267/1/267 271/1/271 
f 271/1/271 310/1/310 308/1/308 
f 310/1/310 311/1/311 309/1/309 
f 309/1/309 308/1/308 310/1/310 
f 312/1/312 313/1/313 311/1/311 
f 311/1/311 310/1/310 312/1/312 
f 310/1/310 271/1/271 273/1/273 
f 273/1/273 312/1/312 310/1/310 
f 312/1/312 273/1/273 275/1/275 
f 275/1/275 314/1/314 312/1/312 
f 314/1/314 315/1/315 313/1/313 
f 313/1/313 312/1/312 314/1/314 
f 316/1/316 317/1/317 315/1/315 
f 315/1/315 314/1/314 316/1/316 
f 314/1/314 275/1/275 277/1/277 
f 277/1/277 316/1/316 314/1/314 
f 316/1/316 277/1/277 279/1/279 
f 279/1/279 318/1/318 316/1/316 
f 318/1/318 319/1/319 317/1/317 
f 317/1/317 316/1/316 318/1/318 
f 320/1/320 321/1/321 319/1/319 
f 319/1/319 318/1/318 320/1/320 
f 318/1/318 279/1/279 281/1/281 
f 281/1/281 320/1/320 318/1/318 
f 320/1/320 281/1/281 283/1/283 
f 283/1/283 322/1/322 320/1/320 
f 322/1/322 323/1/323 321/1/321 
f 321/1/321 320/1/320 322/1/322 
f 324/1/324 325/1/325 323/1/323 
f 323/1/323 322/1/322 324/1/324 
f 322/1/322 283/1/283 285/1/285 
f 285/1/285 324/1/324 322/1/322 
f 324/1/324 285/1/285 287/1/287 
f 287/1/287 326/1/326 324/1/324 
f 326/1/326 327/1/327 325/1/325 
f 325/1/325 324/1/324 326/1/326 
f 328/1/328 329/1/329 327/1/327 
f 327/1/327 326/1/326 328/1/328 
f 326/1/326 287/1/287 289/1/289 
f 289/1/289 328/1/328 326/1/326 
f 328/1/328 289/1/289 291/1/291 
f 291/1/291 330/1/330 328/1/328 
f 330/1/330 331/1/331 329/1/329 
f 329/1/329 328/1/328 330/1/330 
f 332/1/332 333/1/333 331/1/331 
f 331/1/331 330/1/330 332/1/332 
f 330/1/330 291/1/291 293/1/293 
f 293/1/293 332/1/332 330/1/330 
f 332/1/332 293/1/293 295/1/295 
f 295/1/295 334/1/334 332/1/332 
f 334/1/334 335/1/335 333/1/333 
f 333/1/333 332/1/332 334/1/334 
f 336/1/336 337/1/337 338/1/338 
f 338/1/338 339/1/339 336/1/336 
f 339/1/339 340/1/340 341/1/341 
f 341/1/341 336/1/336 339/1/339 
f 336/1/336 341/1/341 302/1/302 
f 302/1/302 342/1/342 336/1/336 
f 342/1/342 343/1/343 337/1/337 
f 337/1/337 336/1/336 342/1/342 
f 344/1/344 345/1/345 343/1/343 
f 343/1/343 342/1/342 344/1/344 
f 342/1/342 302/1/302 301/1/301 
f 301/1/301 344/1/344 342/1/342 
f 344/1/344 301/1/301 307/1/307 
f 307/1/307 346/1/346 344/1/344 
f 346/1/346 347/1/347 345/1/345 
f 345/1/345 344/1/344 346/1/346 
f 348/1/348 349/1/349 347/1/347 
f 347/1/347 346/1/346 348/1/348 
f 346/1/346 307/1/307 309/1/309 
f 309/1/309 348/1/348 346/1/346 
f 348/1/348 309/1/309 311/1/311 
f 311/1/311 350/1/350 348/1/348 
f 350/1/350 351/1/351 349/1/349 
f 349/1/349 348/1/348 350/1/350 
f 352/1/352 353/1/353 351/1/351 
f 351/1/351 350/1/350 352/1/352 
f 350/1/350 311/1/311 313/1/313 
f 313/1/313 352/1/352 350/1/350 
f 352/1/352 313/1/313 315/1/315 
f 315/1/315 354/1/354 352/1/352 
f 354/1/354 355/1/355 353/1/353 
f 353/1/353 352/1/352 354/1/354 
f 356/1/356 357/1/357 355/1/355 
f 355/1/355 354/1/354 356/1/356 
f 354/1/354 315/1/315 317/1/317 
f 317/1/317 356/1/356 354/1/354 
f 356/1/356 317/1/317 319/1/319 
f 319/1/319 358/1/358 356/1/356 
f 358/1/358 359/1/359 357/1/357 
f 357/1/357 356/1/356 358/1/358 
f 360/1/360 361/1/361 359/1/359 
f 359/1/359 358/1/358 360/1/360 
f 358/1/358 319/1/319 321/1/321 
f 321/1/321 360/1/360 358/1/358 
f 360/1/360 321/1/321 323/1/323 
f 323/1/323 362/1/362 360/1/360 
f 362/1/362 363/1/363 361/1/361 
f 361/1/361 360/1/360 362/1/362 
f 364/1/364 365/1/365 363/1/363 
f 363/1/363 362/1/362 364/1/364 
f 362/1/362 323/1/323 325/1/325 
f 325/1/325 364/1/364 362/1/362 
f 364/1/364 325/1/325 327/1/327 
f 327/1/327 366/1/366 364/1/364 
f 366/1/366 367/1/367 365/1/365 
f 365/1/365 364/1/364 366/1/366 
f 368/1/368 369/1/369 367/1/367 
f 367/1/367 366/1/366 368/1/368 
f 366/1/366 327/1/327 329/1/329 
f 329/1/329 368/1/368 366/1/366 
f 368/1/368 329/1/329 331/1/331 
f 331/1/331 370/1/370 368/1/368 
f 370/1/370 371/1/371 369/1/369 
f 369/1/369 368/1/368 370/1/370 
f 372/1/372 373/1/373 371/1/371 
f 371/1/371 370/1/370 372/1/372 
f 370/1/370 331/1/331 333/1/333 
f 333/1/333 372/1/372 370/1/370 
f 372/1/372 333/1/333 335/1/335 
f 335/1/335 374/1/374 372/1/372 
f 374/1/374 375/1/375 373/1/373 
f 373/1/373 372/1/372 374/1/374 
f 376/1/376 377/1/377 378/1/378 
f 378/1/378 379/1/379 376/1/376 
f 378/1/378 84/1/84 83/1/83 
f 83/1/83 379/1/379 378/1/378 
f 379/1/379 83/1/83 35/1/35 
f 35/1/35 380/1/380 379/1/379 
f 380/1/380 381/1/381 376/1/376 
f 376/1/376 379/1/379 380/1/380 
f 382/1/382 383/1/383 33/1/33 
f 32/1/32 5/1/5 4/1/4 
f 382/1/382 4/1/4 3/1/3 
f 3/1/3 384/1/384 382/1/382 
f 384/1/384 385/1/385 383/1/383 
f 383/1/383 382/1/382 384/1/384 
f 386/1/386 384/1/384 3/1/3 
f 3/1/3 21/1/21 386/1/386 
f 21/1/21 20/1/20 387/1/387 
f 387/1/387 386/1/386 21/1/21 
f 386/1/386 387/1/387 388/1/388 
f 388/1/388 389/1/389 386/1/386 
f 389/1/389 385/1/385 384/1/384 
f 384/1/384 386/1/386 389/1/389 
f 390/1/390 389/1/389 388/1/388 
f 388/1/388 391/1/391 390/1/390 
f 391/1/391 392/1/392 393/1/393 
f 393/1/393 390/1/390 391/1/391 
f 390/1/390 393/1/393 394/1/394 
f 394/1/394 395/1/395 390/1/390 
f 395/1/395 385/1/385 389/1/389 
f 396/1/396 397/1/397 381/1/381 
f 381/1/381 380/1/380 396/1/396 
f 380/1/380 35/1/35 34/1/34 
f 34/1/34 396/1/396 380/1/380 
f 396/1/396 34/1/34 33/1/33 
f 33/1/33 383/1/383 396/1/396 
f 383/1/383 385/1/385 397/1/397 
f 397/1/397 396/1/396 383/1/383 
f 398/1/398 395/1/395 394/1/394 
f 394/1/394 399/1/399 398/1/398 
f 399/1/399 381/1/381 397/1/397 
f 397/1/397 385/1/385 395/1/395 
f 400/1/400 401/1/401 402/1/402 
f 402/1/402 403/1/403 400/1/400 
f 403/1/403 404/1/404 405/1/405 
f 405/1/405 400/1/400 403/1/403 
f 400/1/400 405/1/405 406/1/406 
f 406/1/406 407/1/407 400/1/400 
f 407/1/407 408/1/408 401/1/401 
f 401/1/401 400/1/400 407/1/407 
f 409/1/409 410/1/410 408/1/408 
f 408/1/408 407/1/407 409/1/409 
f 407/1/407 406/1/406 411/1/411 
f 411/1/411 409/1/409 407/1/407 
f 409/1/409 411/1/411 412/1/412 
f 412/1/412 413/1/413 409/1/409 
f 413/1/413 414/1/414 410/1/410 
f 410/1/410 409/1/409 413/1/413 
f 415/1/415 416/1/416 414/1/414 
f 414/1/414 413/1/413 415/1/415 
f 413/1/413 412/1/412 417/1/417 
f 417/1/417 415/1/415 413/1/413 
f 415/1/415 417/1/417 418/1/418 
f 418/1/418 419/1/419 415/1/415 
f 419/1/419 420/1/420 416/1/416 
f 416/1/416 415/1/415 419/1/419 
f 421/1/421 422/1/422 420/1/420 
f 420/1/420 419/1/419 421/1/421 
f 419/1/419 418/1/418 423/1/423 
f 423/1/423 421/1/421 419/1/419 
f 421/1/421 423/1/423 424/1/424 
f 424/1/424 425/1/425 421/1/421 
f 425/1/425 426/1/426 422/1/422 
f 422/1/422 421/1/421 425/1/425 
f 427/1/427 428/1/428 429/1/429 
f 429/1/429 430/1/430 427/1/427 
f 430/1/430 426/1/426 431/1/431 
f 431/1/431 427/1/427 430/1/430 
f 427/1/427 431/1/431 432/1/432 
f 432/1/432 433/1/433 427/1/427 
f 433/1/433 434/1/434 428/1/428 
f 428/1/428 427/1/427 433/1/433 
f 435/1/435 436/1/436 437/1/437 
f 437/1/437 438/1/438 435/1/435 
f 438/1/438 432/1/432 431/1/431 
f 435/1/435 431/1/431 426/1/426 
f 426/1/426 425/1/425 435/1/435 
f 425/1/425 424/1/424 436/1/436 
f 436/1/436 435/1/435 425/1/425 
f 439/1/439 440/1/440 441/1/441 
f 441/1/441 442/1/442 439/1/439 
f 442/1/442 84/1/84 378/1/378 
f 378/1/378 439/1/439 442/1/442 
f 439/1/439 378/1/378 377/1/377 
f 377/1/377 443/1/443 439/1/439 
f 443/1/443 444/1/444 440/1/440 
f 440/1/440 439/1/439 443/1/443 
f 445/1/445 446/1/446 447/1/447 
f 447/1/447 448/1/448 445/1/445 
f 448/1/448 86/1/86 85/1/85 
f 85/1/85 445/1/445 448/1/448 
f 445/1/445 85/1/85 84/1/84 
f 84/1/84 442/1/442 445/1/445 
f 442/1/442 441/1/441 446/1/446 
f 446/1/446 445/1/445 442/1/442 
f 449/1/449 121/1/121 120/1/120 
f 120/1/120 450/1/450 449/1/449 
f 450/1/450 451/1/451 452/1/452 
f 452/1/452 449/1/449 450/1/450 
f 449/1/449 452/1/452 453/1/453 
f 453/1/453 454/1/454 449/1/449 
f 454/1/454 122/1/122 121/1/121 
f 121/1/121 449/1/449 454/1/454 
f 455/1/455 125/1/125 122/1/122 
f 122/1/122 454/1/454 455/1/455 
f 454/1/454 453/1/453 456/1/456 
f 456/1/456 455/1/455 454/1/454 
f 456/1/456 457/1/457 458/1/458 
f 458/1/458 455/1/455 456/1/456 
f 458/1/458 126/1/126 125/1/125 
f 125/1/125 455/1/455 458/1/458 
f 459/1/459 460/1/460 244/1/244 
f 244/1/244 243/1/243 459/1/459 
f 243/1/243 135/1/135 134/1/134 
f 134/1/134 459/1/459 243/1/243 
f 459/1/459 134/1/134 126/1/126 
f 126/1/126 458/1/458 459/1/459 
f 458/1/458 457/1/457 460/1/460 
f 460/1/460 459/1/459 458/1/458 
f 461/1/461 462/1/462 120/1/120 
f 120/1/120 119/1/119 461/1/461 
f 119/1/119 86/1/86 448/1/448 
f 448/1/448 461/1/461 119/1/119 
f 461/1/461 448/1/448 447/1/447 
f 447/1/447 463/1/463 461/1/461 
f 463/1/463 464/1/464 462/1/462 
f 465/1/465 466/1/466 467/1/467 
f 468/1/468 441/1/441 440/1/440 
f 440/1/440 465/1/465 468/1/468 
f 465/1/465 440/1/440 444/1/444 
f 444/1/444 469/1/469 465/1/465 
f 469/1/469 470/1/470 466/1/466 
f 466/1/466 465/1/465 469/1/469 
f 471/1/471 472/1/472 464/1/464 
f 464/1/464 463/1/463 471/1/471 
f 463/1/463 447/1/447 446/1/446 
f 446/1/446 471/1/471 463/1/463 
f 471/1/471 446/1/446 441/1/441 
f 441/1/441 468/1/468 471/1/471 
f 468/1/468 467/1/467 472/1/472 
f 473/1/473 474/1/474 451/1/451 
f 451/1/451 450/1/450 473/1/473 
f 450/1/450 120/1/120 462/1/462 
f 462/1/462 473/1/473 450/1/450 
f 462/1/462 464/1/464 474/1/474 
f 475/1/475 452/1/452 451/1/451 
f 451/1/451 476/1/476 475/1/475 
f 476/1/476 477/1/477 478/1/478 
f 478/1/478 475/1/475 476/1/476 
f 475/1/475 478/1/478 479/1/479 
f 479/1/479 480/1/480 475/1/475 
f 480/1/480 453/1/453 452/1/452 
f 452/1/452 475/1/475 480/1/480 
f 481/1/481 474/1/474 464/1/464 
f 464/1/464 482/1/482 481/1/481 
f 482/1/482 483/1/483 484/1/484 
f 484/1/484 481/1/481 482/1/482 
f 481/1/481 484/1/484 477/1/477 
f 477/1/477 476/1/476 481/1/481 
f 476/1/476 451/1/451 474/1/474 
f 474/1/474 481/1/481 476/1/476 
f 485/1/485 486/1/486 483/1/483 
f 482/1/482 464/1/464 472/1/472 
f 485/1/485 472/1/472 467/1/467 
f 487/1/487 488/1/488 486/1/486 
f 489/1/489 490/1/490 488/1/488 
f 489/1/489 487/1/487 467/1/467 
f 467/1/467 491/1/491 489/1/489 
f 491/1/491 492/1/492 490/1/490 
f 490/1/490 489/1/489 491/1/491 
f 493/1/493 494/1/494 492/1/492 
f 491/1/491 467/1/467 466/1/466 
f 466/1/466 493/1/493 491/1/491 
f 493/1/493 466/1/466 470/1/470 
f 470/1/470 495/1/495 493/1/493 
f 495/1/495 496/1/496 494/1/494 
f 497/1/497 498/1/498 499/1/499 
f 499/1/499 500/1/500 497/1/497 
f 500/1/500 488/1/488 490/1/490 
f 490/1/490 497/1/497 500/1/500 
f 497/1/497 490/1/490 492/1/492 
f 492/1/492 501/1/501 497/1/497 
f 501/1/501 502/1/502 498/1/498 
f 503/1/503 504/1/504 505/1/505 
f 505/1/505 506/1/506 503/1/503 
f 506/1/506 483/1/483 486/1/486 
f 486/1/486 503/1/503 506/1/506 
f 503/1/503 486/1/486 488/1/488 
f 488/1/488 500/1/500 503/1/503 
f 500/1/500 499/1/499 504/1/504 
f 504/1/504 503/1/503 500/1/500 
f 507/1/507 508/1/508 509/1/509 
f 509/1/509 510/1/510 507/1/507 
f 510/1/510 477/1/477 484/1/484 
f 484/1/484 507/1/507 510/1/510 
f 507/1/507 484/1/484 483/1/483 
f 483/1/483 506/1/506 507/1/507 
f 506/1/506 505/1/505 508/1/508 
f 508/1/508 507/1/507 506/1/506 
f 511/1/511 512/1/512 513/1/513 
f 513/1/513 514/1/514 511/1/511 
f 514/1/514 513/1/513 479/1/479 
f 479/1/479 478/1/478 514/1/514 
f 514/1/514 478/1/478 477/1/477 
f 477/1/477 510/1/510 514/1/514 
f 510/1/510 509/1/509 511/1/511 
f 511/1/511 514/1/514 510/1/510 
f 515/1/515 516/1/516 517/1/517 
f 517/1/517 518/1/518 515/1/515 
f 518/1/518 496/1/496 495/1/495 
f 495/1/495 515/1/515 518/1/518 
f 495/1/495 470/1/470 519/1/519 
f 519/1/519 515/1/515 495/1/495 
f 519/1/519 520/1/520 516/1/516 
f 516/1/516 515/1/515 519/1/519 
f 521/1/521 405/1/405 404/1/404 
f 404/1/404 522/1/522 521/1/521 
f 522/1/522 523/1/523 524/1/524 
f 524/1/524 521/1/521 522/1/522 
f 521/1/521 524/1/524 525/1/525 
f 525/1/525 526/1/526 521/1/521 
f 526/1/526 406/1/406 405/1/405 
f 405/1/405 521/1/521 526/1/526 
f 527/1/527 528/1/528 529/1/529 
f 529/1/529 530/1/530 527/1/527 
f 530/1/530 517/1/517 516/1/516 
f 516/1/516 527/1/527 530/1/530 
f 527/1/527 516/1/516 520/1/520 
f 520/1/520 531/1/531 527/1/527 
f 531/1/531 532/1/532 528/1/528 
f 528/1/528 527/1/527 531/1/531 
f 533/1/533 524/1/524 523/1/523 
f 523/1/523 534/1/534 533/1/533 
f 534/1/534 529/1/529 528/1/528 
f 528/1/528 533/1/533 534/1/534 
f 533/1/533 528/1/528 532/1/532 
f 532/1/532 535/1/535 533/1/533 
f 535/1/535 525/1/525 524/1/524 
f 524/1/524 533/1/533 535/1/535 
f 536/1/536 519/1/519 470/1/470 
f 470/1/470 469/1/469 536/1/536 
f 469/1/469 444/1/444 537/1/537 
f 537/1/537 536/1/536 469/1/469 
f 536/1/536 537/1/537 538/1/538 
f 538/1/538 539/1/539 536/1/536 
f 539/1/539 520/1/520 519/1/519 
f 519/1/519 536/1/536 539/1/539 
f 540/1/540 411/1/411 406/1/406 
f 406/1/406 526/1/526 540/1/540 
f 526/1/526 525/1/525 541/1/541 
f 541/1/541 540/1/540 526/1/526 
f 540/1/540 541/1/541 542/1/542 
f 542/1/542 543/1/543 540/1/540 
f 543/1/543 412/1/412 411/1/411 
f 411/1/411 540/1/540 543/1/543 
f 544/1/544 531/1/531 520/1/520 
f 520/1/520 539/1/539 544/1/544 
f 539/1/539 538/1/538 545/1/545 
f 545/1/545 544/1/544 539/1/539 
f 544/1/544 545/1/545 546/1/546 
f 546/1/546 547/1/547 544/1/544 
f 547/1/547 532/1/532 531/1/531 
f 531/1/531 544/1/544 547/1/547 
f 548/1/548 549/1/549 542/1/542 
f 542/1/542 541/1/541 548/1/548 
f 541/1/541 525/1/525 535/1/535 
f 535/1/535 548/1/548 541/1/541 
f 548/1/548 535/1/535 532/1/532 
f 532/1/532 547/1/547 548/1/548 
f 547/1/547 546/1/546 549/1/549 
f 549/1/549 548/1/548 547/1/547 
f 550/1/550 537/1/537 444/1/444 
f 444/1/444 443/1/443 550/1/550 
f 443/1/443 377/1/377 551/1/551 
f 551/1/551 550/1/550 443/1/443 
f 550/1/550 551/1/551 552/1/552 
f 553/1/553 538/1/538 537/1/537 
f 554/1/554 417/1/417 412/1/412 
f 412/1/412 543/1/543 554/1/554 
f 543/1/543 542/1/542 555/1/555 
f 555/1/555 554/1/554 543/1/543 
f 554/1/554 555/1/555 556/1/556 
f 556/1/556 557/1/557 554/1/554 
f 557/1/557 418/1/418 417/1/417 
f 417/1/417 554/1/554 557/1/557 
f 558/1/558 545/1/545 538/1/538 
f 553/1/553 552/1/552 559/1/559 
f 558/1/558 559/1/559 560/1/560 
f 560/1/560 561/1/561 558/1/558 
f 561/1/561 546/1/546 545/1/545 
f 545/1/545 558/1/558 561/1/561 
f 562/1/562 563/1/563 556/1/556 
f 556/1/556 555/1/555 562/1/562 
f 555/1/555 542/1/542 549/1/549 
f 549/1/549 562/1/562 555/1/555 
f 562/1/562 549/1/549 546/1/546 
f 546/1/546 561/1/561 562/1/562 
f 561/1/561 560/1/560 563/1/563 
f 563/1/563 562/1/562 561/1/561 
f 564/1/564 557/1/557 556/1/556 
f 556/1/556 565/1/565 564/1/564 
f 565/1/565 566/1/566 567/1/567 
f 567/1/567 564/1/564 565/1/565 
f 567/1/567 424/1/424 423/1/423 
f 423/1/423 564/1/564 567/1/567 
f 564/1/564 423/1/423 418/1/418 
f 418/1/418 557/1/557 564/1/564 
f 568/1/568 551/1/551 377/1/377 
f 377/1/377 376/1/376 568/1/568 
f 376/1/376 381/1/381 569/1/569 
f 569/1/569 568/1/568 376/1/376 
f 568/1/568 569/1/569 570/1/570 
f 571/1/571 552/1/552 551/1/551 
f 572/1/572 559/1/559 552/1/552 
f 552/1/552 571/1/571 572/1/572 
f 571/1/571 570/1/570 573/1/573 
f 573/1/573 572/1/572 571/1/571 
f 572/1/572 573/1/573 574/1/574 
f 574/1/574 575/1/575 572/1/572 
f 575/1/575 560/1/560 559/1/559 
f 559/1/559 572/1/572 575/1/575 
f 576/1/576 577/1/577 566/1/566 
f 566/1/566 565/1/565 576/1/576 
f 565/1/565 556/1/556 563/1/563 
f 563/1/563 576/1/576 565/1/565 
f 576/1/576 563/1/563 560/1/560 
f 560/1/560 575/1/575 576/1/576 
f 575/1/575 574/1/574 577/1/577 
f 577/1/577 576/1/576 575/1/575 
f 578/1/578 437/1/437 436/1/436 
f 436/1/436 579/1/579 578/1/578 
f 579/1/579 436/1/436 424/1/424 
f 424/1/424 567/1/567 579/1/579 
f 579/1/579 567/1/567 566/1/566 
f 566/1/566 580/1/580 579/1/579 
f 580/1/580 581/1/581 578/1/578 
f 582/1/582 583/1/583 584/1/584 
f 585/1/585 570/1/570 569/1/569 
f 569/1/569 582/1/582 585/1/585 
f 582/1/582 569/1/569 381/1/381 
f 399/1/399 394/1/394 583/1/583 
f 583/1/583 582/1/582 399/1/399 
f 586/1/586 587/1/587 581/1/581 
f 581/1/581 580/1/580 586/1/586 
f 580/1/580 566/1/566 577/1/577 
f 577/1/577 586/1/586 580/1/580 
f 586/1/586 577/1/577 574/1/574 
f 588/1/588 589/1/589 587/1/587 
f 587/1/587 586/1/586 588/1/588 
f 590/1/590 591/1/591 589/1/589 
f 589/1/589 588/1/588 590/1/590 
f 588/1/588 574/1/574 573/1/573 
f 573/1/573 590/1/590 588/1/588 
f 590/1/590 573/1/573 570/1/570 
f 570/1/570 585/1/585 590/1/590 
f 585/1/585 584/1/584 591/1/591 
f 591/1/591 590/1/590 585/1/585 
f 592/1/592 593/1/593 304/1/304 
f 304/1/304 303/1/303 592/1/592 
f 303/1/303 302/1/302 341/1/341 
f 341/1/341 592/1/592 303/1/303 
f 592/1/592 341/1/341 340/1/340 
f 340/1/340 594/1/594 592/1/592 
f 594/1/594 595/1/595 593/1/593 
f 593/1/593 592/1/592 594/1/594 
f 596/1/596 597/1/597 598/1/598 
f 599/1/599 53/1/53 52/1/52 
f 52/1/52 596/1/596 599/1/599 
f 596/1/596 52/1/52 55/1/55 
f 155/1/155 154/1/154 597/1/597 
f 597/1/597 596/1/596 155/1/155 
f 600/1/600 304/1/304 593/1/593 
f 593/1/593 601/1/601 600/1/600 
f 601/1/601 593/1/593 595/1/595 
f 595/1/595 602/1/602 601/1/601 
f 602/1/602 603/1/603 604/1/604 
f 604/1/604 601/1/601 602/1/602 
f 601/1/601 604/1/604 605/1/605 
f 605/1/605 600/1/600 601/1/601 
f 175/1/175 174/1/174 606/1/606 
f 606/1/606 607/1/607 175/1/175 
f 606/1/606 605/1/605 608/1/608 
f 608/1/608 607/1/607 606/1/606 
f 607/1/607 608/1/608 160/1/160 
f 160/1/160 159/1/159 607/1/607 
f 607/1/607 159/1/159 163/1/163 
f 163/1/163 175/1/175 607/1/607 
f 609/1/609 608/1/608 605/1/605 
f 605/1/605 610/1/610 609/1/609 
f 610/1/610 598/1/598 597/1/597 
f 597/1/597 609/1/609 610/1/610 
f 609/1/609 597/1/597 154/1/154 
f 154/1/154 161/1/161 609/1/609 
f 161/1/161 160/1/160 608/1/608 
f 608/1/608 609/1/609 161/1/161 
f 611/1/611 604/1/604 603/1/603 
f 603/1/603 612/1/612 611/1/611 
f 611/1/611 612/1/612 598/1/598 
f 598/1/598 610/1/610 611/1/611 
f 610/1/610 605/1/605 604/1/604 
f 604/1/604 611/1/611 610/1/610 
f 613/1/613 606/1/606 174/1/174 
f 174/1/174 269/1/269 613/1/613 
f 269/1/269 268/1/268 305/1/305 
f 305/1/305 613/1/613 269/1/269 
f 613/1/613 305/1/305 304/1/304 
f 304/1/304 600/1/600 613/1/613 
f 600/1/600 605/1/605 606/1/606 
f 606/1/606 613/1/613 600/1/600 
f 614/1/614 456/1/456 453/1/453 
f 453/1/453 480/1/480 614/1/614 
f 480/1/480 479/1/479 615/1/615 
f 614/1/614 615/1/615 616/1/616 
f 616/1/616 617/1/617 614/1/614 
f 617/1/617 457/1/457 456/1/456 
f 456/1/456 614/1/614 617/1/617 
f 618/1/618 616/1/616 615/1/615 
f 615/1/615 619/1/619 618/1/618 
f 615/1/615 479/1/479 513/1/513 
f 513/1/513 619/1/619 615/1/615 
f 619/1/619 513/1/513 512/1/512 
f 512/1/512 620/1/620 619/1/619 
f 619/1/619 620/1/620 621/1/621 
f 621/1/621 618/1/618 619/1/619 
f 622/1/622 621/1/621 620/1/620 
f 620/1/620 512/1/512 623/1/623 
f 623/1/623 624/1/624 620/1/620 
f 625/1/625 622/1/622 624/1/624 
f 626/1/626 511/1/511 509/1/509 
f 509/1/509 627/1/627 626/1/626 
f 627/1/627 628/1/628 629/1/629 
f 626/1/626 629/1/629 625/1/625 
f 626/1/626 623/1/623 512/1/512 
f 512/1/512 511/1/511 626/1/626 
f 630/1/630 508/1/508 505/1/505 
f 505/1/505 631/1/631 630/1/630 
f 631/1/631 632/1/632 633/1/633 
f 633/1/633 630/1/630 631/1/631 
f 630/1/630 633/1/633 628/1/628 
f 628/1/628 627/1/627 630/1/630 
f 627/1/627 509/1/509 508/1/508 
f 508/1/508 630/1/630 627/1/627 
f 634/1/634 635/1/635 632/1/632 
f 632/1/632 631/1/631 634/1/634 
f 631/1/631 505/1/505 504/1/504 
f 504/1/504 634/1/634 631/1/631 
f 634/1/634 504/1/504 499/1/499 
f 499/1/499 636/1/636 634/1/634 
f 636/1/636 637/1/637 635/1/635 
f 635/1/635 634/1/634 636/1/636 
f 638/1/638 639/1/639 637/1/637 
f 637/1/637 636/1/636 638/1/638 
f 636/1/636 499/1/499 498/1/498 
f 498/1/498 638/1/638 636/1/636 
f 638/1/638 498/1/498 502/1/502 
f 502/1/502 640/1/640 638/1/638 
f 640/1/640 641/1/641 639/1/639 
f 639/1/639 638/1/638 640/1/640 
f 642/1/642 643/1/643 644/1/644 
f 644/1/644 645/1/645 642/1/642 
f 644/1/644 637/1/637 639/1/639 
f 639/1/639 645/1/645 644/1/644 
f 645/1/645 639/1/639 641/1/641 
f 641/1/641 642/1/642 645/1/645 
f 646/1/646 647/1/647 648/1/648 
f 648/1/648 649/1/649 646/1/646 
f 649/1/649 632/1/632 635/1/635 
f 635/1/635 646/1/646 649/1/649 
f 646/1/646 635/1/635 637/1/637 
f 637/1/637 644/1/644 646/1/646 
f 644/1/644 643/1/643 647/1/647 
f 647/1/647 646/1/646 644/1/644 
f 650/1/650 651/1/651 652/1/652 
f 652/1/652 653/1/653 650/1/650 
f 653/1/653 628/1/628 633/1/633 
f 633/1/633 650/1/650 653/1/653 
f 650/1/650 633/1/633 632/1/632 
f 632/1/632 649/1/649 650/1/650 
f 649/1/649 648/1/648 651/1/651 
f 651/1/651 650/1/650 649/1/649 
f 654/1/654 625/1/625 629/1/629 
f 629/1/629 655/1/655 654/1/654 
f 655/1/655 629/1/629 628/1/628 
f 628/1/628 653/1/653 655/1/655 
f 655/1/655 653/1/653 652/1/652 
f 652/1/652 656/1/656 655/1/655 
f 656/1/656 657/1/657 654/1/654 
f 654/1/654 655/1/655 656/1/656 
f 658/1/658 659/1/659 660/1/660 
f 661/1/661 660/1/660 621/1/621 
f 621/1/621 622/1/622 661/1/661 
f 661/1/661 622/1/622 625/1/625 
f 625/1/625 654/1/654 661/1/661 
f 661/1/661 654/1/654 657/1/657 
f 657/1/657 658/1/658 661/1/661 
f 662/1/662 663/1/663 616/1/616 
f 616/1/616 618/1/618 662/1/662 
f 618/1/618 621/1/621 660/1/660 
f 660/1/660 662/1/662 618/1/618 
f 662/1/662 660/1/660 659/1/659 
f 664/1/664 665/1/665 663/1/663 
f 617/1/617 616/1/616 663/1/663 
f 663/1/663 666/1/666 617/1/617 
f 666/1/666 663/1/663 665/1/665 
f 665/1/665 667/1/667 666/1/666 
f 666/1/666 667/1/667 668/1/668 
f 669/1/669 457/1/457 617/1/617 
f 617/1/617 666/1/666 669/1/669 
f 670/1/670 460/1/460 457/1/457 
f 669/1/669 668/1/668 671/1/671 
f 670/1/670 671/1/671 672/1/672 
f 672/1/672 673/1/673 670/1/670 
f 673/1/673 244/1/244 460/1/460 
f 674/1/674 245/1/245 244/1/244 
f 244/1/244 673/1/673 674/1/674 
f 673/1/673 672/1/672 675/1/675 
f 675/1/675 674/1/674 673/1/673 
f 674/1/674 675/1/675 676/1/676 
f 676/1/676 677/1/677 674/1/674 
f 677/1/677 246/1/246 245/1/245 
f 245/1/245 674/1/674 677/1/677 
f 678/1/678 249/1/249 246/1/246 
f 246/1/246 677/1/677 678/1/678 
f 677/1/677 676/1/676 679/1/679 
f 679/1/679 678/1/678 677/1/677 
f 678/1/678 679/1/679 680/1/680 
f 681/1/681 250/1/250 249/1/249 
f 249/1/249 678/1/678 681/1/681 
f 682/1/682 683/1/683 262/1/262 
f 262/1/262 261/1/261 682/1/682 
f 261/1/261 254/1/254 253/1/253 
f 253/1/253 682/1/682 261/1/261 
f 682/1/682 253/1/253 250/1/250 
f 250/1/250 681/1/681 682/1/682 
f 681/1/681 680/1/680 683/1/683 
f 683/1/683 682/1/682 681/1/681 
f 684/1/684 685/1/685 686/1/686 
f 686/1/686 687/1/687 688/1/688 
f 688/1/688 689/1/689 686/1/686 
f 689/1/689 688/1/688 690/1/690 
f 690/1/690 684/1/684 689/1/689 
f 691/1/691 683/1/683 680/1/680 
f 680/1/680 692/1/692 691/1/691 
f 692/1/692 685/1/685 693/1/693 
f 693/1/693 691/1/691 692/1/692 
f 691/1/691 693/1/693 694/1/694 
f 694/1/694 695/1/695 691/1/691 
f 695/1/695 262/1/262 683/1/683 
f 683/1/683 691/1/691 695/1/695 
f 696/1/696 263/1/263 262/1/262 
f 262/1/262 695/1/695 696/1/696 
f 695/1/695 694/1/694 697/1/697 
f 697/1/697 696/1/696 695/1/695 
f 696/1/696 697/1/697 698/1/698 
f 698/1/698 699/1/699 696/1/696 
f 699/1/699 264/1/264 263/1/263 
f 263/1/263 696/1/696 699/1/699 
f 700/1/700 701/1/701 264/1/264 
f 264/1/264 699/1/699 700/1/700 
f 699/1/699 698/1/698 702/1/702 
f 702/1/702 700/1/700 699/1/699 
f 700/1/700 702/1/702 703/1/703 
f 703/1/703 704/1/704 700/1/700 
f 704/1/704 705/1/705 701/1/701 
f 701/1/701 700/1/700 704/1/704 
f 706/1/706 707/1/707 705/1/705 
f 706/1/706 704/1/704 703/1/703 
f 708/1/708 709/1/709 710/1/710 
f 710/1/710 706/1/706 708/1/708 
f 711/1/711 707/1/707 706/1/706 
f 706/1/706 710/1/710 711/1/711 
f 712/1/712 149/1/149 147/1/147 
f 147/1/147 259/1/259 712/1/712 
f 259/1/259 258/1/258 713/1/713 
f 713/1/713 712/1/712 259/1/259 
f 712/1/712 713/1/713 714/1/714 
f 714/1/714 715/1/715 712/1/712 
f 715/1/715 150/1/150 149/1/149 
f 149/1/149 712/1/712 715/1/715 
f 716/1/716 713/1/713 258/1/258 
f 258/1/258 265/1/265 716/1/716 
f 265/1/265 264/1/264 701/1/701 
f 716/1/716 701/1/701 705/1/705 
f 717/1/717 714/1/714 713/1/713 
f 713/1/713 716/1/716 717/1/717 
f 718/1/718 719/1/719 714/1/714 
f 714/1/714 717/1/717 718/1/718 
f 717/1/717 705/1/705 707/1/707 
f 707/1/707 718/1/718 717/1/717 
f 718/1/718 707/1/707 711/1/711 
f 711/1/711 720/1/720 718/1/718 
f 720/1/720 721/1/721 719/1/719 
f 719/1/719 718/1/718 720/1/720 
f 113/1/113 151/1/151 722/1/722 
f 722/1/722 115/1/115 113/1/113 
f 151/1/151 150/1/150 723/1/723 
f 723/1/723 722/1/722 151/1/151 
f 722/1/722 723/1/723 724/1/724 
f 724/1/724 725/1/725 722/1/722 
f 722/1/722 725/1/725 116/1/116 
f 116/1/116 115/1/115 722/1/722 
f 726/1/726 723/1/723 150/1/150 
f 150/1/150 715/1/715 726/1/726 
f 715/1/715 714/1/714 719/1/719 
f 719/1/719 726/1/726 715/1/715 
f 726/1/726 719/1/719 721/1/721 
f 721/1/721 727/1/727 726/1/726 
f 727/1/727 724/1/724 723/1/723 
f 723/1/723 726/1/726 727/1/727 
f 728/1/728 727/1/727 721/1/721 
f 721/1/721 729/1/729 728/1/728 
f 728/1/728 729/1/729 730/1/730 
f 730/1/730 731/1/731 728/1/728 
f 728/1/728 731/1/731 724/1/724 
f 724/1/724 727/1/727 728/1/728 
f 732/1/732 720/1/720 711/1/711 
f 711/1/711 733/1/733 732/1/732 
f 733/1/733 734/1/734 735/1/735 
f 735/1/735 732/1/732 733/1/733 
f 732/1/732 735/1/735 730/1/730 
f 730/1/730 729/1/729 732/1/732 
f 729/1/729 721/1/721 720/1/720 
f 720/1/720 732/1/732 729/1/729 
f 736/1/736 693/1/693 685/1/685 
f 684/1/684 690/1/690 737/1/737 
f 736/1/736 737/1/737 738/1/738 
f 738/1/738 739/1/739 736/1/736 
f 739/1/739 694/1/694 693/1/693 
f 693/1/693 736/1/736 739/1/739 
f 740/1/740 741/1/741 742/1/742 
f 742/1/742 743/1/743 740/1/740 
f 743/1/743 744/1/744 745/1/745 
f 745/1/745 740/1/740 743/1/743 
f 740/1/740 745/1/745 746/1/746 
f 746/1/746 747/1/747 740/1/740 
f 747/1/747 690/1/690 741/1/741 
f 741/1/741 740/1/740 747/1/747 
f 748/1/748 749/1/749 738/1/738 
f 738/1/738 737/1/737 748/1/748 
f 737/1/737 690/1/690 747/1/747 
f 747/1/747 746/1/746 749/1/749 
f 749/1/749 748/1/748 747/1/747 
f 750/1/750 697/1/697 694/1/694 
f 694/1/694 739/1/739 750/1/750 
f 739/1/739 738/1/738 751/1/751 
f 751/1/751 750/1/750 739/1/739 
f 750/1/750 751/1/751 752/1/752 
f 752/1/752 753/1/753 750/1/750 
f 753/1/753 698/1/698 697/1/697 
f 697/1/697 750/1/750 753/1/753 
f 754/1/754 755/1/755 752/1/752 
f 752/1/752 751/1/751 754/1/754 
f 749/1/749 754/1/754 751/1/751 
f 751/1/751 738/1/738 749/1/749 
f 754/1/754 749/1/749 746/1/746 
f 746/1/746 756/1/756 754/1/754 
f 756/1/756 757/1/757 755/1/755 
f 755/1/755 754/1/754 756/1/756 
f 758/1/758 759/1/759 757/1/757 
f 757/1/757 756/1/756 758/1/758 
f 756/1/756 746/1/746 745/1/745 
f 745/1/745 758/1/758 756/1/756 
f 758/1/758 745/1/745 744/1/744 
f 744/1/744 760/1/760 758/1/758 
f 760/1/760 761/1/761 759/1/759 
f 759/1/759 758/1/758 760/1/760 
f 762/1/762 702/1/702 698/1/698 
f 753/1/753 752/1/752 763/1/763 
f 763/1/763 762/1/762 753/1/753 
f 763/1/763 764/1/764 765/1/765 
f 765/1/765 762/1/762 763/1/763 
f 762/1/762 765/1/765 703/1/703 
f 703/1/703 702/1/702 762/1/762 
f 766/1/766 767/1/767 764/1/764 
f 764/1/764 763/1/763 766/1/766 
f 763/1/763 752/1/752 755/1/755 
f 755/1/755 766/1/766 763/1/763 
f 766/1/766 755/1/755 757/1/757 
f 757/1/757 768/1/768 766/1/766 
f 768/1/768 769/1/769 767/1/767 
f 767/1/767 766/1/766 768/1/768 
f 770/1/770 771/1/771 769/1/769 
f 769/1/769 768/1/768 770/1/770 
f 768/1/768 757/1/757 759/1/759 
f 759/1/759 770/1/770 768/1/768 
f 770/1/770 759/1/759 761/1/761 
f 761/1/761 772/1/772 770/1/770 
f 772/1/772 773/1/773 771/1/771 
f 771/1/771 770/1/770 772/1/772 
f 774/1/774 743/1/743 742/1/742 
f 742/1/742 775/1/775 774/1/774 
f 775/1/775 776/1/776 777/1/777 
f 777/1/777 774/1/774 775/1/775 
f 774/1/774 777/1/777 778/1/778 
f 778/1/778 779/1/779 774/1/774 
f 774/1/774 779/1/779 744/1/744 
f 744/1/744 743/1/743 774/1/774 
f 760/1/760 744/1/744 779/1/779 
f 779/1/779 780/1/780 760/1/760 
f 779/1/779 778/1/778 781/1/781 
f 781/1/781 780/1/780 779/1/779 
f 780/1/780 781/1/781 782/1/782 
f 782/1/782 783/1/783 780/1/780 
f 783/1/783 761/1/761 760/1/760 
f 760/1/760 780/1/780 783/1/783 
f 784/1/784 772/1/772 761/1/761 
f 761/1/761 783/1/783 784/1/784 
f 783/1/783 782/1/782 785/1/785 
f 785/1/785 784/1/784 783/1/783 
f 784/1/784 785/1/785 786/1/786 
f 786/1/786 787/1/787 784/1/784 
f 787/1/787 773/1/773 772/1/772 
f 772/1/772 784/1/784 787/1/787 
f 788/1/788 789/1/789 773/1/773 
f 773/1/773 787/1/787 788/1/788 
f 787/1/787 786/1/786 790/1/790 
f 790/1/790 788/1/788 787/1/787 
f 788/1/788 790/1/790 791/1/791 
f 791/1/791 792/1/792 788/1/788 
f 792/1/792 793/1/793 789/1/789 
f 789/1/789 788/1/788 792/1/792 
f 794/1/794 790/1/790 786/1/786 
f 786/1/786 795/1/795 794/1/794 
f 795/1/795 796/1/796 797/1/797 
f 797/1/797 794/1/794 795/1/795 
f 794/1/794 797/1/797 798/1/798 
f 798/1/798 799/1/799 794/1/794 
f 799/1/799 791/1/791 790/1/790 
f 790/1/790 794/1/794 799/1/799 
f 800/1/800 687/1/687 801/1/801 
f 801/1/801 802/1/802 803/1/803 
f 804/1/804 803/1/803 805/1/805 
f 805/1/805 800/1/800 804/1/804 
f 806/1/806 688/1/688 687/1/687 
f 687/1/687 800/1/800 806/1/806 
f 800/1/800 805/1/805 807/1/807 
f 807/1/807 806/1/806 800/1/800 
f 806/1/806 807/1/807 808/1/808 
f 808/1/808 809/1/809 806/1/806 
f 809/1/809 690/1/690 688/1/688 
f 688/1/688 806/1/806 809/1/809 
f 810/1/810 811/1/811 776/1/776 
f 776/1/776 775/1/775 810/1/810 
f 775/1/775 742/1/742 741/1/741 
f 741/1/741 810/1/810 775/1/775 
f 810/1/810 741/1/741 690/1/690 
f 690/1/690 809/1/809 810/1/810 
f 809/1/809 808/1/808 811/1/811 
f 811/1/811 810/1/810 809/1/809 
f 812/1/812 776/1/776 811/1/811 
f 811/1/811 813/1/813 812/1/812 
f 811/1/811 808/1/808 814/1/814 
f 814/1/814 813/1/813 811/1/811 
f 813/1/813 814/1/814 815/1/815 
f 815/1/815 812/1/812 813/1/813 
f 816/1/816 777/1/777 776/1/776 
f 776/1/776 812/1/812 816/1/816 
f 812/1/812 815/1/815 817/1/817 
f 817/1/817 816/1/816 812/1/812 
f 816/1/816 817/1/817 818/1/818 
f 818/1/818 819/1/819 816/1/816 
f 819/1/819 778/1/778 777/1/777 
f 777/1/777 816/1/816 819/1/819 
f 820/1/820 781/1/781 778/1/778 
f 778/1/778 819/1/819 820/1/820 
f 819/1/819 818/1/818 821/1/821 
f 821/1/821 820/1/820 819/1/819 
f 820/1/820 821/1/821 822/1/822 
f 822/1/822 823/1/823 820/1/820 
f 823/1/823 782/1/782 781/1/781 
f 781/1/781 820/1/820 823/1/823 
f 824/1/824 825/1/825 796/1/796 
f 796/1/796 795/1/795 824/1/824 
f 795/1/795 786/1/786 785/1/785 
f 785/1/785 824/1/824 795/1/795 
f 824/1/824 785/1/785 782/1/782 
f 782/1/782 823/1/823 824/1/824 
f 823/1/823 822/1/822 825/1/825 
f 825/1/825 824/1/824 823/1/823 
f 826/1/826 803/1/803 802/1/802 
f 802/1/802 827/1/827 826/1/826 
f 827/1/827 828/1/828 829/1/829 
f 829/1/829 826/1/826 827/1/827 
f 826/1/826 829/1/829 830/1/830 
f 830/1/830 831/1/831 826/1/826 
f 831/1/831 805/1/805 803/1/803 
f 803/1/803 826/1/826 831/1/831 
f 832/1/832 807/1/807 805/1/805 
f 805/1/805 831/1/831 832/1/832 
f 831/1/831 830/1/830 833/1/833 
f 833/1/833 832/1/832 831/1/831 
f 832/1/832 833/1/833 834/1/834 
f 834/1/834 835/1/835 832/1/832 
f 835/1/835 808/1/808 807/1/807 
f 807/1/807 832/1/832 835/1/835 
f 836/1/836 837/1/837 838/1/838 
f 838/1/838 839/1/839 836/1/836 
f 836/1/836 840/1/840 841/1/841 
f 841/1/841 837/1/837 836/1/836 
f 841/1/841 834/1/834 833/1/833 
f 837/1/837 833/1/833 830/1/830 
f 830/1/830 838/1/838 837/1/837 
f 842/1/842 814/1/814 808/1/808 
f 808/1/808 835/1/835 842/1/842 
f 835/1/835 834/1/834 843/1/843 
f 843/1/843 842/1/842 835/1/835 
f 842/1/842 843/1/843 844/1/844 
f 844/1/844 845/1/845 842/1/842 
f 845/1/845 815/1/815 814/1/814 
f 814/1/814 842/1/842 845/1/845 
f 846/1/846 844/1/844 843/1/843 
f 843/1/843 847/1/847 846/1/846 
f 847/1/847 843/1/843 834/1/834 
f 834/1/834 841/1/841 847/1/847 
f 847/1/847 841/1/841 840/1/840 
f 840/1/840 848/1/848 847/1/847 
f 848/1/848 849/1/849 846/1/846 
f 846/1/846 847/1/847 848/1/848 
f 850/1/850 817/1/817 815/1/815 
f 815/1/815 845/1/845 850/1/850 
f 845/1/845 844/1/844 851/1/851 
f 851/1/851 850/1/850 845/1/845 
f 850/1/850 851/1/851 852/1/852 
f 852/1/852 853/1/853 850/1/850 
f 853/1/853 818/1/818 817/1/817 
f 817/1/817 850/1/850 853/1/853 
f 854/1/854 855/1/855 856/1/856 
f 856/1/856 857/1/857 854/1/854 
f 857/1/857 852/1/852 851/1/851 
f 851/1/851 854/1/854 857/1/857 
f 854/1/854 851/1/851 844/1/844 
f 844/1/844 846/1/846 854/1/854 
f 846/1/846 849/1/849 855/1/855 
f 855/1/855 854/1/854 846/1/846 
f 858/1/858 821/1/821 818/1/818 
f 818/1/818 853/1/853 858/1/858 
f 853/1/853 852/1/852 859/1/859 
f 859/1/859 858/1/858 853/1/853 
f 860/1/860 861/1/861 858/1/858 
f 858/1/858 859/1/859 860/1/860 
f 861/1/861 822/1/822 821/1/821 
f 821/1/821 858/1/858 861/1/861 
f 862/1/862 863/1/863 864/1/864 
f 864/1/864 865/1/865 862/1/862 
f 865/1/865 860/1/860 859/1/859 
f 859/1/859 862/1/862 865/1/865 
f 862/1/862 859/1/859 852/1/852 
f 852/1/852 857/1/857 862/1/862 
f 857/1/857 856/1/856 863/1/863 
f 866/1/866 867/1/867 868/1/868 
f 868/1/868 869/1/869 866/1/866 
f 869/1/869 870/1/870 871/1/871 
f 871/1/871 866/1/866 869/1/869 
f 866/1/866 871/1/871 872/1/872 
f 872/1/872 873/1/873 866/1/866 
f 873/1/873 874/1/874 867/1/867 
f 867/1/867 866/1/866 873/1/873 
f 875/1/875 876/1/876 877/1/877 
f 877/1/877 878/1/878 875/1/875 
f 878/1/878 879/1/879 880/1/880 
f 880/1/880 875/1/875 878/1/878 
f 875/1/875 880/1/880 881/1/881 
f 881/1/881 882/1/882 875/1/875 
f 882/1/882 883/1/883 876/1/876 
f 876/1/876 875/1/875 882/1/882 
f 884/1/884 885/1/885 886/1/886 
f 886/1/886 887/1/887 884/1/884 
f 887/1/887 877/1/877 876/1/876 
f 876/1/876 884/1/884 887/1/887 
f 884/1/884 876/1/876 883/1/883 
f 883/1/883 888/1/888 884/1/884 
f 888/1/888 889/1/889 885/1/885 
f 885/1/885 884/1/884 888/1/888 
f 890/1/890 885/1/885 889/1/889 
f 889/1/889 891/1/891 890/1/890 
f 891/1/891 868/1/868 867/1/867 
f 867/1/867 890/1/890 891/1/891 
f 890/1/890 867/1/867 874/1/874 
f 874/1/874 892/1/892 890/1/890 
f 892/1/892 886/1/886 885/1/885 
f 885/1/885 890/1/890 892/1/892 
f 893/1/893 894/1/894 879/1/879 
f 879/1/879 878/1/878 893/1/893 
f 878/1/878 877/1/877 895/1/895 
f 895/1/895 893/1/893 878/1/878 
f 893/1/893 895/1/895 896/1/896 
f 896/1/896 897/1/897 893/1/893 
f 897/1/897 898/1/898 894/1/894 
f 894/1/894 893/1/893 897/1/897 
f 899/1/899 900/1/900 901/1/901 
f 901/1/901 902/1/902 899/1/899 
f 902/1/902 896/1/896 895/1/895 
f 895/1/895 899/1/899 902/1/902 
f 899/1/899 895/1/895 877/1/877 
f 877/1/877 887/1/887 899/1/899 
f 887/1/887 886/1/886 900/1/900 
f 900/1/900 899/1/899 887/1/887 
f 903/1/903 900/1/900 886/1/886 
f 886/1/886 892/1/892 903/1/903 
f 892/1/892 874/1/874 904/1/904 
f 903/1/903 904/1/904 905/1/905 
f 905/1/905 906/1/906 903/1/903 
f 906/1/906 901/1/901 900/1/900 
f 900/1/900 903/1/903 906/1/906 
f 907/1/907 908/1/908 898/1/898 
f 898/1/898 897/1/897 907/1/907 
f 897/1/897 896/1/896 909/1/909 
f 909/1/909 907/1/907 897/1/897 
f 907/1/907 909/1/909 910/1/910 
f 910/1/910 911/1/911 907/1/907 
f 911/1/911 912/1/912 908/1/908 
f 908/1/908 907/1/907 911/1/911 
f 913/1/913 914/1/914 828/1/828 
f 828/1/828 827/1/827 913/1/913 
f 827/1/827 802/1/802 915/1/915 
f 915/1/915 913/1/913 827/1/827 
f 913/1/913 915/1/915 916/1/916 
f 916/1/916 917/1/917 913/1/913 
f 917/1/917 918/1/918 914/1/914 
f 914/1/914 913/1/913 917/1/917 
f 919/1/919 920/1/920 912/1/912 
f 912/1/912 911/1/911 919/1/919 
f 911/1/911 910/1/910 921/1/921 
f 921/1/921 919/1/919 911/1/911 
f 919/1/919 921/1/921 922/1/922 
f 922/1/922 923/1/923 919/1/919 
f 923/1/923 924/1/924 920/1/920 
f 920/1/920 919/1/919 923/1/923 
f 925/1/925 926/1/926 927/1/927 
f 927/1/927 928/1/928 925/1/925 
f 928/1/928 910/1/910 909/1/909 
f 909/1/909 925/1/925 928/1/928 
f 925/1/925 909/1/909 896/1/896 
f 896/1/896 902/1/902 925/1/925 
f 902/1/902 901/1/901 926/1/926 
f 926/1/926 925/1/925 902/1/902 
f 922/1/922 921/1/921 929/1/929 
f 929/1/929 930/1/930 922/1/922 
f 929/1/929 921/1/921 910/1/910 
f 910/1/910 928/1/928 929/1/929 
f 929/1/929 928/1/928 927/1/927 
f 931/1/931 926/1/926 901/1/901 
f 901/1/901 906/1/906 931/1/931 
f 906/1/906 905/1/905 932/1/932 
f 932/1/932 931/1/931 906/1/906 
f 931/1/931 932/1/932 933/1/933 
f 934/1/934 927/1/927 926/1/926 
f 926/1/926 931/1/931 934/1/934 
f 935/1/935 930/1/930 927/1/927 
f 934/1/934 933/1/933 936/1/936 
f 935/1/935 936/1/936 937/1/937 
f 938/1/938 922/1/922 930/1/930 
f 939/1/939 940/1/940 918/1/918 
f 918/1/918 917/1/917 939/1/939 
f 917/1/917 916/1/916 941/1/941 
f 941/1/941 939/1/939 917/1/917 
f 939/1/939 941/1/941 924/1/924 
f 924/1/924 923/1/923 939/1/939 
f 923/1/923 922/1/922 940/1/940 
f 940/1/940 939/1/939 923/1/923 
f 942/1/942 904/1/904 874/1/874 
f 874/1/874 873/1/873 942/1/942 
f 873/1/873 872/1/872 943/1/943 
f 943/1/943 942/1/942 873/1/873 
f 942/1/942 943/1/943 944/1/944 
f 944/1/944 945/1/945 942/1/942 
f 945/1/945 905/1/905 904/1/904 
f 904/1/904 942/1/942 945/1/945 
f 946/1/946 932/1/932 905/1/905 
f 905/1/905 945/1/945 946/1/946 
f 945/1/945 944/1/944 947/1/947 
f 947/1/947 946/1/946 945/1/945 
f 946/1/946 947/1/947 948/1/948 
f 948/1/948 949/1/949 946/1/946 
f 949/1/949 933/1/933 932/1/932 
f 932/1/932 946/1/946 949/1/949 
f 950/1/950 951/1/951 948/1/948 
f 948/1/948 947/1/947 950/1/950 
f 947/1/947 944/1/944 952/1/952 
f 950/1/950 952/1/952 953/1/953 
f 953/1/953 954/1/954 950/1/950 
f 954/1/954 955/1/955 951/1/951 
f 951/1/951 950/1/950 954/1/954 
f 956/1/956 957/1/957 958/1/958 
f 958/1/958 959/1/959 956/1/956 
f 959/1/959 918/1/918 940/1/940 
f 940/1/940 956/1/956 959/1/959 
f 956/1/956 940/1/940 922/1/922 
f 922/1/922 938/1/938 956/1/956 
f 938/1/938 937/1/937 957/1/957 
f 957/1/957 956/1/956 938/1/938 
f 960/1/960 957/1/957 937/1/937 
f 937/1/937 936/1/936 960/1/960 
f 936/1/936 933/1/933 949/1/949 
f 949/1/949 960/1/960 936/1/936 
f 960/1/960 949/1/949 948/1/948 
f 948/1/948 961/1/961 960/1/960 
f 961/1/961 958/1/958 957/1/957 
f 957/1/957 960/1/960 961/1/961 
f 962/1/962 829/1/829 828/1/828 
f 828/1/828 963/1/963 962/1/962 
f 963/1/963 964/1/964 965/1/965 
f 965/1/965 962/1/962 963/1/963 
f 962/1/962 965/1/965 839/1/839 
f 839/1/839 838/1/838 962/1/962 
f 838/1/838 830/1/830 829/1/829 
f 829/1/829 962/1/962 838/1/838 
f 966/1/966 967/1/967 968/1/968 
f 968/1/968 969/1/969 966/1/966 
f 969/1/969 958/1/958 961/1/961 
f 961/1/961 948/1/948 951/1/951 
f 951/1/951 966/1/966 961/1/961 
f 951/1/951 955/1/955 967/1/967 
f 970/1/970 971/1/971 964/1/964 
f 964/1/964 963/1/963 970/1/970 
f 963/1/963 828/1/828 914/1/914 
f 970/1/970 914/1/914 918/1/918 
f 959/1/959 958/1/958 971/1/971 
f 971/1/971 970/1/970 959/1/959 
f 972/1/972 964/1/964 971/1/971 
f 971/1/971 973/1/973 972/1/972 
f 973/1/973 971/1/971 958/1/958 
f 958/1/958 969/1/969 973/1/973 
f 973/1/973 969/1/969 968/1/968 
f 968/1/968 972/1/972 973/1/973 
f 974/1/974 975/1/975 976/1/976 
f 976/1/976 977/1/977 974/1/974 
f 977/1/977 338/1/338 337/1/337 
f 337/1/337 974/1/974 977/1/977 
f 974/1/974 337/1/337 343/1/343 
f 343/1/343 978/1/978 974/1/974 
f 978/1/978 979/1/979 975/1/975 
f 975/1/975 974/1/974 978/1/978 
f 980/1/980 981/1/981 979/1/979 
f 979/1/979 978/1/978 980/1/980 
f 978/1/978 343/1/343 345/1/345 
f 345/1/345 980/1/980 978/1/978 
f 980/1/980 345/1/345 347/1/347 
f 347/1/347 982/1/982 980/1/980 
f 982/1/982 983/1/983 981/1/981 
f 981/1/981 980/1/980 982/1/982 
f 984/1/984 985/1/985 986/1/986 
f 986/1/986 987/1/987 984/1/984 
f 987/1/987 983/1/983 982/1/982 
f 982/1/982 984/1/984 987/1/987 
f 982/1/982 347/1/347 349/1/349 
f 349/1/349 984/1/984 982/1/982 
f 984/1/984 349/1/349 351/1/351 
f 351/1/351 985/1/985 984/1/984 
f 988/1/988 989/1/989 986/1/986 
f 986/1/986 985/1/985 988/1/988 
f 985/1/985 351/1/351 353/1/353 
f 353/1/353 988/1/988 985/1/985 
f 988/1/988 353/1/353 355/1/355 
f 355/1/355 990/1/990 988/1/988 
f 990/1/990 991/1/991 989/1/989 
f 989/1/989 988/1/988 990/1/990 
f 992/1/992 993/1/993 991/1/991 
f 991/1/991 990/1/990 992/1/992 
f 990/1/990 355/1/355 357/1/357 
f 357/1/357 992/1/992 990/1/990 
f 992/1/992 357/1/357 359/1/359 
f 359/1/359 994/1/994 992/1/992 
f 994/1/994 995/1/995 993/1/993 
f 993/1/993 992/1/992 994/1/994 
f 996/1/996 997/1/997 995/1/995 
f 995/1/995 994/1/994 996/1/996 
f 994/1/994 359/1/359 361/1/361 
f 361/1/361 996/1/996 994/1/994 
f 996/1/996 361/1/361 363/1/363 
f 363/1/363 998/1/998 996/1/996 
f 998/1/998 999/1/999 997/1/997 
f 997/1/997 996/1/996 998/1/998 
f 1000/1/1000 1001/1/1001 999/1/999 
f 999/1/999 998/1/998 1000/1/1000 
f 998/1/998 363/1/363 365/1/365 
f 365/1/365 1000/1/1000 998/1/998 
f 1000/1/1000 365/1/365 367/1/367 
f 367/1/367 1002/1/1002 1000/1/1000 
f 1002/1/1002 1003/1/1003 1001/1/1001 
f 1001/1/1001 1000/1/1000 1002/1/1002 
f 1004/1/1004 1005/1/1005 1003/1/1003 
f 1003/1/1003 1002/1/1002 1004/1/1004 
f 1002/1/1002 367/1/367 369/1/369 
f 369/1/369 1004/1/1004 1002/1/1002 
f 1004/1/1004 369/1/369 371/1/371 
f 371/1/371 1006/1/1006 1004/1/1004 
f 1006/1/1006 1007/1/1007 1005/1/1005 
f 1005/1/1005 1004/1/1004 1006/1/1006 
f 1008/1/1008 1009/1/1009 1010/1/1010 
f 1010/1/1010 1011/1/1011 1008/1/1008 
f 1011/1/1011 1007/1/1007 1006/1/1006 
f 1006/1/1006 1008/1/1008 1011/1/1011 
f 1006/1/1006 371/1/371 373/1/373 
f 373/1/373 1008/1/1008 1006/1/1006 
f 1008/1/1008 373/1/373 375/1/375 
f 375/1/375 1009/1/1009 1008/1/1008 
f 1012/1/1012 1013/1/1013 1014/1/1014 
f 1014/1/1014 1015/1/1015 1012/1/1012 
f 1014/1/1014 1007/1/1007 1011/1/1011 
f 1011/1/1011 1015/1/1015 1014/1/1014 
f 1011/1/1011 1010/1/1010 1016/1/1016 
f 1016/1/1016 1015/1/1015 1011/1/1011 
f 1015/1/1015 1016/1/1016 1017/1/1017 
f 1017/1/1017 1012/1/1012 1015/1/1015 
f 1018/1/1018 1019/1/1019 1020/1/1020 
f 1020/1/1020 1021/1/1021 1018/1/1018 
f 1021/1/1021 1022/1/1022 1023/1/1023 
f 1023/1/1023 1018/1/1018 1021/1/1021 
f 1018/1/1018 1023/1/1023 976/1/976 
f 976/1/976 975/1/975 1018/1/1018 
f 975/1/975 979/1/979 1019/1/1019 
f 1019/1/1019 1018/1/1018 975/1/975 
f 1024/1/1024 1025/1/1025 1026/1/1026 
f 1026/1/1026 1027/1/1027 1024/1/1024 
f 1027/1/1027 1020/1/1020 1019/1/1019 
f 1019/1/1019 1024/1/1024 1027/1/1027 
f 1024/1/1024 1019/1/1019 979/1/979 
f 979/1/979 981/1/981 1024/1/1024 
f 981/1/981 983/1/983 1025/1/1025 
f 1025/1/1025 1024/1/1024 981/1/981 
f 1028/1/1028 1029/1/1029 1030/1/1030 
f 1030/1/1030 1031/1/1031 1028/1/1028 
f 1031/1/1031 1026/1/1026 1025/1/1025 
f 1025/1/1025 1028/1/1028 1031/1/1031 
f 1028/1/1028 1025/1/1025 983/1/983 
f 983/1/983 987/1/987 1028/1/1028 
f 987/1/987 986/1/986 1029/1/1029 
f 1029/1/1029 1028/1/1028 987/1/987 
f 1032/1/1032 1033/1/1033 1034/1/1034 
f 1034/1/1034 1035/1/1035 1032/1/1032 
f 1035/1/1035 1030/1/1030 1029/1/1029 
f 1029/1/1029 1032/1/1032 1035/1/1035 
f 1032/1/1032 1029/1/1029 986/1/986 
f 986/1/986 989/1/989 1032/1/1032 
f 1033/1/1033 1032/1/1032 989/1/989 
f 989/1/989 991/1/991 1033/1/1033 
f 1036/1/1036 1037/1/1037 1038/1/1038 
f 1038/1/1038 1039/1/1039 1036/1/1036 
f 1039/1/1039 1034/1/1034 1033/1/1033 
f 1033/1/1033 1036/1/1036 1039/1/1039 
f 1033/1/1033 991/1/991 993/1/993 
f 993/1/993 1036/1/1036 1033/1/1033 
f 1036/1/1036 993/1/993 995/1/995 
f 995/1/995 1037/1/1037 1036/1/1036 
f 1040/1/1040 1041/1/1041 1042/1/1042 
f 1042/1/1042 1043/1/1043 1040/1/1040 
f 1043/1/1043 1038/1/1038 1037/1/1037 
f 1037/1/1037 1040/1/1040 1043/1/1043 
f 1037/1/1037 995/1/995 997/1/997 
f 997/1/997 1040/1/1040 1037/1/1037 
f 1040/1/1040 997/1/997 999/1/999 
f 999/1/999 1041/1/1041 1040/1/1040 
f 1044/1/1044 1045/1/1045 1042/1/1042 
f 1042/1/1042 1041/1/1041 1044/1/1044 
f 1041/1/1041 999/1/999 1001/1/1001 
f 1001/1/1001 1044/1/1044 1041/1/1041 
f 1044/1/1044 1001/1/1001 1003/1/1003 
f 1003/1/1003 1046/1/1046 1044/1/1044 
f 1046/1/1046 1047/1/1047 1045/1/1045 
f 1045/1/1045 1044/1/1044 1046/1/1046 
f 1048/1/1048 1049/1/1049 1050/1/1050 
f 1051/1/1051 1050/1/1050 1047/1/1047 
f 1047/1/1047 1046/1/1046 1051/1/1051 
f 1046/1/1046 1003/1/1003 1005/1/1005 
f 1005/1/1005 1051/1/1051 1046/1/1046 
f 1005/1/1005 1007/1/1007 1048/1/1048 
f 1048/1/1048 1051/1/1051 1005/1/1005 
f 1052/1/1052 1053/1/1053 1049/1/1049 
f 1049/1/1049 1048/1/1048 1052/1/1052 
f 1048/1/1048 1007/1/1007 1014/1/1014 
f 1014/1/1014 1052/1/1052 1048/1/1048 
f 1052/1/1052 1014/1/1014 1013/1/1013 
f 1013/1/1013 1054/1/1054 1052/1/1052 
f 1054/1/1054 1055/1/1055 1053/1/1053 
f 1053/1/1053 1052/1/1052 1054/1/1054 
f 1056/1/1056 1057/1/1057 1022/1/1022 
f 1022/1/1022 1021/1/1021 1056/1/1056 
f 1021/1/1021 1020/1/1020 1058/1/1058 
f 1058/1/1058 1056/1/1056 1021/1/1021 
f 1056/1/1056 1058/1/1058 1059/1/1059 
f 1059/1/1059 1060/1/1060 1056/1/1056 
f 1060/1/1060 1061/1/1061 1057/1/1057 
f 1057/1/1057 1056/1/1056 1060/1/1060 
f 1062/1/1062 1058/1/1058 1020/1/1020 
f 1020/1/1020 1027/1/1027 1062/1/1062 
f 1027/1/1027 1026/1/1026 1063/1/1063 
f 1063/1/1063 1062/1/1062 1027/1/1027 
f 1062/1/1062 1063/1/1063 1064/1/1064 
f 1064/1/1064 1065/1/1065 1062/1/1062 
f 1065/1/1065 1059/1/1059 1058/1/1058 
f 1058/1/1058 1062/1/1062 1065/1/1065 
f 1066/1/1066 1063/1/1063 1026/1/1026 
f 1026/1/1026 1031/1/1031 1066/1/1066 
f 1031/1/1031 1030/1/1030 1067/1/1067 
f 1067/1/1067 1066/1/1066 1031/1/1031 
f 1066/1/1066 1067/1/1067 1068/1/1068 
f 1068/1/1068 1069/1/1069 1066/1/1066 
f 1069/1/1069 1064/1/1064 1063/1/1063 
f 1063/1/1063 1066/1/1066 1069/1/1069 
f 1070/1/1070 1067/1/1067 1030/1/1030 
f 1030/1/1030 1035/1/1035 1070/1/1070 
f 1035/1/1035 1034/1/1034 1071/1/1071 
f 1071/1/1071 1070/1/1070 1035/1/1035 
f 1070/1/1070 1071/1/1071 1072/1/1072 
f 1072/1/1072 1073/1/1073 1070/1/1070 
f 1073/1/1073 1068/1/1068 1067/1/1067 
f 1067/1/1067 1070/1/1070 1073/1/1073 
f 1074/1/1074 1075/1/1075 1076/1/1076 
f 1076/1/1076 1077/1/1077 1074/1/1074 
f 1077/1/1077 1078/1/1078 1079/1/1079 
f 1079/1/1079 1074/1/1074 1077/1/1077 
f 1074/1/1074 1079/1/1079 1061/1/1061 
f 1061/1/1061 1060/1/1060 1074/1/1074 
f 1060/1/1060 1059/1/1059 1075/1/1075 
f 1075/1/1075 1074/1/1074 1060/1/1060 
f 1080/1/1080 1081/1/1081 1082/1/1082 
f 1082/1/1082 1083/1/1083 1080/1/1080 
f 1082/1/1082 1076/1/1076 1075/1/1075 
f 1075/1/1075 1083/1/1083 1082/1/1082 
f 1083/1/1083 1075/1/1075 1059/1/1059 
f 1059/1/1059 1065/1/1065 1083/1/1083 
f 1065/1/1065 1064/1/1064 1080/1/1080 
f 1080/1/1080 1083/1/1083 1065/1/1065 
f 1084/1/1084 1085/1/1085 1086/1/1086 
f 1086/1/1086 1087/1/1087 1084/1/1084 
f 1087/1/1087 1086/1/1086 1081/1/1081 
f 1081/1/1081 1080/1/1080 1087/1/1087 
f 1087/1/1087 1080/1/1080 1064/1/1064 
f 1064/1/1064 1069/1/1069 1087/1/1087 
f 1069/1/1069 1068/1/1068 1084/1/1084 
f 1084/1/1084 1087/1/1087 1069/1/1069 
f 1088/1/1088 1089/1/1089 1090/1/1090 
f 1090/1/1090 1091/1/1091 1088/1/1088 
f 1089/1/1089 1088/1/1088 1092/1/1092 
f 1092/1/1092 1093/1/1093 1089/1/1089 
f 1093/1/1093 1094/1/1094 1095/1/1095 
f 1095/1/1095 1089/1/1089 1093/1/1093 
f 1095/1/1095 1096/1/1096 1090/1/1090 
f 1090/1/1090 1089/1/1089 1095/1/1095 
f 1097/1/1097 1098/1/1098 1096/1/1096 
f 1096/1/1096 1095/1/1095 1097/1/1097 
f 1095/1/1095 1094/1/1094 1099/1/1099 
f 1099/1/1099 1097/1/1097 1095/1/1095 
f 1097/1/1097 1099/1/1099 1100/1/1100 
f 1100/1/1100 1101/1/1101 1097/1/1097 
f 1101/1/1101 1102/1/1102 1098/1/1098 
f 1098/1/1098 1097/1/1097 1101/1/1101 
f 1103/1/1103 1104/1/1104 1102/1/1102 
f 1102/1/1102 1101/1/1101 1103/1/1103 
f 1101/1/1101 1100/1/1100 1105/1/1105 
f 1105/1/1105 1103/1/1103 1101/1/1101 
f 1103/1/1103 1105/1/1105 1106/1/1106 
f 1106/1/1106 1107/1/1107 1103/1/1103 
f 1107/1/1107 1108/1/1108 1104/1/1104 
f 1104/1/1104 1103/1/1103 1107/1/1107 
f 1109/1/1109 1110/1/1110 1108/1/1108 
f 1108/1/1108 1107/1/1107 1109/1/1109 
f 1107/1/1107 1106/1/1106 1111/1/1111 
f 1111/1/1111 1109/1/1109 1107/1/1107 
f 1109/1/1109 1111/1/1111 1112/1/1112 
f 1112/1/1112 1113/1/1113 1109/1/1109 
f 1113/1/1113 1114/1/1114 1110/1/1110 
f 1110/1/1110 1109/1/1109 1113/1/1113 
f 1115/1/1115 1116/1/1116 1114/1/1114 
f 1114/1/1114 1113/1/1113 1115/1/1115 
f 1113/1/1113 1112/1/1112 1117/1/1117 
f 1117/1/1117 1115/1/1115 1113/1/1113 
f 1115/1/1115 1117/1/1117 1118/1/1118 
f 1118/1/1118 1119/1/1119 1115/1/1115 
f 1119/1/1119 1120/1/1120 1116/1/1116 
f 1116/1/1116 1115/1/1115 1119/1/1119 
f 1121/1/1121 1122/1/1122 1120/1/1120 
f 1120/1/1120 1119/1/1119 1121/1/1121 
f 1119/1/1119 1118/1/1118 1123/1/1123 
f 1123/1/1123 1121/1/1121 1119/1/1119 
f 1121/1/1121 1123/1/1123 1124/1/1124 
f 1124/1/1124 1125/1/1125 1121/1/1121 
f 1122/1/1122 1121/1/1121 1125/1/1125 
f 1125/1/1125 1126/1/1126 1122/1/1122 
f 1127/1/1127 1128/1/1128 1129/1/1129 
f 1129/1/1129 1130/1/1130 1127/1/1127 
f 1125/1/1125 1130/1/1130 1129/1/1129 
f 1129/1/1129 1126/1/1126 1125/1/1125 
f 1125/1/1125 1124/1/1124 1131/1/1131 
f 1131/1/1131 1130/1/1130 1125/1/1125 
f 1130/1/1130 1131/1/1131 1132/1/1132 
f 1132/1/1132 1127/1/1127 1130/1/1130 
f 1133/1/1133 1134/1/1134 1128/1/1128 
f 1128/1/1128 1127/1/1127 1133/1/1133 
f 1127/1/1127 1132/1/1132 1135/1/1135 
f 1135/1/1135 1133/1/1133 1127/1/1127 
f 1133/1/1133 1135/1/1135 1136/1/1136 
f 1136/1/1136 1137/1/1137 1133/1/1133 
f 1137/1/1137 1138/1/1138 1134/1/1134 
f 1134/1/1134 1133/1/1133 1137/1/1137 
f 1139/1/1139 1140/1/1140 1141/1/1141 
f 1141/1/1141 1142/1/1142 1139/1/1139 
f 1142/1/1142 1138/1/1138 1137/1/1137 
f 1137/1/1137 1139/1/1139 1142/1/1142 
f 1137/1/1137 1136/1/1136 1143/1/1143 
f 1143/1/1143 1139/1/1139 1137/1/1137 
f 1139/1/1139 1143/1/1143 1144/1/1144 
f 1144/1/1144 1140/1/1140 1139/1/1139 
f 1140/1/1140 1145/1/1145 1146/1/1146 
f 1146/1/1146 1141/1/1141 1140/1/1140 
f 1140/1/1140 1144/1/1144 1147/1/1147 
f 1147/1/1147 1145/1/1145 1140/1/1140 
f 1145/1/1145 1147/1/1147 1148/1/1148 
f 1148/1/1148 1149/1/1149 1145/1/1145 
f 1149/1/1149 1150/1/1150 1146/1/1146 
f 1146/1/1146 1145/1/1145 1149/1/1149 
f 1151/1/1151 1152/1/1152 1153/1/1153 
f 1153/1/1153 1154/1/1154 1151/1/1151 
f 1155/1/1155 1151/1/1151 1154/1/1154 
f 1154/1/1154 1156/1/1156 1155/1/1155 
f 1155/1/1155 1100/1/1100 1099/1/1099 
f 1099/1/1099 1151/1/1151 1155/1/1155 
f 1099/1/1099 1094/1/1094 1152/1/1152 
f 1152/1/1152 1151/1/1151 1099/1/1099 
f 1157/1/1157 1158/1/1158 1156/1/1156 
f 1156/1/1156 1159/1/1159 1157/1/1157 
f 1159/1/1159 1076/1/1076 1082/1/1082 
f 1082/1/1082 1157/1/1157 1159/1/1159 
f 1157/1/1157 1082/1/1082 1081/1/1081 
f 1081/1/1081 1160/1/1160 1157/1/1157 
f 1160/1/1160 1161/1/1161 1158/1/1158 
f 1158/1/1158 1157/1/1157 1160/1/1160 
f 1162/1/1162 1158/1/1158 1161/1/1161 
f 1161/1/1161 1163/1/1163 1162/1/1162 
f 1163/1/1163 1106/1/1106 1105/1/1105 
f 1105/1/1105 1162/1/1162 1163/1/1163 
f 1162/1/1162 1105/1/1105 1100/1/1100 
f 1100/1/1100 1155/1/1155 1162/1/1162 
f 1155/1/1155 1156/1/1156 1158/1/1158 
f 1158/1/1158 1162/1/1162 1155/1/1155 
f 1164/1/1164 1165/1/1165 1161/1/1161 
f 1161/1/1161 1160/1/1160 1164/1/1164 
f 1160/1/1160 1081/1/1081 1086/1/1086 
f 1086/1/1086 1164/1/1164 1160/1/1160 
f 1164/1/1164 1086/1/1086 1085/1/1085 
f 1085/1/1085 1166/1/1166 1164/1/1164 
f 1166/1/1166 1167/1/1167 1165/1/1165 
f 1165/1/1165 1164/1/1164 1166/1/1166 
f 1168/1/1168 1165/1/1165 1167/1/1167 
f 1167/1/1167 1169/1/1169 1168/1/1168 
f 1169/1/1169 1112/1/1112 1111/1/1111 
f 1111/1/1111 1168/1/1168 1169/1/1169 
f 1168/1/1168 1111/1/1111 1106/1/1106 
f 1106/1/1106 1163/1/1163 1168/1/1168 
f 1163/1/1163 1161/1/1161 1165/1/1165 
f 1165/1/1165 1168/1/1168 1163/1/1163 
f 1170/1/1170 1171/1/1171 1172/1/1172 
f 1172/1/1172 1173/1/1173 1170/1/1170 
f 1173/1/1173 1118/1/1118 1117/1/1117 
f 1117/1/1117 1170/1/1170 1173/1/1173 
f 1170/1/1170 1117/1/1117 1112/1/1112 
f 1112/1/1112 1169/1/1169 1170/1/1170 
f 1169/1/1169 1167/1/1167 1171/1/1171 
f 1171/1/1171 1170/1/1170 1169/1/1169 
f 1174/1/1174 1124/1/1124 1123/1/1123 
f 1123/1/1123 1175/1/1175 1174/1/1174 
f 1175/1/1175 1123/1/1123 1118/1/1118 
f 1118/1/1118 1173/1/1173 1175/1/1175 
f 1173/1/1173 1172/1/1172 1176/1/1176 
f 1176/1/1176 1175/1/1175 1173/1/1173 
f 1175/1/1175 1176/1/1176 1177/1/1177 
f 1177/1/1177 1174/1/1174 1175/1/1175 
f 1178/1/1178 1179/1/1179 1180/1/1180 
f 1180/1/1180 1181/1/1181 1178/1/1178 
f 1181/1/1181 1132/1/1132 1131/1/1131 
f 1131/1/1131 1178/1/1178 1181/1/1181 
f 1178/1/1178 1131/1/1131 1124/1/1124 
f 1124/1/1124 1174/1/1174 1178/1/1178 
f 1174/1/1174 1177/1/1177 1179/1/1179 
f 1179/1/1179 1178/1/1178 1174/1/1174 
f 1182/1/1182 1183/1/1183 1184/1/1184 
f 1184/1/1184 1185/1/1185 1182/1/1182 
f 1185/1/1185 1136/1/1136 1135/1/1135 
f 1135/1/1135 1182/1/1182 1185/1/1185 
f 1182/1/1182 1135/1/1135 1132/1/1132 
f 1132/1/1132 1181/1/1181 1182/1/1182 
f 1181/1/1181 1180/1/1180 1183/1/1183 
f 1183/1/1183 1182/1/1182 1181/1/1181 
f 1186/1/1186 1187/1/1187 1188/1/1188 
f 1188/1/1188 1189/1/1189 1186/1/1186 
f 1189/1/1189 1144/1/1144 1143/1/1143 
f 1143/1/1143 1186/1/1186 1189/1/1189 
f 1186/1/1186 1143/1/1143 1136/1/1136 
f 1136/1/1136 1185/1/1185 1186/1/1186 
f 1185/1/1185 1184/1/1184 1187/1/1187 
f 1187/1/1187 1186/1/1186 1185/1/1185 
f 1190/1/1190 1191/1/1191 1192/1/1192 
f 1193/1/1193 1078/1/1078 1194/1/1194 
f 1194/1/1194 1190/1/1190 1193/1/1193 
f 1190/1/1190 1194/1/1194 1153/1/1153 
f 1153/1/1153 1195/1/1195 1190/1/1190 
f 1195/1/1195 1196/1/1196 1191/1/1191 
f 1191/1/1191 1190/1/1190 1195/1/1195 
f 1197/1/1197 1152/1/1152 1094/1/1094 
f 1094/1/1094 1093/1/1093 1197/1/1197 
f 1093/1/1093 1092/1/1092 1198/1/1198 
f 1198/1/1198 1197/1/1197 1093/1/1093 
f 1197/1/1197 1198/1/1198 1196/1/1196 
f 1196/1/1196 1195/1/1195 1197/1/1197 
f 1195/1/1195 1153/1/1153 1152/1/1152 
f 1152/1/1152 1197/1/1197 1195/1/1195 
f 1199/1/1199 1194/1/1194 1078/1/1078 
f 1078/1/1078 1077/1/1077 1199/1/1199 
f 1077/1/1077 1076/1/1076 1159/1/1159 
f 1159/1/1159 1199/1/1199 1077/1/1077 
f 1199/1/1199 1159/1/1159 1156/1/1156 
f 1156/1/1156 1154/1/1154 1199/1/1199 
f 1154/1/1154 1153/1/1153 1194/1/1194 
f 1194/1/1194 1199/1/1199 1154/1/1154 
f 1200/1/1200 1201/1/1201 392/1/392 
f 392/1/392 391/1/391 1200/1/1200 
f 391/1/391 388/1/388 387/1/387 
f 387/1/387 1200/1/1200 391/1/391 
f 1200/1/1200 387/1/387 20/1/20 
f 20/1/20 1202/1/1202 1200/1/1200 
f 1202/1/1202 1203/1/1203 1201/1/1201 
f 1201/1/1201 1200/1/1200 1202/1/1202 
f 1204/1/1204 1203/1/1203 1202/1/1202 
f 1202/1/1202 1205/1/1205 1204/1/1204 
f 1202/1/1202 20/1/20 19/1/19 
f 19/1/19 1205/1/1205 1202/1/1202 
f 1205/1/1205 19/1/19 18/1/18 
f 18/1/18 50/1/50 1205/1/1205 
f 50/1/50 53/1/53 1204/1/1204 
f 1204/1/1204 1205/1/1205 50/1/50 
f 1206/1/1206 584/1/584 583/1/583 
f 583/1/583 394/1/394 393/1/393 
f 393/1/393 1207/1/1207 583/1/583 
f 1207/1/1207 393/1/393 392/1/392 
f 392/1/392 1208/1/1208 1207/1/1207 
f 1207/1/1207 1208/1/1208 1209/1/1209 
f 1209/1/1209 1206/1/1206 1207/1/1207 
f 1210/1/1210 1211/1/1211 1212/1/1212 
f 1212/1/1212 1203/1/1203 1204/1/1204 
f 1213/1/1213 1204/1/1204 53/1/53 
f 53/1/53 599/1/599 1213/1/1213 
f 599/1/599 598/1/598 1210/1/1210 
f 1214/1/1214 1215/1/1215 1216/1/1216 
f 1216/1/1216 1217/1/1217 1214/1/1214 
f 1217/1/1217 1209/1/1209 1208/1/1208 
f 1214/1/1214 1208/1/1208 392/1/392 
f 392/1/392 1201/1/1201 1214/1/1214 
f 1201/1/1201 1203/1/1203 1215/1/1215 
f 1215/1/1215 1214/1/1214 1201/1/1201 
f 1218/1/1218 1216/1/1216 1215/1/1215 
f 1215/1/1215 1219/1/1219 1218/1/1218 
f 1219/1/1219 1215/1/1215 1203/1/1203 
f 1203/1/1203 1212/1/1212 1219/1/1219 
f 1219/1/1219 1212/1/1212 1211/1/1211 
f 1211/1/1211 1218/1/1218 1219/1/1219 
f 1220/1/1220 591/1/591 584/1/584 
f 584/1/584 1206/1/1206 1220/1/1220 
f 1206/1/1206 1209/1/1209 1221/1/1221 
f 1220/1/1220 1221/1/1221 1222/1/1222 
f 1222/1/1222 1223/1/1223 1220/1/1220 
f 1223/1/1223 589/1/589 591/1/591 
f 591/1/591 1220/1/1220 1223/1/1223 
f 1224/1/1224 1225/1/1225 1211/1/1211 
f 1211/1/1211 1210/1/1210 1224/1/1224 
f 1210/1/1210 598/1/598 612/1/612 
f 612/1/612 1224/1/1224 1210/1/1210 
f 1224/1/1224 612/1/612 603/1/603 
f 603/1/603 1226/1/1226 1224/1/1224 
f 1226/1/1226 1227/1/1227 1225/1/1225 
f 1225/1/1225 1224/1/1224 1226/1/1226 
f 1228/1/1228 1229/1/1229 1230/1/1230 
f 1230/1/1230 1231/1/1231 1228/1/1228 
f 1231/1/1231 1222/1/1222 1221/1/1221 
f 1221/1/1221 1228/1/1228 1231/1/1231 
f 1228/1/1228 1221/1/1221 1209/1/1209 
f 1209/1/1209 1217/1/1217 1228/1/1228 
f 1217/1/1217 1216/1/1216 1229/1/1229 
f 1229/1/1229 1228/1/1228 1217/1/1217 
f 1232/1/1232 1229/1/1229 1216/1/1216 
f 1216/1/1216 1218/1/1218 1232/1/1232 
f 1218/1/1218 1211/1/1211 1225/1/1225 
f 1225/1/1225 1232/1/1232 1218/1/1218 
f 1232/1/1232 1225/1/1225 1227/1/1227 
f 1227/1/1227 1233/1/1233 1232/1/1232 
f 1233/1/1233 1230/1/1230 1229/1/1229 
f 1229/1/1229 1232/1/1232 1233/1/1233 
f 602/1/602 1234/1/1234 1226/1/1226 
f 1226/1/1226 603/1/603 602/1/602 
f 602/1/602 595/1/595 1235/1/1235 
f 1235/1/1235 1234/1/1234 602/1/602 
f 1235/1/1235 1236/1/1236 1237/1/1237 
f 1237/1/1237 1234/1/1234 1235/1/1235 
f 1234/1/1234 1237/1/1237 1227/1/1227 
f 1227/1/1227 1226/1/1226 1234/1/1234 
f 1238/1/1238 1239/1/1239 1240/1/1240 
f 1240/1/1240 1241/1/1241 1238/1/1238 
f 1241/1/1241 581/1/581 587/1/587 
f 587/1/587 1238/1/1238 1241/1/1241 
f 1238/1/1238 587/1/587 589/1/589 
f 589/1/589 1223/1/1223 1238/1/1238 
f 1223/1/1223 1222/1/1222 1239/1/1239 
f 1239/1/1239 1238/1/1238 1223/1/1223 
f 1242/1/1242 1239/1/1239 1222/1/1222 
f 1222/1/1222 1231/1/1231 1242/1/1242 
f 1231/1/1231 1230/1/1230 1243/1/1243 
f 1243/1/1243 1242/1/1242 1231/1/1231 
f 1242/1/1242 1243/1/1243 1244/1/1244 
f 1244/1/1244 1245/1/1245 1242/1/1242 
f 1245/1/1245 1240/1/1240 1239/1/1239 
f 1239/1/1239 1242/1/1242 1245/1/1245 
f 1246/1/1246 1243/1/1243 1230/1/1230 
f 1230/1/1230 1233/1/1233 1246/1/1246 
f 1233/1/1233 1227/1/1227 1237/1/1237 
f 1237/1/1237 1246/1/1246 1233/1/1233 
f 1246/1/1246 1237/1/1237 1236/1/1236 
f 1236/1/1236 1247/1/1247 1246/1/1246 
f 1247/1/1247 1244/1/1244 1243/1/1243 
f 1243/1/1243 1246/1/1246 1247/1/1247 
f 1248/1/1248 1249/1/1249 437/1/437 
f 437/1/437 578/1/578 1248/1/1248 
f 578/1/578 581/1/581 1241/1/1241 
f 1248/1/1248 1241/1/1241 1240/1/1240 
f 1240/1/1240 1250/1/1250 1248/1/1248 
f 1250/1/1250 1251/1/1251 1249/1/1249 
f 1249/1/1249 1248/1/1248 1250/1/1250 
f 1252/1/1252 1249/1/1249 1251/1/1251 
f 1251/1/1251 1253/1/1253 1252/1/1252 
f 1252/1/1252 1253/1/1253 432/1/432 
f 432/1/432 438/1/438 1252/1/1252 
f 438/1/438 437/1/437 1249/1/1249 
f 1249/1/1249 1252/1/1252 438/1/438 
f 1254/1/1254 1255/1/1255 1236/1/1236 
f 1236/1/1236 1235/1/1235 1254/1/1254 
f 1254/1/1254 1235/1/1235 595/1/595 
f 594/1/594 340/1/340 1256/1/1256 
f 1256/1/1256 1254/1/1254 594/1/594 
f 1256/1/1256 1257/1/1257 1255/1/1255 
f 1255/1/1255 1254/1/1254 1256/1/1256 
f 1258/1/1258 1259/1/1259 1260/1/1260 
f 1260/1/1260 1261/1/1261 1258/1/1258 
f 1261/1/1261 1251/1/1251 1250/1/1250 
f 1250/1/1250 1258/1/1258 1261/1/1261 
f 1258/1/1258 1250/1/1250 1240/1/1240 
f 1240/1/1240 1245/1/1245 1258/1/1258 
f 1245/1/1245 1244/1/1244 1259/1/1259 
f 1259/1/1259 1258/1/1258 1245/1/1245 
f 1262/1/1262 1259/1/1259 1244/1/1244 
f 1244/1/1244 1247/1/1247 1262/1/1262 
f 1247/1/1247 1236/1/1236 1255/1/1255 
f 1255/1/1255 1262/1/1262 1247/1/1247 
f 1262/1/1262 1255/1/1255 1257/1/1257 
f 1257/1/1257 1263/1/1263 1262/1/1262 
f 1263/1/1263 1260/1/1260 1259/1/1259 
f 1264/1/1264 433/1/433 432/1/432 
f 432/1/432 1253/1/1253 1264/1/1264 
f 1253/1/1253 1251/1/1251 1265/1/1265 
f 1265/1/1265 1264/1/1264 1253/1/1253 
f 1264/1/1264 1265/1/1265 1266/1/1266 
f 1266/1/1266 1267/1/1267 1264/1/1264 
f 1267/1/1267 434/1/434 433/1/433 
f 433/1/433 1264/1/1264 1267/1/1267 
f 1268/1/1268 1269/1/1269 1270/1/1270 
f 1270/1/1270 1271/1/1271 1268/1/1268 
f 1271/1/1271 1257/1/1257 1256/1/1256 
f 1256/1/1256 1268/1/1268 1271/1/1271 
f 1268/1/1268 1256/1/1256 340/1/340 
f 340/1/340 339/1/339 1268/1/1268 
f 339/1/339 338/1/338 1269/1/1269 
f 1269/1/1269 1268/1/1268 339/1/339 
f 1272/1/1272 1273/1/1273 1266/1/1266 
f 1266/1/1266 1265/1/1265 1272/1/1272 
f 1265/1/1265 1251/1/1251 1261/1/1261 
f 1261/1/1261 1272/1/1272 1265/1/1265 
f 1274/1/1274 1272/1/1272 1261/1/1261 
f 1261/1/1261 1260/1/1260 1274/1/1274 
f 1274/1/1274 1275/1/1275 1273/1/1273 
f 1273/1/1273 1272/1/1272 1274/1/1274 
f 1276/1/1276 1274/1/1274 1260/1/1260 
f 1260/1/1260 1263/1/1263 1276/1/1276 
f 1271/1/1271 1276/1/1276 1263/1/1263 
f 1263/1/1263 1257/1/1257 1271/1/1271 
f 1271/1/1271 1270/1/1270 1277/1/1277 
f 1277/1/1277 1276/1/1276 1271/1/1271 
f 1277/1/1277 1275/1/1275 1274/1/1274 
f 1274/1/1274 1276/1/1276 1277/1/1277 
f 1278/1/1278 1279/1/1279 1280/1/1280 
f 1280/1/1280 1281/1/1281 1278/1/1278 
f 1280/1/1280 429/1/429 428/1/428 
f 428/1/428 1281/1/1281 1280/1/1280 
f 1281/1/1281 428/1/428 434/1/434 
f 434/1/434 1282/1/1282 1281/1/1281 
f 1281/1/1281 1282/1/1282 1283/1/1283 
f 1283/1/1283 1278/1/1278 1281/1/1281 
f 1284/1/1284 1285/1/1285 1286/1/1286 
f 1286/1/1286 1287/1/1287 1284/1/1284 
f 1287/1/1287 1270/1/1270 1269/1/1269 
f 1269/1/1269 1284/1/1284 1287/1/1287 
f 1284/1/1284 1269/1/1269 338/1/338 
f 338/1/338 977/1/977 1284/1/1284 
f 977/1/977 976/1/976 1285/1/1285 
f 1285/1/1285 1284/1/1284 977/1/977 
f 1288/1/1288 1282/1/1282 434/1/434 
f 434/1/434 1267/1/1267 1288/1/1288 
f 1288/1/1288 1267/1/1267 1266/1/1266 
f 1266/1/1266 1289/1/1289 1288/1/1288 
f 1289/1/1289 1283/1/1283 1282/1/1282 
f 1282/1/1282 1288/1/1288 1289/1/1289 
f 1290/1/1290 1291/1/1291 1279/1/1279 
f 1278/1/1278 1283/1/1283 1292/1/1292 
f 1292/1/1292 1290/1/1290 1278/1/1278 
f 1290/1/1290 1292/1/1292 1293/1/1293 
f 1293/1/1293 1294/1/1294 1290/1/1290 
f 1294/1/1294 1192/1/1192 1291/1/1291 
f 1291/1/1291 1290/1/1290 1294/1/1294 
f 1295/1/1295 1191/1/1191 1196/1/1196 
f 1196/1/1196 1296/1/1296 1295/1/1295 
f 1296/1/1296 1279/1/1279 1291/1/1291 
f 1191/1/1191 1295/1/1295 1291/1/1291 
f 1291/1/1291 1192/1/1192 1191/1/1191 
f 1297/1/1297 1286/1/1286 1285/1/1285 
f 1285/1/1285 1298/1/1298 1297/1/1297 
f 1298/1/1298 1285/1/1285 976/1/976 
f 976/1/976 1023/1/1023 1298/1/1298 
f 1298/1/1298 1023/1/1023 1022/1/1022 
f 1022/1/1022 1299/1/1299 1298/1/1298 
f 1299/1/1299 1192/1/1192 1297/1/1297 
f 1297/1/1297 1298/1/1298 1299/1/1299 
f 1294/1/1294 1293/1/1293 1300/1/1300 
f 1300/1/1300 1301/1/1301 1294/1/1294 
f 1301/1/1301 1300/1/1300 1286/1/1286 
f 1286/1/1286 1297/1/1297 1301/1/1301 
f 1297/1/1297 1192/1/1192 1294/1/1294 
f 1294/1/1294 1301/1/1301 1297/1/1297 
f 1302/1/1302 1299/1/1299 1022/1/1022 
f 1022/1/1022 1057/1/1057 1302/1/1302 
f 1057/1/1057 1061/1/1061 1079/1/1079 
f 1079/1/1079 1302/1/1302 1057/1/1057 
f 1302/1/1302 1079/1/1079 1078/1/1078 
f 1078/1/1078 1193/1/1193 1302/1/1302 
f 1193/1/1193 1192/1/1192 1299/1/1299 
f 1303/1/1303 1277/1/1277 1270/1/1270 
f 1270/1/1270 1287/1/1287 1303/1/1303 
f 1287/1/1287 1286/1/1286 1300/1/1300 
f 1300/1/1300 1303/1/1303 1287/1/1287 
f 1303/1/1303 1300/1/1300 1293/1/1293 
f 1293/1/1293 1304/1/1304 1303/1/1303 
f 1304/1/1304 1275/1/1275 1277/1/1277 
f 1277/1/1277 1303/1/1303 1304/1/1304 
f 1305/1/1305 1292/1/1292 1283/1/1283 
f 1283/1/1283 1289/1/1289 1305/1/1305 
f 1289/1/1289 1266/1/1266 1273/1/1273 
f 1273/1/1273 1305/1/1305 1289/1/1289 
f 1305/1/1305 1273/1/1273 1275/1/1275 
f 1275/1/1275 1304/1/1304 1305/1/1305 
f 1304/1/1304 1293/1/1293 1292/1/1292 
f 1292/1/1292 1305/1/1305 1304/1/1304 
f 1306/1/1306 1307/1/1307 1279/1/1279 
f 1296/1/1296 1196/1/1196 1198/1/1198 
f 1198/1/1198 1306/1/1306 1296/1/1296 
f 1306/1/1306 1198/1/1198 1092/1/1092 
f 1092/1/1092 1308/1/1308 1306/1/1306 
f 1308/1/1308 1309/1/1309 1307/1/1307 
f 1307/1/1307 1306/1/1306 1308/1/1308 
f 1308/1/1308 1092/1/1092 1088/1/1088 
f 1088/1/1088 1310/1/1310 1308/1/1308 
f 1088/1/1088 1091/1/1091 1311/1/1311 
f 1311/1/1311 1310/1/1310 1088/1/1088 
f 1310/1/1310 1311/1/1311 1312/1/1312 
f 1312/1/1312 1313/1/1313 1310/1/1310 
f 1313/1/1313 1309/1/1309 1308/1/1308 
f 1308/1/1308 1310/1/1310 1313/1/1313 
f 1314/1/1314 1315/1/1315 1316/1/1316 
f 1316/1/1316 1317/1/1317 1314/1/1314 
f 1317/1/1317 1316/1/1316 402/1/402 
f 402/1/402 401/1/401 1317/1/1317 
f 1317/1/1317 401/1/401 408/1/408 
f 408/1/408 1318/1/1318 1317/1/1317 
f 1318/1/1318 1319/1/1319 1314/1/1314 
f 1314/1/1314 1317/1/1317 1318/1/1318 
f 1320/1/1320 1321/1/1321 1319/1/1319 
f 1319/1/1319 1318/1/1318 1320/1/1320 
f 1318/1/1318 408/1/408 410/1/410 
f 410/1/410 1320/1/1320 1318/1/1318 
f 1320/1/1320 410/1/410 414/1/414 
f 414/1/414 1322/1/1322 1320/1/1320 
f 1322/1/1322 1323/1/1323 1321/1/1321 
f 1321/1/1321 1320/1/1320 1322/1/1322 
f 1324/1/1324 416/1/416 420/1/420 
f 420/1/420 1325/1/1325 1324/1/1324 
f 1325/1/1325 1326/1/1326 1327/1/1327 
f 1327/1/1327 1324/1/1324 1325/1/1325 
f 1324/1/1324 1327/1/1327 1323/1/1323 
f 1323/1/1323 1322/1/1322 1324/1/1324 
f 1322/1/1322 414/1/414 416/1/416 
f 416/1/416 1324/1/1324 1322/1/1322 
f 1328/1/1328 422/1/422 426/1/426 
f 426/1/426 430/1/430 1328/1/1328 
f 430/1/430 429/1/429 1329/1/1329 
f 1329/1/1329 1328/1/1328 430/1/430 
f 1328/1/1328 1329/1/1329 1326/1/1326 
f 1326/1/1326 1325/1/1325 1328/1/1328 
f 1325/1/1325 420/1/420 422/1/422 
f 422/1/422 1328/1/1328 1325/1/1325 
f 1330/1/1330 1329/1/1329 429/1/429 
f 429/1/429 1280/1/1280 1330/1/1330 
f 1280/1/1280 1279/1/1279 1307/1/1307 
f 1307/1/1307 1330/1/1330 1280/1/1280 
f 1330/1/1330 1307/1/1307 1309/1/1309 
f 1309/1/1309 1331/1/1331 1330/1/1330 
f 1331/1/1331 1326/1/1326 1329/1/1329 
f 1329/1/1329 1330/1/1330 1331/1/1331 
f 1332/1/1332 1333/1/1333 1334/1/1334 
f 1334/1/1334 1335/1/1335 1332/1/1332 
f 1335/1/1335 1323/1/1323 1327/1/1327 
f 1327/1/1327 1332/1/1332 1335/1/1335 
f 1332/1/1332 1327/1/1327 1326/1/1326 
f 1336/1/1336 1337/1/1337 1333/1/1333 
f 1333/1/1333 1332/1/1332 1336/1/1336 
f 1336/1/1336 1326/1/1326 1331/1/1331 
f 1331/1/1331 1338/1/1338 1336/1/1336 
f 1331/1/1331 1309/1/1309 1339/1/1339 
f 1339/1/1339 1338/1/1338 1331/1/1331 
f 1338/1/1338 1339/1/1339 1337/1/1337 
f 1337/1/1337 1336/1/1336 1338/1/1338 
f 1340/1/1340 1341/1/1341 1342/1/1342 
f 1342/1/1342 1343/1/1343 1340/1/1340 
f 1343/1/1343 1337/1/1337 1339/1/1339 
f 1339/1/1339 1340/1/1340 1343/1/1343 
f 1340/1/1340 1339/1/1339 1309/1/1309 
f 1313/1/1313 1312/1/1312 1341/1/1341 
f 1344/1/1344 1333/1/1333 1337/1/1337 
f 1337/1/1337 1343/1/1343 1344/1/1344 
f 1343/1/1343 1342/1/1342 1345/1/1345 
f 1344/1/1344 1345/1/1345 1346/1/1346 
f 1346/1/1346 1347/1/1347 1344/1/1344 
f 1347/1/1347 1334/1/1334 1333/1/1333 
f 1333/1/1333 1344/1/1344 1347/1/1347 
f 1348/1/1348 1349/1/1349 1350/1/1350 
f 1350/1/1350 1351/1/1351 1348/1/1348 
f 1351/1/1351 872/1/872 871/1/871 
f 871/1/871 1348/1/1348 1351/1/1351 
f 1348/1/1348 871/1/871 870/1/870 
f 870/1/870 1352/1/1352 1348/1/1348 
f 1352/1/1352 1353/1/1353 1349/1/1349 
f 1349/1/1349 1348/1/1348 1352/1/1352 
f 1354/1/1354 1355/1/1355 1356/1/1356 
f 1356/1/1356 1357/1/1357 1354/1/1354 
f 1357/1/1357 944/1/944 943/1/943 
f 943/1/943 1354/1/1354 1357/1/1357 
f 1354/1/1354 943/1/943 872/1/872 
f 872/1/872 1351/1/1351 1354/1/1354 
f 1351/1/1351 1350/1/1350 1355/1/1355 
f 1355/1/1355 1354/1/1354 1351/1/1351 
f 1358/1/1358 952/1/952 944/1/944 
f 944/1/944 1357/1/1357 1358/1/1358 
f 1357/1/1357 1356/1/1356 1359/1/1359 
f 1359/1/1359 1358/1/1358 1357/1/1357 
f 1358/1/1358 1359/1/1359 1360/1/1360 
f 1360/1/1360 1361/1/1361 1358/1/1358 
f 1361/1/1361 953/1/953 952/1/952 
f 952/1/952 1358/1/1358 1361/1/1361 
f 1362/1/1362 954/1/954 953/1/953 
f 953/1/953 1361/1/1361 1362/1/1362 
f 1361/1/1361 1360/1/1360 1363/1/1363 
f 1362/1/1362 1363/1/1363 1364/1/1364 
f 1364/1/1364 1365/1/1365 1362/1/1362 
f 1365/1/1365 955/1/955 954/1/954 
f 954/1/954 1362/1/1362 1365/1/1365 
f 1366/1/1366 967/1/967 955/1/955 
f 955/1/955 1365/1/1365 1366/1/1366 
f 1365/1/1365 1364/1/1364 1367/1/1367 
f 1367/1/1367 1366/1/1366 1365/1/1365 
f 1366/1/1366 1367/1/1367 1368/1/1368 
f 1368/1/1368 1369/1/1369 1366/1/1366 
f 1369/1/1369 968/1/968 967/1/967 
f 967/1/967 1366/1/1366 1369/1/1369 
f 1370/1/1370 1371/1/1371 1372/1/1372 
f 1373/1/1373 964/1/964 972/1/972 
f 972/1/972 1370/1/1370 1373/1/1373 
f 1370/1/1370 972/1/972 968/1/968 
f 968/1/968 1369/1/1369 1370/1/1370 
f 1369/1/1369 1368/1/1368 1371/1/1371 
f 1371/1/1371 1370/1/1370 1369/1/1369 
f 965/1/965 964/1/964 1373/1/1373 
f 1373/1/1373 1374/1/1374 965/1/965 
f 1373/1/1373 1372/1/1372 1375/1/1375 
f 1375/1/1375 1374/1/1374 1373/1/1373 
f 1374/1/1374 1375/1/1375 1376/1/1376 
f 1376/1/1376 1377/1/1377 1374/1/1374 
f 1374/1/1374 1377/1/1377 839/1/839 
f 839/1/839 965/1/965 1374/1/1374 
f 1378/1/1378 1377/1/1377 1376/1/1376 
f 1376/1/1376 1379/1/1379 1378/1/1378 
f 1379/1/1379 1380/1/1380 1381/1/1381 
f 1381/1/1381 1378/1/1378 1379/1/1379 
f 1378/1/1378 1381/1/1381 840/1/840 
f 840/1/840 836/1/836 1378/1/1378 
f 836/1/836 839/1/839 1377/1/1377 
f 1377/1/1377 1378/1/1378 836/1/836 
f 1382/1/1382 1383/1/1383 849/1/849 
f 849/1/849 848/1/848 1382/1/1382 
f 848/1/848 840/1/840 1381/1/1381 
f 1381/1/1381 1382/1/1382 848/1/848 
f 1382/1/1382 1381/1/1381 1380/1/1380 
f 1380/1/1380 1384/1/1384 1382/1/1382 
f 1384/1/1384 1385/1/1385 1383/1/1383 
f 1383/1/1383 1382/1/1382 1384/1/1384 
f 1386/1/1386 855/1/855 849/1/849 
f 849/1/849 1383/1/1383 1386/1/1386 
f 1386/1/1386 1383/1/1383 1385/1/1385 
f 1385/1/1385 1387/1/1387 1386/1/1386 
f 1387/1/1387 1388/1/1388 1389/1/1389 
f 1389/1/1389 1386/1/1386 1387/1/1387 
f 1389/1/1389 856/1/856 855/1/855 
f 855/1/855 1386/1/1386 1389/1/1389 
f 1390/1/1390 1391/1/1391 864/1/864 
f 864/1/864 863/1/863 1390/1/1390 
f 1390/1/1390 863/1/863 856/1/856 
f 856/1/856 1389/1/1389 1390/1/1390 
f 1390/1/1390 1389/1/1389 1388/1/1388 
f 1388/1/1388 1392/1/1392 1390/1/1390 
f 1392/1/1392 1393/1/1393 1391/1/1391 
f 1391/1/1391 1390/1/1390 1392/1/1392 
f 1394/1/1394 1367/1/1367 1364/1/1364 
f 1364/1/1364 1395/1/1395 1394/1/1394 
f 1395/1/1395 1396/1/1396 1397/1/1397 
f 1397/1/1397 1394/1/1394 1395/1/1395 
f 1394/1/1394 1397/1/1397 1398/1/1398 
f 1398/1/1398 1399/1/1399 1394/1/1394 
f 1399/1/1399 1368/1/1368 1367/1/1367 
f 1367/1/1367 1394/1/1394 1399/1/1399 
f 1400/1/1400 1371/1/1371 1368/1/1368 
f 1368/1/1368 1399/1/1399 1400/1/1400 
f 1399/1/1399 1398/1/1398 1401/1/1401 
f 1401/1/1401 1400/1/1400 1399/1/1399 
f 1400/1/1400 1401/1/1401 1402/1/1402 
f 1402/1/1402 1403/1/1403 1400/1/1400 
f 1403/1/1403 1372/1/1372 1371/1/1371 
f 1371/1/1371 1400/1/1400 1403/1/1403 
f 1404/1/1404 1375/1/1375 1372/1/1372 
f 1372/1/1372 1403/1/1403 1404/1/1404 
f 1403/1/1403 1402/1/1402 1405/1/1405 
f 1405/1/1405 1404/1/1404 1403/1/1403 
f 1404/1/1404 1405/1/1405 1406/1/1406 
f 1406/1/1406 1407/1/1407 1404/1/1404 
f 1407/1/1407 1376/1/1376 1375/1/1375 
f 1375/1/1375 1404/1/1404 1407/1/1407 
f 1408/1/1408 1379/1/1379 1376/1/1376 
f 1376/1/1376 1407/1/1407 1408/1/1408 
f 1407/1/1407 1406/1/1406 1409/1/1409 
f 1409/1/1409 1408/1/1408 1407/1/1407 
f 1409/1/1409 1410/1/1410 1411/1/1411 
f 1411/1/1411 1408/1/1408 1409/1/1409 
f 1408/1/1408 1411/1/1411 1380/1/1380 
f 1380/1/1380 1379/1/1379 1408/1/1408 
f 1412/1/1412 1413/1/1413 1385/1/1385 
f 1385/1/1385 1384/1/1384 1412/1/1412 
f 1384/1/1384 1380/1/1380 1411/1/1411 
f 1411/1/1411 1412/1/1412 1384/1/1384 
f 1412/1/1412 1411/1/1411 1410/1/1410 
f 1410/1/1410 1414/1/1414 1412/1/1412 
f 1414/1/1414 1415/1/1415 1413/1/1413 
f 1413/1/1413 1412/1/1412 1414/1/1414 
f 1416/1/1416 1417/1/1417 1388/1/1388 
f 1388/1/1388 1387/1/1387 1416/1/1416 
f 1387/1/1387 1385/1/1385 1413/1/1413 
f 1413/1/1413 1416/1/1416 1387/1/1387 
f 1416/1/1416 1413/1/1413 1415/1/1415 
f 1415/1/1415 1418/1/1418 1416/1/1416 
f 1418/1/1418 1419/1/1419 1417/1/1417 
f 1420/1/1420 1421/1/1421 1393/1/1393 
f 1393/1/1393 1392/1/1392 1420/1/1420 
f 1392/1/1392 1388/1/1388 1417/1/1417 
f 1417/1/1417 1420/1/1420 1392/1/1392 
f 1420/1/1420 1417/1/1417 1419/1/1419 
f 1419/1/1419 1422/1/1422 1420/1/1420 
f 1422/1/1422 1423/1/1423 1421/1/1421 
f 1421/1/1421 1420/1/1420 1422/1/1422 
f 1424/1/1424 771/1/771 773/1/773 
f 773/1/773 789/1/789 1424/1/1424 
f 789/1/789 793/1/793 1425/1/1425 
f 1425/1/1425 1424/1/1424 789/1/789 
f 1424/1/1424 1425/1/1425 1426/1/1426 
f 1426/1/1426 1427/1/1427 1424/1/1424 
f 1427/1/1427 769/1/769 771/1/771 
f 771/1/771 1424/1/1424 1427/1/1427 
f 1428/1/1428 1429/1/1429 791/1/791 
f 791/1/791 799/1/799 1428/1/1428 
f 799/1/799 798/1/798 1430/1/1430 
f 1430/1/1430 1428/1/1428 799/1/799 
f 1428/1/1428 1430/1/1430 1431/1/1431 
f 1431/1/1431 1432/1/1432 1428/1/1428 
f 1432/1/1432 1433/1/1433 1429/1/1429 
f 1429/1/1429 1428/1/1428 1432/1/1432 
f 1434/1/1434 1435/1/1435 1436/1/1436 
f 1436/1/1436 1437/1/1437 1434/1/1434 
f 1437/1/1437 793/1/793 792/1/792 
f 792/1/792 1434/1/1434 1437/1/1437 
f 792/1/792 791/1/791 1429/1/1429 
f 1429/1/1429 1434/1/1434 792/1/792 
f 1435/1/1435 1434/1/1434 1429/1/1429 
f 1429/1/1429 1433/1/1433 1435/1/1435 
f 1438/1/1438 764/1/764 767/1/767 
f 1439/1/1439 767/1/767 769/1/769 
f 769/1/769 1427/1/1427 1439/1/1439 
f 1427/1/1427 1426/1/1426 1440/1/1440 
f 1440/1/1440 1439/1/1439 1427/1/1427 
f 1439/1/1439 1440/1/1440 1441/1/1441 
f 1442/1/1442 1443/1/1443 1444/1/1444 
f 1444/1/1444 1445/1/1445 1442/1/1442 
f 1445/1/1445 1426/1/1426 1425/1/1425 
f 1425/1/1425 1442/1/1442 1445/1/1445 
f 1442/1/1442 1425/1/1425 793/1/793 
f 793/1/793 1437/1/1437 1442/1/1442 
f 1442/1/1442 1437/1/1437 1436/1/1436 
f 1436/1/1436 1443/1/1443 1442/1/1442 
f 1446/1/1446 1447/1/1447 1448/1/1448 
f 1448/1/1448 1449/1/1449 1446/1/1446 
f 1449/1/1449 1444/1/1444 1443/1/1443 
f 1443/1/1443 1446/1/1446 1449/1/1449 
f 1443/1/1443 1436/1/1436 1435/1/1435 
f 1435/1/1435 1446/1/1446 1443/1/1443 
f 1446/1/1446 1435/1/1435 1433/1/1433 
f 1433/1/1433 1447/1/1447 1446/1/1446 
f 1450/1/1450 1447/1/1447 1433/1/1433 
f 1433/1/1433 1432/1/1432 1450/1/1450 
f 1432/1/1432 1431/1/1431 1451/1/1451 
f 1451/1/1451 1452/1/1452 1453/1/1453 
f 1453/1/1453 1450/1/1450 1451/1/1451 
f 1450/1/1450 1453/1/1453 1448/1/1448 
f 1448/1/1448 1447/1/1447 1450/1/1450 
f 1454/1/1454 1455/1/1455 796/1/796 
f 796/1/796 825/1/825 1454/1/1454 
f 825/1/825 822/1/822 1456/1/1456 
f 1454/1/1454 1456/1/1456 1457/1/1457 
f 1458/1/1458 1459/1/1459 1455/1/1455 
f 1455/1/1455 1454/1/1454 1458/1/1458 
f 1460/1/1460 1461/1/1461 1457/1/1457 
f 1456/1/1456 822/1/822 861/1/861 
f 1460/1/1460 861/1/861 860/1/860 
f 860/1/860 1462/1/1462 1460/1/1460 
f 1462/1/1462 1463/1/1463 1461/1/1461 
f 1464/1/1464 1465/1/1465 1463/1/1463 
f 1462/1/1462 860/1/860 865/1/865 
f 865/1/865 1464/1/1464 1462/1/1462 
f 1464/1/1464 865/1/865 864/1/864 
f 864/1/864 1466/1/1466 1464/1/1464 
f 1466/1/1466 1467/1/1467 1465/1/1465 
f 1465/1/1465 1464/1/1464 1466/1/1466 
f 1468/1/1468 1469/1/1469 1467/1/1467 
f 1467/1/1467 1466/1/1466 1468/1/1468 
f 1466/1/1466 864/1/864 1391/1/1391 
f 1391/1/1391 1468/1/1468 1466/1/1466 
f 1468/1/1468 1391/1/1391 1393/1/1393 
f 1393/1/1393 1470/1/1470 1468/1/1468 
f 1470/1/1470 1471/1/1471 1469/1/1469 
f 1469/1/1469 1468/1/1468 1470/1/1470 
f 1470/1/1470 1393/1/1393 1421/1/1421 
f 1421/1/1421 1423/1/1423 1472/1/1472 
f 1472/1/1472 1473/1/1473 1421/1/1421 
f 1473/1/1473 1472/1/1472 1474/1/1474 
f 1474/1/1474 1475/1/1475 1473/1/1473 
f 1473/1/1473 1475/1/1475 1471/1/1471 
f 1471/1/1471 1470/1/1470 1473/1/1473 
f 1476/1/1476 1477/1/1477 1471/1/1471 
f 1471/1/1471 1475/1/1475 1476/1/1476 
f 1475/1/1475 1474/1/1474 1478/1/1478 
f 1478/1/1478 1476/1/1476 1475/1/1475 
f 1476/1/1476 1478/1/1478 1479/1/1479 
f 1479/1/1479 1480/1/1480 1476/1/1476 
f 1476/1/1476 1480/1/1480 1481/1/1481 
f 1482/1/1482 1477/1/1477 1481/1/1481 
f 1483/1/1483 1484/1/1484 1485/1/1485 
f 1485/1/1485 1482/1/1482 1483/1/1483 
f 1485/1/1485 1467/1/1467 1469/1/1469 
f 1469/1/1469 1482/1/1482 1485/1/1485 
f 1482/1/1482 1469/1/1469 1471/1/1471 
f 1471/1/1471 1477/1/1477 1482/1/1482 
f 1486/1/1486 1487/1/1487 1484/1/1484 
f 1484/1/1484 1483/1/1483 1486/1/1486 
f 1483/1/1483 1481/1/1481 1480/1/1480 
f 1480/1/1480 1486/1/1486 1483/1/1483 
f 1486/1/1486 1480/1/1480 1479/1/1479 
f 1479/1/1479 1488/1/1488 1486/1/1486 
f 1488/1/1488 1489/1/1489 1487/1/1487 
f 1487/1/1487 1486/1/1486 1488/1/1488 
f 1490/1/1490 1465/1/1465 1467/1/1467 
f 1467/1/1467 1485/1/1485 1490/1/1490 
f 1485/1/1485 1484/1/1484 1491/1/1491 
f 1491/1/1491 1490/1/1490 1485/1/1485 
f 1490/1/1490 1491/1/1491 1492/1/1492 
f 1492/1/1492 1493/1/1493 1490/1/1490 
f 1493/1/1493 1463/1/1463 1465/1/1465 
f 1465/1/1465 1490/1/1490 1493/1/1493 
f 1494/1/1494 1495/1/1495 1479/1/1479 
f 1479/1/1479 1478/1/1478 1494/1/1494 
f 1494/1/1494 1478/1/1478 1474/1/1474 
f 1474/1/1474 1496/1/1496 1494/1/1494 
f 1496/1/1496 1497/1/1497 1495/1/1495 
f 1495/1/1495 1494/1/1494 1496/1/1496 
f 1498/1/1498 1499/1/1499 1492/1/1492 
f 1492/1/1492 1491/1/1491 1498/1/1498 
f 1491/1/1491 1484/1/1484 1487/1/1487 
f 1487/1/1487 1498/1/1498 1491/1/1491 
f 1498/1/1498 1487/1/1487 1489/1/1489 
f 1489/1/1489 1500/1/1500 1498/1/1498 
f 1500/1/1500 1501/1/1501 1499/1/1499 
f 1499/1/1499 1498/1/1498 1500/1/1500 
f 1502/1/1502 1500/1/1500 1489/1/1489 
f 1489/1/1489 1488/1/1488 1502/1/1502 
f 1488/1/1488 1479/1/1479 1495/1/1495 
f 1495/1/1495 1502/1/1502 1488/1/1488 
f 1502/1/1502 1495/1/1495 1497/1/1497 
f 1497/1/1497 1503/1/1503 1502/1/1502 
f 1502/1/1502 1503/1/1503 1501/1/1501 
f 1501/1/1501 1500/1/1500 1502/1/1502 
f 1504/1/1504 216/1/216 197/1/197 
f 197/1/197 196/1/196 1504/1/1504 
f 196/1/196 78/1/78 1505/1/1505 
f 1505/1/1505 1504/1/1504 196/1/196 
f 1504/1/1504 1505/1/1505 1506/1/1506 
f 1506/1/1506 1507/1/1507 1504/1/1504 
f 1507/1/1507 217/1/217 216/1/216 
f 216/1/216 1504/1/1504 1507/1/1507 
f 1508/1/1508 226/1/226 219/1/219 
f 219/1/219 218/1/218 1508/1/1508 
f 218/1/218 217/1/217 1509/1/1509 
f 1509/1/1509 1508/1/1508 218/1/218 
f 1508/1/1508 1509/1/1509 1510/1/1510 
f 1510/1/1510 1511/1/1511 1508/1/1508 
f 1511/1/1511 227/1/227 226/1/226 
f 226/1/226 1508/1/1508 1511/1/1511 
f 1512/1/1512 1513/1/1513 1514/1/1514 
f 1514/1/1514 1515/1/1515 1512/1/1512 
f 1515/1/1515 232/1/232 231/1/231 
f 231/1/231 1512/1/1512 1515/1/1515 
f 1512/1/1512 231/1/231 227/1/227 
f 227/1/227 1511/1/1511 1512/1/1512 
f 1511/1/1511 1510/1/1510 1513/1/1513 
f 1513/1/1513 1512/1/1512 1511/1/1511 
f 1516/1/1516 77/1/77 81/1/81 
f 81/1/81 1517/1/1517 1516/1/1516 
f 1517/1/1517 1518/1/1518 1519/1/1519 
f 1519/1/1519 1516/1/1516 1517/1/1517 
f 1519/1/1519 1506/1/1506 1505/1/1505 
f 1505/1/1505 1516/1/1516 1519/1/1519 
f 1516/1/1516 1505/1/1505 78/1/78 
f 78/1/78 77/1/77 1516/1/1516 
f 1520/1/1520 1509/1/1509 217/1/217 
f 217/1/217 1507/1/1507 1520/1/1520 
f 1507/1/1507 1506/1/1506 1521/1/1521 
f 1521/1/1521 1520/1/1520 1507/1/1507 
f 1520/1/1520 1521/1/1521 1522/1/1522 
f 1522/1/1522 1523/1/1523 1520/1/1520 
f 1523/1/1523 1510/1/1510 1509/1/1509 
f 1509/1/1509 1520/1/1520 1523/1/1523 
f 1524/1/1524 1513/1/1513 1510/1/1510 
f 1510/1/1510 1523/1/1523 1524/1/1524 
f 1523/1/1523 1522/1/1522 1525/1/1525 
f 1525/1/1525 1524/1/1524 1523/1/1523 
f 1524/1/1524 1525/1/1525 1526/1/1526 
f 1526/1/1526 1527/1/1527 1524/1/1524 
f 1527/1/1527 1514/1/1514 1513/1/1513 
f 1513/1/1513 1524/1/1524 1527/1/1527 
f 1528/1/1528 1519/1/1519 1518/1/1518 
f 1518/1/1518 1529/1/1529 1528/1/1528 
f 1529/1/1529 1530/1/1530 1531/1/1531 
f 1531/1/1531 1528/1/1528 1529/1/1529 
f 1528/1/1528 1531/1/1531 1522/1/1522 
f 1521/1/1521 1506/1/1506 1519/1/1519 
f 1519/1/1519 1528/1/1528 1521/1/1521 
f 1532/1/1532 1533/1/1533 1518/1/1518 
f 1518/1/1518 1517/1/1517 1532/1/1532 
f 1517/1/1517 81/1/81 117/1/117 
f 117/1/117 1532/1/1532 1517/1/1517 
f 1532/1/1532 117/1/117 116/1/116 
f 116/1/116 1534/1/1534 1532/1/1532 
f 1534/1/1534 1535/1/1535 1533/1/1533 
f 1533/1/1533 1532/1/1532 1534/1/1534 
f 1536/1/1536 1537/1/1537 1526/1/1526 
f 1526/1/1526 1525/1/1525 1536/1/1536 
f 1525/1/1525 1522/1/1522 1531/1/1531 
f 1531/1/1531 1536/1/1536 1525/1/1525 
f 1536/1/1536 1531/1/1531 1530/1/1530 
f 1530/1/1530 1538/1/1538 1536/1/1536 
f 1538/1/1538 1539/1/1539 1537/1/1537 
f 1537/1/1537 1536/1/1536 1538/1/1538 
f 725/1/725 724/1/724 1540/1/1540 
f 1540/1/1540 1541/1/1541 725/1/725 
f 1540/1/1540 1542/1/1542 1543/1/1543 
f 1543/1/1543 1541/1/1541 1540/1/1540 
f 1541/1/1541 1543/1/1543 1535/1/1535 
f 1535/1/1535 1534/1/1534 1541/1/1541 
f 1534/1/1534 116/1/116 725/1/725 
f 725/1/725 1541/1/1541 1534/1/1534 
f 1544/1/1544 1545/1/1545 1530/1/1530 
f 1530/1/1530 1529/1/1529 1544/1/1544 
f 1529/1/1529 1518/1/1518 1533/1/1533 
f 1544/1/1544 1533/1/1533 1535/1/1535 
f 1535/1/1535 1546/1/1546 1544/1/1544 
f 1546/1/1546 1547/1/1547 1545/1/1545 
f 1545/1/1545 1544/1/1544 1546/1/1546 
f 1548/1/1548 1549/1/1549 1539/1/1539 
f 1539/1/1539 1538/1/1538 1548/1/1548 
f 1538/1/1538 1530/1/1530 1545/1/1545 
f 1545/1/1545 1548/1/1548 1538/1/1538 
f 1548/1/1548 1545/1/1545 1547/1/1547 
f 1547/1/1547 1550/1/1550 1548/1/1548 
f 1550/1/1550 1551/1/1551 1549/1/1549 
f 1549/1/1549 1548/1/1548 1550/1/1550 
f 1552/1/1552 731/1/731 730/1/730 
f 730/1/730 1553/1/1553 1552/1/1552 
f 1553/1/1553 1554/1/1554 1555/1/1555 
f 1555/1/1555 1552/1/1552 1553/1/1553 
f 1552/1/1552 1555/1/1555 1542/1/1542 
f 1542/1/1542 1540/1/1540 1552/1/1552 
f 1540/1/1540 724/1/724 731/1/731 
f 731/1/731 1552/1/1552 1540/1/1540 
f 1556/1/1556 1557/1/1557 1547/1/1547 
f 1547/1/1547 1546/1/1546 1556/1/1556 
f 1546/1/1546 1535/1/1535 1543/1/1543 
f 1543/1/1543 1556/1/1556 1546/1/1546 
f 1556/1/1556 1543/1/1543 1542/1/1542 
f 1542/1/1542 1558/1/1558 1556/1/1556 
f 1558/1/1558 1559/1/1559 1557/1/1557 
f 1557/1/1557 1556/1/1556 1558/1/1558 
f 1560/1/1560 1557/1/1557 1559/1/1559 
f 1559/1/1559 1561/1/1561 1560/1/1560 
f 1561/1/1561 1562/1/1562 1563/1/1563 
f 1563/1/1563 1560/1/1560 1561/1/1561 
f 1560/1/1560 1563/1/1563 1551/1/1551 
f 1551/1/1551 1550/1/1550 1560/1/1560 
f 1550/1/1550 1547/1/1547 1557/1/1557 
f 1557/1/1557 1560/1/1560 1550/1/1550 
f 1564/1/1564 1565/1/1565 1554/1/1554 
f 1553/1/1553 730/1/730 735/1/735 
f 735/1/735 1564/1/1564 1553/1/1553 
f 1564/1/1564 735/1/735 734/1/734 
f 734/1/734 1566/1/1566 1564/1/1564 
f 1566/1/1566 1567/1/1567 1565/1/1565 
f 1565/1/1565 1564/1/1564 1566/1/1566 
f 1568/1/1568 1558/1/1558 1542/1/1542 
f 1555/1/1555 1554/1/1554 1569/1/1569 
f 1569/1/1569 1568/1/1568 1555/1/1555 
f 1568/1/1568 1569/1/1569 1570/1/1570 
f 1570/1/1570 1571/1/1571 1568/1/1568 
f 1568/1/1568 1571/1/1571 1559/1/1559 
f 1559/1/1559 1558/1/1558 1568/1/1568 
f 1572/1/1572 1573/1/1573 1562/1/1562 
f 1562/1/1562 1561/1/1561 1572/1/1572 
f 1561/1/1561 1559/1/1559 1571/1/1571 
f 1571/1/1571 1572/1/1572 1561/1/1561 
f 1572/1/1572 1571/1/1571 1570/1/1570 
f 1574/1/1574 1575/1/1575 1573/1/1573 
f 1576/1/1576 1577/1/1577 1570/1/1570 
f 1570/1/1570 1569/1/1569 1576/1/1576 
f 1569/1/1569 1554/1/1554 1565/1/1565 
f 1565/1/1565 1576/1/1576 1569/1/1569 
f 1576/1/1576 1565/1/1565 1567/1/1567 
f 1567/1/1567 1578/1/1578 1576/1/1576 
f 1578/1/1578 1579/1/1579 1577/1/1577 
f 1577/1/1577 1576/1/1576 1578/1/1578 
f 1580/1/1580 1581/1/1581 1575/1/1575 
f 1574/1/1574 1570/1/1570 1577/1/1577 
f 1577/1/1577 1580/1/1580 1574/1/1574 
f 1580/1/1580 1577/1/1577 1579/1/1579 
f 1579/1/1579 1582/1/1582 1580/1/1580 
f 1582/1/1582 1583/1/1583 1581/1/1581 
f 1581/1/1581 1580/1/1580 1582/1/1582 
f 1584/1/1584 1585/1/1585 502/1/502 
f 501/1/501 492/1/492 1586/1/1586 
f 1584/1/1584 1586/1/1586 1587/1/1587 
f 1587/1/1587 1588/1/1588 1584/1/1584 
f 1588/1/1588 1589/1/1589 1585/1/1585 
f 1585/1/1585 1584/1/1584 1588/1/1588 
f 1590/1/1590 1587/1/1587 1586/1/1586 
f 1586/1/1586 492/1/492 494/1/494 
f 494/1/494 1591/1/1591 1586/1/1586 
f 1591/1/1591 494/1/494 496/1/496 
f 496/1/496 1592/1/1592 1591/1/1591 
f 1591/1/1591 1592/1/1592 1593/1/1593 
f 1594/1/1594 1595/1/1595 1587/1/1587 
f 1587/1/1587 1590/1/1590 1594/1/1594 
f 1590/1/1590 1593/1/1593 1596/1/1596 
f 1596/1/1596 1594/1/1594 1590/1/1590 
f 1594/1/1594 1596/1/1596 1597/1/1597 
f 1597/1/1597 1598/1/1598 1594/1/1594 
f 1598/1/1598 1599/1/1599 1595/1/1595 
f 1595/1/1595 1594/1/1594 1598/1/1598 
f 1600/1/1600 1592/1/1592 496/1/496 
f 496/1/496 518/1/518 1600/1/1600 
f 518/1/518 517/1/517 1601/1/1601 
f 1601/1/1601 1600/1/1600 518/1/518 
f 1600/1/1600 1601/1/1601 1602/1/1602 
f 1602/1/1602 1603/1/1603 1600/1/1600 
f 1603/1/1603 1593/1/1593 1592/1/1592 
f 1592/1/1592 1600/1/1600 1603/1/1603 
f 1602/1/1602 1601/1/1601 1604/1/1604 
f 1604/1/1604 1605/1/1605 1602/1/1602 
f 517/1/517 530/1/530 1604/1/1604 
f 1604/1/1604 1601/1/1601 517/1/517 
f 1605/1/1605 1604/1/1604 530/1/530 
f 530/1/530 529/1/529 1605/1/1605 
f 1606/1/1606 1596/1/1596 1593/1/1593 
f 1593/1/1593 1603/1/1603 1606/1/1606 
f 1603/1/1603 1602/1/1602 1607/1/1607 
f 1607/1/1607 1606/1/1606 1603/1/1603 
f 1606/1/1606 1607/1/1607 1608/1/1608 
f 1608/1/1608 1609/1/1609 1606/1/1606 
f 1609/1/1609 1597/1/1597 1596/1/1596 
f 1596/1/1596 1606/1/1606 1609/1/1609 
f 1610/1/1610 1611/1/1611 1612/1/1612 
f 1612/1/1612 1613/1/1613 1610/1/1610 
f 1613/1/1613 1602/1/1602 1605/1/1605 
f 1605/1/1605 1610/1/1610 1613/1/1613 
f 1610/1/1610 1605/1/1605 529/1/529 
f 529/1/529 534/1/534 1610/1/1610 
f 534/1/534 523/1/523 1611/1/1611 
f 1611/1/1611 1610/1/1610 534/1/534 
f 1614/1/1614 1607/1/1607 1602/1/1602 
f 1602/1/1602 1613/1/1613 1614/1/1614 
f 1613/1/1613 1612/1/1612 1615/1/1615 
f 1614/1/1614 1615/1/1615 1616/1/1616 
f 1616/1/1616 1617/1/1617 1614/1/1614 
f 1617/1/1617 1608/1/1608 1607/1/1607 
f 1607/1/1607 1614/1/1614 1617/1/1617 
f 1618/1/1618 1619/1/1619 1612/1/1612 
f 1612/1/1612 1611/1/1611 1618/1/1618 
f 1618/1/1618 1611/1/1611 523/1/523 
f 523/1/523 522/1/522 1618/1/1618 
f 1618/1/1618 522/1/522 404/1/404 
f 404/1/404 1620/1/1620 1618/1/1618 
f 1620/1/1620 1621/1/1621 1619/1/1619 
f 1619/1/1619 1618/1/1618 1620/1/1620 
f 1622/1/1622 1623/1/1623 1624/1/1624 
f 1624/1/1624 1625/1/1625 1622/1/1622 
f 1625/1/1625 1626/1/1626 1627/1/1627 
f 1627/1/1627 1622/1/1622 1625/1/1625 
f 1622/1/1622 1627/1/1627 1628/1/1628 
f 1628/1/1628 1629/1/1629 1622/1/1622 
f 1629/1/1629 1599/1/1599 1623/1/1623 
f 1623/1/1623 1622/1/1622 1629/1/1629 
f 1630/1/1630 1631/1/1631 1632/1/1632 
f 1632/1/1632 1633/1/1633 1630/1/1630 
f 1633/1/1633 1624/1/1624 1623/1/1623 
f 1623/1/1623 1630/1/1630 1633/1/1633 
f 1630/1/1630 1623/1/1623 1599/1/1599 
f 1599/1/1599 1598/1/1598 1630/1/1630 
f 1598/1/1598 1597/1/1597 1631/1/1631 
f 1631/1/1631 1630/1/1630 1598/1/1598 
f 1634/1/1634 1635/1/1635 1636/1/1636 
f 1636/1/1636 1637/1/1637 1634/1/1634 
f 1637/1/1637 1632/1/1632 1631/1/1631 
f 1631/1/1631 1634/1/1634 1637/1/1637 
f 1634/1/1634 1631/1/1631 1597/1/1597 
f 1597/1/1597 1609/1/1609 1634/1/1634 
f 1609/1/1609 1608/1/1608 1635/1/1635 
f 1635/1/1635 1634/1/1634 1609/1/1609 
f 1638/1/1638 1639/1/1639 1640/1/1640 
f 1640/1/1640 1641/1/1641 1638/1/1638 
f 1636/1/1636 1635/1/1635 1641/1/1641 
f 1641/1/1641 1640/1/1640 1636/1/1636 
f 1641/1/1641 1635/1/1635 1608/1/1608 
f 1608/1/1608 1617/1/1617 1641/1/1641 
f 1641/1/1641 1617/1/1617 1616/1/1616 
f 1616/1/1616 1638/1/1638 1641/1/1641 
f 1642/1/1642 1643/1/1643 1626/1/1626 
f 1626/1/1626 1625/1/1625 1642/1/1642 
f 1625/1/1625 1624/1/1624 1644/1/1644 
f 1644/1/1644 1642/1/1642 1625/1/1625 
f 1642/1/1642 1644/1/1644 1645/1/1645 
f 1645/1/1645 1646/1/1646 1642/1/1642 
f 1646/1/1646 1647/1/1647 1643/1/1643 
f 1643/1/1643 1642/1/1642 1646/1/1646 
f 1648/1/1648 1644/1/1644 1624/1/1624 
f 1624/1/1624 1633/1/1633 1648/1/1648 
f 1632/1/1632 1649/1/1649 1648/1/1648 
f 1648/1/1648 1633/1/1633 1632/1/1632 
f 1650/1/1650 1651/1/1651 1648/1/1648 
f 1648/1/1648 1649/1/1649 1650/1/1650 
f 1651/1/1651 1645/1/1645 1644/1/1644 
f 1644/1/1644 1648/1/1648 1651/1/1651 
f 1632/1/1632 1637/1/1637 1652/1/1652 
f 1652/1/1652 1649/1/1649 1632/1/1632 
f 1636/1/1636 1653/1/1653 1652/1/1652 
f 1652/1/1652 1637/1/1637 1636/1/1636 
f 1654/1/1654 1655/1/1655 1652/1/1652 
f 1652/1/1652 1653/1/1653 1654/1/1654 
f 1650/1/1650 1649/1/1649 1652/1/1652 
f 1652/1/1652 1655/1/1655 1650/1/1650 
f 1656/1/1656 1640/1/1640 1639/1/1639 
f 1639/1/1639 1657/1/1657 1656/1/1656 
f 1658/1/1658 1659/1/1659 1656/1/1656 
f 1656/1/1656 1657/1/1657 1658/1/1658 
f 1654/1/1654 1653/1/1653 1656/1/1656 
f 1656/1/1656 1659/1/1659 1654/1/1654 
f 1640/1/1640 1656/1/1656 1653/1/1653 
f 1653/1/1653 1636/1/1636 1640/1/1640 
f 1660/1/1660 1661/1/1661 1658/1/1658 
f 1658/1/1658 1657/1/1657 1660/1/1660 
f 1657/1/1657 1639/1/1639 1662/1/1662 
f 1662/1/1662 1660/1/1660 1657/1/1657 
f 1660/1/1660 1662/1/1662 1663/1/1663 
f 1663/1/1663 1664/1/1664 1660/1/1660 
f 1664/1/1664 1665/1/1665 1661/1/1661 
f 1666/1/1666 1667/1/1667 1665/1/1665 
f 1664/1/1664 1663/1/1663 1668/1/1668 
f 1666/1/1666 1668/1/1668 1669/1/1669 
f 1670/1/1670 1671/1/1671 1667/1/1667 
f 1667/1/1667 1666/1/1666 1670/1/1670 
f 1672/1/1672 1673/1/1673 1674/1/1674 
f 1674/1/1674 1675/1/1675 1672/1/1672 
f 1676/1/1676 1672/1/1672 1675/1/1675 
f 1675/1/1675 1677/1/1677 1676/1/1676 
f 1672/1/1672 1676/1/1676 1671/1/1671 
f 1671/1/1671 1670/1/1670 1672/1/1672 
f 1670/1/1670 1669/1/1669 1673/1/1673 
f 1673/1/1673 1672/1/1672 1670/1/1670 
f 1678/1/1678 1679/1/1679 1677/1/1677 
f 1677/1/1677 1675/1/1675 1678/1/1678 
f 1675/1/1675 1674/1/1674 1680/1/1680 
f 1680/1/1680 1678/1/1678 1675/1/1675 
f 1678/1/1678 1680/1/1680 1681/1/1681 
f 1681/1/1681 1682/1/1682 1678/1/1678 
f 1682/1/1682 1683/1/1683 1679/1/1679 
f 1679/1/1679 1678/1/1678 1682/1/1682 
f 1684/1/1684 1685/1/1685 1686/1/1686 
f 1684/1/1684 1687/1/1687 1683/1/1683 
f 1683/1/1683 1682/1/1682 1684/1/1684 
f 1682/1/1682 1681/1/1681 1688/1/1688 
f 1688/1/1688 1684/1/1684 1682/1/1682 
f 1684/1/1684 1688/1/1688 1689/1/1689 
f 1689/1/1689 1685/1/1685 1684/1/1684 
f 1690/1/1690 1685/1/1685 1689/1/1689 
f 1691/1/1691 1692/1/1692 1693/1/1693 
f 1693/1/1693 1690/1/1690 1691/1/1691 
f 1690/1/1690 1693/1/1693 1694/1/1694 
f 1694/1/1694 1695/1/1695 1690/1/1690 
f 1695/1/1695 1686/1/1686 1685/1/1685 
f 1693/1/1693 1692/1/1692 1696/1/1696 
f 1696/1/1696 1697/1/1697 1693/1/1693 
f 1697/1/1697 1696/1/1696 1698/1/1698 
f 1698/1/1698 1699/1/1699 1697/1/1697 
f 1699/1/1699 1700/1/1700 1701/1/1701 
f 1701/1/1701 1697/1/1697 1699/1/1699 
f 1701/1/1701 1694/1/1694 1693/1/1693 
f 1693/1/1693 1697/1/1697 1701/1/1701 
f 1702/1/1702 1703/1/1703 1700/1/1700 
f 1700/1/1700 1699/1/1699 1702/1/1702 
f 1699/1/1699 1698/1/1698 1704/1/1704 
f 1704/1/1704 1702/1/1702 1699/1/1699 
f 1702/1/1702 1704/1/1704 1705/1/1705 
f 1705/1/1705 1706/1/1706 1702/1/1702 
f 1706/1/1706 1707/1/1707 1703/1/1703 
f 1703/1/1703 1702/1/1702 1706/1/1706 
f 1706/1/1706 1705/1/1705 1708/1/1708 
f 1708/1/1708 1709/1/1709 1706/1/1706 
f 1708/1/1708 1626/1/1626 1643/1/1643 
f 1643/1/1643 1709/1/1709 1708/1/1708 
f 1709/1/1709 1643/1/1643 1647/1/1647 
f 1647/1/1647 1710/1/1710 1709/1/1709 
f 1709/1/1709 1710/1/1710 1707/1/1707 
f 1707/1/1707 1706/1/1706 1709/1/1709 
f 1711/1/1711 1712/1/1712 1713/1/1713 
f 1714/1/1714 1665/1/1665 1667/1/1667 
f 1711/1/1711 1667/1/1667 1671/1/1671 
f 1671/1/1671 1715/1/1715 1711/1/1711 
f 1712/1/1712 1711/1/1711 1715/1/1715 
f 1715/1/1715 1716/1/1716 1712/1/1712 
f 1717/1/1717 1715/1/1715 1671/1/1671 
f 1671/1/1671 1676/1/1676 1717/1/1717 
f 1676/1/1676 1677/1/1677 1718/1/1718 
f 1718/1/1718 1717/1/1717 1676/1/1676 
f 1717/1/1717 1718/1/1718 1719/1/1719 
f 1719/1/1719 1720/1/1720 1717/1/1717 
f 1720/1/1720 1716/1/1716 1715/1/1715 
f 1715/1/1715 1717/1/1717 1720/1/1720 
f 1721/1/1721 1722/1/1722 1719/1/1719 
f 1719/1/1719 1718/1/1718 1721/1/1721 
f 1718/1/1718 1677/1/1677 1679/1/1679 
f 1679/1/1679 1721/1/1721 1718/1/1718 
f 1721/1/1721 1679/1/1679 1683/1/1683 
f 1683/1/1683 1723/1/1723 1721/1/1721 
f 1722/1/1722 1721/1/1721 1723/1/1723 
f 1723/1/1723 1724/1/1724 1722/1/1722 
f 1725/1/1725 1723/1/1723 1683/1/1683 
f 1683/1/1683 1687/1/1687 1725/1/1725 
f 1687/1/1687 1686/1/1686 1726/1/1726 
f 1726/1/1726 1725/1/1725 1687/1/1687 
f 1725/1/1725 1726/1/1726 1727/1/1727 
f 1727/1/1727 1728/1/1728 1725/1/1725 
f 1728/1/1728 1724/1/1724 1723/1/1723 
f 1723/1/1723 1725/1/1725 1728/1/1728 
f 1729/1/1729 1726/1/1726 1686/1/1686 
f 1686/1/1686 1695/1/1695 1729/1/1729 
f 1695/1/1695 1694/1/1694 1730/1/1730 
f 1730/1/1730 1729/1/1729 1695/1/1695 
f 1729/1/1729 1730/1/1730 1731/1/1731 
f 1731/1/1731 1732/1/1732 1729/1/1729 
f 1732/1/1732 1727/1/1727 1726/1/1726 
f 1726/1/1726 1729/1/1729 1732/1/1732 
f 1733/1/1733 1730/1/1730 1694/1/1694 
f 1694/1/1694 1701/1/1701 1733/1/1733 
f 1701/1/1701 1700/1/1700 1734/1/1734 
f 1734/1/1734 1733/1/1733 1701/1/1701 
f 1733/1/1733 1734/1/1734 1735/1/1735 
f 1735/1/1735 1736/1/1736 1733/1/1733 
f 1736/1/1736 1731/1/1731 1730/1/1730 
f 1730/1/1730 1733/1/1733 1736/1/1736 
f 1737/1/1737 1707/1/1707 1710/1/1710 
f 1710/1/1710 1738/1/1738 1737/1/1737 
f 1710/1/1710 1647/1/1647 1739/1/1739 
f 1739/1/1739 1738/1/1738 1710/1/1710 
f 1738/1/1738 1739/1/1739 1740/1/1740 
f 1740/1/1740 1741/1/1741 1738/1/1738 
f 1738/1/1738 1741/1/1741 1742/1/1742 
f 1742/1/1742 1737/1/1737 1738/1/1738 
f 1743/1/1743 1744/1/1744 1735/1/1735 
f 1735/1/1735 1734/1/1734 1743/1/1743 
f 1734/1/1734 1700/1/1700 1703/1/1703 
f 1703/1/1703 1743/1/1743 1734/1/1734 
f 1743/1/1743 1703/1/1703 1707/1/1707 
f 1707/1/1707 1737/1/1737 1743/1/1743 
f 1737/1/1737 1742/1/1742 1744/1/1744 
f 1744/1/1744 1743/1/1743 1737/1/1737 
f 1745/1/1745 1746/1/1746 1716/1/1716 
f 1716/1/1716 1720/1/1720 1745/1/1745 
f 1720/1/1720 1719/1/1719 1747/1/1747 
f 1747/1/1747 1745/1/1745 1720/1/1720 
f 1747/1/1747 1748/1/1748 1749/1/1749 
f 1749/1/1749 1745/1/1745 1747/1/1747 
f 1745/1/1745 1749/1/1749 1750/1/1750 
f 1751/1/1751 1752/1/1752 1748/1/1748 
f 1748/1/1748 1747/1/1747 1751/1/1751 
f 1747/1/1747 1719/1/1719 1722/1/1722 
f 1722/1/1722 1751/1/1751 1747/1/1747 
f 1751/1/1751 1722/1/1722 1724/1/1724 
f 1724/1/1724 1753/1/1753 1751/1/1751 
f 1753/1/1753 1754/1/1754 1752/1/1752 
f 1755/1/1755 1753/1/1753 1724/1/1724 
f 1724/1/1724 1728/1/1728 1755/1/1755 
f 1728/1/1728 1727/1/1727 1756/1/1756 
f 1756/1/1756 1755/1/1755 1728/1/1728 
f 1755/1/1755 1756/1/1756 1757/1/1757 
f 1757/1/1757 1758/1/1758 1755/1/1755 
f 1758/1/1758 1754/1/1754 1753/1/1753 
f 1753/1/1753 1755/1/1755 1758/1/1758 
f 1759/1/1759 1756/1/1756 1727/1/1727 
f 1727/1/1727 1732/1/1732 1759/1/1759 
f 1732/1/1732 1731/1/1731 1760/1/1760 
f 1760/1/1760 1759/1/1759 1732/1/1732 
f 1759/1/1759 1760/1/1760 1761/1/1761 
f 1761/1/1761 1762/1/1762 1759/1/1759 
f 1762/1/1762 1757/1/1757 1756/1/1756 
f 1756/1/1756 1759/1/1759 1762/1/1762 
f 1763/1/1763 1760/1/1760 1731/1/1731 
f 1731/1/1731 1736/1/1736 1763/1/1763 
f 1736/1/1736 1735/1/1735 1764/1/1764 
f 1764/1/1764 1763/1/1763 1736/1/1736 
f 1763/1/1763 1764/1/1764 1765/1/1765 
f 1765/1/1765 1766/1/1766 1763/1/1763 
f 1766/1/1766 1761/1/1761 1760/1/1760 
f 1760/1/1760 1763/1/1763 1766/1/1766 
f 1767/1/1767 1768/1/1768 1765/1/1765 
f 1765/1/1765 1764/1/1764 1767/1/1767 
f 1764/1/1764 1735/1/1735 1744/1/1744 
f 1744/1/1744 1767/1/1767 1764/1/1764 
f 1767/1/1767 1744/1/1744 1742/1/1742 
f 1742/1/1742 1769/1/1769 1767/1/1767 
f 1769/1/1769 1770/1/1770 1768/1/1768 
f 1768/1/1768 1767/1/1767 1769/1/1769 
f 1651/1/1651 1771/1/1771 1772/1/1772 
f 1772/1/1772 1645/1/1645 1651/1/1651 
f 1650/1/1650 1773/1/1773 1771/1/1771 
f 1771/1/1771 1651/1/1651 1650/1/1650 
f 1774/1/1774 1775/1/1775 1771/1/1771 
f 1771/1/1771 1773/1/1773 1774/1/1774 
f 1771/1/1771 1775/1/1775 1776/1/1776 
f 1776/1/1776 1772/1/1772 1771/1/1771 
f 1777/1/1777 1778/1/1778 1779/1/1779 
f 1779/1/1779 1780/1/1780 1777/1/1777 
f 1779/1/1779 1778/1/1778 1765/1/1765 
f 1765/1/1765 1768/1/1768 1779/1/1779 
f 1770/1/1770 1780/1/1780 1779/1/1779 
f 1779/1/1779 1768/1/1768 1770/1/1770 
f 1777/1/1777 1781/1/1781 1782/1/1782 
f 1782/1/1782 1783/1/1783 1777/1/1777 
f 1782/1/1782 1781/1/1781 1754/1/1754 
f 1754/1/1754 1758/1/1758 1782/1/1782 
f 1782/1/1782 1758/1/1758 1757/1/1757 
f 1757/1/1757 1783/1/1783 1782/1/1782 
f 1774/1/1774 1773/1/1773 1784/1/1784 
f 1784/1/1784 1785/1/1785 1774/1/1774 
f 1650/1/1650 1655/1/1655 1784/1/1784 
f 1784/1/1784 1773/1/1773 1650/1/1650 
f 1654/1/1654 1786/1/1786 1784/1/1784 
f 1784/1/1784 1655/1/1655 1654/1/1654 
f 1787/1/1787 1785/1/1785 1784/1/1784 
f 1784/1/1784 1786/1/1786 1787/1/1787 
f 1788/1/1788 1777/1/1777 1789/1/1789 
f 1789/1/1789 1790/1/1790 1788/1/1788 
f 1790/1/1790 1789/1/1789 1750/1/1750 
f 1750/1/1750 1749/1/1749 1790/1/1790 
f 1790/1/1790 1749/1/1749 1748/1/1748 
f 1748/1/1748 1788/1/1788 1790/1/1790 
f 1781/1/1781 1777/1/1777 1788/1/1788 
f 1791/1/1791 1788/1/1788 1748/1/1748 
f 1748/1/1748 1752/1/1752 1791/1/1791 
f 1791/1/1791 1752/1/1752 1754/1/1754 
f 1754/1/1754 1781/1/1781 1791/1/1791 
f 1777/1/1777 1783/1/1783 1792/1/1792 
f 1792/1/1792 1793/1/1793 1777/1/1777 
f 1792/1/1792 1783/1/1783 1757/1/1757 
f 1757/1/1757 1762/1/1762 1792/1/1792 
f 1792/1/1792 1762/1/1762 1761/1/1761 
f 1761/1/1761 1793/1/1793 1792/1/1792 
f 1777/1/1777 1793/1/1793 1794/1/1794 
f 1794/1/1794 1778/1/1778 1777/1/1777 
f 1794/1/1794 1793/1/1793 1761/1/1761 
f 1761/1/1761 1766/1/1766 1794/1/1794 
f 1765/1/1765 1778/1/1778 1794/1/1794 
f 1794/1/1794 1766/1/1766 1765/1/1765 
f 1795/1/1795 1770/1/1770 1769/1/1769 
f 1769/1/1769 1796/1/1796 1795/1/1795 
f 1769/1/1769 1742/1/1742 1741/1/1741 
f 1741/1/1741 1796/1/1796 1769/1/1769 
f 1741/1/1741 1740/1/1740 1797/1/1797 
f 1797/1/1797 1796/1/1796 1741/1/1741 
f 1796/1/1796 1797/1/1797 1798/1/1798 
f 1798/1/1798 1795/1/1795 1796/1/1796 
f 1777/1/1777 1780/1/1780 1799/1/1799 
f 1799/1/1799 1800/1/1800 1777/1/1777 
f 1799/1/1799 1780/1/1780 1770/1/1770 
f 1770/1/1770 1795/1/1795 1799/1/1799 
f 1799/1/1799 1795/1/1795 1798/1/1798 
f 1798/1/1798 1800/1/1800 1799/1/1799 
f 1801/1/1801 1802/1/1802 1803/1/1803 
f 1803/1/1803 1804/1/1804 1801/1/1801 
f 1804/1/1804 1803/1/1803 1750/1/1750 
f 1750/1/1750 1789/1/1789 1804/1/1804 
f 1789/1/1789 1777/1/1777 1801/1/1801 
f 1805/1/1805 1739/1/1739 1647/1/1647 
f 1647/1/1647 1646/1/1646 1805/1/1805 
f 1646/1/1646 1645/1/1645 1772/1/1772 
f 1772/1/1772 1805/1/1805 1646/1/1646 
f 1805/1/1805 1772/1/1772 1776/1/1776 
f 1776/1/1776 1806/1/1806 1805/1/1805 
f 1806/1/1806 1740/1/1740 1739/1/1739 
f 1739/1/1739 1805/1/1805 1806/1/1806 
f 1776/1/1776 1775/1/1775 1807/1/1807 
f 1807/1/1807 1808/1/1808 1776/1/1776 
f 1774/1/1774 1785/1/1785 1807/1/1807 
f 1807/1/1807 1775/1/1775 1774/1/1774 
f 1787/1/1787 1809/1/1809 1807/1/1807 
f 1807/1/1807 1785/1/1785 1787/1/1787 
f 1810/1/1810 1808/1/1808 1807/1/1807 
f 1807/1/1807 1809/1/1809 1810/1/1810 
f 1811/1/1811 1808/1/1808 1810/1/1810 
f 1810/1/1810 1812/1/1812 1811/1/1811 
f 1812/1/1812 1798/1/1798 1797/1/1797 
f 1797/1/1797 1811/1/1811 1812/1/1812 
f 1811/1/1811 1797/1/1797 1740/1/1740 
f 1740/1/1740 1806/1/1806 1811/1/1811 
f 1806/1/1806 1776/1/1776 1808/1/1808 
f 1808/1/1808 1811/1/1811 1806/1/1806 
f 1787/1/1787 1786/1/1786 1813/1/1813 
f 1813/1/1813 1814/1/1814 1787/1/1787 
f 1654/1/1654 1659/1/1659 1813/1/1813 
f 1813/1/1813 1786/1/1786 1654/1/1654 
f 1658/1/1658 1815/1/1815 1813/1/1813 
f 1813/1/1813 1659/1/1659 1658/1/1658 
f 1815/1/1815 1816/1/1816 1814/1/1814 
f 1814/1/1814 1813/1/1813 1815/1/1815 
f 1817/1/1817 1816/1/1816 1815/1/1815 
f 1815/1/1815 1658/1/1658 1661/1/1661 
f 1661/1/1661 1818/1/1818 1815/1/1815 
f 1818/1/1818 1661/1/1661 1665/1/1665 
f 1714/1/1714 1713/1/1713 1817/1/1817 
f 1817/1/1817 1818/1/1818 1714/1/1714 
f 1819/1/1819 1820/1/1820 1810/1/1810 
f 1810/1/1810 1809/1/1809 1819/1/1819 
f 1787/1/1787 1814/1/1814 1819/1/1819 
f 1819/1/1819 1809/1/1809 1787/1/1787 
f 1816/1/1816 1821/1/1821 1819/1/1819 
f 1819/1/1819 1814/1/1814 1816/1/1816 
f 1821/1/1821 1802/1/1802 1820/1/1820 
f 1820/1/1820 1819/1/1819 1821/1/1821 
f 1817/1/1817 1822/1/1822 1821/1/1821 
f 1821/1/1821 1816/1/1816 1817/1/1817 
f 1713/1/1713 1823/1/1823 1822/1/1822 
f 1822/1/1822 1817/1/1817 1713/1/1713 
f 1802/1/1802 1821/1/1821 1822/1/1822 
f 1822/1/1822 1823/1/1823 1802/1/1802 
f 1803/1/1803 1802/1/1802 1823/1/1823 
f 1823/1/1823 1713/1/1713 1712/1/1712 
f 1712/1/1712 1716/1/1716 1746/1/1746 
f 1746/1/1746 1824/1/1824 1712/1/1712 
f 1746/1/1746 1750/1/1750 1803/1/1803 
f 1803/1/1803 1824/1/1824 1746/1/1746 
f 1825/1/1825 1820/1/1820 1802/1/1802 
f 1802/1/1802 1801/1/1801 1825/1/1825 
f 1801/1/1801 1777/1/1777 1800/1/1800 
f 1800/1/1800 1825/1/1825 1801/1/1801 
f 1825/1/1825 1800/1/1800 1798/1/1798 
f 1798/1/1798 1812/1/1812 1825/1/1825 
f 1812/1/1812 1810/1/1810 1820/1/1820 
f 1820/1/1820 1825/1/1825 1812/1/1812 
f 1826/1/1826 1827/1/1827 1589/1/1589 
f 1589/1/1589 1588/1/1588 1826/1/1826 
f 1588/1/1588 1587/1/1587 1595/1/1595 
f 1595/1/1595 1826/1/1826 1588/1/1588 
f 1826/1/1826 1595/1/1595 1599/1/1599 
f 1599/1/1599 1629/1/1629 1826/1/1826 
f 1629/1/1629 1628/1/1628 1827/1/1827 
f 1827/1/1827 1826/1/1826 1629/1/1629 
f 1828/1/1828 1627/1/1627 1626/1/1626 
f 1626/1/1626 1708/1/1708 1828/1/1828 
f 1828/1/1828 1708/1/1708 1705/1/1705 
f 1705/1/1705 1829/1/1829 1828/1/1828 
f 1829/1/1829 1830/1/1830 1831/1/1831 
f 1831/1/1831 1828/1/1828 1829/1/1829 
f 1831/1/1831 1628/1/1628 1627/1/1627 
f 1627/1/1627 1828/1/1828 1831/1/1831 
f 1832/1/1832 1833/1/1833 1830/1/1830 
f 1830/1/1830 1829/1/1829 1832/1/1832 
f 1829/1/1829 1705/1/1705 1704/1/1704 
f 1704/1/1704 1832/1/1832 1829/1/1829 
f 1832/1/1832 1704/1/1704 1698/1/1698 
f 1698/1/1698 1834/1/1834 1832/1/1832 
f 1834/1/1834 1835/1/1835 1833/1/1833 
f 1833/1/1833 1832/1/1832 1834/1/1834 
f 1836/1/1836 1837/1/1837 1835/1/1835 
f 1835/1/1835 1834/1/1834 1836/1/1836 
f 1834/1/1834 1698/1/1698 1696/1/1696 
f 1696/1/1696 1836/1/1836 1834/1/1834 
f 1836/1/1836 1696/1/1696 1692/1/1692 
f 1692/1/1692 1838/1/1838 1836/1/1836 
f 1838/1/1838 1839/1/1839 1837/1/1837 
f 1837/1/1837 1836/1/1836 1838/1/1838 
f 1840/1/1840 1839/1/1839 1838/1/1838 
f 1838/1/1838 1841/1/1841 1840/1/1840 
f 1838/1/1838 1692/1/1692 1691/1/1691 
f 1691/1/1691 1841/1/1841 1838/1/1838 
f 1841/1/1841 1691/1/1691 1689/1/1689 
f 1842/1/1842 1843/1/1843 1840/1/1840 
f 1840/1/1840 1841/1/1841 1842/1/1842 
f 1844/1/1844 1845/1/1845 1846/1/1846 
f 1846/1/1846 1847/1/1847 1844/1/1844 
f 1846/1/1846 1848/1/1848 1849/1/1849 
f 1849/1/1849 1847/1/1847 1846/1/1846 
f 1849/1/1849 1839/1/1839 1840/1/1840 
f 1840/1/1840 1847/1/1847 1849/1/1849 
f 1840/1/1840 1843/1/1843 1844/1/1844 
f 1844/1/1844 1847/1/1847 1840/1/1840 
f 1842/1/1842 1689/1/1689 1688/1/1688 
f 1688/1/1688 1850/1/1850 1842/1/1842 
f 1850/1/1850 1688/1/1688 1681/1/1681 
f 1681/1/1681 1851/1/1851 1850/1/1850 
f 1851/1/1851 1852/1/1852 1853/1/1853 
f 1853/1/1853 1850/1/1850 1851/1/1851 
f 1853/1/1853 1843/1/1843 1842/1/1842 
f 1842/1/1842 1850/1/1850 1853/1/1853 
f 1854/1/1854 1855/1/1855 1852/1/1852 
f 1852/1/1852 1851/1/1851 1854/1/1854 
f 1851/1/1851 1681/1/1681 1680/1/1680 
f 1680/1/1680 1854/1/1854 1851/1/1851 
f 1854/1/1854 1680/1/1680 1674/1/1674 
f 1674/1/1674 1856/1/1856 1854/1/1854 
f 1856/1/1856 1857/1/1857 1855/1/1855 
f 1855/1/1855 1854/1/1854 1856/1/1856 
f 1858/1/1858 1859/1/1859 1857/1/1857 
f 1857/1/1857 1856/1/1856 1858/1/1858 
f 1856/1/1856 1674/1/1674 1673/1/1673 
f 1673/1/1673 1858/1/1858 1856/1/1856 
f 1858/1/1858 1673/1/1673 1669/1/1669 
f 1669/1/1669 1860/1/1860 1858/1/1858 
f 1860/1/1860 1861/1/1861 1859/1/1859 
f 1859/1/1859 1858/1/1858 1860/1/1860 
f 1862/1/1862 1662/1/1662 1639/1/1639 
f 1639/1/1639 1638/1/1638 1862/1/1862 
f 1638/1/1638 1616/1/1616 1863/1/1863 
f 1863/1/1863 1862/1/1862 1638/1/1638 
f 1862/1/1862 1863/1/1863 1864/1/1864 
f 1864/1/1864 1865/1/1865 1862/1/1862 
f 1865/1/1865 1663/1/1663 1662/1/1662 
f 1662/1/1662 1862/1/1862 1865/1/1865 
f 1866/1/1866 1619/1/1619 1621/1/1621 
f 1621/1/1621 1867/1/1867 1866/1/1866 
f 1867/1/1867 1864/1/1864 1863/1/1863 
f 1863/1/1863 1866/1/1866 1867/1/1867 
f 1866/1/1866 1863/1/1863 1616/1/1616 
f 1616/1/1616 1615/1/1615 1866/1/1866 
f 1615/1/1615 1612/1/1612 1619/1/1619 
f 1619/1/1619 1866/1/1866 1615/1/1615 
f 1868/1/1868 1869/1/1869 1861/1/1861 
f 1861/1/1861 1860/1/1860 1868/1/1868 
f 1860/1/1860 1669/1/1669 1668/1/1668 
f 1668/1/1668 1868/1/1868 1860/1/1860 
f 1868/1/1868 1668/1/1668 1663/1/1663 
f 1663/1/1663 1865/1/1865 1868/1/1868 
f 1865/1/1865 1864/1/1864 1869/1/1869 
f 1869/1/1869 1868/1/1868 1865/1/1865 
f 1870/1/1870 403/1/403 402/1/402 
f 402/1/402 1871/1/1871 1870/1/1870 
f 1871/1/1871 1872/1/1872 1873/1/1873 
f 1873/1/1873 1870/1/1870 1871/1/1871 
f 1870/1/1870 1873/1/1873 1621/1/1621 
f 1621/1/1621 1620/1/1620 1870/1/1870 
f 1620/1/1620 404/1/404 403/1/403 
f 403/1/403 1870/1/1870 1620/1/1620 
f 1874/1/1874 1875/1/1875 1864/1/1864 
f 1864/1/1864 1867/1/1867 1874/1/1874 
f 1867/1/1867 1621/1/1621 1873/1/1873 
f 1873/1/1873 1874/1/1874 1867/1/1867 
f 1874/1/1874 1873/1/1873 1872/1/1872 
f 1872/1/1872 1876/1/1876 1874/1/1874 
f 1876/1/1876 1877/1/1877 1875/1/1875 
f 1875/1/1875 1874/1/1874 1876/1/1876 
f 1878/1/1878 1879/1/1879 1872/1/1872 
f 1872/1/1872 1871/1/1871 1878/1/1878 
f 1871/1/1871 402/1/402 1316/1/1316 
f 1316/1/1316 1878/1/1878 1871/1/1871 
f 1878/1/1878 1316/1/1316 1315/1/1315 
f 1315/1/1315 1880/1/1880 1878/1/1878 
f 1880/1/1880 1881/1/1881 1879/1/1879 
f 1879/1/1879 1878/1/1878 1880/1/1880 
f 1882/1/1882 1883/1/1883 1877/1/1877 
f 1877/1/1877 1876/1/1876 1882/1/1882 
f 1876/1/1876 1872/1/1872 1879/1/1879 
f 1879/1/1879 1882/1/1882 1876/1/1876 
f 1882/1/1882 1879/1/1879 1881/1/1881 
f 1881/1/1881 1884/1/1884 1882/1/1882 
f 1884/1/1884 1885/1/1885 1883/1/1883 
f 1883/1/1883 1882/1/1882 1884/1/1884 
f 1886/1/1886 1887/1/1887 1861/1/1861 
f 1861/1/1861 1869/1/1869 1886/1/1886 
f 1869/1/1869 1864/1/1864 1875/1/1875 
f 1875/1/1875 1886/1/1886 1869/1/1869 
f 1886/1/1886 1875/1/1875 1877/1/1877 
f 1877/1/1877 1883/1/1883 1886/1/1886 
f 1883/1/1883 1885/1/1885 1887/1/1887 
f 1887/1/1887 1886/1/1886 1883/1/1883 
f 1887/1/1887 1888/1/1888 1859/1/1859 
f 1859/1/1859 1861/1/1861 1887/1/1887 
f 1887/1/1887 1885/1/1885 1889/1/1889 
f 1889/1/1889 1888/1/1888 1887/1/1887 
f 1888/1/1888 1889/1/1889 1890/1/1890 
f 1891/1/1891 1857/1/1857 1859/1/1859 
f 1859/1/1859 1888/1/1888 1891/1/1891 
f 1892/1/1892 1893/1/1893 1894/1/1894 
f 1895/1/1895 1852/1/1852 1855/1/1855 
f 1892/1/1892 1855/1/1855 1857/1/1857 
f 1857/1/1857 1891/1/1891 1892/1/1892 
f 1891/1/1891 1890/1/1890 1893/1/1893 
f 1896/1/1896 1843/1/1843 1853/1/1853 
f 1853/1/1853 1897/1/1897 1896/1/1896 
f 1897/1/1897 1853/1/1853 1852/1/1852 
f 1895/1/1895 1894/1/1894 1898/1/1898 
f 1898/1/1898 1897/1/1897 1895/1/1895 
f 1898/1/1898 1899/1/1899 1896/1/1896 
f 1896/1/1896 1897/1/1897 1898/1/1898 
f 1896/1/1896 1899/1/1899 1900/1/1900 
f 1900/1/1900 1901/1/1901 1896/1/1896 
f 1901/1/1901 1900/1/1900 1845/1/1845 
f 1845/1/1845 1844/1/1844 1901/1/1901 
f 1901/1/1901 1844/1/1844 1843/1/1843 
f 1843/1/1843 1896/1/1896 1901/1/1901 
f 1902/1/1902 1898/1/1898 1894/1/1894 
f 1894/1/1894 1903/1/1903 1902/1/1902 
f 1903/1/1903 1904/1/1904 1905/1/1905 
f 1905/1/1905 1902/1/1902 1903/1/1903 
f 1902/1/1902 1905/1/1905 1906/1/1906 
f 1906/1/1906 1907/1/1907 1902/1/1902 
f 1907/1/1907 1899/1/1899 1898/1/1898 
f 1898/1/1898 1902/1/1902 1907/1/1907 
f 1908/1/1908 1909/1/1909 1904/1/1904 
f 1904/1/1904 1903/1/1903 1908/1/1908 
f 1903/1/1903 1894/1/1894 1893/1/1893 
f 1893/1/1893 1908/1/1908 1903/1/1903 
f 1908/1/1908 1893/1/1893 1890/1/1890 
f 1890/1/1890 1910/1/1910 1908/1/1908 
f 1910/1/1910 1911/1/1911 1909/1/1909 
f 1909/1/1909 1908/1/1908 1910/1/1910 
f 1912/1/1912 1905/1/1905 1904/1/1904 
f 1904/1/1904 1909/1/1909 1912/1/1912 
f 1909/1/1909 1911/1/1911 1913/1/1913 
f 1913/1/1913 1912/1/1912 1909/1/1909 
f 1914/1/1914 1912/1/1912 1913/1/1913 
f 1913/1/1913 1915/1/1915 1914/1/1914 
f 1914/1/1914 1906/1/1906 1905/1/1905 
f 1905/1/1905 1912/1/1912 1914/1/1914 
f 1910/1/1910 1890/1/1890 1889/1/1889 
f 1889/1/1889 1885/1/1885 1916/1/1916 
f 1916/1/1916 1917/1/1917 1918/1/1918 
f 1919/1/1919 1918/1/1918 1911/1/1911 
f 1911/1/1911 1910/1/1910 1919/1/1919 
f 1920/1/1920 1921/1/1921 1915/1/1915 
f 1915/1/1915 1913/1/1913 1920/1/1920 
f 1913/1/1913 1911/1/1911 1922/1/1922 
f 1922/1/1922 1920/1/1920 1913/1/1913 
f 1920/1/1920 1922/1/1922 1923/1/1923 
f 1923/1/1923 1924/1/1924 1920/1/1920 
f 1924/1/1924 1925/1/1925 1921/1/1921 
f 1921/1/1921 1920/1/1920 1924/1/1924 
f 1924/1/1924 1923/1/1923 1926/1/1926 
f 1926/1/1926 1927/1/1927 1924/1/1924 
f 1927/1/1927 1926/1/1926 1928/1/1928 
f 1929/1/1929 1930/1/1930 1927/1/1927 
f 1927/1/1927 1931/1/1931 1929/1/1929 
f 1927/1/1927 1930/1/1930 1925/1/1925 
f 1925/1/1925 1924/1/1924 1927/1/1927 
f 1932/1/1932 1926/1/1926 1923/1/1923 
f 1923/1/1923 1933/1/1933 1932/1/1932 
f 1933/1/1933 1934/1/1934 1935/1/1935 
f 1935/1/1935 1932/1/1932 1933/1/1933 
f 1932/1/1932 1935/1/1935 1936/1/1936 
f 1936/1/1936 1937/1/1937 1932/1/1932 
f 1937/1/1937 1928/1/1928 1926/1/1926 
f 1926/1/1926 1932/1/1932 1937/1/1937 
f 1938/1/1938 1933/1/1933 1923/1/1923 
f 1923/1/1923 1922/1/1922 1938/1/1938 
f 1922/1/1922 1911/1/1911 1918/1/1918 
f 1918/1/1918 1938/1/1938 1922/1/1922 
f 1938/1/1938 1918/1/1918 1917/1/1917 
f 1939/1/1939 1934/1/1934 1933/1/1933 
f 1935/1/1935 1934/1/1934 1940/1/1940 
f 1940/1/1940 1941/1/1941 1935/1/1935 
f 1942/1/1942 1943/1/1943 1941/1/1941 
f 1941/1/1941 1940/1/1940 1942/1/1942 
f 1944/1/1944 1945/1/1945 1941/1/1941 
f 1941/1/1941 1943/1/1943 1944/1/1944 
f 1935/1/1935 1941/1/1941 1945/1/1945 
f 1946/1/1946 1942/1/1942 1940/1/1940 
f 1940/1/1940 1947/1/1947 1946/1/1946 
f 1940/1/1940 1934/1/1934 1948/1/1948 
f 1948/1/1948 1947/1/1947 1940/1/1940 
f 1947/1/1947 1948/1/1948 1949/1/1949 
f 1949/1/1949 1950/1/1950 1947/1/1947 
f 1950/1/1950 1951/1/1951 1946/1/1946 
f 1946/1/1946 1947/1/1947 1950/1/1950 
f 1952/1/1952 1953/1/1953 1954/1/1954 
f 1954/1/1954 1955/1/1955 1952/1/1952 
f 1347/1/1347 1952/1/1952 1955/1/1955 
f 1955/1/1955 1334/1/1334 1347/1/1347 
f 1952/1/1952 1347/1/1347 1346/1/1346 
f 1346/1/1346 1956/1/1956 1952/1/1952 
f 1956/1/1956 1957/1/1957 1953/1/1953 
f 1953/1/1953 1952/1/1952 1956/1/1956 
f 1958/1/1958 1959/1/1959 1960/1/1960 
f 1960/1/1960 1961/1/1961 1958/1/1958 
f 1960/1/1960 1959/1/1959 1957/1/1957 
f 1960/1/1960 1962/1/1962 1963/1/1963 
f 1963/1/1963 1964/1/1964 1960/1/1960 
f 1964/1/1964 1965/1/1965 1961/1/1961 
f 1961/1/1961 1960/1/1960 1964/1/1964 
f 1966/1/1966 1967/1/1967 1954/1/1954 
f 1954/1/1954 1953/1/1953 1966/1/1966 
f 1953/1/1953 1957/1/1957 1959/1/1959 
f 1959/1/1959 1966/1/1966 1953/1/1953 
f 1958/1/1958 1968/1/1968 1966/1/1966 
f 1966/1/1966 1959/1/1959 1958/1/1958 
f 1968/1/1968 1969/1/1969 1967/1/1967 
f 1967/1/1967 1966/1/1966 1968/1/1968 
f 1970/1/1970 1955/1/1955 1954/1/1954 
f 1954/1/1954 1967/1/1967 1970/1/1970 
f 1970/1/1970 1967/1/1967 1969/1/1969 
f 1969/1/1969 1971/1/1971 1970/1/1970 
f 1971/1/1971 1323/1/1323 1335/1/1335 
f 1335/1/1335 1970/1/1970 1971/1/1971 
f 1335/1/1335 1334/1/1334 1955/1/1955 
f 1972/1/1972 1968/1/1968 1958/1/1958 
f 1958/1/1958 1961/1/1961 1972/1/1972 
f 1972/1/1972 1961/1/1961 1965/1/1965 
f 1965/1/1965 1973/1/1973 1972/1/1972 
f 1972/1/1972 1973/1/1973 1974/1/1974 
f 1974/1/1974 1975/1/1975 1972/1/1972 
f 1975/1/1975 1969/1/1969 1968/1/1968 
f 1968/1/1968 1972/1/1972 1975/1/1975 
f 1976/1/1976 1977/1/1977 1978/1/1978 
f 1978/1/1978 1979/1/1979 1976/1/1976 
f 1979/1/1979 1319/1/1319 1321/1/1321 
f 1321/1/1321 1976/1/1976 1979/1/1979 
f 1976/1/1976 1321/1/1321 1323/1/1323 
f 1323/1/1323 1971/1/1971 1976/1/1976 
f 1971/1/1971 1969/1/1969 1977/1/1977 
f 1977/1/1977 1976/1/1976 1971/1/1971 
f 1980/1/1980 1981/1/1981 1982/1/1982 
f 1982/1/1982 1983/1/1983 1980/1/1980 
f 1983/1/1983 1982/1/1982 1965/1/1965 
f 1965/1/1965 1964/1/1964 1983/1/1983 
f 1964/1/1964 1963/1/1963 1984/1/1984 
f 1984/1/1984 1983/1/1983 1964/1/1964 
f 1984/1/1984 1985/1/1985 1980/1/1980 
f 1980/1/1980 1983/1/1983 1984/1/1984 
f 1986/1/1986 1987/1/1987 1988/1/1988 
f 1988/1/1988 1989/1/1989 1986/1/1986 
f 1989/1/1989 1978/1/1978 1977/1/1977 
f 1977/1/1977 1986/1/1986 1989/1/1989 
f 1986/1/1986 1977/1/1977 1969/1/1969 
f 1969/1/1969 1975/1/1975 1986/1/1986 
f 1975/1/1975 1974/1/1974 1987/1/1987 
f 1987/1/1987 1986/1/1986 1975/1/1975 
f 1990/1/1990 1987/1/1987 1974/1/1974 
f 1974/1/1974 1973/1/1973 1990/1/1990 
f 1973/1/1973 1965/1/1965 1982/1/1982 
f 1982/1/1982 1990/1/1990 1973/1/1973 
f 1990/1/1990 1982/1/1982 1981/1/1981 
f 1981/1/1981 1991/1/1991 1990/1/1990 
f 1991/1/1991 1988/1/1988 1987/1/1987 
f 1987/1/1987 1990/1/1990 1991/1/1991 
f 1992/1/1992 1993/1/1993 1994/1/1994 
f 1994/1/1994 1995/1/1995 1992/1/1992 
f 1995/1/1995 1981/1/1981 1980/1/1980 
f 1980/1/1980 1992/1/1992 1995/1/1995 
f 1992/1/1992 1980/1/1980 1985/1/1985 
f 1985/1/1985 1996/1/1996 1992/1/1992 
f 1996/1/1996 1997/1/1997 1993/1/1993 
f 1993/1/1993 1992/1/1992 1996/1/1996 
f 1998/1/1998 1999/1/1999 2000/1/2000 
f 2000/1/2000 2001/1/2001 1998/1/1998 
f 2001/1/2001 1315/1/1315 1314/1/1314 
f 1998/1/1998 1314/1/1314 1319/1/1319 
f 1319/1/1319 1979/1/1979 1998/1/1998 
f 1979/1/1979 1978/1/1978 1999/1/1999 
f 1999/1/1999 1998/1/1998 1979/1/1979 
f 2002/1/2002 1993/1/1993 1997/1/1997 
f 1997/1/1997 2003/1/2003 2002/1/2002 
f 2003/1/2003 1951/1/1951 1950/1/1950 
f 1950/1/1950 2002/1/2002 2003/1/2003 
f 2004/1/2004 2002/1/2002 1950/1/1950 
f 1950/1/1950 1949/1/1949 2004/1/2004 
f 2004/1/2004 1994/1/1994 1993/1/1993 
f 1993/1/1993 2002/1/2002 2004/1/2004 
f 2005/1/2005 2006/1/2006 1917/1/1917 
f 2005/1/2005 1916/1/1916 1885/1/1885 
f 1885/1/1885 1884/1/1884 2005/1/2005 
f 1884/1/1884 1881/1/1881 2007/1/2007 
f 2007/1/2007 2005/1/2005 1884/1/1884 
f 2007/1/2007 2008/1/2008 2006/1/2006 
f 2006/1/2006 2005/1/2005 2007/1/2007 
f 2009/1/2009 2010/1/2010 2011/1/2011 
f 2011/1/2011 2012/1/2012 2009/1/2009 
f 2012/1/2012 2000/1/2000 1999/1/1999 
f 1999/1/1999 2009/1/2009 2012/1/2012 
f 2009/1/2009 1999/1/1999 1978/1/1978 
f 1978/1/1978 1989/1/1989 2009/1/2009 
f 1989/1/1989 1988/1/1988 2010/1/2010 
f 2010/1/2010 2009/1/2009 1989/1/1989 
f 1880/1/1880 1315/1/1315 2001/1/2001 
f 2001/1/2001 2000/1/2000 2013/1/2013 
f 2014/1/2014 2013/1/2013 2008/1/2008 
f 2014/1/2014 2007/1/2007 1881/1/1881 
f 1881/1/1881 1880/1/1880 2014/1/2014 
f 2015/1/2015 2008/1/2008 2013/1/2013 
f 2013/1/2013 2016/1/2016 2015/1/2015 
f 2016/1/2016 2013/1/2013 2000/1/2000 
f 2000/1/2000 2012/1/2012 2016/1/2016 
f 2016/1/2016 2012/1/2012 2011/1/2011 
f 2011/1/2011 2015/1/2015 2016/1/2016 
f 2017/1/2017 1948/1/1948 1934/1/1934 
f 1939/1/1939 1917/1/1917 2006/1/2006 
f 2017/1/2017 2006/1/2006 2008/1/2008 
f 2008/1/2008 2018/1/2018 2017/1/2017 
f 2018/1/2018 1949/1/1949 1948/1/1948 
f 1948/1/1948 2017/1/2017 2018/1/2018 
f 2015/1/2015 2011/1/2011 2019/1/2019 
f 2019/1/2019 2020/1/2020 2015/1/2015 
f 2019/1/2019 1994/1/1994 2004/1/2004 
f 2004/1/2004 2020/1/2020 2019/1/2019 
f 2020/1/2020 2004/1/2004 1949/1/1949 
f 1949/1/1949 2018/1/2018 2020/1/2020 
f 2015/1/2015 2020/1/2020 2018/1/2018 
f 2018/1/2018 2008/1/2008 2015/1/2015 
f 2021/1/2021 2010/1/2010 1988/1/1988 
f 1988/1/1988 1991/1/1991 2021/1/2021 
f 1991/1/1991 1981/1/1981 1995/1/1995 
f 1995/1/1995 2021/1/2021 1991/1/1991 
f 2021/1/2021 1995/1/1995 1994/1/1994 
f 1994/1/1994 2019/1/2019 2021/1/2021 
f 2019/1/2019 2011/1/2011 2010/1/2010 
f 2010/1/2010 2021/1/2021 2019/1/2019 
f 2022/1/2022 2023/1/2023 641/1/641 
f 641/1/641 640/1/640 2022/1/2022 
f 640/1/640 502/1/502 1585/1/1585 
f 1585/1/1585 2022/1/2022 640/1/640 
f 2022/1/2022 1585/1/1585 1589/1/1589 
f 2024/1/2024 2025/1/2025 2023/1/2023 
f 2023/1/2023 2022/1/2022 2024/1/2024 
f 2026/1/2026 2027/1/2027 643/1/643 
f 643/1/643 642/1/642 2026/1/2026 
f 642/1/642 641/1/641 2023/1/2023 
f 2023/1/2023 2026/1/2026 642/1/642 
f 2026/1/2026 2023/1/2023 2025/1/2025 
f 2025/1/2025 2028/1/2028 2026/1/2026 
f 2028/1/2028 2029/1/2029 2027/1/2027 
f 2027/1/2027 2026/1/2026 2028/1/2028 
f 2030/1/2030 1589/1/1589 1827/1/1827 
f 2031/1/2031 1827/1/1827 1628/1/1628 
f 1628/1/1628 1831/1/1831 2031/1/2031 
f 2031/1/2031 1831/1/1831 1830/1/1830 
f 1830/1/1830 2032/1/2032 2031/1/2031 
f 2032/1/2032 2033/1/2033 2030/1/2030 
f 2030/1/2030 2031/1/2031 2032/1/2032 
f 2034/1/2034 2035/1/2035 2033/1/2033 
f 2033/1/2033 2032/1/2032 2034/1/2034 
f 2032/1/2032 1830/1/1830 1833/1/1833 
f 1833/1/1833 2034/1/2034 2032/1/2032 
f 2034/1/2034 1833/1/1833 1835/1/1835 
f 1835/1/1835 2036/1/2036 2034/1/2034 
f 2036/1/2036 2037/1/2037 2035/1/2035 
f 2035/1/2035 2034/1/2034 2036/1/2036 
f 2038/1/2038 2039/1/2039 2037/1/2037 
f 2037/1/2037 2036/1/2036 2038/1/2038 
f 2036/1/2036 1835/1/1835 1837/1/1837 
f 1837/1/1837 2038/1/2038 2036/1/2036 
f 2038/1/2038 1837/1/1837 1839/1/1839 
f 1839/1/1839 2040/1/2040 2038/1/2038 
f 2040/1/2040 2041/1/2041 2039/1/2039 
f 2039/1/2039 2038/1/2038 2040/1/2040 
f 2042/1/2042 2041/1/2041 2040/1/2040 
f 2040/1/2040 2043/1/2043 2042/1/2042 
f 2040/1/2040 1839/1/1839 1849/1/1849 
f 1849/1/1849 2043/1/2043 2040/1/2040 
f 2043/1/2043 1849/1/1849 1848/1/1848 
f 1848/1/1848 2042/1/2042 2043/1/2043 
f 2044/1/2044 2045/1/2045 2025/1/2025 
f 2025/1/2025 2024/1/2024 2044/1/2044 
f 2024/1/2024 1589/1/1589 2030/1/2030 
f 2030/1/2030 2044/1/2044 2024/1/2024 
f 2044/1/2044 2030/1/2030 2033/1/2033 
f 2046/1/2046 2047/1/2047 2045/1/2045 
f 2048/1/2048 2029/1/2029 2028/1/2028 
f 2028/1/2028 2049/1/2049 2048/1/2048 
f 2028/1/2028 2025/1/2025 2045/1/2045 
f 2045/1/2045 2049/1/2049 2028/1/2028 
f 2049/1/2049 2045/1/2045 2047/1/2047 
f 2050/1/2050 2051/1/2051 2048/1/2048 
f 2048/1/2048 2049/1/2049 2050/1/2050 
f 2052/1/2052 2053/1/2053 2047/1/2047 
f 2046/1/2046 2033/1/2033 2035/1/2035 
f 2035/1/2035 2052/1/2052 2046/1/2046 
f 2052/1/2052 2035/1/2035 2037/1/2037 
f 2037/1/2037 2054/1/2054 2052/1/2052 
f 2052/1/2052 2054/1/2054 2055/1/2055 
f 2055/1/2055 2053/1/2053 2052/1/2052 
f 2056/1/2056 2057/1/2057 2058/1/2058 
f 2058/1/2058 2059/1/2059 2056/1/2056 
f 2059/1/2059 2055/1/2055 2054/1/2054 
f 2054/1/2054 2056/1/2056 2059/1/2059 
f 2056/1/2056 2054/1/2054 2037/1/2037 
f 2039/1/2039 2041/1/2041 2057/1/2057 
f 2057/1/2057 2056/1/2056 2039/1/2039 
f 2060/1/2060 2027/1/2027 2029/1/2029 
f 2029/1/2029 2048/1/2048 2060/1/2060 
f 2048/1/2048 2051/1/2051 2061/1/2061 
f 2061/1/2061 2060/1/2060 2048/1/2048 
f 2060/1/2060 2061/1/2061 2062/1/2062 
f 2062/1/2062 2063/1/2063 2060/1/2060 
f 2063/1/2063 643/1/643 2027/1/2027 
f 2027/1/2027 2060/1/2060 2063/1/2063 
f 2064/1/2064 647/1/647 643/1/643 
f 643/1/643 2063/1/2063 2064/1/2064 
f 2063/1/2063 2062/1/2062 2065/1/2065 
f 2065/1/2065 2064/1/2064 2063/1/2063 
f 2064/1/2064 2065/1/2065 2066/1/2066 
f 2066/1/2066 2067/1/2067 2064/1/2064 
f 2067/1/2067 648/1/648 647/1/647 
f 647/1/647 2064/1/2064 2067/1/2067 
f 2068/1/2068 2069/1/2069 652/1/652 
f 652/1/652 651/1/651 2068/1/2068 
f 2068/1/2068 651/1/651 648/1/648 
f 648/1/648 2067/1/2067 2068/1/2068 
f 2068/1/2068 2067/1/2067 2066/1/2066 
f 2066/1/2066 2070/1/2070 2068/1/2068 
f 2070/1/2070 2071/1/2071 2069/1/2069 
f 2069/1/2069 2068/1/2068 2070/1/2070 
f 2072/1/2072 2073/1/2073 665/1/665 
f 665/1/665 664/1/664 2072/1/2072 
f 664/1/664 659/1/659 2074/1/2074 
f 2074/1/2074 2072/1/2072 664/1/664 
f 2072/1/2072 2074/1/2074 2075/1/2075 
f 2075/1/2075 2076/1/2076 2072/1/2072 
f 2076/1/2076 2077/1/2077 2073/1/2073 
f 2073/1/2073 2072/1/2072 2076/1/2076 
f 2078/1/2078 2079/1/2079 668/1/668 
f 668/1/668 667/1/667 2078/1/2078 
f 667/1/667 665/1/665 2073/1/2073 
f 2073/1/2073 2078/1/2078 667/1/667 
f 2078/1/2078 2073/1/2073 2077/1/2077 
f 2077/1/2077 2080/1/2080 2078/1/2078 
f 2079/1/2079 2078/1/2078 2080/1/2080 
f 2080/1/2080 2081/1/2081 2079/1/2079 
f 2082/1/2082 2083/1/2083 2084/1/2084 
f 2084/1/2084 2085/1/2085 2082/1/2082 
f 2082/1/2082 2081/1/2081 2080/1/2080 
f 2080/1/2080 2077/1/2077 2086/1/2086 
f 2086/1/2086 2083/1/2083 2080/1/2080 
f 2083/1/2083 2086/1/2086 2087/1/2087 
f 2087/1/2087 2084/1/2084 2083/1/2083 
f 2088/1/2088 671/1/671 668/1/668 
f 668/1/668 2079/1/2079 2088/1/2088 
f 2079/1/2079 2081/1/2081 2089/1/2089 
f 2088/1/2088 2089/1/2089 2090/1/2090 
f 2090/1/2090 2091/1/2091 2088/1/2088 
f 2091/1/2091 672/1/672 671/1/671 
f 671/1/671 2088/1/2088 2091/1/2091 
f 2092/1/2092 2090/1/2090 2089/1/2089 
f 2089/1/2089 2093/1/2093 2092/1/2092 
f 2093/1/2093 2089/1/2089 2081/1/2081 
f 2081/1/2081 2082/1/2082 2093/1/2093 
f 2094/1/2094 2093/1/2093 2082/1/2082 
f 2082/1/2082 2085/1/2085 2094/1/2094 
f 2093/1/2093 2094/1/2094 2095/1/2095 
f 2095/1/2095 2092/1/2092 2093/1/2093 
f 2096/1/2096 675/1/675 672/1/672 
f 672/1/672 2091/1/2091 2096/1/2096 
f 2091/1/2091 2090/1/2090 2097/1/2097 
f 2097/1/2097 2096/1/2096 2091/1/2091 
f 2096/1/2096 2097/1/2097 2098/1/2098 
f 2098/1/2098 2099/1/2099 2096/1/2096 
f 2099/1/2099 676/1/676 675/1/675 
f 675/1/675 2096/1/2096 2099/1/2099 
f 2100/1/2100 2097/1/2097 2090/1/2090 
f 2090/1/2090 2092/1/2092 2100/1/2100 
f 2092/1/2092 2095/1/2095 2101/1/2101 
f 2101/1/2101 2100/1/2100 2092/1/2092 
f 2100/1/2100 2101/1/2101 2102/1/2102 
f 2102/1/2102 2103/1/2103 2100/1/2100 
f 2103/1/2103 2098/1/2098 2097/1/2097 
f 2097/1/2097 2100/1/2100 2103/1/2103 
f 2104/1/2104 679/1/679 676/1/676 
f 2099/1/2099 2098/1/2098 2105/1/2105 
f 2105/1/2105 2104/1/2104 2099/1/2099 
f 2104/1/2104 2105/1/2105 2106/1/2106 
f 2106/1/2106 2107/1/2107 2104/1/2104 
f 2107/1/2107 680/1/680 679/1/679 
f 2108/1/2108 2109/1/2109 657/1/657 
f 657/1/657 656/1/656 2108/1/2108 
f 656/1/656 652/1/652 2069/1/2069 
f 2069/1/2069 2108/1/2108 656/1/656 
f 2108/1/2108 2069/1/2069 2071/1/2071 
f 2071/1/2071 2110/1/2110 2108/1/2108 
f 2110/1/2110 2111/1/2111 2109/1/2109 
f 2109/1/2109 2108/1/2108 2110/1/2110 
f 2112/1/2112 2074/1/2074 659/1/659 
f 659/1/659 658/1/658 2112/1/2112 
f 658/1/658 657/1/657 2109/1/2109 
f 2109/1/2109 2112/1/2112 658/1/658 
f 2112/1/2112 2109/1/2109 2111/1/2111 
f 2111/1/2111 2113/1/2113 2112/1/2112 
f 2113/1/2113 2075/1/2075 2074/1/2074 
f 2074/1/2074 2112/1/2112 2113/1/2113 
f 2114/1/2114 2086/1/2086 2077/1/2077 
f 2077/1/2077 2076/1/2076 2114/1/2114 
f 2076/1/2076 2075/1/2075 2115/1/2115 
f 2115/1/2115 2114/1/2114 2076/1/2076 
f 2114/1/2114 2115/1/2115 2116/1/2116 
f 2116/1/2116 2117/1/2117 2114/1/2114 
f 2117/1/2117 2087/1/2087 2086/1/2086 
f 2086/1/2086 2114/1/2114 2117/1/2117 
f 2118/1/2118 2119/1/2119 2120/1/2120 
f 2120/1/2120 2121/1/2121 2118/1/2118 
f 2121/1/2121 2122/1/2122 2123/1/2123 
f 2123/1/2123 2118/1/2118 2121/1/2121 
f 2118/1/2118 2123/1/2123 2071/1/2071 
f 2071/1/2071 2070/1/2070 2118/1/2118 
f 2070/1/2070 2066/1/2066 2119/1/2119 
f 2119/1/2119 2118/1/2118 2070/1/2070 
f 2124/1/2124 2125/1/2125 2111/1/2111 
f 2111/1/2111 2110/1/2110 2124/1/2124 
f 2110/1/2110 2071/1/2071 2123/1/2123 
f 2123/1/2123 2124/1/2124 2110/1/2110 
f 2124/1/2124 2123/1/2123 2122/1/2122 
f 2122/1/2122 2126/1/2126 2124/1/2124 
f 2126/1/2126 2127/1/2127 2125/1/2125 
f 2125/1/2125 2124/1/2124 2126/1/2126 
f 2128/1/2128 2115/1/2115 2075/1/2075 
f 2075/1/2075 2113/1/2113 2128/1/2128 
f 2113/1/2113 2111/1/2111 2125/1/2125 
f 2125/1/2125 2128/1/2128 2113/1/2113 
f 2128/1/2128 2125/1/2125 2127/1/2127 
f 2127/1/2127 2129/1/2129 2128/1/2128 
f 2129/1/2129 2116/1/2116 2115/1/2115 
f 2115/1/2115 2128/1/2128 2129/1/2129 
f 2130/1/2130 2131/1/2131 2062/1/2062 
f 2062/1/2062 2061/1/2061 2130/1/2130 
f 2061/1/2061 2051/1/2051 2132/1/2132 
f 2132/1/2132 2130/1/2130 2061/1/2061 
f 2130/1/2130 2132/1/2132 2133/1/2133 
f 2133/1/2133 2134/1/2134 2130/1/2130 
f 2134/1/2134 2135/1/2135 2131/1/2131 
f 2131/1/2131 2130/1/2130 2134/1/2134 
f 2136/1/2136 2132/1/2132 2051/1/2051 
f 2051/1/2051 2050/1/2050 2136/1/2136 
f 2050/1/2050 2047/1/2047 2053/1/2053 
f 2053/1/2053 2136/1/2136 2050/1/2050 
f 2053/1/2053 2055/1/2055 2137/1/2137 
f 2137/1/2137 2136/1/2136 2053/1/2053 
f 2137/1/2137 2133/1/2133 2132/1/2132 
f 2132/1/2132 2136/1/2136 2137/1/2137 
f 2138/1/2138 2137/1/2137 2055/1/2055 
f 2055/1/2055 2059/1/2059 2138/1/2138 
f 2059/1/2059 2058/1/2058 2139/1/2139 
f 2139/1/2139 2138/1/2138 2059/1/2059 
f 2138/1/2138 2139/1/2139 2140/1/2140 
f 2140/1/2140 2141/1/2141 2138/1/2138 
f 2141/1/2141 2133/1/2133 2137/1/2137 
f 2137/1/2137 2138/1/2138 2141/1/2141 
f 2142/1/2142 2134/1/2134 2133/1/2133 
f 2133/1/2133 2141/1/2141 2142/1/2142 
f 2142/1/2142 2141/1/2141 2140/1/2140 
f 2140/1/2140 2143/1/2143 2142/1/2142 
f 2143/1/2143 2135/1/2135 2134/1/2134 
f 2134/1/2134 2142/1/2142 2143/1/2143 
f 2131/1/2131 2144/1/2144 2065/1/2065 
f 2065/1/2065 2062/1/2062 2131/1/2131 
f 2131/1/2131 2135/1/2135 2145/1/2145 
f 2145/1/2145 2144/1/2144 2131/1/2131 
f 2145/1/2145 2120/1/2120 2119/1/2119 
f 2119/1/2119 2144/1/2144 2145/1/2145 
f 2119/1/2119 2066/1/2066 2065/1/2065 
f 2065/1/2065 2144/1/2144 2119/1/2119 
f 2146/1/2146 2147/1/2147 2148/1/2148 
f 2148/1/2148 2149/1/2149 2146/1/2146 
f 2149/1/2149 879/1/879 894/1/894 
f 894/1/894 2146/1/2146 2149/1/2149 
f 2146/1/2146 894/1/894 898/1/898 
f 898/1/898 2150/1/2150 2146/1/2146 
f 2150/1/2150 2151/1/2151 2147/1/2147 
f 2147/1/2147 2146/1/2146 2150/1/2150 
f 2150/1/2150 898/1/898 908/1/908 
f 908/1/908 2152/1/2152 2150/1/2150 
f 908/1/908 912/1/912 2153/1/2153 
f 2153/1/2153 2152/1/2152 908/1/908 
f 2152/1/2152 2153/1/2153 2154/1/2154 
f 2154/1/2154 2155/1/2155 2152/1/2152 
f 2150/1/2150 2152/1/2152 2155/1/2155 
f 2155/1/2155 2151/1/2151 2150/1/2150 
f 2156/1/2156 2153/1/2153 912/1/912 
f 912/1/912 920/1/920 2156/1/2156 
f 920/1/920 924/1/924 2157/1/2157 
f 2157/1/2157 2156/1/2156 920/1/920 
f 2156/1/2156 2157/1/2157 2158/1/2158 
f 2158/1/2158 2159/1/2159 2156/1/2156 
f 2159/1/2159 2154/1/2154 2153/1/2153 
f 2153/1/2153 2156/1/2156 2159/1/2159 
f 2160/1/2160 2157/1/2157 924/1/924 
f 924/1/924 941/1/941 2160/1/2160 
f 2160/1/2160 941/1/941 916/1/916 
f 916/1/916 2161/1/2161 2160/1/2160 
f 2161/1/2161 2162/1/2162 2163/1/2163 
f 2163/1/2163 2160/1/2160 2161/1/2161 
f 2163/1/2163 2158/1/2158 2157/1/2157 
f 2157/1/2157 2160/1/2160 2163/1/2163 
f 2164/1/2164 2165/1/2165 2166/1/2166 
f 2166/1/2166 2167/1/2167 2164/1/2164 
f 2167/1/2167 881/1/881 880/1/880 
f 880/1/880 2164/1/2164 2167/1/2167 
f 2164/1/2164 880/1/880 879/1/879 
f 879/1/879 2149/1/2149 2164/1/2164 
f 2149/1/2149 2148/1/2148 2165/1/2165 
f 2165/1/2165 2164/1/2164 2149/1/2149 
f 2168/1/2168 2166/1/2166 2165/1/2165 
f 2169/1/2169 2165/1/2165 2148/1/2148 
f 2170/1/2170 2171/1/2171 2172/1/2172 
f 2172/1/2172 2169/1/2169 2170/1/2170 
f 2172/1/2172 2173/1/2173 2168/1/2168 
f 2168/1/2168 2169/1/2169 2172/1/2172 
f 2174/1/2174 2175/1/2175 2171/1/2171 
f 2171/1/2171 2170/1/2170 2174/1/2174 
f 2170/1/2170 2148/1/2148 2147/1/2147 
f 2147/1/2147 2174/1/2174 2170/1/2170 
f 2174/1/2174 2147/1/2147 2151/1/2151 
f 2151/1/2151 2176/1/2176 2174/1/2174 
f 2176/1/2176 2177/1/2177 2175/1/2175 
f 2175/1/2175 2174/1/2174 2176/1/2176 
f 2178/1/2178 2179/1/2179 2180/1/2180 
f 2180/1/2180 2181/1/2181 2178/1/2178 
f 2176/1/2176 2178/1/2178 2181/1/2181 
f 2181/1/2181 2177/1/2177 2176/1/2176 
f 2176/1/2176 2151/1/2151 2155/1/2155 
f 2155/1/2155 2178/1/2178 2176/1/2176 
f 2155/1/2155 2154/1/2154 2179/1/2179 
f 2179/1/2179 2178/1/2178 2155/1/2155 
f 2182/1/2182 2183/1/2183 2184/1/2184 
f 2184/1/2184 2185/1/2185 2182/1/2182 
f 2185/1/2185 2180/1/2180 2179/1/2179 
f 2179/1/2179 2182/1/2182 2185/1/2185 
f 2182/1/2182 2179/1/2179 2154/1/2154 
f 2154/1/2154 2159/1/2159 2182/1/2182 
f 2159/1/2159 2158/1/2158 2183/1/2183 
f 2183/1/2183 2182/1/2182 2159/1/2159 
f 2186/1/2186 2187/1/2187 2188/1/2188 
f 2188/1/2188 2189/1/2189 2186/1/2186 
f 2188/1/2188 2184/1/2184 2183/1/2183 
f 2183/1/2183 2189/1/2189 2188/1/2188 
f 2189/1/2189 2183/1/2183 2158/1/2158 
f 2158/1/2158 2163/1/2163 2189/1/2189 
f 2189/1/2189 2163/1/2163 2162/1/2162 
f 2162/1/2162 2186/1/2186 2189/1/2189 
f 2190/1/2190 2191/1/2191 2173/1/2173 
f 2173/1/2173 2172/1/2172 2190/1/2190 
f 2172/1/2172 2171/1/2171 2175/1/2175 
f 2175/1/2175 2190/1/2190 2172/1/2172 
f 2190/1/2190 2175/1/2175 2177/1/2177 
f 2177/1/2177 2192/1/2192 2190/1/2190 
f 2192/1/2192 2193/1/2193 2191/1/2191 
f 2191/1/2191 2190/1/2190 2192/1/2192 
f 2194/1/2194 2195/1/2195 2196/1/2196 
f 2196/1/2196 2197/1/2197 2194/1/2194 
f 2197/1/2197 2193/1/2193 2192/1/2192 
f 2192/1/2192 2194/1/2194 2197/1/2197 
f 2194/1/2194 2192/1/2192 2177/1/2177 
f 2177/1/2177 2181/1/2181 2194/1/2194 
f 2181/1/2181 2180/1/2180 2195/1/2195 
f 2195/1/2195 2194/1/2194 2181/1/2181 
f 2198/1/2198 2199/1/2199 2200/1/2200 
f 2200/1/2200 2201/1/2201 2198/1/2198 
f 2201/1/2201 2193/1/2193 2197/1/2197 
f 2197/1/2197 2198/1/2198 2201/1/2201 
f 2199/1/2199 2198/1/2198 2197/1/2197 
f 2197/1/2197 2196/1/2196 2199/1/2199 
f 2202/1/2202 2203/1/2203 2204/1/2204 
f 2204/1/2204 2205/1/2205 2202/1/2202 
f 2205/1/2205 2196/1/2196 2195/1/2195 
f 2195/1/2195 2202/1/2202 2205/1/2205 
f 2202/1/2202 2195/1/2195 2180/1/2180 
f 2180/1/2180 2185/1/2185 2202/1/2202 
f 2185/1/2185 2184/1/2184 2203/1/2203 
f 2203/1/2203 2202/1/2202 2185/1/2185 
f 2206/1/2206 2207/1/2207 2208/1/2208 
f 2208/1/2208 2209/1/2209 2206/1/2206 
f 2209/1/2209 2200/1/2200 2199/1/2199 
f 2199/1/2199 2206/1/2206 2209/1/2209 
f 2206/1/2206 2199/1/2199 2196/1/2196 
f 2196/1/2196 2205/1/2205 2206/1/2206 
f 2205/1/2205 2204/1/2204 2207/1/2207 
f 2207/1/2207 2206/1/2206 2205/1/2205 
f 2210/1/2210 2204/1/2204 2203/1/2203 
f 2203/1/2203 2211/1/2211 2210/1/2210 
f 2211/1/2211 2203/1/2203 2184/1/2184 
f 2184/1/2184 2188/1/2188 2211/1/2211 
f 2211/1/2211 2188/1/2188 2187/1/2187 
f 2187/1/2187 2212/1/2212 2211/1/2211 
f 2212/1/2212 2213/1/2213 2210/1/2210 
f 2210/1/2210 2211/1/2211 2212/1/2212 
f 2214/1/2214 2215/1/2215 2216/1/2216 
f 2216/1/2216 2217/1/2217 2214/1/2214 
f 2216/1/2216 2208/1/2208 2207/1/2207 
f 2207/1/2207 2217/1/2217 2216/1/2216 
f 2217/1/2217 2207/1/2207 2204/1/2204 
f 2204/1/2204 2210/1/2210 2217/1/2217 
f 2217/1/2217 2210/1/2210 2213/1/2213 
f 2213/1/2213 2214/1/2214 2217/1/2217 
f 2218/1/2218 2219/1/2219 2215/1/2215 
f 2215/1/2215 2214/1/2214 2218/1/2218 
f 2214/1/2214 2213/1/2213 2220/1/2220 
f 2220/1/2220 2218/1/2218 2214/1/2214 
f 2218/1/2218 2220/1/2220 2221/1/2221 
f 2221/1/2221 2222/1/2222 2218/1/2218 
f 2222/1/2222 2223/1/2223 2219/1/2219 
f 2219/1/2219 2218/1/2218 2222/1/2222 
f 2212/1/2212 2187/1/2187 2224/1/2224 
f 2224/1/2224 2225/1/2225 2212/1/2212 
f 2224/1/2224 2226/1/2226 2227/1/2227 
f 2227/1/2227 2225/1/2225 2224/1/2224 
f 2225/1/2225 2227/1/2227 2221/1/2221 
f 2221/1/2221 2220/1/2220 2225/1/2225 
f 2225/1/2225 2220/1/2220 2213/1/2213 
f 2213/1/2213 2212/1/2212 2225/1/2225 
f 2228/1/2228 2229/1/2229 2223/1/2223 
f 2223/1/2223 2222/1/2222 2228/1/2228 
f 2222/1/2222 2221/1/2221 2227/1/2227 
f 2227/1/2227 2228/1/2228 2222/1/2222 
f 2228/1/2228 2227/1/2227 2226/1/2226 
f 2226/1/2226 2230/1/2230 2228/1/2228 
f 2230/1/2230 2231/1/2231 2229/1/2229 
f 2229/1/2229 2228/1/2228 2230/1/2230 
f 2232/1/2232 2233/1/2233 2226/1/2226 
f 2226/1/2226 2224/1/2224 2232/1/2232 
f 2224/1/2224 2187/1/2187 2186/1/2186 
f 2186/1/2186 2232/1/2232 2224/1/2224 
f 2186/1/2186 2162/1/2162 2234/1/2234 
f 2234/1/2234 2232/1/2232 2186/1/2186 
f 2234/1/2234 2235/1/2235 2233/1/2233 
f 2233/1/2233 2232/1/2232 2234/1/2234 
f 2236/1/2236 2234/1/2234 2162/1/2162 
f 2162/1/2162 2161/1/2161 2236/1/2236 
f 2161/1/2161 916/1/916 915/1/915 
f 915/1/915 2236/1/2236 2161/1/2161 
f 2236/1/2236 915/1/915 802/1/802 
f 802/1/802 2237/1/2237 2236/1/2236 
f 2237/1/2237 2235/1/2235 2234/1/2234 
f 2234/1/2234 2236/1/2236 2237/1/2237 
f 2238/1/2238 2239/1/2239 2231/1/2231 
f 2231/1/2231 2230/1/2230 2238/1/2238 
f 2230/1/2230 2226/1/2226 2233/1/2233 
f 2233/1/2233 2238/1/2238 2230/1/2230 
f 2238/1/2238 2233/1/2233 2235/1/2235 
f 2235/1/2235 2240/1/2240 2238/1/2238 
f 2240/1/2240 2241/1/2241 2239/1/2239 
f 2239/1/2239 2238/1/2238 2240/1/2240 
f 2242/1/2242 2237/1/2237 802/1/802 
f 802/1/802 801/1/801 2242/1/2242 
f 801/1/801 687/1/687 2243/1/2243 
f 2243/1/2243 2242/1/2242 801/1/801 
f 2242/1/2242 2243/1/2243 2244/1/2244 
f 2244/1/2244 2245/1/2245 2242/1/2242 
f 2245/1/2245 2235/1/2235 2237/1/2237 
f 2237/1/2237 2242/1/2242 2245/1/2245 
f 2246/1/2246 2247/1/2247 2248/1/2248 
f 2248/1/2248 2249/1/2249 2246/1/2246 
f 2240/1/2240 2246/1/2246 2249/1/2249 
f 2249/1/2249 2241/1/2241 2240/1/2240 
f 2240/1/2240 2235/1/2235 2245/1/2245 
f 2245/1/2245 2246/1/2246 2240/1/2240 
f 2245/1/2245 2244/1/2244 2247/1/2247 
f 2247/1/2247 2246/1/2246 2245/1/2245 
f 2250/1/2250 2243/1/2243 687/1/687 
f 687/1/687 686/1/686 2250/1/2250 
f 686/1/686 685/1/685 2251/1/2251 
f 2251/1/2251 2250/1/2250 686/1/686 
f 2250/1/2250 2251/1/2251 2252/1/2252 
f 2252/1/2252 2253/1/2253 2250/1/2250 
f 2253/1/2253 2244/1/2244 2243/1/2243 
f 2243/1/2243 2250/1/2250 2253/1/2253 
f 2254/1/2254 2251/1/2251 685/1/685 
f 685/1/685 692/1/692 2254/1/2254 
f 692/1/692 680/1/680 2107/1/2107 
f 2107/1/2107 2254/1/2254 692/1/692 
f 2254/1/2254 2107/1/2107 2106/1/2106 
f 2106/1/2106 2255/1/2255 2254/1/2254 
f 2255/1/2255 2252/1/2252 2251/1/2251 
f 2251/1/2251 2254/1/2254 2255/1/2255 
f 2256/1/2256 2247/1/2247 2244/1/2244 
f 2244/1/2244 2253/1/2253 2256/1/2256 
f 2253/1/2253 2252/1/2252 2257/1/2257 
f 2257/1/2257 2256/1/2256 2253/1/2253 
f 2256/1/2256 2257/1/2257 2258/1/2258 
f 2258/1/2258 2259/1/2259 2256/1/2256 
f 2259/1/2259 2248/1/2248 2247/1/2247 
f 2247/1/2247 2256/1/2256 2259/1/2259 
f 2260/1/2260 2105/1/2105 2098/1/2098 
f 2098/1/2098 2103/1/2103 2260/1/2260 
f 2103/1/2103 2102/1/2102 2261/1/2261 
f 2261/1/2261 2260/1/2260 2103/1/2103 
f 2262/1/2262 2260/1/2260 2261/1/2261 
f 2261/1/2261 2263/1/2263 2262/1/2262 
f 2262/1/2262 2106/1/2106 2105/1/2105 
f 2105/1/2105 2260/1/2260 2262/1/2262 
f 2264/1/2264 2257/1/2257 2252/1/2252 
f 2252/1/2252 2255/1/2255 2264/1/2264 
f 2255/1/2255 2106/1/2106 2262/1/2262 
f 2262/1/2262 2264/1/2264 2255/1/2255 
f 2264/1/2264 2262/1/2262 2263/1/2263 
f 2263/1/2263 2265/1/2265 2264/1/2264 
f 2265/1/2265 2258/1/2258 2257/1/2257 
f 2257/1/2257 2264/1/2264 2265/1/2265 
f 2266/1/2266 2267/1/2267 709/1/709 
f 709/1/709 708/1/708 2266/1/2266 
f 708/1/708 703/1/703 765/1/765 
f 765/1/765 2266/1/2266 708/1/708 
f 2266/1/2266 765/1/765 764/1/764 
f 764/1/764 1438/1/1438 2266/1/2266 
f 1438/1/1438 1441/1/1441 2267/1/2267 
f 2268/1/2268 2269/1/2269 734/1/734 
f 734/1/734 733/1/733 2268/1/2268 
f 733/1/733 711/1/711 710/1/710 
f 2268/1/2268 710/1/710 709/1/709 
f 2270/1/2270 2271/1/2271 2269/1/2269 
f 2269/1/2269 2268/1/2268 2270/1/2270 
f 2272/1/2272 2273/1/2273 1567/1/1567 
f 1567/1/1567 1566/1/1566 2272/1/2272 
f 1566/1/1566 734/1/734 2269/1/2269 
f 2269/1/2269 2272/1/2272 1566/1/1566 
f 2272/1/2272 2269/1/2269 2271/1/2271 
f 2271/1/2271 2274/1/2274 2272/1/2272 
f 2274/1/2274 2275/1/2275 2273/1/2273 
f 2273/1/2273 2272/1/2272 2274/1/2274 
f 2276/1/2276 2277/1/2277 1579/1/1579 
f 1579/1/1579 1578/1/1578 2276/1/2276 
f 1578/1/1578 1567/1/1567 2273/1/2273 
f 2273/1/2273 2276/1/2276 1578/1/1578 
f 2276/1/2276 2273/1/2273 2275/1/2275 
f 2275/1/2275 2278/1/2278 2276/1/2276 
f 2278/1/2278 2279/1/2279 2277/1/2277 
f 2277/1/2277 2276/1/2276 2278/1/2278 
f 2280/1/2280 2281/1/2281 1583/1/1583 
f 1583/1/1583 1582/1/1582 2280/1/2280 
f 1582/1/1582 1579/1/1579 2277/1/2277 
f 2277/1/2277 2280/1/2280 1582/1/1582 
f 2280/1/2280 2277/1/2277 2279/1/2279 
f 2279/1/2279 2282/1/2282 2280/1/2280 
f 2282/1/2282 2283/1/2283 2281/1/2281 
f 2281/1/2281 2280/1/2280 2282/1/2282 
f 2284/1/2284 2285/1/2285 2286/1/2286 
f 2287/1/2287 1441/1/1441 1440/1/1440 
f 2284/1/2284 1440/1/1440 1426/1/1426 
f 1445/1/1445 1444/1/1444 2285/1/2285 
f 2288/1/2288 2285/1/2285 1444/1/1444 
f 1444/1/1444 1449/1/1449 2288/1/2288 
f 1449/1/1449 1448/1/1448 2289/1/2289 
f 2289/1/2289 2288/1/2288 1449/1/1449 
f 2288/1/2288 2289/1/2289 2290/1/2290 
f 2290/1/2290 2291/1/2291 2288/1/2288 
f 2291/1/2291 2286/1/2286 2285/1/2285 
f 2285/1/2285 2288/1/2288 2291/1/2291 
f 2292/1/2292 2293/1/2293 2271/1/2271 
f 2270/1/2270 709/1/709 2267/1/2267 
f 2292/1/2292 2267/1/2267 1441/1/1441 
f 2294/1/2294 2295/1/2295 2293/1/2293 
f 2274/1/2274 2271/1/2271 2293/1/2293 
f 2293/1/2293 2296/1/2296 2274/1/2274 
f 2293/1/2293 2295/1/2295 2297/1/2297 
f 2297/1/2297 2296/1/2296 2293/1/2293 
f 2296/1/2296 2297/1/2297 2298/1/2298 
f 2298/1/2298 2299/1/2299 2296/1/2296 
f 2296/1/2296 2299/1/2299 2275/1/2275 
f 2275/1/2275 2274/1/2274 2296/1/2296 
f 2278/1/2278 2275/1/2275 2299/1/2299 
f 2299/1/2299 2300/1/2300 2278/1/2278 
f 2299/1/2299 2298/1/2298 2301/1/2301 
f 2301/1/2301 2300/1/2300 2299/1/2299 
f 2301/1/2301 2302/1/2302 2303/1/2303 
f 2303/1/2303 2300/1/2300 2301/1/2301 
f 2300/1/2300 2303/1/2303 2279/1/2279 
f 2279/1/2279 2278/1/2278 2300/1/2300 
f 2304/1/2304 2305/1/2305 2283/1/2283 
f 2283/1/2283 2282/1/2282 2304/1/2304 
f 2282/1/2282 2279/1/2279 2303/1/2303 
f 2303/1/2303 2304/1/2304 2282/1/2282 
f 2304/1/2304 2303/1/2303 2302/1/2302 
f 2302/1/2302 2306/1/2306 2304/1/2304 
f 2304/1/2304 2306/1/2306 2307/1/2307 
f 2307/1/2307 2305/1/2305 2304/1/2304 
f 2308/1/2308 2309/1/2309 2310/1/2310 
f 2310/1/2310 2311/1/2311 2308/1/2308 
f 2311/1/2311 2307/1/2307 2306/1/2306 
f 2306/1/2306 2308/1/2308 2311/1/2311 
f 2312/1/2312 2308/1/2308 2306/1/2306 
f 2306/1/2306 2302/1/2302 2312/1/2312 
f 2312/1/2312 2313/1/2313 2309/1/2309 
f 2309/1/2309 2308/1/2308 2312/1/2312 
f 2314/1/2314 2301/1/2301 2298/1/2298 
f 2298/1/2298 2315/1/2315 2314/1/2314 
f 2315/1/2315 2316/1/2316 2317/1/2317 
f 2317/1/2317 2314/1/2314 2315/1/2315 
f 2314/1/2314 2317/1/2317 2313/1/2313 
f 2313/1/2313 2312/1/2312 2314/1/2314 
f 2312/1/2312 2302/1/2302 2301/1/2301 
f 2301/1/2301 2314/1/2314 2312/1/2312 
f 2318/1/2318 2319/1/2319 1452/1/1452 
f 1452/1/1452 1451/1/1451 2318/1/2318 
f 1451/1/1451 1431/1/1431 1430/1/1430 
f 1430/1/1430 2318/1/2318 1451/1/1451 
f 2318/1/2318 1430/1/1430 798/1/798 
f 798/1/798 2320/1/2320 2318/1/2318 
f 2320/1/2320 2321/1/2321 2319/1/2319 
f 2319/1/2319 2318/1/2318 2320/1/2320 
f 2322/1/2322 2323/1/2323 2290/1/2290 
f 2290/1/2290 2289/1/2289 2322/1/2322 
f 2289/1/2289 1448/1/1448 1453/1/1453 
f 1453/1/1453 2322/1/2322 2289/1/2289 
f 2322/1/2322 1453/1/1453 1452/1/1452 
f 1452/1/1452 2319/1/2319 2322/1/2322 
f 2319/1/2319 2321/1/2321 2323/1/2323 
f 2323/1/2323 2322/1/2322 2319/1/2319 
f 2321/1/2321 2320/1/2320 2324/1/2324 
f 2320/1/2320 798/1/798 797/1/797 
f 797/1/797 2324/1/2324 2320/1/2320 
f 797/1/797 796/1/796 1455/1/1455 
f 1455/1/1455 2324/1/2324 797/1/797 
f 2324/1/2324 1455/1/1455 1459/1/1459 
f 2325/1/2325 2326/1/2326 2286/1/2286 
f 2291/1/2291 2290/1/2290 2323/1/2323 
f 2325/1/2325 2323/1/2323 2321/1/2321 
f 2327/1/2327 2328/1/2328 2326/1/2326 
f 2329/1/2329 2330/1/2330 2295/1/2295 
f 2294/1/2294 1441/1/1441 2287/1/2287 
f 2329/1/2329 2287/1/2287 2286/1/2286 
f 2326/1/2326 2328/1/2328 2330/1/2330 
f 2331/1/2331 2332/1/2332 2316/1/2316 
f 2316/1/2316 2315/1/2315 2331/1/2331 
f 2315/1/2315 2298/1/2298 2297/1/2297 
f 2297/1/2297 2331/1/2331 2315/1/2315 
f 2331/1/2331 2297/1/2297 2295/1/2295 
f 2295/1/2295 2330/1/2330 2331/1/2331 
f 2330/1/2330 2328/1/2328 2332/1/2332 
f 2332/1/2332 2331/1/2331 2330/1/2330 
f 2333/1/2333 2334/1/2334 2328/1/2328 
f 2328/1/2328 2327/1/2327 2333/1/2333 
f 2327/1/2327 2321/1/2321 2335/1/2335 
f 2333/1/2333 2335/1/2335 1459/1/1459 
f 2336/1/2336 2337/1/2337 2334/1/2334 
f 2334/1/2334 2333/1/2333 2336/1/2336 
f 2338/1/2338 2339/1/2339 2340/1/2340 
f 2340/1/2340 2341/1/2341 2338/1/2338 
f 2340/1/2340 1457/1/1457 1461/1/1461 
f 2341/1/2341 1461/1/1461 1463/1/1463 
f 1493/1/1493 1492/1/1492 2338/1/2338 
f 2338/1/2338 2341/1/2341 1493/1/1493 
f 2342/1/2342 2336/1/2336 1459/1/1459 
f 1458/1/1458 1457/1/1457 2340/1/2340 
f 2342/1/2342 2340/1/2340 2339/1/2339 
f 2339/1/2339 2343/1/2343 2342/1/2342 
f 2343/1/2343 2337/1/2337 2336/1/2336 
f 2336/1/2336 2342/1/2342 2343/1/2343 
f 2344/1/2344 2345/1/2345 2339/1/2339 
f 2338/1/2338 1492/1/1492 1499/1/1499 
f 1499/1/1499 2344/1/2344 2338/1/2338 
f 2344/1/2344 1499/1/1499 1501/1/1501 
f 1501/1/1501 2346/1/2346 2344/1/2344 
f 2346/1/2346 2347/1/2347 2345/1/2345 
f 2345/1/2345 2344/1/2344 2346/1/2346 
f 2348/1/2348 2349/1/2349 2347/1/2347 
f 2347/1/2347 2346/1/2346 2348/1/2348 
f 2346/1/2346 1501/1/1501 1503/1/1503 
f 1503/1/1503 2348/1/2348 2346/1/2346 
f 2350/1/2350 2348/1/2348 1503/1/1503 
f 1503/1/1503 1497/1/1497 2350/1/2350 
f 2350/1/2350 2351/1/2351 2349/1/2349 
f 2349/1/2349 2348/1/2348 2350/1/2350 
f 2352/1/2352 2350/1/2350 1497/1/1497 
f 1497/1/1497 1496/1/1496 2352/1/2352 
f 1496/1/1496 1474/1/1474 1472/1/1472 
f 1472/1/1472 2352/1/2352 1496/1/1496 
f 2352/1/2352 1472/1/1472 1423/1/1423 
f 1423/1/1423 2353/1/2353 2352/1/2352 
f 2353/1/2353 2351/1/2351 2350/1/2350 
f 2350/1/2350 2352/1/2352 2353/1/2353 
f 2353/1/2353 1423/1/1423 1422/1/1422 
f 1422/1/1422 2354/1/2354 2353/1/2353 
f 1422/1/1422 1419/1/1419 2355/1/2355 
f 2355/1/2355 2354/1/2354 1422/1/1422 
f 2355/1/2355 2356/1/2356 2357/1/2357 
f 2357/1/2357 2354/1/2354 2355/1/2355 
f 2354/1/2354 2357/1/2357 2351/1/2351 
f 2351/1/2351 2353/1/2353 2354/1/2354 
f 2358/1/2358 2355/1/2355 1419/1/1419 
f 1419/1/1419 1418/1/1418 2358/1/2358 
f 1418/1/1418 1415/1/1415 2359/1/2359 
f 2359/1/2359 2358/1/2358 1418/1/1418 
f 2358/1/2358 2359/1/2359 2360/1/2360 
f 2360/1/2360 2361/1/2361 2358/1/2358 
f 2355/1/2355 2358/1/2358 2361/1/2361 
f 2361/1/2361 2356/1/2356 2355/1/2355 
f 2362/1/2362 2359/1/2359 1415/1/1415 
f 1415/1/1415 1414/1/1414 2362/1/2362 
f 1414/1/1414 1410/1/1410 2363/1/2363 
f 2362/1/2362 2363/1/2363 2364/1/2364 
f 2364/1/2364 2365/1/2365 2362/1/2362 
f 2365/1/2365 2360/1/2360 2359/1/2359 
f 2359/1/2359 2362/1/2362 2365/1/2365 
f 2366/1/2366 2364/1/2364 2363/1/2363 
f 2363/1/2363 2367/1/2367 2366/1/2366 
f 2367/1/2367 2363/1/2363 1410/1/1410 
f 1410/1/1410 1409/1/1409 2367/1/2367 
f 2367/1/2367 1409/1/1409 1406/1/1406 
f 1406/1/1406 2368/1/2368 2367/1/2367 
f 2368/1/2368 2369/1/2369 2366/1/2366 
f 2366/1/2366 2367/1/2367 2368/1/2368 
f 2370/1/2370 2371/1/2371 2369/1/2369 
f 2369/1/2369 2368/1/2368 2370/1/2370 
f 2368/1/2368 1406/1/1406 1405/1/1405 
f 1405/1/1405 2370/1/2370 2368/1/2368 
f 2370/1/2370 1405/1/1405 1402/1/1402 
f 1402/1/1402 2372/1/2372 2370/1/2370 
f 2372/1/2372 2373/1/2373 2371/1/2371 
f 2371/1/2371 2370/1/2370 2372/1/2372 
f 2374/1/2374 2375/1/2375 2373/1/2373 
f 2373/1/2373 2372/1/2372 2374/1/2374 
f 2372/1/2372 1402/1/1402 1401/1/1401 
f 1401/1/1401 2374/1/2374 2372/1/2372 
f 2374/1/2374 1401/1/1401 1398/1/1398 
f 2376/1/2376 2377/1/2377 2375/1/2375 
f 2378/1/2378 2379/1/2379 2380/1/2380 
f 2380/1/2380 2381/1/2381 2378/1/2378 
f 2381/1/2381 2328/1/2328 2334/1/2334 
f 2378/1/2378 2334/1/2334 2337/1/2337 
f 2337/1/2337 2379/1/2379 2378/1/2378 
f 2382/1/2382 2383/1/2383 2384/1/2384 
f 2384/1/2384 2385/1/2385 2382/1/2382 
f 2385/1/2385 2316/1/2316 2332/1/2332 
f 2332/1/2332 2382/1/2382 2385/1/2385 
f 2382/1/2382 2332/1/2332 2328/1/2328 
f 2328/1/2328 2381/1/2381 2382/1/2382 
f 2381/1/2381 2380/1/2380 2383/1/2383 
f 2383/1/2383 2382/1/2382 2381/1/2381 
f 2386/1/2386 2387/1/2387 2388/1/2388 
f 2388/1/2388 2389/1/2389 2386/1/2386 
f 2389/1/2389 2313/1/2313 2317/1/2317 
f 2317/1/2317 2386/1/2386 2389/1/2389 
f 2386/1/2386 2317/1/2317 2316/1/2316 
f 2316/1/2316 2385/1/2385 2386/1/2386 
f 2385/1/2385 2384/1/2384 2387/1/2387 
f 2387/1/2387 2386/1/2386 2385/1/2385 
f 2390/1/2390 2391/1/2391 2392/1/2392 
f 2392/1/2392 2393/1/2393 2390/1/2390 
f 2393/1/2393 2310/1/2310 2309/1/2309 
f 2309/1/2309 2390/1/2390 2393/1/2393 
f 2390/1/2390 2309/1/2309 2313/1/2313 
f 2313/1/2313 2389/1/2389 2390/1/2390 
f 2389/1/2389 2388/1/2388 2391/1/2391 
f 2391/1/2391 2390/1/2390 2389/1/2389 
f 2394/1/2394 2379/1/2379 2337/1/2337 
f 2337/1/2337 2343/1/2343 2394/1/2394 
f 2343/1/2343 2339/1/2339 2395/1/2395 
f 2395/1/2395 2396/1/2396 2397/1/2397 
f 2397/1/2397 2380/1/2380 2379/1/2379 
f 2398/1/2398 2399/1/2399 2396/1/2396 
f 2395/1/2395 2339/1/2339 2345/1/2345 
f 2398/1/2398 2345/1/2345 2347/1/2347 
f 2347/1/2347 2400/1/2400 2398/1/2398 
f 2400/1/2400 2401/1/2401 2399/1/2399 
f 2399/1/2399 2398/1/2398 2400/1/2400 
f 2402/1/2402 2403/1/2403 2401/1/2401 
f 2401/1/2401 2400/1/2400 2402/1/2402 
f 2400/1/2400 2347/1/2347 2349/1/2349 
f 2349/1/2349 2402/1/2402 2400/1/2400 
f 2402/1/2402 2349/1/2349 2351/1/2351 
f 2351/1/2351 2404/1/2404 2402/1/2402 
f 2404/1/2404 2405/1/2405 2403/1/2403 
f 2403/1/2403 2402/1/2402 2404/1/2404 
f 2406/1/2406 2407/1/2407 2405/1/2405 
f 2405/1/2405 2404/1/2404 2406/1/2406 
f 2404/1/2404 2351/1/2351 2357/1/2357 
f 2357/1/2357 2406/1/2406 2404/1/2404 
f 2406/1/2406 2357/1/2357 2356/1/2356 
f 2356/1/2356 2408/1/2408 2406/1/2406 
f 2408/1/2408 2409/1/2409 2407/1/2407 
f 2407/1/2407 2406/1/2406 2408/1/2408 
f 2410/1/2410 2411/1/2411 2409/1/2409 
f 2409/1/2409 2408/1/2408 2410/1/2410 
f 2408/1/2408 2356/1/2356 2361/1/2361 
f 2361/1/2361 2410/1/2410 2408/1/2408 
f 2361/1/2361 2360/1/2360 2412/1/2412 
f 2412/1/2412 2410/1/2410 2361/1/2361 
f 2411/1/2411 2410/1/2410 2412/1/2412 
f 2412/1/2412 2413/1/2413 2411/1/2411 
f 2414/1/2414 2415/1/2415 2416/1/2416 
f 2416/1/2416 2417/1/2417 2414/1/2414 
f 2417/1/2417 2413/1/2413 2412/1/2412 
f 2412/1/2412 2414/1/2414 2417/1/2417 
f 2414/1/2414 2412/1/2412 2360/1/2360 
f 2360/1/2360 2365/1/2365 2414/1/2414 
f 2365/1/2365 2364/1/2364 2415/1/2415 
f 2415/1/2415 2414/1/2414 2365/1/2365 
f 2418/1/2418 2419/1/2419 2420/1/2420 
f 2420/1/2420 2421/1/2421 2418/1/2418 
f 2421/1/2421 2416/1/2416 2415/1/2415 
f 2415/1/2415 2418/1/2418 2421/1/2421 
f 2418/1/2418 2415/1/2415 2364/1/2364 
f 2364/1/2364 2366/1/2366 2418/1/2418 
f 2366/1/2366 2369/1/2369 2419/1/2419 
f 2419/1/2419 2418/1/2418 2366/1/2366 
f 2422/1/2422 2423/1/2423 2424/1/2424 
f 2424/1/2424 2425/1/2425 2422/1/2422 
f 2425/1/2425 2420/1/2420 2419/1/2419 
f 2419/1/2419 2422/1/2422 2425/1/2425 
f 2422/1/2422 2419/1/2419 2369/1/2369 
f 2369/1/2369 2371/1/2371 2422/1/2422 
f 2371/1/2371 2373/1/2373 2423/1/2423 
f 2423/1/2423 2422/1/2422 2371/1/2371 
f 2426/1/2426 2427/1/2427 2428/1/2428 
f 2428/1/2428 2429/1/2429 2426/1/2426 
f 2429/1/2429 2424/1/2424 2423/1/2423 
f 2423/1/2423 2426/1/2426 2429/1/2429 
f 2426/1/2426 2423/1/2423 2373/1/2373 
f 2373/1/2373 2375/1/2375 2426/1/2426 
f 2375/1/2375 2377/1/2377 2427/1/2427 
f 2427/1/2427 2426/1/2426 2375/1/2375 
f 2430/1/2430 2431/1/2431 2432/1/2432 
f 2432/1/2432 2433/1/2433 2430/1/2430 
f 2433/1/2433 2432/1/2432 2424/1/2424 
f 2424/1/2424 2429/1/2429 2433/1/2433 
f 2433/1/2433 2429/1/2429 2428/1/2428 
f 2428/1/2428 2434/1/2434 2433/1/2433 
f 2434/1/2434 2435/1/2435 2430/1/2430 
f 2430/1/2430 2433/1/2433 2434/1/2434 
f 2436/1/2436 2437/1/2437 2438/1/2438 
f 2438/1/2438 2439/1/2439 2436/1/2436 
f 2439/1/2439 2416/1/2416 2421/1/2421 
f 2421/1/2421 2436/1/2436 2439/1/2439 
f 2421/1/2421 2420/1/2420 2440/1/2440 
f 2440/1/2440 2436/1/2436 2421/1/2421 
f 2440/1/2440 2441/1/2441 2437/1/2437 
f 2437/1/2437 2436/1/2436 2440/1/2440 
f 2442/1/2442 2440/1/2440 2420/1/2420 
f 2420/1/2420 2425/1/2425 2442/1/2442 
f 2425/1/2425 2424/1/2424 2432/1/2432 
f 2432/1/2432 2442/1/2442 2425/1/2425 
f 2442/1/2442 2432/1/2432 2431/1/2431 
f 2431/1/2431 2443/1/2443 2442/1/2442 
f 2443/1/2443 2441/1/2441 2440/1/2440 
f 2440/1/2440 2442/1/2442 2443/1/2443 
f 2444/1/2444 2445/1/2445 2446/1/2446 
f 2446/1/2446 2447/1/2447 2444/1/2444 
f 2447/1/2447 2413/1/2413 2417/1/2417 
f 2417/1/2417 2444/1/2444 2447/1/2447 
f 2444/1/2444 2417/1/2417 2416/1/2416 
f 2416/1/2416 2439/1/2439 2444/1/2444 
f 2439/1/2439 2438/1/2438 2445/1/2445 
f 2445/1/2445 2444/1/2444 2439/1/2439 
f 2448/1/2448 2445/1/2445 2438/1/2438 
f 2438/1/2438 2437/1/2437 2448/1/2448 
f 2437/1/2437 2441/1/2441 2449/1/2449 
f 2449/1/2449 2448/1/2448 2437/1/2437 
f 2448/1/2448 2449/1/2449 2450/1/2450 
f 2450/1/2450 2451/1/2451 2448/1/2448 
f 2451/1/2451 2446/1/2446 2445/1/2445 
f 2445/1/2445 2448/1/2448 2451/1/2451 
f 2452/1/2452 2453/1/2453 2454/1/2454 
f 2454/1/2454 2455/1/2455 2452/1/2452 
f 2455/1/2455 2409/1/2409 2411/1/2411 
f 2411/1/2411 2452/1/2452 2455/1/2455 
f 2452/1/2452 2411/1/2411 2413/1/2413 
f 2413/1/2413 2447/1/2447 2452/1/2452 
f 2447/1/2447 2446/1/2446 2453/1/2453 
f 2453/1/2453 2452/1/2452 2447/1/2447 
f 2456/1/2456 2453/1/2453 2446/1/2446 
f 2446/1/2446 2451/1/2451 2456/1/2456 
f 2451/1/2451 2450/1/2450 2457/1/2457 
f 2457/1/2457 2456/1/2456 2451/1/2451 
f 2458/1/2458 2456/1/2456 2457/1/2457 
f 2457/1/2457 2459/1/2459 2458/1/2458 
f 2458/1/2458 2454/1/2454 2453/1/2453 
f 2453/1/2453 2456/1/2456 2458/1/2458 
f 2460/1/2460 2461/1/2461 2462/1/2462 
f 2462/1/2462 2463/1/2463 2460/1/2460 
f 2463/1/2463 2405/1/2405 2407/1/2407 
f 2407/1/2407 2460/1/2460 2463/1/2463 
f 2460/1/2460 2407/1/2407 2409/1/2409 
f 2409/1/2409 2455/1/2455 2460/1/2460 
f 2455/1/2455 2454/1/2454 2461/1/2461 
f 2461/1/2461 2460/1/2460 2455/1/2455 
f 2464/1/2464 2465/1/2465 2462/1/2462 
f 2462/1/2462 2461/1/2461 2464/1/2464 
f 2461/1/2461 2454/1/2454 2458/1/2458 
f 2458/1/2458 2464/1/2464 2461/1/2461 
f 2464/1/2464 2458/1/2458 2459/1/2459 
f 2459/1/2459 2466/1/2466 2464/1/2464 
f 2466/1/2466 2467/1/2467 2465/1/2465 
f 2465/1/2465 2464/1/2464 2466/1/2466 
f 2468/1/2468 2403/1/2403 2405/1/2405 
f 2405/1/2405 2463/1/2463 2468/1/2468 
f 2463/1/2463 2462/1/2462 2469/1/2469 
f 2469/1/2469 2468/1/2468 2463/1/2463 
f 2468/1/2468 2469/1/2469 2470/1/2470 
f 2470/1/2470 2471/1/2471 2468/1/2468 
f 2471/1/2471 2401/1/2401 2403/1/2403 
f 2403/1/2403 2468/1/2468 2471/1/2471 
f 2472/1/2472 2473/1/2473 2470/1/2470 
f 2470/1/2470 2469/1/2469 2472/1/2472 
f 2469/1/2469 2462/1/2462 2465/1/2465 
f 2465/1/2465 2472/1/2472 2469/1/2469 
f 2472/1/2472 2465/1/2465 2467/1/2467 
f 2467/1/2467 2474/1/2474 2472/1/2472 
f 2474/1/2474 2475/1/2475 2473/1/2473 
f 2473/1/2473 2472/1/2472 2474/1/2474 
f 2476/1/2476 2477/1/2477 2478/1/2478 
f 2479/1/2479 2396/1/2396 2399/1/2399 
f 2399/1/2399 2476/1/2476 2479/1/2479 
f 2476/1/2476 2399/1/2399 2401/1/2401 
f 2401/1/2401 2471/1/2471 2476/1/2476 
f 2471/1/2471 2470/1/2470 2477/1/2477 
f 2478/1/2478 2477/1/2477 2480/1/2480 
f 2477/1/2477 2470/1/2470 2473/1/2473 
f 2480/1/2480 2473/1/2473 2475/1/2475 
f 2475/1/2475 2481/1/2481 2480/1/2480 
f 2481/1/2481 2482/1/2482 2483/1/2483 
f 2483/1/2483 2480/1/2480 2481/1/2481 
f 2484/1/2484 2485/1/2485 2486/1/2486 
f 2486/1/2486 2487/1/2487 2484/1/2484 
f 2487/1/2487 2380/1/2380 2397/1/2397 
f 2397/1/2397 2484/1/2484 2487/1/2487 
f 2484/1/2484 2397/1/2397 2396/1/2396 
f 2396/1/2396 2479/1/2479 2484/1/2484 
f 2479/1/2479 2478/1/2478 2485/1/2485 
f 2485/1/2485 2484/1/2484 2479/1/2479 
f 2488/1/2488 2485/1/2485 2478/1/2478 
f 2478/1/2478 2483/1/2483 2488/1/2488 
f 2483/1/2483 2482/1/2482 2489/1/2489 
f 2489/1/2489 2488/1/2488 2483/1/2483 
f 2488/1/2488 2489/1/2489 2490/1/2490 
f 2490/1/2490 2491/1/2491 2488/1/2488 
f 2491/1/2491 2486/1/2486 2485/1/2485 
f 2485/1/2485 2488/1/2488 2491/1/2491 
f 2492/1/2492 2383/1/2383 2380/1/2380 
f 2380/1/2380 2487/1/2487 2492/1/2492 
f 2487/1/2487 2486/1/2486 2493/1/2493 
f 2493/1/2493 2492/1/2492 2487/1/2487 
f 2492/1/2492 2493/1/2493 2494/1/2494 
f 2494/1/2494 2495/1/2495 2492/1/2492 
f 2495/1/2495 2384/1/2384 2383/1/2383 
f 2383/1/2383 2492/1/2492 2495/1/2495 
f 2496/1/2496 2493/1/2493 2486/1/2486 
f 2486/1/2486 2491/1/2491 2496/1/2496 
f 2491/1/2491 2490/1/2490 2497/1/2497 
f 2497/1/2497 2496/1/2496 2491/1/2491 
f 2496/1/2496 2497/1/2497 2498/1/2498 
f 2498/1/2498 2499/1/2499 2496/1/2496 
f 2499/1/2499 2494/1/2494 2493/1/2493 
f 2493/1/2493 2496/1/2496 2499/1/2499 
f 2500/1/2500 2387/1/2387 2384/1/2384 
f 2384/1/2384 2495/1/2495 2500/1/2500 
f 2495/1/2495 2494/1/2494 2501/1/2501 
f 2501/1/2501 2500/1/2500 2495/1/2495 
f 2500/1/2500 2501/1/2501 2502/1/2502 
f 2502/1/2502 2503/1/2503 2500/1/2500 
f 2503/1/2503 2388/1/2388 2387/1/2387 
f 2387/1/2387 2500/1/2500 2503/1/2503 
f 2504/1/2504 2501/1/2501 2494/1/2494 
f 2494/1/2494 2499/1/2499 2504/1/2504 
f 2499/1/2499 2498/1/2498 2505/1/2505 
f 2505/1/2505 2504/1/2504 2499/1/2499 
f 2504/1/2504 2505/1/2505 2506/1/2506 
f 2506/1/2506 2507/1/2507 2504/1/2504 
f 2507/1/2507 2502/1/2502 2501/1/2501 
f 2501/1/2501 2504/1/2504 2507/1/2507 
f 2508/1/2508 2391/1/2391 2388/1/2388 
f 2388/1/2388 2503/1/2503 2508/1/2508 
f 2503/1/2503 2502/1/2502 2509/1/2509 
f 2509/1/2509 2508/1/2508 2503/1/2503 
f 2508/1/2508 2509/1/2509 2510/1/2510 
f 2510/1/2510 2511/1/2511 2508/1/2508 
f 2511/1/2511 2392/1/2392 2391/1/2391 
f 2391/1/2391 2508/1/2508 2511/1/2511 
f 2512/1/2512 2509/1/2509 2502/1/2502 
f 2502/1/2502 2507/1/2507 2512/1/2512 
f 2507/1/2507 2506/1/2506 2513/1/2513 
f 2513/1/2513 2512/1/2512 2507/1/2507 
f 2512/1/2512 2513/1/2513 2514/1/2514 
f 2514/1/2514 2515/1/2515 2512/1/2512 
f 2515/1/2515 2510/1/2510 2509/1/2509 
f 2509/1/2509 2512/1/2512 2515/1/2515 
f 2516/1/2516 2517/1/2517 1150/1/1150 
f 1150/1/1150 1149/1/1149 2516/1/2516 
f 1149/1/1149 1148/1/1148 2518/1/2518 
f 2518/1/2518 2516/1/2516 1149/1/1149 
f 2516/1/2516 2518/1/2518 2519/1/2519 
f 2519/1/2519 2520/1/2520 2516/1/2516 
f 2520/1/2520 2521/1/2521 2517/1/2517 
f 2517/1/2517 2516/1/2516 2520/1/2520 
f 2522/1/2522 2523/1/2523 2524/1/2524 
f 2524/1/2524 2525/1/2525 2522/1/2522 
f 2525/1/2525 2526/1/2526 2527/1/2527 
f 2527/1/2527 2522/1/2522 2525/1/2525 
f 2522/1/2522 2527/1/2527 2528/1/2528 
f 2528/1/2528 2529/1/2529 2522/1/2522 
f 2529/1/2529 2530/1/2530 2523/1/2523 
f 2523/1/2523 2522/1/2522 2529/1/2529 
f 2531/1/2531 2532/1/2532 2533/1/2533 
f 2533/1/2533 2534/1/2534 2531/1/2531 
f 2534/1/2534 2535/1/2535 2536/1/2536 
f 2536/1/2536 2531/1/2531 2534/1/2534 
f 2531/1/2531 2536/1/2536 2537/1/2537 
f 2537/1/2537 2538/1/2538 2531/1/2531 
f 2538/1/2538 2539/1/2539 2532/1/2532 
f 2532/1/2532 2531/1/2531 2538/1/2538 
f 2540/1/2540 2541/1/2541 2521/1/2521 
f 2521/1/2521 2520/1/2520 2540/1/2540 
f 2520/1/2520 2519/1/2519 2542/1/2542 
f 2542/1/2542 2540/1/2540 2520/1/2520 
f 2540/1/2540 2542/1/2542 2530/1/2530 
f 2530/1/2530 2529/1/2529 2540/1/2540 
f 2529/1/2529 2528/1/2528 2541/1/2541 
f 2541/1/2541 2540/1/2540 2529/1/2529 
f 2543/1/2543 2542/1/2542 2519/1/2519 
f 2519/1/2519 2544/1/2544 2543/1/2543 
f 2544/1/2544 2545/1/2545 2546/1/2546 
f 2546/1/2546 2543/1/2543 2544/1/2544 
f 2543/1/2543 2546/1/2546 2547/1/2547 
f 2547/1/2547 2548/1/2548 2543/1/2543 
f 2548/1/2548 2530/1/2530 2542/1/2542 
f 2542/1/2542 2543/1/2543 2548/1/2548 
f 2549/1/2549 2523/1/2523 2530/1/2530 
f 2530/1/2530 2548/1/2548 2549/1/2549 
f 2548/1/2548 2547/1/2547 2550/1/2550 
f 2550/1/2550 2549/1/2549 2548/1/2548 
f 2549/1/2549 2550/1/2550 2551/1/2551 
f 2551/1/2551 2552/1/2552 2549/1/2549 
f 2552/1/2552 2524/1/2524 2523/1/2523 
f 2523/1/2523 2549/1/2549 2552/1/2552 
f 2553/1/2553 2546/1/2546 2545/1/2545 
f 2545/1/2545 2554/1/2554 2553/1/2553 
f 2554/1/2554 2535/1/2535 2534/1/2534 
f 2534/1/2534 2553/1/2553 2554/1/2554 
f 2553/1/2553 2534/1/2534 2533/1/2533 
f 2533/1/2533 2555/1/2555 2553/1/2553 
f 2555/1/2555 2547/1/2547 2546/1/2546 
f 2546/1/2546 2553/1/2553 2555/1/2555 
f 2556/1/2556 2532/1/2532 2539/1/2539 
f 2539/1/2539 2557/1/2557 2556/1/2556 
f 2557/1/2557 2558/1/2558 2559/1/2559 
f 2559/1/2559 2556/1/2556 2557/1/2557 
f 2556/1/2556 2559/1/2559 2560/1/2560 
f 2560/1/2560 2561/1/2561 2556/1/2556 
f 2561/1/2561 2533/1/2533 2532/1/2532 
f 2532/1/2532 2556/1/2556 2561/1/2561 
f 2561/1/2561 2560/1/2560 2562/1/2562 
f 2562/1/2562 2563/1/2563 2561/1/2561 
f 2562/1/2562 2551/1/2551 2550/1/2550 
f 2550/1/2550 2563/1/2563 2562/1/2562 
f 2563/1/2563 2550/1/2550 2547/1/2547 
f 2547/1/2547 2555/1/2555 2563/1/2563 
f 2563/1/2563 2555/1/2555 2533/1/2533 
f 2533/1/2533 2561/1/2561 2563/1/2563 
f 2564/1/2564 2565/1/2565 2566/1/2566 
f 2566/1/2566 2567/1/2567 2564/1/2564 
f 2567/1/2567 1583/1/1583 2281/1/2281 
f 2281/1/2281 2564/1/2564 2567/1/2567 
f 2564/1/2564 2281/1/2281 2283/1/2283 
f 2283/1/2283 2568/1/2568 2564/1/2564 
f 2568/1/2568 2569/1/2569 2565/1/2565 
f 2565/1/2565 2564/1/2564 2568/1/2568 
f 2570/1/2570 2571/1/2571 2537/1/2537 
f 2537/1/2537 2536/1/2536 2570/1/2570 
f 2570/1/2570 2536/1/2536 2535/1/2535 
f 2535/1/2535 2572/1/2572 2570/1/2570 
f 2572/1/2572 2573/1/2573 2574/1/2574 
f 2574/1/2574 2570/1/2570 2572/1/2572 
f 2574/1/2574 2575/1/2575 2571/1/2571 
f 2571/1/2571 2570/1/2570 2574/1/2574 
f 2576/1/2576 2577/1/2577 2578/1/2578 
f 2578/1/2578 2579/1/2579 2576/1/2576 
f 2578/1/2578 1526/1/1526 1537/1/1537 
f 2579/1/2579 1537/1/1537 1539/1/1539 
f 1539/1/1539 2580/1/2580 2579/1/2579 
f 2580/1/2580 2581/1/2581 2576/1/2576 
f 2582/1/2582 2583/1/2583 1514/1/1514 
f 1514/1/1514 1527/1/1527 2582/1/2582 
f 1527/1/1527 1526/1/1526 2578/1/2578 
f 2578/1/2578 2582/1/2582 1527/1/1527 
f 2578/1/2578 2577/1/2577 2584/1/2584 
f 2584/1/2584 2582/1/2582 2578/1/2578 
f 2584/1/2584 2585/1/2585 2583/1/2583 
f 2583/1/2583 2582/1/2582 2584/1/2584 
f 2586/1/2586 238/1/238 232/1/232 
f 232/1/232 1515/1/1515 2586/1/2586 
f 1515/1/1515 1514/1/1514 2583/1/2583 
f 2583/1/2583 2586/1/2586 1515/1/1515 
f 2586/1/2586 2583/1/2583 2585/1/2585 
f 2585/1/2585 2587/1/2587 2586/1/2586 
f 2587/1/2587 239/1/239 238/1/238 
f 238/1/238 2586/1/2586 2587/1/2587 
f 2588/1/2588 2589/1/2589 239/1/239 
f 239/1/239 2587/1/2587 2588/1/2588 
f 2587/1/2587 2585/1/2585 2590/1/2590 
f 2590/1/2590 2588/1/2588 2587/1/2587 
f 2588/1/2588 2590/1/2590 2591/1/2591 
f 2591/1/2591 2592/1/2592 2588/1/2588 
f 2592/1/2592 2593/1/2593 2589/1/2589 
f 2589/1/2589 2588/1/2588 2592/1/2592 
f 2594/1/2594 2590/1/2590 2585/1/2585 
f 2585/1/2585 2584/1/2584 2594/1/2594 
f 2584/1/2584 2577/1/2577 2595/1/2595 
f 2594/1/2594 2595/1/2595 2596/1/2596 
f 2596/1/2596 2597/1/2597 2594/1/2594 
f 2597/1/2597 2591/1/2591 2590/1/2590 
f 2590/1/2590 2594/1/2594 2597/1/2597 
f 2598/1/2598 2599/1/2599 2596/1/2596 
f 2596/1/2596 2595/1/2595 2598/1/2598 
f 2595/1/2595 2577/1/2577 2600/1/2600 
f 2600/1/2600 2598/1/2598 2595/1/2595 
f 2598/1/2598 2600/1/2600 2601/1/2601 
f 2601/1/2601 2602/1/2602 2598/1/2598 
f 2602/1/2602 2603/1/2603 2599/1/2599 
f 2599/1/2599 2598/1/2598 2602/1/2602 
f 2602/1/2602 2601/1/2601 2604/1/2604 
f 2604/1/2604 2605/1/2605 2602/1/2602 
f 2604/1/2604 2575/1/2575 2606/1/2606 
f 2606/1/2606 2605/1/2605 2604/1/2604 
f 2606/1/2606 2607/1/2607 2608/1/2608 
f 2608/1/2608 2605/1/2605 2606/1/2606 
f 2605/1/2605 2608/1/2608 2603/1/2603 
f 2603/1/2603 2602/1/2602 2605/1/2605 
f 2609/1/2609 2574/1/2574 2573/1/2573 
f 2573/1/2573 2610/1/2610 2609/1/2609 
f 2610/1/2610 2611/1/2611 2612/1/2612 
f 2612/1/2612 2609/1/2609 2610/1/2610 
f 2609/1/2609 2612/1/2612 2607/1/2607 
f 2607/1/2607 2606/1/2606 2609/1/2609 
f 2606/1/2606 2575/1/2575 2574/1/2574 
f 2574/1/2574 2609/1/2609 2606/1/2606 
f 2613/1/2613 2614/1/2614 1055/1/1055 
f 1055/1/1055 1054/1/1054 2613/1/2613 
f 1054/1/1054 1013/1/1013 2615/1/2615 
f 2615/1/2615 2613/1/2613 1054/1/1054 
f 2613/1/2613 2615/1/2615 2616/1/2616 
f 2616/1/2616 2617/1/2617 2613/1/2613 
f 2617/1/2617 2611/1/2611 2614/1/2614 
f 2614/1/2614 2613/1/2613 2617/1/2617 
f 2618/1/2618 2619/1/2619 2620/1/2620 
f 2621/1/2621 2607/1/2607 2612/1/2612 
f 2612/1/2612 2618/1/2618 2621/1/2621 
f 2618/1/2618 2612/1/2612 2611/1/2611 
f 2611/1/2611 2617/1/2617 2618/1/2618 
f 2617/1/2617 2616/1/2616 2619/1/2619 
f 2622/1/2622 2623/1/2623 2624/1/2624 
f 2624/1/2624 2625/1/2625 2622/1/2622 
f 2625/1/2625 1575/1/1575 1581/1/1581 
f 1581/1/1581 2622/1/2622 2625/1/2625 
f 2622/1/2622 1581/1/1581 1583/1/1583 
f 1583/1/1583 2567/1/2567 2622/1/2622 
f 2567/1/2567 2566/1/2566 2623/1/2623 
f 2623/1/2623 2622/1/2622 2567/1/2567 
f 2626/1/2626 2627/1/2627 2628/1/2628 
f 2628/1/2628 2629/1/2629 2626/1/2626 
f 2626/1/2626 2630/1/2630 2631/1/2631 
f 2631/1/2631 2566/1/2566 2565/1/2565 
f 2565/1/2565 2627/1/2627 2631/1/2631 
f 2565/1/2565 2569/1/2569 2628/1/2628 
f 2632/1/2632 2633/1/2633 2558/1/2558 
f 2558/1/2558 2557/1/2557 2632/1/2632 
f 2557/1/2557 2539/1/2539 2634/1/2634 
f 2634/1/2634 2632/1/2632 2557/1/2557 
f 2632/1/2632 2634/1/2634 2630/1/2630 
f 2630/1/2630 2626/1/2626 2632/1/2632 
f 2626/1/2626 2629/1/2629 2633/1/2633 
f 2633/1/2633 2632/1/2632 2626/1/2626 
f 2635/1/2635 2636/1/2636 2637/1/2637 
f 2637/1/2637 2638/1/2638 2635/1/2635 
f 2638/1/2638 2624/1/2624 2623/1/2623 
f 2623/1/2623 2635/1/2635 2638/1/2638 
f 2635/1/2635 2623/1/2623 2566/1/2566 
f 2566/1/2566 2631/1/2631 2635/1/2635 
f 2631/1/2631 2630/1/2630 2636/1/2636 
f 2636/1/2636 2635/1/2635 2631/1/2631 
f 2639/1/2639 2538/1/2538 2537/1/2537 
f 2537/1/2537 2640/1/2640 2639/1/2639 
f 2640/1/2640 2641/1/2641 2642/1/2642 
f 2642/1/2642 2639/1/2639 2640/1/2640 
f 2642/1/2642 2630/1/2630 2634/1/2634 
f 2634/1/2634 2639/1/2639 2642/1/2642 
f 2639/1/2639 2634/1/2634 2539/1/2539 
f 2539/1/2539 2538/1/2538 2639/1/2639 
f 2643/1/2643 2644/1/2644 2601/1/2601 
f 2601/1/2601 2600/1/2600 2643/1/2643 
f 2643/1/2643 2600/1/2600 2577/1/2577 
f 2577/1/2577 2576/1/2576 2643/1/2643 
f 2643/1/2643 2576/1/2576 2581/1/2581 
f 2581/1/2581 2645/1/2645 2643/1/2643 
f 2645/1/2645 2641/1/2641 2644/1/2644 
f 2644/1/2644 2643/1/2643 2645/1/2645 
f 2646/1/2646 2571/1/2571 2575/1/2575 
f 2575/1/2575 2604/1/2604 2646/1/2646 
f 2604/1/2604 2601/1/2601 2644/1/2644 
f 2644/1/2644 2646/1/2646 2604/1/2604 
f 2646/1/2646 2644/1/2644 2641/1/2641 
f 2641/1/2641 2640/1/2640 2646/1/2646 
f 2640/1/2640 2537/1/2537 2571/1/2571 
f 2571/1/2571 2646/1/2646 2640/1/2640 
f 2647/1/2647 2648/1/2648 2581/1/2581 
f 2580/1/2580 1539/1/1539 1549/1/1549 
f 1549/1/1549 2647/1/2647 2580/1/2580 
f 2647/1/2647 1549/1/1549 1551/1/1551 
f 1551/1/1551 2649/1/2649 2647/1/2647 
f 2649/1/2649 2650/1/2650 2648/1/2648 
f 2648/1/2648 2647/1/2647 2649/1/2649 
f 2651/1/2651 2652/1/2652 2650/1/2650 
f 2650/1/2650 2649/1/2649 2651/1/2651 
f 2649/1/2649 1551/1/1551 1563/1/1563 
f 1563/1/1563 2651/1/2651 2649/1/2649 
f 2651/1/2651 1563/1/1563 1562/1/1562 
f 1562/1/1562 2653/1/2653 2651/1/2651 
f 2653/1/2653 2654/1/2654 2652/1/2652 
f 2652/1/2652 2651/1/2651 2653/1/2653 
f 2655/1/2655 2656/1/2656 2654/1/2654 
f 2653/1/2653 1562/1/1562 1573/1/1573 
f 1573/1/1573 2655/1/2655 2653/1/2653 
f 2655/1/2655 1573/1/1573 1575/1/1575 
f 2625/1/2625 2624/1/2624 2656/1/2656 
f 2656/1/2656 2655/1/2655 2625/1/2625 
f 2657/1/2657 2658/1/2658 2659/1/2659 
f 2659/1/2659 2660/1/2660 2657/1/2657 
f 2660/1/2660 2659/1/2659 2650/1/2650 
f 2650/1/2650 2652/1/2652 2660/1/2660 
f 2660/1/2660 2652/1/2652 2654/1/2654 
f 2654/1/2654 2657/1/2657 2660/1/2660 
f 2661/1/2661 2656/1/2656 2624/1/2624 
f 2624/1/2624 2638/1/2638 2661/1/2661 
f 2638/1/2638 2637/1/2637 2662/1/2662 
f 2662/1/2662 2661/1/2661 2638/1/2638 
f 2661/1/2661 2662/1/2662 2658/1/2658 
f 2658/1/2658 2657/1/2657 2661/1/2661 
f 2657/1/2657 2654/1/2654 2656/1/2656 
f 2656/1/2656 2661/1/2661 2657/1/2657 
f 2663/1/2663 2662/1/2662 2637/1/2637 
f 2637/1/2637 2636/1/2636 2663/1/2663 
f 2636/1/2636 2630/1/2630 2642/1/2642 
f 2642/1/2642 2663/1/2663 2636/1/2636 
f 2663/1/2663 2642/1/2642 2641/1/2641 
f 2641/1/2641 2664/1/2664 2663/1/2663 
f 2664/1/2664 2658/1/2658 2662/1/2662 
f 2662/1/2662 2663/1/2663 2664/1/2664 
f 2665/1/2665 2659/1/2659 2658/1/2658 
f 2658/1/2658 2664/1/2664 2665/1/2665 
f 2664/1/2664 2641/1/2641 2645/1/2645 
f 2645/1/2645 2665/1/2665 2664/1/2664 
f 2645/1/2645 2581/1/2581 2648/1/2648 
f 2648/1/2648 2665/1/2665 2645/1/2645 
f 2648/1/2648 2650/1/2650 2659/1/2659 
f 2659/1/2659 2665/1/2665 2648/1/2648 
f 2666/1/2666 2667/1/2667 335/1/335 
f 335/1/335 334/1/334 2666/1/2666 
f 334/1/334 295/1/295 297/1/297 
f 297/1/297 2666/1/2666 334/1/334 
f 2666/1/2666 297/1/297 299/1/299 
f 299/1/299 2668/1/2668 2666/1/2666 
f 2668/1/2668 2669/1/2669 2667/1/2667 
f 2667/1/2667 2666/1/2666 2668/1/2668 
f 2670/1/2670 2671/1/2671 375/1/375 
f 375/1/375 374/1/374 2670/1/2670 
f 374/1/374 335/1/335 2667/1/2667 
f 2667/1/2667 2670/1/2670 374/1/374 
f 2670/1/2670 2667/1/2667 2669/1/2669 
f 2669/1/2669 2672/1/2672 2670/1/2670 
f 2672/1/2672 2673/1/2673 2671/1/2671 
f 2671/1/2671 2670/1/2670 2672/1/2672 
f 2674/1/2674 2675/1/2675 2676/1/2676 
f 2676/1/2676 2677/1/2677 2674/1/2674 
f 2677/1/2677 1010/1/1010 1009/1/1009 
f 1009/1/1009 2674/1/2674 2677/1/2677 
f 2674/1/2674 1009/1/1009 375/1/375 
f 375/1/375 2671/1/2671 2674/1/2674 
f 2671/1/2671 2673/1/2673 2675/1/2675 
f 2675/1/2675 2674/1/2674 2671/1/2671 
f 2678/1/2678 2679/1/2679 2680/1/2680 
f 2680/1/2680 2681/1/2681 2678/1/2678 
f 2681/1/2681 1017/1/1017 1016/1/1016 
f 1016/1/1016 2678/1/2678 2681/1/2681 
f 2678/1/2678 1016/1/1016 1010/1/1010 
f 1010/1/1010 2677/1/2677 2678/1/2678 
f 2677/1/2677 2676/1/2676 2679/1/2679 
f 2679/1/2679 2678/1/2678 2677/1/2677 
f 2682/1/2682 2683/1/2683 2684/1/2684 
f 2684/1/2684 2603/1/2603 2608/1/2608 
f 2685/1/2685 2608/1/2608 2607/1/2607 
f 2685/1/2685 2621/1/2621 2620/1/2620 
f 2620/1/2620 2682/1/2682 2685/1/2685 
f 2686/1/2686 2687/1/2687 2688/1/2688 
f 2688/1/2688 2689/1/2689 2686/1/2686 
f 2689/1/2689 2596/1/2596 2599/1/2599 
f 2599/1/2599 2686/1/2686 2689/1/2689 
f 2686/1/2686 2599/1/2599 2603/1/2603 
f 2684/1/2684 2683/1/2683 2687/1/2687 
f 2690/1/2690 2691/1/2691 2692/1/2692 
f 2692/1/2692 2693/1/2693 2690/1/2690 
f 2693/1/2693 2616/1/2616 2615/1/2615 
f 2615/1/2615 2690/1/2690 2693/1/2693 
f 2690/1/2690 2615/1/2615 1013/1/1013 
f 1013/1/1013 1012/1/1012 2690/1/2690 
f 1012/1/1012 1017/1/1017 2691/1/2691 
f 2691/1/2691 2690/1/2690 1012/1/1012 
f 2694/1/2694 2695/1/2695 2683/1/2683 
f 2683/1/2683 2682/1/2682 2694/1/2694 
f 2682/1/2682 2620/1/2620 2619/1/2619 
f 2619/1/2619 2694/1/2694 2682/1/2682 
f 2694/1/2694 2619/1/2619 2616/1/2616 
f 2616/1/2616 2693/1/2693 2694/1/2694 
f 2693/1/2693 2692/1/2692 2695/1/2695 
f 2695/1/2695 2694/1/2694 2693/1/2693 
f 2696/1/2696 2697/1/2697 2698/1/2698 
f 2698/1/2698 2699/1/2699 2696/1/2696 
f 2699/1/2699 2692/1/2692 2691/1/2691 
f 2691/1/2691 2696/1/2696 2699/1/2699 
f 2696/1/2696 2691/1/2691 1017/1/1017 
f 1017/1/1017 2681/1/2681 2696/1/2696 
f 2681/1/2681 2680/1/2680 2697/1/2697 
f 2697/1/2697 2696/1/2696 2681/1/2681 
f 2700/1/2700 2701/1/2701 2591/1/2591 
f 2591/1/2591 2597/1/2597 2700/1/2700 
f 2597/1/2597 2596/1/2596 2689/1/2689 
f 2689/1/2689 2700/1/2700 2597/1/2597 
f 2700/1/2700 2689/1/2689 2688/1/2688 
f 2688/1/2688 2702/1/2702 2700/1/2700 
f 2702/1/2702 2703/1/2703 2701/1/2701 
f 2701/1/2701 2700/1/2700 2702/1/2702 
f 2704/1/2704 2705/1/2705 2688/1/2688 
f 2687/1/2687 2683/1/2683 2695/1/2695 
f 2704/1/2704 2695/1/2695 2692/1/2692 
f 2692/1/2692 2706/1/2706 2704/1/2704 
f 2706/1/2706 2707/1/2707 2705/1/2705 
f 2705/1/2705 2704/1/2704 2706/1/2706 
f 2708/1/2708 2709/1/2709 2707/1/2707 
f 2707/1/2707 2706/1/2706 2708/1/2708 
f 2706/1/2706 2692/1/2692 2699/1/2699 
f 2699/1/2699 2708/1/2708 2706/1/2706 
f 2699/1/2699 2698/1/2698 2710/1/2710 
f 2710/1/2710 2708/1/2708 2699/1/2699 
f 2708/1/2708 2710/1/2710 2711/1/2711 
f 2711/1/2711 2709/1/2709 2708/1/2708 
f 2592/1/2592 2591/1/2591 2701/1/2701 
f 2701/1/2701 2712/1/2712 2592/1/2592 
f 2712/1/2712 2701/1/2701 2703/1/2703 
f 2703/1/2703 2713/1/2713 2712/1/2712 
f 2713/1/2713 2593/1/2593 2592/1/2592 
f 2592/1/2592 2712/1/2712 2713/1/2713 
f 2702/1/2702 2688/1/2688 2705/1/2705 
f 2705/1/2705 2714/1/2714 2702/1/2702 
f 2714/1/2714 2705/1/2705 2707/1/2707 
f 2707/1/2707 2715/1/2715 2714/1/2714 
f 2715/1/2715 2716/1/2716 2717/1/2717 
f 2717/1/2717 2714/1/2714 2715/1/2715 
f 2714/1/2714 2717/1/2717 2703/1/2703 
f 2703/1/2703 2702/1/2702 2714/1/2714 
f 2718/1/2718 2719/1/2719 2716/1/2716 
f 2716/1/2716 2715/1/2715 2718/1/2718 
f 2715/1/2715 2707/1/2707 2709/1/2709 
f 2709/1/2709 2718/1/2718 2715/1/2715 
f 2709/1/2709 2711/1/2711 2720/1/2720 
f 2720/1/2720 2718/1/2718 2709/1/2709 
f 2720/1/2720 2721/1/2721 2719/1/2719 
f 2719/1/2719 2718/1/2718 2720/1/2720 
f 2722/1/2722 2723/1/2723 2724/1/2724 
f 2724/1/2724 2725/1/2725 2722/1/2722 
f 2725/1/2725 2726/1/2726 2727/1/2727 
f 2727/1/2727 2722/1/2722 2725/1/2725 
f 2722/1/2722 2727/1/2727 299/1/299 
f 299/1/299 298/1/298 2722/1/2722 
f 298/1/298 241/1/241 2723/1/2723 
f 2723/1/2723 2722/1/2722 298/1/298 
f 2728/1/2728 2723/1/2723 241/1/241 
f 241/1/241 240/1/240 2728/1/2728 
f 240/1/240 239/1/239 2589/1/2589 
f 2589/1/2589 2728/1/2728 240/1/240 
f 2728/1/2728 2589/1/2589 2593/1/2593 
f 2593/1/2593 2729/1/2729 2728/1/2728 
f 2729/1/2729 2724/1/2724 2723/1/2723 
f 2723/1/2723 2728/1/2728 2729/1/2729 
f 2730/1/2730 2731/1/2731 2593/1/2593 
f 2593/1/2593 2713/1/2713 2730/1/2730 
f 2713/1/2713 2703/1/2703 2717/1/2717 
f 2717/1/2717 2730/1/2730 2713/1/2713 
f 2730/1/2730 2717/1/2717 2716/1/2716 
f 2716/1/2716 2732/1/2732 2730/1/2730 
f 2732/1/2732 2733/1/2733 2731/1/2731 
f 2731/1/2731 2730/1/2730 2732/1/2732 
f 2734/1/2734 2735/1/2735 2733/1/2733 
f 2733/1/2733 2732/1/2732 2734/1/2734 
f 2732/1/2732 2716/1/2716 2719/1/2719 
f 2719/1/2719 2734/1/2734 2732/1/2732 
f 2734/1/2734 2719/1/2719 2721/1/2721 
f 2721/1/2721 2736/1/2736 2734/1/2734 
f 2736/1/2736 2737/1/2737 2735/1/2735 
f 2735/1/2735 2734/1/2734 2736/1/2736 
f 2738/1/2738 2739/1/2739 2669/1/2669 
f 2669/1/2669 2668/1/2668 2738/1/2738 
f 2668/1/2668 299/1/299 2727/1/2727 
f 2727/1/2727 2738/1/2738 2668/1/2668 
f 2738/1/2738 2727/1/2727 2726/1/2726 
f 2726/1/2726 2740/1/2740 2738/1/2738 
f 2740/1/2740 2741/1/2741 2739/1/2739 
f 2739/1/2739 2738/1/2738 2740/1/2740 
f 2742/1/2742 2743/1/2743 2724/1/2724 
f 2724/1/2724 2729/1/2729 2742/1/2742 
f 2729/1/2729 2593/1/2593 2731/1/2731 
f 2731/1/2731 2742/1/2742 2729/1/2729 
f 2742/1/2742 2731/1/2731 2733/1/2733 
f 2733/1/2733 2744/1/2744 2742/1/2742 
f 2744/1/2744 2745/1/2745 2743/1/2743 
f 2743/1/2743 2742/1/2742 2744/1/2744 
f 2746/1/2746 2740/1/2740 2726/1/2726 
f 2726/1/2726 2725/1/2725 2746/1/2746 
f 2725/1/2725 2724/1/2724 2743/1/2743 
f 2743/1/2743 2746/1/2746 2725/1/2725 
f 2746/1/2746 2743/1/2743 2745/1/2745 
f 2745/1/2745 2747/1/2747 2746/1/2746 
f 2747/1/2747 2741/1/2741 2740/1/2740 
f 2740/1/2740 2746/1/2746 2747/1/2747 
f 2748/1/2748 2749/1/2749 2745/1/2745 
f 2745/1/2745 2744/1/2744 2748/1/2748 
f 2744/1/2744 2733/1/2733 2735/1/2735 
f 2735/1/2735 2748/1/2748 2744/1/2744 
f 2748/1/2748 2735/1/2735 2737/1/2737 
f 2737/1/2737 2750/1/2750 2748/1/2748 
f 2750/1/2750 2751/1/2751 2749/1/2749 
f 2749/1/2749 2748/1/2748 2750/1/2750 
f 2752/1/2752 2753/1/2753 2741/1/2741 
f 2741/1/2741 2747/1/2747 2752/1/2752 
f 2747/1/2747 2745/1/2745 2749/1/2749 
f 2749/1/2749 2752/1/2752 2747/1/2747 
f 2752/1/2752 2749/1/2749 2751/1/2751 
f 2751/1/2751 2754/1/2754 2752/1/2752 
f 2754/1/2754 2755/1/2755 2753/1/2753 
f 2753/1/2753 2752/1/2752 2754/1/2754 
f 2756/1/2756 2757/1/2757 2673/1/2673 
f 2673/1/2673 2672/1/2672 2756/1/2756 
f 2672/1/2672 2669/1/2669 2739/1/2739 
f 2739/1/2739 2756/1/2756 2672/1/2672 
f 2756/1/2756 2739/1/2739 2741/1/2741 
f 2741/1/2741 2758/1/2758 2756/1/2756 
f 2758/1/2758 2759/1/2759 2757/1/2757 
f 2757/1/2757 2756/1/2756 2758/1/2758 
f 2675/1/2675 2673/1/2673 2757/1/2757 
f 2757/1/2757 2760/1/2760 2675/1/2675 
f 2760/1/2760 2757/1/2757 2759/1/2759 
f 2759/1/2759 2761/1/2761 2760/1/2760 
f 2760/1/2760 2761/1/2761 2762/1/2762 
f 2762/1/2762 2763/1/2763 2760/1/2760 
f 2763/1/2763 2676/1/2676 2675/1/2675 
f 2675/1/2675 2760/1/2760 2763/1/2763 
f 2764/1/2764 2765/1/2765 2759/1/2759 
f 2759/1/2759 2758/1/2758 2764/1/2764 
f 2758/1/2758 2741/1/2741 2753/1/2753 
f 2753/1/2753 2764/1/2764 2758/1/2758 
f 2764/1/2764 2753/1/2753 2755/1/2755 
f 2755/1/2755 2766/1/2766 2764/1/2764 
f 2766/1/2766 2767/1/2767 2765/1/2765 
f 2765/1/2765 2764/1/2764 2766/1/2766 
f 2768/1/2768 2679/1/2679 2676/1/2676 
f 2676/1/2676 2763/1/2763 2768/1/2768 
f 2763/1/2763 2762/1/2762 2769/1/2769 
f 2769/1/2769 2768/1/2768 2763/1/2763 
f 2768/1/2768 2769/1/2769 2770/1/2770 
f 2770/1/2770 2771/1/2771 2768/1/2768 
f 2771/1/2771 2680/1/2680 2679/1/2679 
f 2679/1/2679 2768/1/2768 2771/1/2771 
f 2772/1/2772 2762/1/2762 2761/1/2761 
f 2761/1/2761 2773/1/2773 2772/1/2772 
f 2761/1/2761 2759/1/2759 2765/1/2765 
f 2765/1/2765 2773/1/2773 2761/1/2761 
f 2773/1/2773 2765/1/2765 2767/1/2767 
f 2767/1/2767 2774/1/2774 2773/1/2773 
f 2773/1/2773 2774/1/2774 2775/1/2775 
f 2775/1/2775 2772/1/2772 2773/1/2773 
f 2776/1/2776 2697/1/2697 2680/1/2680 
f 2680/1/2680 2771/1/2771 2776/1/2776 
f 2771/1/2771 2770/1/2770 2777/1/2777 
f 2777/1/2777 2776/1/2776 2771/1/2771 
f 2776/1/2776 2777/1/2777 2778/1/2778 
f 2778/1/2778 2779/1/2779 2776/1/2776 
f 2779/1/2779 2698/1/2698 2697/1/2697 
f 2697/1/2697 2776/1/2776 2779/1/2779 
f 2780/1/2780 2781/1/2781 2782/1/2782 
f 2782/1/2782 2783/1/2783 2780/1/2780 
f 2783/1/2783 2770/1/2770 2769/1/2769 
f 2769/1/2769 2780/1/2780 2783/1/2783 
f 2780/1/2780 2769/1/2769 2762/1/2762 
f 2762/1/2762 2772/1/2772 2780/1/2780 
f 2772/1/2772 2775/1/2775 2781/1/2781 
f 2781/1/2781 2780/1/2780 2772/1/2772 
f 2784/1/2784 2785/1/2785 2786/1/2786 
f 2786/1/2786 2787/1/2787 2784/1/2784 
f 2787/1/2787 2711/1/2711 2710/1/2710 
f 2710/1/2710 2784/1/2784 2787/1/2787 
f 2784/1/2784 2710/1/2710 2698/1/2698 
f 2698/1/2698 2779/1/2779 2784/1/2784 
f 2779/1/2779 2778/1/2778 2785/1/2785 
f 2785/1/2785 2784/1/2784 2779/1/2779 
f 2788/1/2788 2789/1/2789 2790/1/2790 
f 2790/1/2790 2791/1/2791 2788/1/2788 
f 2788/1/2788 2791/1/2791 2721/1/2721 
f 2721/1/2721 2720/1/2720 2788/1/2788 
f 2788/1/2788 2720/1/2720 2711/1/2711 
f 2711/1/2711 2787/1/2787 2788/1/2788 
f 2787/1/2787 2786/1/2786 2789/1/2789 
f 2789/1/2789 2788/1/2788 2787/1/2787 
f 2792/1/2792 2777/1/2777 2770/1/2770 
f 2770/1/2770 2783/1/2783 2792/1/2792 
f 2783/1/2783 2782/1/2782 2793/1/2793 
f 2793/1/2793 2792/1/2792 2783/1/2783 
f 2792/1/2792 2793/1/2793 2794/1/2794 
f 2794/1/2794 2795/1/2795 2792/1/2792 
f 2795/1/2795 2778/1/2778 2777/1/2777 
f 2777/1/2777 2792/1/2792 2795/1/2795 
f 2796/1/2796 2797/1/2797 2737/1/2737 
f 2737/1/2737 2736/1/2736 2796/1/2796 
f 2736/1/2736 2721/1/2721 2791/1/2791 
f 2791/1/2791 2796/1/2796 2736/1/2736 
f 2796/1/2796 2791/1/2791 2790/1/2790 
f 2790/1/2790 2798/1/2798 2796/1/2796 
f 2798/1/2798 2799/1/2799 2797/1/2797 
f 2797/1/2797 2796/1/2796 2798/1/2798 
f 2800/1/2800 2801/1/2801 2802/1/2802 
f 2803/1/2803 2786/1/2786 2785/1/2785 
f 2785/1/2785 2800/1/2800 2803/1/2803 
f 2800/1/2800 2785/1/2785 2778/1/2778 
f 2778/1/2778 2795/1/2795 2800/1/2800 
f 2795/1/2795 2794/1/2794 2801/1/2801 
f 2801/1/2801 2800/1/2800 2795/1/2795 
f 2804/1/2804 2805/1/2805 2799/1/2799 
f 2799/1/2799 2798/1/2798 2804/1/2804 
f 2798/1/2798 2790/1/2790 2789/1/2789 
f 2789/1/2789 2804/1/2804 2798/1/2798 
f 2804/1/2804 2789/1/2789 2786/1/2786 
f 2786/1/2786 2803/1/2803 2804/1/2804 
f 2803/1/2803 2802/1/2802 2805/1/2805 
f 2805/1/2805 2804/1/2804 2803/1/2803 
f 2806/1/2806 2807/1/2807 2751/1/2751 
f 2751/1/2751 2750/1/2750 2806/1/2806 
f 2750/1/2750 2737/1/2737 2797/1/2797 
f 2797/1/2797 2806/1/2806 2750/1/2750 
f 2806/1/2806 2797/1/2797 2799/1/2799 
f 2799/1/2799 2808/1/2808 2806/1/2806 
f 2808/1/2808 2809/1/2809 2807/1/2807 
f 2807/1/2807 2806/1/2806 2808/1/2808 
f 2810/1/2810 2811/1/2811 2755/1/2755 
f 2755/1/2755 2754/1/2754 2810/1/2810 
f 2754/1/2754 2751/1/2751 2807/1/2807 
f 2807/1/2807 2810/1/2810 2754/1/2754 
f 2810/1/2810 2807/1/2807 2809/1/2809 
f 2809/1/2809 2812/1/2812 2810/1/2810 
f 2812/1/2812 2813/1/2813 2811/1/2811 
f 2811/1/2811 2810/1/2810 2812/1/2812 
f 2814/1/2814 2815/1/2815 2809/1/2809 
f 2809/1/2809 2808/1/2808 2814/1/2814 
f 2808/1/2808 2799/1/2799 2805/1/2805 
f 2805/1/2805 2814/1/2814 2808/1/2808 
f 2805/1/2805 2802/1/2802 2815/1/2815 
f 2815/1/2815 2814/1/2814 2805/1/2805 
f 2816/1/2816 2817/1/2817 2813/1/2813 
f 2813/1/2813 2812/1/2812 2816/1/2816 
f 2812/1/2812 2809/1/2809 2815/1/2815 
f 2815/1/2815 2816/1/2816 2812/1/2812 
f 2816/1/2816 2815/1/2815 2802/1/2802 
f 2802/1/2802 2818/1/2818 2816/1/2816 
f 2818/1/2818 2819/1/2819 2817/1/2817 
f 2817/1/2817 2816/1/2816 2818/1/2818 
f 2818/1/2818 2802/1/2802 2801/1/2801 
f 2801/1/2801 2820/1/2820 2818/1/2818 
f 2801/1/2801 2794/1/2794 2821/1/2821 
f 2821/1/2821 2820/1/2820 2801/1/2801 
f 2820/1/2820 2821/1/2821 2822/1/2822 
f 2822/1/2822 2823/1/2823 2820/1/2820 
f 2820/1/2820 2823/1/2823 2819/1/2819 
f 2819/1/2819 2818/1/2818 2820/1/2820 
f 2824/1/2824 2819/1/2819 2823/1/2823 
f 2823/1/2823 2825/1/2825 2824/1/2824 
f 2823/1/2823 2822/1/2822 2826/1/2826 
f 2826/1/2826 2825/1/2825 2823/1/2823 
f 2825/1/2825 2826/1/2826 2827/1/2827 
f 2827/1/2827 2828/1/2828 2825/1/2825 
f 2825/1/2825 2828/1/2828 2829/1/2829 
f 2829/1/2829 2824/1/2824 2825/1/2825 
f 2830/1/2830 2821/1/2821 2794/1/2794 
f 2794/1/2794 2793/1/2793 2830/1/2830 
f 2830/1/2830 2793/1/2793 2782/1/2782 
f 2782/1/2782 2831/1/2831 2830/1/2830 
f 2831/1/2831 2832/1/2832 2833/1/2833 
f 2833/1/2833 2830/1/2830 2831/1/2831 
f 2833/1/2833 2822/1/2822 2821/1/2821 
f 2821/1/2821 2830/1/2830 2833/1/2833 
f 2834/1/2834 2835/1/2835 2832/1/2832 
f 2832/1/2832 2831/1/2831 2834/1/2834 
f 2831/1/2831 2782/1/2782 2781/1/2781 
f 2781/1/2781 2834/1/2834 2831/1/2831 
f 2834/1/2834 2781/1/2781 2775/1/2775 
f 2775/1/2775 2836/1/2836 2834/1/2834 
f 2836/1/2836 2837/1/2837 2835/1/2835 
f 2835/1/2835 2834/1/2834 2836/1/2836 
f 2838/1/2838 2839/1/2839 2840/1/2840 
f 2841/1/2841 2813/1/2813 2817/1/2817 
f 2817/1/2817 2838/1/2838 2841/1/2841 
f 2838/1/2838 2817/1/2817 2819/1/2819 
f 2819/1/2819 2824/1/2824 2838/1/2838 
f 2829/1/2829 2839/1/2839 2838/1/2838 
f 2842/1/2842 2843/1/2843 2767/1/2767 
f 2767/1/2767 2766/1/2766 2842/1/2842 
f 2766/1/2766 2755/1/2755 2811/1/2811 
f 2811/1/2811 2842/1/2842 2766/1/2766 
f 2842/1/2842 2811/1/2811 2813/1/2813 
f 2813/1/2813 2841/1/2841 2842/1/2842 
f 2841/1/2841 2840/1/2840 2843/1/2843 
f 2843/1/2843 2842/1/2842 2841/1/2841 
f 2844/1/2844 2845/1/2845 2837/1/2837 
f 2837/1/2837 2836/1/2836 2844/1/2844 
f 2836/1/2836 2775/1/2775 2774/1/2774 
f 2774/1/2774 2844/1/2844 2836/1/2836 
f 2774/1/2774 2767/1/2767 2843/1/2843 
f 2843/1/2843 2844/1/2844 2774/1/2774 
f 2845/1/2845 2844/1/2844 2843/1/2843 
f 2843/1/2843 2840/1/2840 2845/1/2845 
f 2846/1/2846 2847/1/2847 2848/1/2848 
f 2849/1/2849 2832/1/2832 2835/1/2835 
f 2835/1/2835 2846/1/2846 2849/1/2849 
f 2846/1/2846 2835/1/2835 2837/1/2837 
f 2845/1/2845 2840/1/2840 2847/1/2847 
f 2850/1/2850 2839/1/2839 2829/1/2829 
f 2829/1/2829 2828/1/2828 2850/1/2850 
f 2828/1/2828 2827/1/2827 2851/1/2851 
f 2851/1/2851 2850/1/2850 2828/1/2828 
f 2851/1/2851 2848/1/2848 2847/1/2847 
f 2847/1/2847 2850/1/2850 2851/1/2851 
f 2847/1/2847 2840/1/2840 2839/1/2839 
f 2839/1/2839 2850/1/2850 2847/1/2847 
f 2852/1/2852 2851/1/2851 2827/1/2827 
f 2827/1/2827 2826/1/2826 2852/1/2852 
f 2826/1/2826 2822/1/2822 2833/1/2833 
f 2833/1/2833 2852/1/2852 2826/1/2826 
f 2852/1/2852 2833/1/2833 2832/1/2832 
f 2832/1/2832 2849/1/2849 2852/1/2852 
f 2852/1/2852 2849/1/2849 2848/1/2848 
f 2848/1/2848 2851/1/2851 2852/1/2852 
f 2853/1/2853 2854/1/2854 2855/1/2855 
f 2856/1/2856 1085/1/1085 1084/1/1084 
f 1084/1/1084 2853/1/2853 2856/1/2856 
f 2853/1/2853 1084/1/1084 1068/1/1068 
f 1068/1/1068 1073/1/1073 2853/1/2853 
f 1073/1/1073 1072/1/1072 2854/1/2854 
f 2854/1/2854 2853/1/2853 1073/1/1073 
f 2857/1/2857 2858/1/2858 1172/1/1172 
f 1172/1/1172 1171/1/1171 2857/1/2857 
f 2857/1/2857 1171/1/1171 1167/1/1167 
f 1167/1/1167 1166/1/1166 2857/1/2857 
f 1166/1/1166 1085/1/1085 2856/1/2856 
f 2856/1/2856 2857/1/2857 1166/1/1166 
f 2856/1/2856 2855/1/2855 2858/1/2858 
f 2858/1/2858 2857/1/2857 2856/1/2856 
f 1176/1/1176 2859/1/2859 2860/1/2860 
f 2860/1/2860 1177/1/1177 1176/1/1176 
f 1176/1/1176 1172/1/1172 2858/1/2858 
f 2858/1/2858 2859/1/2859 1176/1/1176 
f 2858/1/2858 2855/1/2855 2861/1/2861 
f 2861/1/2861 2862/1/2862 2860/1/2860 
f 2860/1/2860 2859/1/2859 2861/1/2861 
f 2863/1/2863 1071/1/1071 1034/1/1034 
f 1034/1/1034 1039/1/1039 2863/1/2863 
f 1039/1/1039 1038/1/1038 2864/1/2864 
f 2864/1/2864 2863/1/2863 1039/1/1039 
f 2863/1/2863 2864/1/2864 2865/1/2865 
f 2865/1/2865 2866/1/2866 2863/1/2863 
f 2866/1/2866 1072/1/1072 1071/1/1071 
f 1071/1/1071 2863/1/2863 2866/1/2866 
f 2867/1/2867 2854/1/2854 1072/1/1072 
f 1072/1/1072 2866/1/2866 2867/1/2867 
f 2866/1/2866 2865/1/2865 2868/1/2868 
f 2868/1/2868 2867/1/2867 2866/1/2866 
f 2867/1/2867 2868/1/2868 2869/1/2869 
f 2869/1/2869 2870/1/2870 2867/1/2867 
f 2870/1/2870 2855/1/2855 2854/1/2854 
f 2854/1/2854 2867/1/2867 2870/1/2870 
f 2871/1/2871 2872/1/2872 2862/1/2862 
f 2862/1/2862 2861/1/2861 2871/1/2871 
f 2871/1/2871 2861/1/2861 2855/1/2855 
f 2870/1/2870 2869/1/2869 2872/1/2872 
f 2872/1/2872 2871/1/2871 2870/1/2870 
f 2873/1/2873 2864/1/2864 1038/1/1038 
f 1038/1/1038 1043/1/1043 2873/1/2873 
f 1043/1/1043 1042/1/1042 2874/1/2874 
f 2874/1/2874 2873/1/2873 1043/1/1043 
f 2873/1/2873 2874/1/2874 2875/1/2875 
f 2875/1/2875 2876/1/2876 2873/1/2873 
f 2876/1/2876 2865/1/2865 2864/1/2864 
f 2864/1/2864 2873/1/2873 2876/1/2876 
f 2877/1/2877 1179/1/1179 1177/1/1177 
f 1177/1/1177 2860/1/2860 2877/1/2877 
f 2877/1/2877 2860/1/2860 2862/1/2862 
f 2862/1/2862 2878/1/2878 2877/1/2877 
f 2877/1/2877 2878/1/2878 2879/1/2879 
f 2879/1/2879 2880/1/2880 2877/1/2877 
f 2880/1/2880 1180/1/1180 1179/1/1179 
f 1179/1/1179 2877/1/2877 2880/1/2880 
f 2881/1/2881 2868/1/2868 2865/1/2865 
f 2865/1/2865 2876/1/2876 2881/1/2881 
f 2876/1/2876 2875/1/2875 2882/1/2882 
f 2881/1/2881 2882/1/2882 2883/1/2883 
f 2883/1/2883 2884/1/2884 2881/1/2881 
f 2884/1/2884 2869/1/2869 2868/1/2868 
f 2868/1/2868 2881/1/2881 2884/1/2884 
f 2885/1/2885 2886/1/2886 2879/1/2879 
f 2879/1/2879 2878/1/2878 2885/1/2885 
f 2878/1/2878 2862/1/2862 2872/1/2872 
f 2872/1/2872 2885/1/2885 2878/1/2878 
f 2885/1/2885 2872/1/2872 2869/1/2869 
f 2869/1/2869 2884/1/2884 2885/1/2885 
f 2884/1/2884 2883/1/2883 2886/1/2886 
f 2886/1/2886 2885/1/2885 2884/1/2884 
f 2887/1/2887 2875/1/2875 2874/1/2874 
f 2874/1/2874 2888/1/2888 2887/1/2887 
f 1045/1/1045 2888/1/2888 2874/1/2874 
f 2874/1/2874 1042/1/1042 1045/1/1045 
f 2888/1/2888 1045/1/1045 1047/1/1047 
f 1047/1/1047 2889/1/2889 2888/1/2888 
f 2889/1/2889 2890/1/2890 2887/1/2887 
f 2891/1/2891 1183/1/1183 1180/1/1180 
f 1180/1/1180 2880/1/2880 2891/1/2891 
f 2880/1/2880 2879/1/2879 2892/1/2892 
f 2892/1/2892 2891/1/2891 2880/1/2880 
f 2891/1/2891 2892/1/2892 2893/1/2893 
f 2893/1/2893 2894/1/2894 2891/1/2891 
f 2894/1/2894 1184/1/1184 1183/1/1183 
f 1183/1/1183 2891/1/2891 2894/1/2894 
f 2895/1/2895 2883/1/2883 2882/1/2882 
f 2882/1/2882 2896/1/2896 2895/1/2895 
f 2896/1/2896 2882/1/2882 2875/1/2875 
f 2896/1/2896 2887/1/2887 2890/1/2890 
f 2897/1/2897 2898/1/2898 2895/1/2895 
f 2895/1/2895 2896/1/2896 2897/1/2897 
f 2899/1/2899 2892/1/2892 2879/1/2879 
f 2879/1/2879 2886/1/2886 2899/1/2899 
f 2899/1/2899 2886/1/2886 2883/1/2883 
f 2883/1/2883 2895/1/2895 2899/1/2899 
f 2899/1/2899 2895/1/2895 2898/1/2898 
f 2898/1/2898 2900/1/2900 2899/1/2899 
f 2900/1/2900 2893/1/2893 2892/1/2892 
f 2892/1/2892 2899/1/2899 2900/1/2900 
f 2901/1/2901 2902/1/2902 2890/1/2890 
f 2889/1/2889 1047/1/1047 1050/1/1050 
f 1050/1/1050 2901/1/2901 2889/1/2889 
f 2901/1/2901 1050/1/1050 1049/1/1049 
f 1049/1/1049 2903/1/2903 2901/1/2901 
f 2903/1/2903 2904/1/2904 2902/1/2902 
f 2902/1/2902 2901/1/2901 2903/1/2903 
f 2905/1/2905 2906/1/2906 2898/1/2898 
f 2898/1/2898 2897/1/2897 2905/1/2905 
f 2897/1/2897 2890/1/2890 2902/1/2902 
f 2902/1/2902 2905/1/2905 2897/1/2897 
f 2905/1/2905 2902/1/2902 2904/1/2904 
f 2904/1/2904 2907/1/2907 2905/1/2905 
f 2907/1/2907 2908/1/2908 2906/1/2906 
f 2906/1/2906 2905/1/2905 2907/1/2907 
f 2909/1/2909 2910/1/2910 2911/1/2911 
f 2911/1/2911 2912/1/2912 2909/1/2909 
f 2912/1/2912 1055/1/1055 2614/1/2614 
f 2614/1/2614 2909/1/2909 2912/1/2912 
f 2909/1/2909 2614/1/2614 2611/1/2611 
f 2611/1/2611 2610/1/2610 2909/1/2909 
f 2610/1/2610 2573/1/2573 2910/1/2910 
f 2910/1/2910 2909/1/2909 2610/1/2610 
f 2913/1/2913 2914/1/2914 2904/1/2904 
f 2904/1/2904 2903/1/2903 2913/1/2913 
f 2903/1/2903 1049/1/1049 1053/1/1053 
f 1053/1/1053 2913/1/2913 2903/1/2903 
f 2913/1/2913 1053/1/1053 1055/1/1055 
f 1055/1/1055 2912/1/2912 2913/1/2913 
f 2912/1/2912 2911/1/2911 2914/1/2914 
f 2915/1/2915 2916/1/2916 2908/1/2908 
f 2908/1/2908 2907/1/2907 2915/1/2915 
f 2907/1/2907 2904/1/2904 2914/1/2914 
f 2914/1/2914 2915/1/2915 2907/1/2907 
f 2915/1/2915 2914/1/2914 2911/1/2911 
f 2917/1/2917 2918/1/2918 2916/1/2916 
f 2916/1/2916 2915/1/2915 2917/1/2917 
f 2919/1/2919 1187/1/1187 1184/1/1184 
f 1184/1/1184 2894/1/2894 2919/1/2919 
f 2894/1/2894 2893/1/2893 2920/1/2920 
f 2920/1/2920 2919/1/2919 2894/1/2894 
f 2919/1/2919 2920/1/2920 2921/1/2921 
f 2921/1/2921 2922/1/2922 2919/1/2919 
f 2922/1/2922 1188/1/1188 1187/1/1187 
f 1187/1/1187 2919/1/2919 2922/1/2922 
f 2923/1/2923 2920/1/2920 2893/1/2893 
f 2893/1/2893 2900/1/2900 2923/1/2923 
f 2900/1/2900 2898/1/2898 2906/1/2906 
f 2906/1/2906 2923/1/2923 2900/1/2900 
f 2923/1/2923 2906/1/2906 2908/1/2908 
f 2908/1/2908 2924/1/2924 2923/1/2923 
f 2924/1/2924 2921/1/2921 2920/1/2920 
f 2920/1/2920 2923/1/2923 2924/1/2924 
f 2925/1/2925 2910/1/2910 2573/1/2573 
f 2573/1/2573 2572/1/2572 2925/1/2925 
f 2572/1/2572 2535/1/2535 2926/1/2926 
f 2926/1/2926 2925/1/2925 2572/1/2572 
f 2925/1/2925 2926/1/2926 2927/1/2927 
f 2927/1/2927 2928/1/2928 2925/1/2925 
f 2928/1/2928 2911/1/2911 2910/1/2910 
f 2910/1/2910 2925/1/2925 2928/1/2928 
f 2929/1/2929 2930/1/2930 2545/1/2545 
f 2545/1/2545 2544/1/2544 2929/1/2929 
f 2544/1/2544 2519/1/2519 2518/1/2518 
f 2518/1/2518 2929/1/2929 2544/1/2544 
f 2929/1/2929 2518/1/2518 1148/1/1148 
f 1148/1/1148 2931/1/2931 2929/1/2929 
f 2931/1/2931 2932/1/2932 2930/1/2930 
f 2930/1/2930 2929/1/2929 2931/1/2931 
f 2933/1/2933 2934/1/2934 2918/1/2918 
f 2917/1/2917 2911/1/2911 2928/1/2928 
f 2928/1/2928 2927/1/2927 2935/1/2935 
f 2935/1/2935 2936/1/2936 2934/1/2934 
f 2930/1/2930 2932/1/2932 2937/1/2937 
f 2937/1/2937 2938/1/2938 2930/1/2930 
f 2937/1/2937 2927/1/2927 2926/1/2926 
f 2926/1/2926 2938/1/2938 2937/1/2937 
f 2938/1/2938 2926/1/2926 2535/1/2535 
f 2535/1/2535 2554/1/2554 2938/1/2938 
f 2554/1/2554 2545/1/2545 2930/1/2930 
f 2930/1/2930 2938/1/2938 2554/1/2554 
f 2939/1/2939 2940/1/2940 2936/1/2936 
f 2936/1/2936 2935/1/2935 2939/1/2939 
f 2939/1/2939 2935/1/2935 2927/1/2927 
f 2927/1/2927 2937/1/2937 2939/1/2939 
f 2937/1/2937 2932/1/2932 2940/1/2940 
f 2940/1/2940 2939/1/2939 2937/1/2937 
f 2941/1/2941 2942/1/2942 1188/1/1188 
f 1188/1/1188 2922/1/2922 2941/1/2941 
f 2922/1/2922 2921/1/2921 2943/1/2943 
f 2943/1/2943 2941/1/2941 2922/1/2922 
f 2941/1/2941 2943/1/2943 2936/1/2936 
f 2936/1/2936 2940/1/2940 2941/1/2941 
f 2940/1/2940 2932/1/2932 2942/1/2942 
f 2942/1/2942 2941/1/2941 2940/1/2940 
f 2944/1/2944 1147/1/1147 1144/1/1144 
f 1144/1/1144 1189/1/1189 2944/1/2944 
f 1189/1/1189 1188/1/1188 2942/1/2942 
f 2942/1/2942 2944/1/2944 1189/1/1189 
f 2944/1/2944 2942/1/2942 2932/1/2932 
f 2932/1/2932 2931/1/2931 2944/1/2944 
f 2931/1/2931 1148/1/1148 1147/1/1147 
f 1147/1/1147 2944/1/2944 2931/1/2931 
f 2945/1/2945 2943/1/2943 2921/1/2921 
f 2921/1/2921 2924/1/2924 2945/1/2945 
f 2924/1/2924 2908/1/2908 2916/1/2916 
f 2916/1/2916 2945/1/2945 2924/1/2924 
f 2945/1/2945 2916/1/2916 2918/1/2918 
f 2918/1/2918 2934/1/2934 2945/1/2945 
f 2934/1/2934 2936/1/2936 2943/1/2943 
f 2943/1/2943 2945/1/2945 2934/1/2934 
f 2946/1/2946 1350/1/1350 1349/1/1349 
f 1349/1/1349 2947/1/2947 2946/1/2946 
f 1349/1/1349 1353/1/1353 2948/1/2948 
f 2948/1/2948 2947/1/2947 1349/1/1349 
f 2947/1/2947 2948/1/2948 2949/1/2949 
f 2949/1/2949 2950/1/2950 2947/1/2947 
f 2950/1/2950 2951/1/2951 2946/1/2946 
f 2946/1/2946 2947/1/2947 2950/1/2950 
f 2952/1/2952 1355/1/1355 1350/1/1350 
f 2952/1/2952 2946/1/2946 2951/1/2951 
f 2951/1/2951 2953/1/2953 2952/1/2952 
f 2952/1/2952 2953/1/2953 2954/1/2954 
f 2954/1/2954 2955/1/2955 2952/1/2952 
f 2955/1/2955 1356/1/1356 1355/1/1355 
f 2956/1/2956 2953/1/2953 2951/1/2951 
f 2951/1/2951 2950/1/2950 2956/1/2956 
f 2950/1/2950 2949/1/2949 2957/1/2957 
f 2957/1/2957 2956/1/2956 2950/1/2950 
f 2956/1/2956 2957/1/2957 2958/1/2958 
f 2958/1/2958 2959/1/2959 2956/1/2956 
f 2959/1/2959 2954/1/2954 2953/1/2953 
f 2953/1/2953 2956/1/2956 2959/1/2959 
f 2960/1/2960 1360/1/1360 1359/1/1359 
f 1359/1/1359 2961/1/2961 2960/1/2960 
f 2961/1/2961 1359/1/1359 1356/1/1356 
f 2955/1/2955 2954/1/2954 2962/1/2962 
f 2962/1/2962 2961/1/2961 2955/1/2955 
f 2962/1/2962 2963/1/2963 2960/1/2960 
f 2960/1/2960 2961/1/2961 2962/1/2962 
f 2964/1/2964 1395/1/1395 1364/1/1364 
f 1364/1/1364 1363/1/1363 2964/1/2964 
f 1363/1/1363 1360/1/1360 2960/1/2960 
f 2964/1/2964 2960/1/2960 2963/1/2963 
f 2963/1/2963 2965/1/2965 2964/1/2964 
f 2965/1/2965 1396/1/1396 1395/1/1395 
f 1395/1/1395 2964/1/2964 2965/1/2965 
f 2966/1/2966 2967/1/2967 1396/1/1396 
f 1396/1/1396 2965/1/2965 2966/1/2966 
f 2965/1/2965 2963/1/2963 2968/1/2968 
f 2968/1/2968 2966/1/2966 2965/1/2965 
f 2966/1/2966 2968/1/2968 2969/1/2969 
f 2969/1/2969 2970/1/2970 2966/1/2966 
f 2970/1/2970 2971/1/2971 2967/1/2967 
f 2972/1/2972 2973/1/2973 2377/1/2377 
f 2376/1/2376 1398/1/1398 1397/1/1397 
f 1397/1/1397 2972/1/2972 2376/1/2376 
f 2972/1/2972 1397/1/1397 1396/1/1396 
f 1396/1/1396 2967/1/2967 2972/1/2972 
f 2967/1/2967 2971/1/2971 2973/1/2973 
f 2973/1/2973 2972/1/2972 2967/1/2967 
f 2974/1/2974 2975/1/2975 2435/1/2435 
f 2435/1/2435 2434/1/2434 2974/1/2974 
f 2434/1/2434 2428/1/2428 2427/1/2427 
f 2427/1/2427 2974/1/2974 2434/1/2434 
f 2974/1/2974 2427/1/2427 2377/1/2377 
f 2377/1/2377 2973/1/2973 2974/1/2974 
f 2973/1/2973 2971/1/2971 2975/1/2975 
f 2975/1/2975 2974/1/2974 2973/1/2973 
f 2976/1/2976 2962/1/2962 2954/1/2954 
f 2954/1/2954 2959/1/2959 2976/1/2976 
f 2959/1/2959 2958/1/2958 2977/1/2977 
f 2977/1/2977 2976/1/2976 2959/1/2959 
f 2968/1/2968 2976/1/2976 2977/1/2977 
f 2977/1/2977 2969/1/2969 2968/1/2968 
f 2976/1/2976 2968/1/2968 2963/1/2963 
f 2963/1/2963 2962/1/2962 2976/1/2976 
f 2978/1/2978 2979/1/2979 2980/1/2980 
f 2980/1/2980 2981/1/2981 2978/1/2978 
f 2981/1/2981 2982/1/2982 2983/1/2983 
f 2983/1/2983 2978/1/2978 2981/1/2981 
f 2978/1/2978 2983/1/2983 2984/1/2984 
f 2984/1/2984 2985/1/2985 2978/1/2978 
f 2978/1/2978 2985/1/2985 2986/1/2986 
f 2986/1/2986 2979/1/2979 2978/1/2978 
f 2987/1/2987 2988/1/2988 2989/1/2989 
f 2989/1/2989 2990/1/2990 2987/1/2987 
f 2990/1/2990 2991/1/2991 2992/1/2992 
f 2992/1/2992 2984/1/2984 2983/1/2983 
f 2983/1/2983 2987/1/2987 2992/1/2992 
f 2988/1/2988 2987/1/2987 2983/1/2983 
f 2983/1/2983 2982/1/2982 2988/1/2988 
f 2993/1/2993 2994/1/2994 2995/1/2995 
f 2995/1/2995 2996/1/2996 2993/1/2993 
f 2993/1/2993 2996/1/2996 2997/1/2997 
f 2997/1/2997 2998/1/2998 2993/1/2993 
f 2981/1/2981 2993/1/2993 2998/1/2998 
f 2998/1/2998 2982/1/2982 2981/1/2981 
f 2981/1/2981 2980/1/2980 2994/1/2994 
f 2994/1/2994 2993/1/2993 2981/1/2981 
f 2999/1/2999 3000/1/3000 2989/1/2989 
f 2989/1/2989 2988/1/2988 2999/1/2999 
f 2999/1/2999 2988/1/2988 2982/1/2982 
f 2982/1/2982 2998/1/2998 2999/1/2999 
f 3001/1/3001 2999/1/2999 2998/1/2998 
f 2998/1/2998 2997/1/2997 3001/1/3001 
f 3001/1/3001 3002/1/3002 3000/1/3000 
f 3000/1/3000 2999/1/2999 3001/1/3001 
f 3003/1/3003 3000/1/3000 3002/1/3002 
f 3002/1/3002 3004/1/3004 3003/1/3003 
f 3004/1/3004 3005/1/3005 3006/1/3006 
f 3006/1/3006 3003/1/3003 3004/1/3004 
f 3003/1/3003 3006/1/3006 2991/1/2991 
f 2991/1/2991 2990/1/2990 3003/1/3003 
f 2990/1/2990 2989/1/2989 3000/1/3000 
f 3000/1/3000 3003/1/3003 2990/1/2990 
f 3007/1/3007 3008/1/3008 2986/1/2986 
f 2986/1/2986 3009/1/3009 3007/1/3007 
f 3009/1/3009 3010/1/3010 3011/1/3011 
f 3011/1/3011 3007/1/3007 3009/1/3009 
f 3007/1/3007 3011/1/3011 3012/1/3012 
f 3012/1/3012 3013/1/3013 3007/1/3007 
f 3013/1/3013 3014/1/3014 3008/1/3008 
f 3008/1/3008 3007/1/3007 3013/1/3013 
f 3015/1/3015 2985/1/2985 2984/1/2984 
f 2984/1/2984 3016/1/3016 3015/1/3015 
f 3016/1/3016 3017/1/3017 3018/1/3018 
f 3018/1/3018 3015/1/3015 3016/1/3016 
f 3015/1/3015 3018/1/3018 3010/1/3010 
f 3010/1/3010 3009/1/3009 3015/1/3015 
f 3009/1/3009 2986/1/2986 2985/1/2985 
f 2985/1/2985 3015/1/3015 3009/1/3009 
f 3019/1/3019 3016/1/3016 2984/1/2984 
f 2992/1/2992 2991/1/2991 3020/1/3020 
f 3020/1/3020 3019/1/3019 2992/1/2992 
f 3019/1/3019 3020/1/3020 3021/1/3021 
f 3021/1/3021 3022/1/3022 3019/1/3019 
f 3022/1/3022 3017/1/3017 3016/1/3016 
f 3016/1/3016 3019/1/3019 3022/1/3022 
f 3023/1/3023 3006/1/3006 3005/1/3005 
f 3024/1/3024 3025/1/3025 3026/1/3026 
f 3026/1/3026 3021/1/3021 3020/1/3020 
f 3020/1/3020 3023/1/3023 3026/1/3026 
f 3020/1/3020 2991/1/2991 3006/1/3006 
f 3027/1/3027 3028/1/3028 3029/1/3029 
f 3029/1/3029 3030/1/3030 3027/1/3027 
f 3027/1/3027 3031/1/3031 3032/1/3032 
f 3032/1/3032 3028/1/3028 3027/1/3027 
f 3028/1/3028 3032/1/3032 3002/1/3002 
f 3002/1/3002 3001/1/3001 3028/1/3028 
f 3001/1/3001 2997/1/2997 3029/1/3029 
f 3029/1/3029 3028/1/3028 3001/1/3001 
f 3033/1/3033 3034/1/3034 3005/1/3005 
f 3005/1/3005 3004/1/3004 3033/1/3033 
f 3004/1/3004 3002/1/3002 3032/1/3032 
f 3032/1/3032 3033/1/3033 3004/1/3004 
f 3033/1/3033 3032/1/3032 3031/1/3031 
f 3035/1/3035 3036/1/3036 3034/1/3034 
f 3037/1/3037 3025/1/3025 3024/1/3024 
f 3024/1/3024 3005/1/3005 3034/1/3034 
f 3034/1/3034 3036/1/3036 3038/1/3038 
f 3038/1/3038 3039/1/3039 3034/1/3034 
f 3039/1/3039 3038/1/3038 3040/1/3040 
f 3040/1/3040 3037/1/3037 3039/1/3039 
f 3041/1/3041 3037/1/3037 3040/1/3040 
f 3040/1/3040 3042/1/3042 3041/1/3041 
f 3042/1/3042 3043/1/3043 3044/1/3044 
f 3044/1/3044 3045/1/3045 3046/1/3046 
f 3046/1/3046 3041/1/3041 3044/1/3044 
f 3046/1/3046 3025/1/3025 3037/1/3037 
f 3047/1/3047 3044/1/3044 3043/1/3043 
f 3043/1/3043 3048/1/3048 3047/1/3047 
f 3047/1/3047 3048/1/3048 3049/1/3049 
f 3049/1/3049 3050/1/3050 3047/1/3047 
f 3047/1/3047 3050/1/3050 3051/1/3051 
f 3051/1/3051 3052/1/3052 3047/1/3047 
f 3052/1/3052 3045/1/3045 3044/1/3044 
f 3044/1/3044 3047/1/3047 3052/1/3052 
f 3053/1/3053 3054/1/3054 3055/1/3055 
f 3055/1/3055 3056/1/3056 3053/1/3053 
f 3056/1/3056 3057/1/3057 3058/1/3058 
f 3058/1/3058 3053/1/3053 3056/1/3056 
f 3058/1/3058 3051/1/3051 3050/1/3050 
f 3050/1/3050 3053/1/3053 3058/1/3058 
f 3050/1/3050 3049/1/3049 3054/1/3054 
f 3054/1/3054 3053/1/3053 3050/1/3050 
f 3059/1/3059 3060/1/3060 3061/1/3061 
f 3061/1/3061 3062/1/3062 3059/1/3059 
f 3062/1/3062 3012/1/3012 3063/1/3063 
f 3063/1/3063 3059/1/3059 3062/1/3062 
f 3063/1/3063 3064/1/3064 3065/1/3065 
f 3065/1/3065 3059/1/3059 3063/1/3063 
f 3059/1/3059 3065/1/3065 3066/1/3066 
f 3066/1/3066 3060/1/3060 3059/1/3059 
f 3067/1/3067 3011/1/3011 3010/1/3010 
f 3010/1/3010 3068/1/3068 3067/1/3067 
f 3068/1/3068 3069/1/3069 3070/1/3070 
f 3070/1/3070 3067/1/3067 3068/1/3068 
f 3067/1/3067 3070/1/3070 3064/1/3064 
f 3064/1/3064 3063/1/3063 3067/1/3067 
f 3063/1/3063 3012/1/3012 3011/1/3011 
f 3011/1/3011 3067/1/3067 3063/1/3063 
f 3071/1/3071 3018/1/3018 3017/1/3017 
f 3072/1/3072 3073/1/3073 3074/1/3074 
f 3074/1/3074 3071/1/3071 3072/1/3072 
f 3071/1/3071 3074/1/3074 3069/1/3069 
f 3069/1/3069 3068/1/3068 3071/1/3071 
f 3068/1/3068 3010/1/3010 3018/1/3018 
f 3018/1/3018 3071/1/3071 3068/1/3068 
f 3075/1/3075 3072/1/3072 3017/1/3017 
f 3017/1/3017 3022/1/3022 3075/1/3075 
f 3022/1/3022 3021/1/3021 3076/1/3076 
f 3076/1/3076 3075/1/3075 3022/1/3022 
f 3075/1/3075 3076/1/3076 3077/1/3077 
f 3077/1/3077 3078/1/3078 3075/1/3075 
f 3078/1/3078 3073/1/3073 3072/1/3072 
f 3072/1/3072 3075/1/3075 3078/1/3078 
f 3079/1/3079 3076/1/3076 3021/1/3021 
f 3021/1/3021 3026/1/3026 3079/1/3079 
f 3026/1/3026 3025/1/3025 3080/1/3080 
f 3080/1/3080 3079/1/3079 3026/1/3026 
f 3081/1/3081 3079/1/3079 3080/1/3080 
f 3080/1/3080 3082/1/3082 3081/1/3081 
f 3081/1/3081 3077/1/3077 3076/1/3076 
f 3076/1/3076 3079/1/3079 3081/1/3081 
f 3083/1/3083 3046/1/3046 3045/1/3045 
f 3045/1/3045 3084/1/3084 3083/1/3083 
f 3084/1/3084 3085/1/3085 3086/1/3086 
f 3086/1/3086 3083/1/3083 3084/1/3084 
f 3083/1/3083 3086/1/3086 3082/1/3082 
f 3082/1/3082 3080/1/3080 3083/1/3083 
f 3080/1/3080 3025/1/3025 3046/1/3046 
f 3046/1/3046 3083/1/3083 3080/1/3080 
f 3052/1/3052 3051/1/3051 3087/1/3087 
f 3087/1/3087 3088/1/3088 3052/1/3052 
f 3087/1/3087 3089/1/3089 3090/1/3090 
f 3090/1/3090 3088/1/3088 3087/1/3087 
f 3088/1/3088 3090/1/3090 3085/1/3085 
f 3085/1/3085 3084/1/3084 3088/1/3088 
f 3084/1/3084 3045/1/3045 3052/1/3052 
f 3052/1/3052 3088/1/3088 3084/1/3084 
f 3091/1/3091 3087/1/3087 3051/1/3051 
f 3051/1/3051 3058/1/3058 3091/1/3091 
f 3091/1/3091 3058/1/3058 3057/1/3057 
f 3057/1/3057 3092/1/3092 3091/1/3091 
f 3092/1/3092 3093/1/3093 3094/1/3094 
f 3094/1/3094 3091/1/3091 3092/1/3092 
f 3091/1/3091 3094/1/3094 3089/1/3089 
f 3089/1/3089 3087/1/3087 3091/1/3091 
f 3095/1/3095 3096/1/3096 3066/1/3066 
f 3066/1/3066 3065/1/3065 3095/1/3095 
f 3065/1/3065 3064/1/3064 3097/1/3097 
f 3097/1/3097 3095/1/3095 3065/1/3065 
f 3095/1/3095 3097/1/3097 3098/1/3098 
f 3098/1/3098 3099/1/3099 3095/1/3095 
f 3099/1/3099 3100/1/3100 3096/1/3096 
f 3096/1/3096 3095/1/3095 3099/1/3099 
f 3097/1/3097 3064/1/3064 3070/1/3070 
f 3070/1/3070 3101/1/3101 3097/1/3097 
f 3101/1/3101 3070/1/3070 3069/1/3069 
f 3069/1/3069 3102/1/3102 3101/1/3101 
f 3101/1/3101 3102/1/3102 3103/1/3103 
f 3103/1/3103 3104/1/3104 3101/1/3101 
f 3104/1/3104 3098/1/3098 3097/1/3097 
f 3097/1/3097 3101/1/3101 3104/1/3104 
f 3105/1/3105 3106/1/3106 3107/1/3107 
f 3107/1/3107 3108/1/3108 3105/1/3105 
f 3108/1/3108 3103/1/3103 3102/1/3102 
f 3102/1/3102 3105/1/3105 3108/1/3108 
f 3102/1/3102 3069/1/3069 3074/1/3074 
f 3074/1/3074 3105/1/3105 3102/1/3102 
f 3105/1/3105 3074/1/3074 3073/1/3073 
f 3073/1/3073 3106/1/3106 3105/1/3105 
f 3108/1/3108 3107/1/3107 3109/1/3109 
f 3109/1/3109 3110/1/3110 3108/1/3108 
f 3110/1/3110 3109/1/3109 3111/1/3111 
f 3112/1/3112 3103/1/3103 3108/1/3108 
f 3108/1/3108 3110/1/3110 3112/1/3112 
f 3113/1/3113 3114/1/3114 3115/1/3115 
f 3115/1/3115 3116/1/3116 3113/1/3113 
f 3116/1/3116 3107/1/3107 3106/1/3106 
f 3106/1/3106 3113/1/3113 3116/1/3116 
f 3113/1/3113 3106/1/3106 3073/1/3073 
f 3073/1/3073 3078/1/3078 3113/1/3113 
f 3078/1/3078 3077/1/3077 3114/1/3114 
f 3114/1/3114 3113/1/3113 3078/1/3078 
f 3117/1/3117 3081/1/3081 3082/1/3082 
f 3082/1/3082 3118/1/3118 3117/1/3117 
f 3117/1/3117 3118/1/3118 3119/1/3119 
f 3119/1/3119 3120/1/3120 3117/1/3117 
f 3120/1/3120 3115/1/3115 3114/1/3114 
f 3114/1/3114 3117/1/3117 3120/1/3120 
f 3081/1/3081 3117/1/3117 3114/1/3114 
f 3114/1/3114 3077/1/3077 3081/1/3081 
f 3121/1/3121 3086/1/3086 3085/1/3085 
f 3085/1/3085 3122/1/3122 3121/1/3121 
f 3121/1/3121 3122/1/3122 3123/1/3123 
f 3123/1/3123 3124/1/3124 3121/1/3121 
f 3118/1/3118 3121/1/3121 3124/1/3124 
f 3124/1/3124 3119/1/3119 3118/1/3118 
f 3118/1/3118 3082/1/3082 3086/1/3086 
f 3086/1/3086 3121/1/3121 3118/1/3118 
f 3125/1/3125 3126/1/3126 3127/1/3127 
f 3127/1/3127 3128/1/3128 3125/1/3125 
f 3128/1/3128 3123/1/3123 3122/1/3122 
f 3122/1/3122 3125/1/3125 3128/1/3128 
f 3122/1/3122 3085/1/3085 3090/1/3090 
f 3090/1/3090 3125/1/3125 3122/1/3122 
f 3125/1/3125 3090/1/3090 3089/1/3089 
f 3089/1/3089 3126/1/3126 3125/1/3125 
f 3129/1/3129 3130/1/3130 3131/1/3131 
f 3131/1/3131 3132/1/3132 3129/1/3129 
f 3132/1/3132 3133/1/3133 3134/1/3134 
f 3134/1/3134 3129/1/3129 3132/1/3132 
f 3129/1/3129 3134/1/3134 3036/1/3036 
f 3036/1/3036 3035/1/3035 3129/1/3129 
f 3035/1/3035 3031/1/3031 3130/1/3130 
f 3135/1/3135 3136/1/3136 3137/1/3137 
f 3137/1/3137 3138/1/3138 3135/1/3135 
f 3138/1/3138 3139/1/3139 3140/1/3140 
f 3140/1/3140 3135/1/3135 3138/1/3138 
f 3135/1/3135 3140/1/3140 3133/1/3133 
f 3133/1/3133 3132/1/3132 3135/1/3135 
f 3132/1/3132 3131/1/3131 3136/1/3136 
f 3136/1/3136 3135/1/3135 3132/1/3132 
f 3141/1/3141 3134/1/3134 3133/1/3133 
f 3133/1/3133 3142/1/3142 3141/1/3141 
f 3142/1/3142 3143/1/3143 3144/1/3144 
f 3144/1/3144 3141/1/3141 3142/1/3142 
f 3141/1/3141 3144/1/3144 3040/1/3040 
f 3040/1/3040 3038/1/3038 3141/1/3141 
f 3038/1/3038 3036/1/3036 3134/1/3134 
f 3134/1/3134 3141/1/3141 3038/1/3038 
f 3145/1/3145 3140/1/3140 3139/1/3139 
f 3139/1/3139 3146/1/3146 3145/1/3145 
f 3146/1/3146 3147/1/3147 3148/1/3148 
f 3148/1/3148 3145/1/3145 3146/1/3146 
f 3145/1/3145 3148/1/3148 3143/1/3143 
f 3143/1/3143 3142/1/3142 3145/1/3145 
f 3142/1/3142 3133/1/3133 3140/1/3140 
f 3140/1/3140 3145/1/3145 3142/1/3142 
f 3149/1/3149 3150/1/3150 3151/1/3151 
f 3151/1/3151 3152/1/3152 3149/1/3149 
f 3152/1/3152 3153/1/3153 3154/1/3154 
f 3154/1/3154 3149/1/3149 3152/1/3152 
f 3149/1/3149 3154/1/3154 3147/1/3147 
f 3147/1/3147 3146/1/3146 3149/1/3149 
f 3146/1/3146 3139/1/3139 3150/1/3150 
f 3150/1/3150 3149/1/3149 3146/1/3146 
f 3155/1/3155 3144/1/3144 3143/1/3143 
f 3143/1/3143 3156/1/3156 3155/1/3155 
f 3156/1/3156 3157/1/3157 3158/1/3158 
f 3158/1/3158 3155/1/3155 3156/1/3156 
f 3155/1/3155 3158/1/3158 3043/1/3043 
f 3043/1/3043 3042/1/3042 3155/1/3155 
f 3042/1/3042 3040/1/3040 3144/1/3144 
f 3144/1/3144 3155/1/3155 3042/1/3042 
f 3159/1/3159 3160/1/3160 3161/1/3161 
f 3161/1/3161 3162/1/3162 3159/1/3159 
f 3162/1/3162 3147/1/3147 3154/1/3154 
f 3154/1/3154 3159/1/3159 3162/1/3162 
f 3159/1/3159 3154/1/3154 3153/1/3153 
f 3153/1/3153 3163/1/3163 3159/1/3159 
f 3163/1/3163 3164/1/3164 3160/1/3160 
f 3160/1/3160 3159/1/3159 3163/1/3163 
f 3165/1/3165 3148/1/3148 3147/1/3147 
f 3147/1/3147 3162/1/3162 3165/1/3165 
f 3162/1/3162 3161/1/3161 3166/1/3166 
f 3166/1/3166 3165/1/3165 3162/1/3162 
f 3165/1/3165 3166/1/3166 3157/1/3157 
f 3157/1/3157 3156/1/3156 3165/1/3165 
f 3156/1/3156 3143/1/3143 3148/1/3148 
f 3148/1/3148 3165/1/3165 3156/1/3156 
f 3167/1/3167 3158/1/3158 3157/1/3157 
f 3157/1/3157 3168/1/3168 3167/1/3167 
f 3168/1/3168 3169/1/3169 3170/1/3170 
f 3167/1/3167 3170/1/3170 3049/1/3049 
f 3049/1/3049 3048/1/3048 3167/1/3167 
f 3048/1/3048 3043/1/3043 3158/1/3158 
f 3158/1/3158 3167/1/3167 3048/1/3048 
f 3171/1/3171 3170/1/3170 3169/1/3169 
f 3172/1/3172 3173/1/3173 3174/1/3174 
f 3174/1/3174 3171/1/3171 3172/1/3172 
f 3171/1/3171 3174/1/3174 3055/1/3055 
f 3055/1/3055 3054/1/3054 3171/1/3171 
f 3054/1/3054 3049/1/3049 3170/1/3170 
f 3170/1/3170 3171/1/3171 3054/1/3054 
f 3175/1/3175 3166/1/3166 3161/1/3161 
f 3161/1/3161 3176/1/3176 3175/1/3175 
f 3176/1/3176 3177/1/3177 3178/1/3178 
f 3178/1/3178 3175/1/3175 3176/1/3176 
f 3175/1/3175 3178/1/3178 3169/1/3169 
f 3169/1/3169 3168/1/3168 3175/1/3175 
f 3168/1/3168 3157/1/3157 3166/1/3166 
f 3166/1/3166 3175/1/3175 3168/1/3168 
f 3179/1/3179 3160/1/3160 3164/1/3164 
f 3164/1/3164 3180/1/3180 3179/1/3179 
f 3180/1/3180 3181/1/3181 3182/1/3182 
f 3182/1/3182 3179/1/3179 3180/1/3180 
f 3179/1/3179 3182/1/3182 3177/1/3177 
f 3177/1/3177 3176/1/3176 3179/1/3179 
f 3176/1/3176 3161/1/3161 3160/1/3160 
f 3160/1/3160 3179/1/3179 3176/1/3176 
f 3183/1/3183 3178/1/3178 3177/1/3177 
f 3177/1/3177 3184/1/3184 3183/1/3183 
f 3184/1/3184 3185/1/3185 3186/1/3186 
f 3186/1/3186 3183/1/3183 3184/1/3184 
f 3183/1/3183 3186/1/3186 3173/1/3173 
f 3173/1/3173 3172/1/3172 3183/1/3183 
f 3172/1/3172 3169/1/3169 3178/1/3178 
f 3178/1/3178 3183/1/3183 3172/1/3172 
f 3187/1/3187 3182/1/3182 3181/1/3181 
f 3181/1/3181 3188/1/3188 3187/1/3187 
f 3188/1/3188 3189/1/3189 3190/1/3190 
f 3190/1/3190 3187/1/3187 3188/1/3188 
f 3187/1/3187 3190/1/3190 3185/1/3185 
f 3185/1/3185 3184/1/3184 3187/1/3187 
f 3184/1/3184 3177/1/3177 3182/1/3182 
f 3182/1/3182 3187/1/3187 3184/1/3184 
f 3191/1/3191 3186/1/3186 3185/1/3185 
f 3185/1/3185 3192/1/3192 3191/1/3191 
f 3192/1/3192 3193/1/3193 3194/1/3194 
f 3194/1/3194 3191/1/3191 3192/1/3192 
f 3191/1/3191 3194/1/3194 3195/1/3195 
f 3195/1/3195 3196/1/3196 3191/1/3191 
f 3196/1/3196 3173/1/3173 3186/1/3186 
f 3186/1/3186 3191/1/3191 3196/1/3196 
f 3197/1/3197 3190/1/3190 3189/1/3189 
f 3189/1/3189 3198/1/3198 3197/1/3197 
f 3198/1/3198 3199/1/3199 3200/1/3200 
f 3200/1/3200 3197/1/3197 3198/1/3198 
f 3197/1/3197 3200/1/3200 3193/1/3193 
f 3193/1/3193 3192/1/3192 3197/1/3197 
f 3192/1/3192 3185/1/3185 3190/1/3190 
f 3190/1/3190 3197/1/3197 3192/1/3192 
f 3201/1/3201 3200/1/3200 3199/1/3199 
f 3199/1/3199 3202/1/3202 3201/1/3201 
f 3202/1/3202 3203/1/3203 3204/1/3204 
f 3204/1/3204 3201/1/3201 3202/1/3202 
f 3201/1/3201 3204/1/3204 3205/1/3205 
f 3205/1/3205 3206/1/3206 3201/1/3201 
f 3206/1/3206 3193/1/3193 3200/1/3200 
f 3200/1/3200 3201/1/3201 3206/1/3206 
f 3207/1/3207 3208/1/3208 3209/1/3209 
f 3209/1/3209 3210/1/3210 3207/1/3207 
f 3210/1/3210 3205/1/3205 3204/1/3204 
f 3204/1/3204 3207/1/3207 3210/1/3210 
f 3207/1/3207 3204/1/3204 3203/1/3203 
f 3203/1/3203 3211/1/3211 3207/1/3207 
f 3211/1/3211 3212/1/3212 3208/1/3208 
f 3208/1/3208 3207/1/3207 3211/1/3211 
f 3213/1/3213 3208/1/3208 3212/1/3212 
f 3212/1/3212 3214/1/3214 3213/1/3213 
f 3214/1/3214 3215/1/3215 3216/1/3216 
f 3216/1/3216 3213/1/3213 3214/1/3214 
f 3213/1/3213 3216/1/3216 3217/1/3217 
f 3217/1/3217 3218/1/3218 3213/1/3213 
f 3218/1/3218 3209/1/3209 3208/1/3208 
f 3208/1/3208 3213/1/3213 3218/1/3218 
f 3219/1/3219 3220/1/3220 3111/1/3111 
f 3111/1/3111 3109/1/3109 3219/1/3219 
f 3109/1/3109 3107/1/3107 3221/1/3221 
f 3221/1/3221 3219/1/3219 3109/1/3109 
f 3219/1/3219 3221/1/3221 3222/1/3222 
f 3222/1/3222 3223/1/3223 3219/1/3219 
f 3223/1/3223 3224/1/3224 3220/1/3220 
f 3220/1/3220 3219/1/3219 3223/1/3223 
f 3221/1/3221 3107/1/3107 3116/1/3116 
f 3116/1/3116 3225/1/3225 3221/1/3221 
f 3116/1/3116 3115/1/3115 3226/1/3226 
f 3226/1/3226 3225/1/3225 3116/1/3116 
f 3225/1/3225 3226/1/3226 3227/1/3227 
f 3227/1/3227 3228/1/3228 3225/1/3225 
f 3228/1/3228 3222/1/3222 3221/1/3221 
f 3221/1/3221 3225/1/3225 3228/1/3228 
f 3229/1/3229 3226/1/3226 3115/1/3115 
f 3115/1/3115 3120/1/3120 3229/1/3229 
f 3120/1/3120 3119/1/3119 3230/1/3230 
f 3230/1/3230 3229/1/3229 3120/1/3120 
f 3229/1/3229 3230/1/3230 3231/1/3231 
f 3231/1/3231 3232/1/3232 3229/1/3229 
f 3232/1/3232 3227/1/3227 3226/1/3226 
f 3226/1/3226 3229/1/3229 3232/1/3232 
f 3233/1/3233 3230/1/3230 3119/1/3119 
f 3119/1/3119 3124/1/3124 3233/1/3233 
f 3124/1/3124 3123/1/3123 3234/1/3234 
f 3234/1/3234 3233/1/3233 3124/1/3124 
f 3233/1/3233 3234/1/3234 3235/1/3235 
f 3235/1/3235 3236/1/3236 3233/1/3233 
f 3236/1/3236 3231/1/3231 3230/1/3230 
f 3230/1/3230 3233/1/3233 3236/1/3236 
f 3237/1/3237 3238/1/3238 3231/1/3231 
f 3231/1/3231 3236/1/3236 3237/1/3237 
f 3236/1/3236 3235/1/3235 3239/1/3239 
f 3239/1/3239 3237/1/3237 3236/1/3236 
f 3237/1/3237 3239/1/3239 3240/1/3240 
f 3240/1/3240 3241/1/3241 3237/1/3237 
f 3241/1/3241 3242/1/3242 3238/1/3238 
f 3238/1/3238 3237/1/3237 3241/1/3241 
f 3243/1/3243 3244/1/3244 3245/1/3245 
f 3245/1/3245 3246/1/3246 3243/1/3243 
f 3246/1/3246 3247/1/3247 3248/1/3248 
f 3248/1/3248 3243/1/3243 3246/1/3246 
f 3243/1/3243 3248/1/3248 3153/1/3153 
f 3153/1/3153 3152/1/3152 3243/1/3243 
f 3152/1/3152 3151/1/3151 3244/1/3244 
f 3244/1/3244 3243/1/3243 3152/1/3152 
f 3249/1/3249 3248/1/3248 3247/1/3247 
f 3247/1/3247 3250/1/3250 3249/1/3249 
f 3250/1/3250 3251/1/3251 3252/1/3252 
f 3252/1/3252 3249/1/3249 3250/1/3250 
f 3249/1/3249 3252/1/3252 3164/1/3164 
f 3164/1/3164 3163/1/3163 3249/1/3249 
f 3163/1/3163 3153/1/3153 3248/1/3248 
f 3248/1/3248 3249/1/3249 3163/1/3163 
f 3253/1/3253 3252/1/3252 3251/1/3251 
f 3251/1/3251 3254/1/3254 3253/1/3253 
f 3254/1/3254 3255/1/3255 3256/1/3256 
f 3256/1/3256 3253/1/3253 3254/1/3254 
f 3253/1/3253 3256/1/3256 3181/1/3181 
f 3181/1/3181 3180/1/3180 3253/1/3253 
f 3180/1/3180 3164/1/3164 3252/1/3252 
f 3252/1/3252 3253/1/3253 3180/1/3180 
f 3257/1/3257 3256/1/3256 3255/1/3255 
f 3255/1/3255 3258/1/3258 3257/1/3257 
f 3258/1/3258 3259/1/3259 3260/1/3260 
f 3260/1/3260 3257/1/3257 3258/1/3258 
f 3257/1/3257 3260/1/3260 3189/1/3189 
f 3189/1/3189 3188/1/3188 3257/1/3257 
f 3188/1/3188 3181/1/3181 3256/1/3256 
f 3256/1/3256 3257/1/3257 3188/1/3188 
f 3261/1/3261 3260/1/3260 3259/1/3259 
f 3259/1/3259 3262/1/3262 3261/1/3261 
f 3262/1/3262 3263/1/3263 3264/1/3264 
f 3264/1/3264 3261/1/3261 3262/1/3262 
f 3261/1/3261 3264/1/3264 3199/1/3199 
f 3199/1/3199 3198/1/3198 3261/1/3261 
f 3198/1/3198 3189/1/3189 3260/1/3260 
f 3260/1/3260 3261/1/3261 3198/1/3198 
f 3265/1/3265 3264/1/3264 3263/1/3263 
f 3263/1/3263 3266/1/3266 3265/1/3265 
f 3266/1/3266 3267/1/3267 3268/1/3268 
f 3268/1/3268 3265/1/3265 3266/1/3266 
f 3265/1/3265 3268/1/3268 3203/1/3203 
f 3203/1/3203 3202/1/3202 3265/1/3265 
f 3202/1/3202 3199/1/3199 3264/1/3264 
f 3264/1/3264 3265/1/3265 3202/1/3202 
f 3269/1/3269 3268/1/3268 3267/1/3267 
f 3267/1/3267 3270/1/3270 3269/1/3269 
f 3270/1/3270 3271/1/3271 3272/1/3272 
f 3272/1/3272 3269/1/3269 3270/1/3270 
f 3269/1/3269 3272/1/3272 3212/1/3212 
f 3212/1/3212 3211/1/3211 3269/1/3269 
f 3211/1/3211 3203/1/3203 3268/1/3268 
f 3268/1/3268 3269/1/3269 3211/1/3211 
f 3273/1/3273 3272/1/3272 3271/1/3271 
f 3271/1/3271 3274/1/3274 3273/1/3273 
f 3274/1/3274 3275/1/3275 3276/1/3276 
f 3276/1/3276 3273/1/3273 3274/1/3274 
f 3273/1/3273 3276/1/3276 3215/1/3215 
f 3215/1/3215 3214/1/3214 3273/1/3273 
f 3214/1/3214 3212/1/3212 3272/1/3272 
f 3272/1/3272 3273/1/3273 3214/1/3214 
f 3277/1/3277 3278/1/3278 3279/1/3279 
f 3279/1/3279 3280/1/3280 3277/1/3277 
f 3280/1/3280 3281/1/3281 3282/1/3282 
f 3282/1/3282 3277/1/3277 3280/1/3280 
f 3277/1/3277 3282/1/3282 3245/1/3245 
f 3245/1/3245 3283/1/3283 3277/1/3277 
f 3283/1/3283 3284/1/3284 3278/1/3278 
f 3278/1/3278 3277/1/3277 3283/1/3283 
f 3285/1/3285 3282/1/3282 3281/1/3281 
f 3281/1/3281 3286/1/3286 3285/1/3285 
f 3286/1/3286 3287/1/3287 3288/1/3288 
f 3288/1/3288 3285/1/3285 3286/1/3286 
f 3285/1/3285 3288/1/3288 3247/1/3247 
f 3247/1/3247 3246/1/3246 3285/1/3285 
f 3246/1/3246 3245/1/3245 3282/1/3282 
f 3282/1/3282 3285/1/3285 3246/1/3246 
f 3289/1/3289 3288/1/3288 3287/1/3287 
f 3287/1/3287 3290/1/3290 3289/1/3289 
f 3290/1/3290 3291/1/3291 3292/1/3292 
f 3292/1/3292 3289/1/3289 3290/1/3290 
f 3289/1/3289 3292/1/3292 3251/1/3251 
f 3251/1/3251 3250/1/3250 3289/1/3289 
f 3250/1/3250 3247/1/3247 3288/1/3288 
f 3288/1/3288 3289/1/3289 3250/1/3250 
f 3293/1/3293 3292/1/3292 3291/1/3291 
f 3291/1/3291 3294/1/3294 3293/1/3293 
f 3294/1/3294 3295/1/3295 3296/1/3296 
f 3296/1/3296 3293/1/3293 3294/1/3294 
f 3293/1/3293 3296/1/3296 3255/1/3255 
f 3255/1/3255 3254/1/3254 3293/1/3293 
f 3254/1/3254 3251/1/3251 3292/1/3292 
f 3292/1/3292 3293/1/3293 3254/1/3254 
f 3297/1/3297 3296/1/3296 3295/1/3295 
f 3295/1/3295 3298/1/3298 3297/1/3297 
f 3298/1/3298 3299/1/3299 3300/1/3300 
f 3300/1/3300 3297/1/3297 3298/1/3298 
f 3297/1/3297 3300/1/3300 3259/1/3259 
f 3259/1/3259 3258/1/3258 3297/1/3297 
f 3258/1/3258 3255/1/3255 3296/1/3296 
f 3296/1/3296 3297/1/3297 3258/1/3258 
f 3301/1/3301 3300/1/3300 3299/1/3299 
f 3299/1/3299 3302/1/3302 3301/1/3301 
f 3302/1/3302 3303/1/3303 3304/1/3304 
f 3304/1/3304 3301/1/3301 3302/1/3302 
f 3301/1/3301 3304/1/3304 3263/1/3263 
f 3263/1/3263 3262/1/3262 3301/1/3301 
f 3262/1/3262 3259/1/3259 3300/1/3300 
f 3300/1/3300 3301/1/3301 3262/1/3262 
f 3305/1/3305 3304/1/3304 3303/1/3303 
f 3303/1/3303 3306/1/3306 3305/1/3305 
f 3306/1/3306 3307/1/3307 3308/1/3308 
f 3308/1/3308 3305/1/3305 3306/1/3306 
f 3305/1/3305 3308/1/3308 3267/1/3267 
f 3267/1/3267 3266/1/3266 3305/1/3305 
f 3266/1/3266 3263/1/3263 3304/1/3304 
f 3304/1/3304 3305/1/3305 3266/1/3266 
f 3309/1/3309 3308/1/3308 3307/1/3307 
f 3307/1/3307 3310/1/3310 3309/1/3309 
f 3310/1/3310 3311/1/3311 3312/1/3312 
f 3312/1/3312 3309/1/3309 3310/1/3310 
f 3309/1/3309 3312/1/3312 3271/1/3271 
f 3271/1/3271 3270/1/3270 3309/1/3309 
f 3270/1/3270 3267/1/3267 3308/1/3308 
f 3308/1/3308 3309/1/3309 3270/1/3270 
f 3313/1/3313 3314/1/3314 3315/1/3315 
f 3315/1/3315 3316/1/3316 3313/1/3313 
f 3316/1/3316 3317/1/3317 3318/1/3318 
f 3318/1/3318 3313/1/3313 3316/1/3316 
f 3313/1/3313 3318/1/3318 3279/1/3279 
f 3279/1/3279 3319/1/3319 3313/1/3313 
f 3319/1/3319 3320/1/3320 3314/1/3314 
f 3314/1/3314 3313/1/3313 3319/1/3319 
f 3321/1/3321 3318/1/3318 3317/1/3317 
f 3317/1/3317 3322/1/3322 3321/1/3321 
f 3322/1/3322 3323/1/3323 3324/1/3324 
f 3324/1/3324 3321/1/3321 3322/1/3322 
f 3321/1/3321 3324/1/3324 3281/1/3281 
f 3281/1/3281 3280/1/3280 3321/1/3321 
f 3280/1/3280 3279/1/3279 3318/1/3318 
f 3318/1/3318 3321/1/3321 3280/1/3280 
f 3325/1/3325 3324/1/3324 3323/1/3323 
f 3323/1/3323 3326/1/3326 3325/1/3325 
f 3326/1/3326 3327/1/3327 3328/1/3328 
f 3328/1/3328 3325/1/3325 3326/1/3326 
f 3325/1/3325 3328/1/3328 3287/1/3287 
f 3287/1/3287 3286/1/3286 3325/1/3325 
f 3286/1/3286 3281/1/3281 3324/1/3324 
f 3324/1/3324 3325/1/3325 3286/1/3286 
f 3329/1/3329 3328/1/3328 3327/1/3327 
f 3327/1/3327 3330/1/3330 3329/1/3329 
f 3330/1/3330 3331/1/3331 3332/1/3332 
f 3332/1/3332 3329/1/3329 3330/1/3330 
f 3329/1/3329 3332/1/3332 3291/1/3291 
f 3291/1/3291 3290/1/3290 3329/1/3329 
f 3290/1/3290 3287/1/3287 3328/1/3328 
f 3328/1/3328 3329/1/3329 3290/1/3290 
f 3333/1/3333 3332/1/3332 3331/1/3331 
f 3331/1/3331 3334/1/3334 3333/1/3333 
f 3334/1/3334 3335/1/3335 3336/1/3336 
f 3336/1/3336 3333/1/3333 3334/1/3334 
f 3333/1/3333 3336/1/3336 3295/1/3295 
f 3295/1/3295 3294/1/3294 3333/1/3333 
f 3294/1/3294 3291/1/3291 3332/1/3332 
f 3332/1/3332 3333/1/3333 3294/1/3294 
f 3337/1/3337 3336/1/3336 3335/1/3335 
f 3335/1/3335 3338/1/3338 3337/1/3337 
f 3338/1/3338 3339/1/3339 3340/1/3340 
f 3340/1/3340 3337/1/3337 3338/1/3338 
f 3337/1/3337 3340/1/3340 3299/1/3299 
f 3299/1/3299 3298/1/3298 3337/1/3337 
f 3298/1/3298 3295/1/3295 3336/1/3336 
f 3336/1/3336 3337/1/3337 3298/1/3298 
f 3341/1/3341 3340/1/3340 3339/1/3339 
f 3339/1/3339 3342/1/3342 3341/1/3341 
f 3342/1/3342 3343/1/3343 3344/1/3344 
f 3344/1/3344 3341/1/3341 3342/1/3342 
f 3341/1/3341 3344/1/3344 3303/1/3303 
f 3303/1/3303 3302/1/3302 3341/1/3341 
f 3302/1/3302 3299/1/3299 3340/1/3340 
f 3340/1/3340 3341/1/3341 3302/1/3302 
f 3345/1/3345 3344/1/3344 3343/1/3343 
f 3343/1/3343 3346/1/3346 3345/1/3345 
f 3346/1/3346 3347/1/3347 3348/1/3348 
f 3348/1/3348 3345/1/3345 3346/1/3346 
f 3345/1/3345 3348/1/3348 3307/1/3307 
f 3307/1/3307 3306/1/3306 3345/1/3345 
f 3306/1/3306 3303/1/3303 3344/1/3344 
f 3344/1/3344 3345/1/3345 3306/1/3306 
f 3349/1/3349 3348/1/3348 3347/1/3347 
f 3347/1/3347 3350/1/3350 3349/1/3349 
f 3350/1/3350 3351/1/3351 3352/1/3352 
f 3352/1/3352 3349/1/3349 3350/1/3350 
f 3349/1/3349 3352/1/3352 3311/1/3311 
f 3311/1/3311 3310/1/3310 3349/1/3349 
f 3310/1/3310 3307/1/3307 3348/1/3348 
f 3348/1/3348 3349/1/3349 3310/1/3310 
f 3353/1/3353 3354/1/3354 3355/1/3355 
f 3355/1/3355 3356/1/3356 3353/1/3353 
f 3355/1/3355 3357/1/3357 3358/1/3358 
f 3358/1/3358 3356/1/3356 3355/1/3355 
f 3356/1/3356 3358/1/3358 3012/1/3012 
f 3012/1/3012 3062/1/3062 3356/1/3356 
f 3062/1/3062 3061/1/3061 3353/1/3353 
f 3353/1/3353 3356/1/3356 3062/1/3062 
f 3359/1/3359 3008/1/3008 3014/1/3014 
f 3360/1/3360 3361/1/3361 3362/1/3362 
f 3362/1/3362 3359/1/3359 3360/1/3360 
f 3359/1/3359 3362/1/3362 2980/1/2980 
f 2980/1/2980 2979/1/2979 3359/1/3359 
f 2979/1/2979 2986/1/2986 3008/1/3008 
f 3363/1/3363 2994/1/2994 2980/1/2980 
f 2980/1/2980 3362/1/3362 3363/1/3363 
f 3362/1/3362 3361/1/3361 3364/1/3364 
f 3364/1/3364 3363/1/3363 3362/1/3362 
f 3363/1/3363 3364/1/3364 3365/1/3365 
f 3365/1/3365 3366/1/3366 3363/1/3363 
f 3366/1/3366 2995/1/2995 2994/1/2994 
f 2994/1/2994 3363/1/3363 3366/1/3366 
f 3367/1/3367 3368/1/3368 3365/1/3365 
f 3365/1/3365 3364/1/3364 3367/1/3367 
f 3364/1/3364 3361/1/3361 3369/1/3369 
f 3367/1/3367 3369/1/3369 3370/1/3370 
f 3370/1/3370 3371/1/3371 3367/1/3367 
f 3371/1/3371 3372/1/3372 3368/1/3368 
f 3368/1/3368 3367/1/3367 3371/1/3371 
f 3373/1/3373 3358/1/3358 3357/1/3357 
f 3357/1/3357 3374/1/3374 3373/1/3373 
f 3374/1/3374 3361/1/3361 3360/1/3360 
f 3360/1/3360 3373/1/3373 3374/1/3374 
f 3373/1/3373 3360/1/3360 3014/1/3014 
f 3014/1/3014 3013/1/3013 3373/1/3373 
f 3013/1/3013 3012/1/3012 3358/1/3358 
f 3358/1/3358 3373/1/3373 3013/1/3013 
f 3375/1/3375 3376/1/3376 3370/1/3370 
f 3369/1/3369 3361/1/3361 3374/1/3374 
f 3374/1/3374 3357/1/3357 3376/1/3376 
f 3377/1/3377 3378/1/3378 3379/1/3379 
f 3379/1/3379 3380/1/3380 3377/1/3377 
f 3380/1/3380 3381/1/3381 3382/1/3382 
f 3382/1/3382 3377/1/3377 3380/1/3380 
f 3377/1/3377 3382/1/3382 3383/1/3383 
f 3383/1/3383 3384/1/3384 3377/1/3377 
f 3384/1/3384 3385/1/3385 3378/1/3378 
f 3378/1/3378 3377/1/3377 3384/1/3384 
f 3386/1/3386 3382/1/3382 3381/1/3381 
f 3381/1/3381 3387/1/3387 3386/1/3386 
f 3387/1/3387 3388/1/3388 3389/1/3389 
f 3389/1/3389 3386/1/3386 3387/1/3387 
f 3386/1/3386 3389/1/3389 3390/1/3390 
f 3390/1/3390 3391/1/3391 3386/1/3386 
f 3391/1/3391 3383/1/3383 3382/1/3382 
f 3382/1/3382 3386/1/3386 3391/1/3391 
f 3392/1/3392 3393/1/3393 3394/1/3394 
f 3394/1/3394 3395/1/3395 3392/1/3392 
f 3395/1/3395 3390/1/3390 3389/1/3389 
f 3389/1/3389 3392/1/3392 3395/1/3395 
f 3392/1/3392 3389/1/3389 3388/1/3388 
f 3388/1/3388 3396/1/3396 3392/1/3392 
f 3396/1/3396 3397/1/3397 3393/1/3393 
f 3393/1/3393 3392/1/3392 3396/1/3396 
f 3398/1/3398 3393/1/3393 3397/1/3397 
f 3397/1/3397 3399/1/3399 3398/1/3398 
f 3399/1/3399 3400/1/3400 3401/1/3401 
f 3401/1/3401 3398/1/3398 3399/1/3399 
f 3398/1/3398 3401/1/3401 3402/1/3402 
f 3402/1/3402 3403/1/3403 3398/1/3398 
f 3403/1/3403 3394/1/3394 3393/1/3393 
f 3393/1/3393 3398/1/3398 3403/1/3403 
f 3404/1/3404 3405/1/3405 3406/1/3406 
f 3406/1/3406 3407/1/3407 3404/1/3404 
f 3407/1/3407 3408/1/3408 3409/1/3409 
f 3409/1/3409 3404/1/3404 3407/1/3407 
f 3404/1/3404 3409/1/3409 3410/1/3410 
f 3410/1/3410 3411/1/3411 3404/1/3404 
f 3411/1/3411 3400/1/3400 3405/1/3405 
f 3405/1/3405 3404/1/3404 3411/1/3411 
f 3412/1/3412 3413/1/3413 3414/1/3414 
f 3414/1/3414 3415/1/3415 3412/1/3412 
f 3415/1/3415 3402/1/3402 3401/1/3401 
f 3401/1/3401 3412/1/3412 3415/1/3415 
f 3412/1/3412 3401/1/3401 3400/1/3400 
f 3400/1/3400 3411/1/3411 3412/1/3412 
f 3411/1/3411 3410/1/3410 3413/1/3413 
f 3416/1/3416 3417/1/3417 3418/1/3418 
f 3418/1/3418 3419/1/3419 3416/1/3416 
f 3419/1/3419 3420/1/3420 3421/1/3421 
f 3421/1/3421 3416/1/3416 3419/1/3419 
f 3416/1/3416 3421/1/3421 3354/1/3354 
f 3354/1/3354 3353/1/3353 3416/1/3416 
f 3353/1/3353 3061/1/3061 3417/1/3417 
f 3417/1/3417 3416/1/3416 3353/1/3353 
f 3422/1/3422 3423/1/3423 3424/1/3424 
f 3424/1/3424 3425/1/3425 3422/1/3422 
f 3425/1/3425 3418/1/3418 3417/1/3417 
f 3417/1/3417 3422/1/3422 3425/1/3425 
f 3422/1/3422 3417/1/3417 3061/1/3061 
f 3061/1/3061 3060/1/3060 3422/1/3422 
f 3060/1/3060 3066/1/3066 3423/1/3423 
f 3423/1/3423 3422/1/3422 3060/1/3060 
f 3426/1/3426 3427/1/3427 3100/1/3100 
f 3100/1/3100 3099/1/3099 3426/1/3426 
f 3099/1/3099 3098/1/3098 3428/1/3428 
f 3428/1/3428 3426/1/3426 3099/1/3099 
f 3426/1/3426 3428/1/3428 3429/1/3429 
f 3429/1/3429 3430/1/3430 3426/1/3426 
f 3430/1/3430 3431/1/3431 3427/1/3427 
f 3427/1/3427 3426/1/3426 3430/1/3430 
f 3432/1/3432 3428/1/3428 3098/1/3098 
f 3098/1/3098 3104/1/3104 3432/1/3432 
f 3104/1/3104 3103/1/3103 3433/1/3433 
f 3433/1/3433 3432/1/3432 3104/1/3104 
f 3433/1/3433 3434/1/3434 3435/1/3435 
f 3435/1/3435 3432/1/3432 3433/1/3433 
f 3435/1/3435 3429/1/3429 3428/1/3428 
f 3428/1/3428 3432/1/3432 3435/1/3435 
f 3436/1/3436 3220/1/3220 3224/1/3224 
f 3224/1/3224 3437/1/3437 3436/1/3436 
f 3437/1/3437 3434/1/3434 3433/1/3433 
f 3433/1/3433 3436/1/3436 3437/1/3437 
f 3436/1/3436 3433/1/3433 3103/1/3103 
f 3103/1/3103 3112/1/3112 3436/1/3436 
f 3112/1/3112 3111/1/3111 3220/1/3220 
f 3220/1/3220 3436/1/3436 3112/1/3112 
f 3438/1/3438 3096/1/3096 3100/1/3100 
f 3100/1/3100 3439/1/3439 3438/1/3438 
f 3439/1/3439 3440/1/3440 3441/1/3441 
f 3438/1/3438 3441/1/3441 3424/1/3424 
f 3424/1/3424 3423/1/3423 3438/1/3438 
f 3423/1/3423 3066/1/3066 3096/1/3096 
f 3096/1/3096 3438/1/3438 3423/1/3423 
f 3442/1/3442 3443/1/3443 3444/1/3444 
f 3445/1/3445 3446/1/3446 3447/1/3447 
f 3447/1/3447 3442/1/3442 3445/1/3445 
f 3442/1/3442 3447/1/3447 3420/1/3420 
f 3420/1/3420 3419/1/3419 3442/1/3442 
f 3419/1/3419 3418/1/3418 3443/1/3443 
f 3443/1/3443 3442/1/3442 3419/1/3419 
f 3448/1/3448 3441/1/3441 3440/1/3440 
f 3440/1/3440 3449/1/3449 3448/1/3448 
f 3449/1/3449 3444/1/3444 3443/1/3443 
f 3448/1/3448 3443/1/3443 3418/1/3418 
f 3418/1/3418 3425/1/3425 3448/1/3448 
f 3425/1/3425 3424/1/3424 3441/1/3441 
f 3441/1/3441 3448/1/3448 3425/1/3425 
f 3450/1/3450 3427/1/3427 3431/1/3431 
f 3431/1/3431 3451/1/3451 3450/1/3450 
f 3451/1/3451 3440/1/3440 3439/1/3439 
f 3439/1/3439 3100/1/3100 3427/1/3427 
f 3427/1/3427 3450/1/3450 3439/1/3439 
f 3452/1/3452 3453/1/3453 3454/1/3454 
f 3454/1/3454 3455/1/3455 3452/1/3452 
f 3455/1/3455 3456/1/3456 3457/1/3457 
f 3457/1/3457 3452/1/3452 3455/1/3455 
f 3452/1/3452 3457/1/3457 3431/1/3431 
f 3431/1/3431 3430/1/3430 3452/1/3452 
f 3430/1/3430 3429/1/3429 3453/1/3453 
f 3453/1/3453 3452/1/3452 3430/1/3430 
f 3458/1/3458 3457/1/3457 3456/1/3456 
f 3456/1/3456 3459/1/3459 3458/1/3458 
f 3459/1/3459 3460/1/3460 3461/1/3461 
f 3461/1/3461 3458/1/3458 3459/1/3459 
f 3458/1/3458 3461/1/3461 3440/1/3440 
f 3440/1/3440 3451/1/3451 3458/1/3458 
f 3451/1/3451 3431/1/3431 3457/1/3457 
f 3457/1/3457 3458/1/3458 3451/1/3451 
f 3462/1/3462 3461/1/3461 3460/1/3460 
f 3463/1/3463 3464/1/3464 3465/1/3465 
f 3462/1/3462 3465/1/3465 3444/1/3444 
f 3449/1/3449 3440/1/3440 3461/1/3461 
f 3466/1/3466 3465/1/3465 3464/1/3464 
f 3467/1/3467 3468/1/3468 3469/1/3469 
f 3469/1/3469 3466/1/3466 3467/1/3467 
f 3466/1/3466 3469/1/3469 3444/1/3444 
f 3444/1/3444 3465/1/3465 3466/1/3466 
f 3470/1/3470 3469/1/3469 3468/1/3468 
f 3471/1/3471 3472/1/3472 3473/1/3473 
f 3470/1/3470 3473/1/3473 3446/1/3446 
f 3446/1/3446 3445/1/3445 3470/1/3470 
f 3445/1/3445 3444/1/3444 3469/1/3469 
f 3469/1/3469 3470/1/3470 3445/1/3445 
f 3474/1/3474 3475/1/3475 3476/1/3476 
f 3476/1/3476 3477/1/3477 3474/1/3474 
f 3477/1/3477 3478/1/3478 3479/1/3479 
f 3474/1/3474 3479/1/3479 3468/1/3468 
f 3467/1/3467 3464/1/3464 3475/1/3475 
f 3475/1/3475 3474/1/3474 3467/1/3467 
f 3480/1/3480 3481/1/3481 3482/1/3482 
f 3482/1/3482 3483/1/3483 3480/1/3480 
f 3483/1/3483 3476/1/3476 3475/1/3475 
f 3475/1/3475 3480/1/3480 3483/1/3483 
f 3480/1/3480 3475/1/3475 3464/1/3464 
f 3464/1/3464 3463/1/3463 3480/1/3480 
f 3463/1/3463 3460/1/3460 3481/1/3481 
f 3481/1/3481 3480/1/3480 3463/1/3463 
f 3484/1/3484 3485/1/3485 3486/1/3486 
f 3486/1/3486 3487/1/3487 3484/1/3484 
f 3487/1/3487 3482/1/3482 3481/1/3481 
f 3481/1/3481 3484/1/3484 3487/1/3487 
f 3484/1/3484 3481/1/3481 3460/1/3460 
f 3460/1/3460 3459/1/3459 3484/1/3484 
f 3459/1/3459 3456/1/3456 3485/1/3485 
f 3485/1/3485 3484/1/3484 3459/1/3459 
f 3488/1/3488 3489/1/3489 3490/1/3490 
f 3490/1/3490 3491/1/3491 3488/1/3488 
f 3490/1/3490 3486/1/3486 3485/1/3485 
f 3485/1/3485 3491/1/3491 3490/1/3490 
f 3491/1/3491 3485/1/3485 3456/1/3456 
f 3456/1/3456 3455/1/3455 3491/1/3491 
f 3491/1/3491 3455/1/3455 3454/1/3454 
f 3454/1/3454 3488/1/3488 3491/1/3491 
f 3492/1/3492 3493/1/3493 3494/1/3494 
f 3494/1/3494 3495/1/3495 3492/1/3492 
f 3495/1/3495 3496/1/3496 3497/1/3497 
f 3497/1/3497 3492/1/3492 3495/1/3495 
f 3497/1/3497 3446/1/3446 3473/1/3473 
f 3473/1/3473 3492/1/3492 3497/1/3497 
f 3473/1/3473 3472/1/3472 3493/1/3493 
f 3493/1/3493 3492/1/3492 3473/1/3473 
f 3498/1/3498 3499/1/3499 3385/1/3385 
f 3385/1/3385 3384/1/3384 3498/1/3498 
f 3384/1/3384 3383/1/3383 3500/1/3500 
f 3500/1/3500 3498/1/3498 3384/1/3384 
f 3498/1/3498 3500/1/3500 3501/1/3501 
f 3501/1/3501 3502/1/3502 3498/1/3498 
f 3502/1/3502 3503/1/3503 3499/1/3499 
f 3499/1/3499 3498/1/3498 3502/1/3502 
f 3504/1/3504 3505/1/3505 3506/1/3506 
f 3506/1/3506 3507/1/3507 3504/1/3504 
f 3507/1/3507 3508/1/3508 3509/1/3509 
f 3509/1/3509 3504/1/3504 3507/1/3507 
f 3504/1/3504 3509/1/3509 3496/1/3496 
f 3496/1/3496 3495/1/3495 3504/1/3504 
f 3495/1/3495 3494/1/3494 3505/1/3505 
f 3505/1/3505 3504/1/3504 3495/1/3495 
f 3510/1/3510 3511/1/3511 3503/1/3503 
f 3503/1/3503 3502/1/3502 3510/1/3510 
f 3502/1/3502 3501/1/3501 3512/1/3512 
f 3512/1/3512 3510/1/3510 3502/1/3502 
f 3510/1/3510 3512/1/3512 3508/1/3508 
f 3508/1/3508 3507/1/3507 3510/1/3510 
f 3507/1/3507 3506/1/3506 3511/1/3511 
f 3511/1/3511 3510/1/3510 3507/1/3507 
f 3513/1/3513 3447/1/3447 3446/1/3446 
f 3446/1/3446 3497/1/3497 3513/1/3513 
f 3497/1/3497 3496/1/3496 3514/1/3514 
f 3514/1/3514 3513/1/3513 3497/1/3497 
f 3513/1/3513 3514/1/3514 3515/1/3515 
f 3515/1/3515 3516/1/3516 3513/1/3513 
f 3516/1/3516 3420/1/3420 3447/1/3447 
f 3447/1/3447 3513/1/3513 3516/1/3516 
f 3517/1/3517 3518/1/3518 3519/1/3519 
f 3519/1/3519 3520/1/3520 3517/1/3517 
f 3520/1/3520 3501/1/3501 3500/1/3500 
f 3500/1/3500 3517/1/3517 3520/1/3520 
f 3517/1/3517 3500/1/3500 3383/1/3383 
f 3383/1/3383 3391/1/3391 3517/1/3517 
f 3391/1/3391 3390/1/3390 3518/1/3518 
f 3518/1/3518 3517/1/3517 3391/1/3391 
f 3521/1/3521 3514/1/3514 3496/1/3496 
f 3496/1/3496 3509/1/3509 3521/1/3521 
f 3509/1/3509 3508/1/3508 3522/1/3522 
f 3522/1/3522 3521/1/3521 3509/1/3509 
f 3521/1/3521 3522/1/3522 3523/1/3523 
f 3523/1/3523 3524/1/3524 3521/1/3521 
f 3524/1/3524 3515/1/3515 3514/1/3514 
f 3514/1/3514 3521/1/3521 3524/1/3524 
f 3525/1/3525 3520/1/3520 3519/1/3519 
f 3519/1/3519 3526/1/3526 3525/1/3525 
f 3526/1/3526 3523/1/3523 3522/1/3522 
f 3522/1/3522 3525/1/3525 3526/1/3526 
f 3525/1/3525 3522/1/3522 3508/1/3508 
f 3508/1/3508 3512/1/3512 3525/1/3525 
f 3512/1/3512 3501/1/3501 3520/1/3520 
f 3520/1/3520 3525/1/3525 3512/1/3512 
f 3527/1/3527 3421/1/3421 3420/1/3420 
f 3420/1/3420 3516/1/3516 3527/1/3527 
f 3516/1/3516 3515/1/3515 3528/1/3528 
f 3527/1/3527 3528/1/3528 3529/1/3529 
f 3530/1/3530 3354/1/3354 3421/1/3421 
f 3421/1/3421 3527/1/3527 3530/1/3530 
f 3531/1/3531 3518/1/3518 3390/1/3390 
f 3390/1/3390 3395/1/3395 3531/1/3531 
f 3395/1/3395 3394/1/3394 3532/1/3532 
f 3532/1/3532 3531/1/3531 3395/1/3395 
f 3531/1/3531 3532/1/3532 3533/1/3533 
f 3533/1/3533 3534/1/3534 3531/1/3531 
f 3534/1/3534 3519/1/3519 3518/1/3518 
f 3518/1/3518 3531/1/3531 3534/1/3534 
f 3535/1/3535 3528/1/3528 3515/1/3515 
f 3524/1/3524 3523/1/3523 3536/1/3536 
f 3536/1/3536 3535/1/3535 3524/1/3524 
f 3535/1/3535 3536/1/3536 3537/1/3537 
f 3537/1/3537 3538/1/3538 3535/1/3535 
f 3538/1/3538 3529/1/3529 3528/1/3528 
f 3539/1/3539 3534/1/3534 3533/1/3533 
f 3533/1/3533 3540/1/3540 3539/1/3539 
f 3540/1/3540 3537/1/3537 3536/1/3536 
f 3536/1/3536 3539/1/3539 3540/1/3540 
f 3539/1/3539 3536/1/3536 3523/1/3523 
f 3523/1/3523 3526/1/3526 3539/1/3539 
f 3526/1/3526 3519/1/3519 3534/1/3534 
f 3534/1/3534 3539/1/3539 3526/1/3526 
f 3403/1/3403 3402/1/3402 3541/1/3541 
f 3541/1/3541 3542/1/3542 3403/1/3403 
f 3541/1/3541 3543/1/3543 3544/1/3544 
f 3544/1/3544 3542/1/3542 3541/1/3541 
f 3542/1/3542 3544/1/3544 3533/1/3533 
f 3533/1/3533 3532/1/3532 3542/1/3542 
f 3542/1/3542 3532/1/3532 3394/1/3394 
f 3394/1/3394 3403/1/3403 3542/1/3542 
f 3545/1/3545 3355/1/3355 3354/1/3354 
f 3354/1/3354 3530/1/3530 3545/1/3545 
f 3530/1/3530 3529/1/3529 3546/1/3546 
f 3545/1/3545 3546/1/3546 3547/1/3547 
f 3548/1/3548 3357/1/3357 3355/1/3355 
f 3355/1/3355 3545/1/3545 3548/1/3548 
f 3549/1/3549 3546/1/3546 3529/1/3529 
f 3529/1/3529 3538/1/3538 3549/1/3549 
f 3538/1/3538 3537/1/3537 3550/1/3550 
f 3550/1/3550 3549/1/3549 3538/1/3538 
f 3549/1/3549 3550/1/3550 3551/1/3551 
f 3551/1/3551 3552/1/3552 3549/1/3549 
f 3552/1/3552 3547/1/3547 3546/1/3546 
f 3546/1/3546 3549/1/3549 3552/1/3552 
f 3553/1/3553 3544/1/3544 3543/1/3543 
f 3543/1/3543 3554/1/3554 3553/1/3553 
f 3554/1/3554 3551/1/3551 3550/1/3550 
f 3550/1/3550 3553/1/3553 3554/1/3554 
f 3553/1/3553 3550/1/3550 3537/1/3537 
f 3537/1/3537 3540/1/3540 3553/1/3553 
f 3540/1/3540 3533/1/3533 3544/1/3544 
f 3544/1/3544 3553/1/3553 3540/1/3540 
f 3415/1/3415 3414/1/3414 3555/1/3555 
f 3555/1/3555 3556/1/3556 3415/1/3415 
f 3555/1/3555 3557/1/3557 3558/1/3558 
f 3558/1/3558 3556/1/3556 3555/1/3555 
f 3556/1/3556 3558/1/3558 3543/1/3543 
f 3543/1/3543 3541/1/3541 3556/1/3556 
f 3556/1/3556 3541/1/3541 3402/1/3402 
f 3402/1/3402 3415/1/3415 3556/1/3556 
f 3559/1/3559 3560/1/3560 3561/1/3561 
f 3562/1/3562 3370/1/3370 3376/1/3376 
f 3376/1/3376 3559/1/3559 3562/1/3562 
f 3559/1/3559 3376/1/3376 3357/1/3357 
f 3548/1/3548 3547/1/3547 3560/1/3560 
f 3560/1/3560 3559/1/3559 3548/1/3548 
f 3563/1/3563 3558/1/3558 3557/1/3557 
f 3557/1/3557 3564/1/3564 3563/1/3563 
f 3564/1/3564 3565/1/3565 3566/1/3566 
f 3566/1/3566 3563/1/3563 3564/1/3564 
f 3563/1/3563 3566/1/3566 3551/1/3551 
f 3554/1/3554 3543/1/3543 3558/1/3558 
f 3558/1/3558 3563/1/3563 3554/1/3554 
f 3567/1/3567 3566/1/3566 3565/1/3565 
f 3565/1/3565 3568/1/3568 3567/1/3567 
f 3568/1/3568 3561/1/3561 3560/1/3560 
f 3560/1/3560 3567/1/3567 3568/1/3568 
f 3567/1/3567 3560/1/3560 3547/1/3547 
f 3547/1/3547 3552/1/3552 3567/1/3567 
f 3552/1/3552 3551/1/3551 3566/1/3566 
f 3566/1/3566 3567/1/3567 3552/1/3552 
f 3569/1/3569 3278/1/3278 3284/1/3284 
f 3284/1/3284 3570/1/3570 3569/1/3569 
f 3570/1/3570 3571/1/3571 3572/1/3572 
f 3572/1/3572 3569/1/3569 3570/1/3570 
f 3569/1/3569 3572/1/3572 3320/1/3320 
f 3320/1/3320 3319/1/3319 3569/1/3569 
f 3319/1/3319 3279/1/3279 3278/1/3278 
f 3278/1/3278 3569/1/3569 3319/1/3319 
f 3573/1/3573 3574/1/3574 3575/1/3575 
f 3576/1/3576 3131/1/3131 3130/1/3130 
f 3130/1/3130 3573/1/3573 3576/1/3576 
f 3573/1/3573 3130/1/3130 3031/1/3031 
f 3027/1/3027 3030/1/3030 3574/1/3574 
f 3574/1/3574 3573/1/3573 3027/1/3027 
f 3570/1/3570 3284/1/3284 3577/1/3577 
f 3577/1/3577 3578/1/3578 3570/1/3570 
f 3578/1/3578 3577/1/3577 3579/1/3579 
f 3579/1/3579 3580/1/3580 3578/1/3578 
f 3580/1/3580 3581/1/3581 3582/1/3582 
f 3582/1/3582 3578/1/3578 3580/1/3580 
f 3578/1/3578 3582/1/3582 3571/1/3571 
f 3571/1/3571 3570/1/3570 3578/1/3578 
f 3583/1/3583 3138/1/3138 3137/1/3137 
f 3137/1/3137 3584/1/3584 3583/1/3583 
f 3584/1/3584 3579/1/3579 3585/1/3585 
f 3585/1/3585 3583/1/3583 3584/1/3584 
f 3585/1/3585 3151/1/3151 3150/1/3150 
f 3150/1/3150 3583/1/3583 3585/1/3585 
f 3583/1/3583 3150/1/3150 3139/1/3139 
f 3139/1/3139 3138/1/3138 3583/1/3583 
f 3586/1/3586 3587/1/3587 3579/1/3579 
f 3579/1/3579 3584/1/3584 3586/1/3586 
f 3584/1/3584 3137/1/3137 3136/1/3136 
f 3136/1/3136 3586/1/3586 3584/1/3584 
f 3586/1/3586 3136/1/3136 3131/1/3131 
f 3131/1/3131 3576/1/3576 3586/1/3586 
f 3576/1/3576 3575/1/3575 3587/1/3587 
f 3587/1/3587 3586/1/3586 3576/1/3576 
f 3588/1/3588 3589/1/3589 3581/1/3581 
f 3581/1/3581 3580/1/3580 3588/1/3588 
f 3580/1/3580 3579/1/3579 3587/1/3587 
f 3587/1/3587 3588/1/3588 3580/1/3580 
f 3588/1/3588 3587/1/3587 3575/1/3575 
f 3575/1/3575 3589/1/3589 3588/1/3588 
f 3590/1/3590 3244/1/3244 3151/1/3151 
f 3151/1/3151 3585/1/3585 3590/1/3590 
f 3585/1/3585 3579/1/3579 3577/1/3577 
f 3577/1/3577 3590/1/3590 3585/1/3585 
f 3590/1/3590 3577/1/3577 3284/1/3284 
f 3284/1/3284 3283/1/3283 3590/1/3590 
f 3283/1/3283 3245/1/3245 3244/1/3244 
f 3244/1/3244 3590/1/3590 3283/1/3283 
f 3591/1/3591 3453/1/3453 3429/1/3429 
f 3429/1/3429 3435/1/3435 3591/1/3591 
f 3435/1/3435 3434/1/3434 3592/1/3592 
f 3592/1/3592 3591/1/3591 3435/1/3435 
f 3591/1/3591 3592/1/3592 3593/1/3593 
f 3593/1/3593 3594/1/3594 3591/1/3591 
f 3594/1/3594 3454/1/3454 3453/1/3453 
f 3594/1/3594 3593/1/3593 3595/1/3595 
f 3595/1/3595 3596/1/3596 3594/1/3594 
f 3596/1/3596 3595/1/3595 3597/1/3597 
f 3597/1/3597 3598/1/3598 3596/1/3596 
f 3596/1/3596 3598/1/3598 3489/1/3489 
f 3489/1/3489 3488/1/3488 3596/1/3596 
f 3488/1/3488 3454/1/3454 3594/1/3594 
f 3594/1/3594 3596/1/3596 3488/1/3488 
f 3598/1/3598 3597/1/3597 3599/1/3599 
f 3600/1/3600 3599/1/3599 3601/1/3601 
f 3602/1/3602 3489/1/3489 3598/1/3598 
f 3598/1/3598 3600/1/3600 3602/1/3602 
f 3603/1/3603 3602/1/3602 3601/1/3601 
f 3604/1/3604 3605/1/3605 3606/1/3606 
f 3603/1/3603 3606/1/3606 3486/1/3486 
f 3486/1/3486 3490/1/3490 3603/1/3603 
f 3603/1/3603 3490/1/3490 3489/1/3489 
f 3489/1/3489 3602/1/3602 3603/1/3603 
f 3607/1/3607 3606/1/3606 3605/1/3605 
f 3605/1/3605 3608/1/3608 3607/1/3607 
f 3608/1/3608 3609/1/3609 3610/1/3610 
f 3610/1/3610 3607/1/3607 3608/1/3608 
f 3607/1/3607 3610/1/3610 3482/1/3482 
f 3482/1/3482 3487/1/3487 3607/1/3607 
f 3487/1/3487 3486/1/3486 3606/1/3606 
f 3606/1/3606 3607/1/3607 3487/1/3487 
f 3611/1/3611 3610/1/3610 3609/1/3609 
f 3609/1/3609 3612/1/3612 3611/1/3611 
f 3612/1/3612 3613/1/3613 3614/1/3614 
f 3614/1/3614 3611/1/3611 3612/1/3612 
f 3611/1/3611 3614/1/3614 3476/1/3476 
f 3476/1/3476 3483/1/3483 3611/1/3611 
f 3483/1/3483 3482/1/3482 3610/1/3610 
f 3610/1/3610 3611/1/3611 3483/1/3483 
f 3615/1/3615 3614/1/3614 3613/1/3613 
f 3613/1/3613 3616/1/3616 3615/1/3615 
f 3616/1/3616 3617/1/3617 3618/1/3618 
f 3618/1/3618 3615/1/3615 3616/1/3616 
f 3615/1/3615 3618/1/3618 3478/1/3478 
f 3478/1/3478 3477/1/3477 3615/1/3615 
f 3477/1/3477 3476/1/3476 3614/1/3614 
f 3614/1/3614 3615/1/3615 3477/1/3477 
f 3619/1/3619 3620/1/3620 3621/1/3621 
f 3621/1/3621 3622/1/3622 3619/1/3619 
f 3622/1/3622 3621/1/3621 3617/1/3617 
f 3617/1/3617 3616/1/3616 3622/1/3622 
f 3616/1/3616 3613/1/3613 3619/1/3619 
f 3619/1/3619 3622/1/3622 3616/1/3616 
f 3623/1/3623 3624/1/3624 3625/1/3625 
f 3625/1/3625 3626/1/3626 3623/1/3623 
f 3626/1/3626 3620/1/3620 3619/1/3619 
f 3619/1/3619 3623/1/3623 3626/1/3626 
f 3623/1/3623 3619/1/3619 3613/1/3613 
f 3613/1/3613 3612/1/3612 3623/1/3623 
f 3612/1/3612 3609/1/3609 3624/1/3624 
f 3624/1/3624 3623/1/3623 3612/1/3612 
f 3627/1/3627 3628/1/3628 3629/1/3629 
f 3629/1/3629 3630/1/3630 3627/1/3627 
f 3630/1/3630 3625/1/3625 3624/1/3624 
f 3624/1/3624 3627/1/3627 3630/1/3630 
f 3627/1/3627 3624/1/3624 3609/1/3609 
f 3609/1/3609 3608/1/3608 3627/1/3627 
f 3608/1/3608 3605/1/3605 3628/1/3628 
f 3628/1/3628 3627/1/3627 3608/1/3608 
f 3604/1/3604 3601/1/3601 3631/1/3631 
f 3631/1/3631 3632/1/3632 3604/1/3604 
f 3631/1/3631 3633/1/3633 3634/1/3634 
f 3634/1/3634 3632/1/3632 3631/1/3631 
f 3632/1/3632 3634/1/3634 3629/1/3629 
f 3629/1/3629 3628/1/3628 3632/1/3632 
f 3632/1/3632 3628/1/3628 3605/1/3605 
f 3605/1/3605 3604/1/3604 3632/1/3632 
f 3635/1/3635 3636/1/3636 3637/1/3637 
f 3633/1/3633 3631/1/3631 3638/1/3638 
f 3638/1/3638 3637/1/3637 3633/1/3633 
f 3638/1/3638 3631/1/3631 3601/1/3601 
f 3601/1/3601 3599/1/3599 3638/1/3638 
f 3638/1/3638 3599/1/3599 3597/1/3597 
f 3597/1/3597 3635/1/3635 3638/1/3638 
f 3639/1/3639 3595/1/3595 3593/1/3593 
f 3593/1/3593 3640/1/3640 3639/1/3639 
f 3640/1/3640 3641/1/3641 3642/1/3642 
f 3639/1/3639 3642/1/3642 3636/1/3636 
f 3635/1/3635 3597/1/3597 3595/1/3595 
f 3595/1/3595 3639/1/3639 3635/1/3635 
f 3643/1/3643 3644/1/3644 3645/1/3645 
f 3643/1/3643 3646/1/3646 3641/1/3641 
f 3641/1/3641 3640/1/3640 3643/1/3643 
f 3640/1/3640 3593/1/3593 3592/1/3592 
f 3592/1/3592 3643/1/3643 3640/1/3640 
f 3592/1/3592 3434/1/3434 3644/1/3644 
f 3644/1/3644 3643/1/3643 3592/1/3592 
f 3647/1/3647 3644/1/3644 3434/1/3434 
f 3437/1/3437 3224/1/3224 3648/1/3648 
f 3647/1/3647 3648/1/3648 3649/1/3649 
f 3649/1/3649 3650/1/3650 3647/1/3647 
f 3650/1/3650 3645/1/3645 3644/1/3644 
f 3651/1/3651 3648/1/3648 3224/1/3224 
f 3224/1/3224 3223/1/3223 3651/1/3651 
f 3223/1/3223 3222/1/3222 3652/1/3652 
f 3652/1/3652 3651/1/3651 3223/1/3223 
f 3651/1/3651 3652/1/3652 3653/1/3653 
f 3653/1/3653 3654/1/3654 3651/1/3651 
f 3654/1/3654 3649/1/3649 3648/1/3648 
f 3648/1/3648 3651/1/3651 3654/1/3654 
f 3655/1/3655 3652/1/3652 3222/1/3222 
f 3222/1/3222 3228/1/3228 3655/1/3655 
f 3228/1/3228 3227/1/3227 3656/1/3656 
f 3656/1/3656 3655/1/3655 3228/1/3228 
f 3655/1/3655 3656/1/3656 3657/1/3657 
f 3658/1/3658 3653/1/3653 3652/1/3652 
f 3652/1/3652 3655/1/3655 3658/1/3658 
f 3659/1/3659 3238/1/3238 3242/1/3242 
f 3242/1/3242 3660/1/3660 3659/1/3659 
f 3660/1/3660 3657/1/3657 3656/1/3656 
f 3656/1/3656 3659/1/3659 3660/1/3660 
f 3659/1/3659 3656/1/3656 3227/1/3227 
f 3227/1/3227 3232/1/3232 3659/1/3659 
f 3232/1/3232 3231/1/3231 3238/1/3238 
f 3238/1/3238 3659/1/3659 3232/1/3232 
f 3661/1/3661 3662/1/3662 3663/1/3663 
f 3664/1/3664 3663/1/3663 3665/1/3665 
f 3665/1/3665 3666/1/3666 3664/1/3664 
f 3666/1/3666 3667/1/3667 3661/1/3661 
f 3661/1/3661 3664/1/3664 3666/1/3666 
f 3668/1/3668 3669/1/3669 3657/1/3657 
f 3657/1/3657 3660/1/3660 3668/1/3668 
f 3660/1/3660 3242/1/3242 3670/1/3670 
f 3670/1/3670 3668/1/3668 3660/1/3660 
f 3668/1/3668 3670/1/3670 3671/1/3671 
f 3671/1/3671 3672/1/3672 3668/1/3668 
f 3672/1/3672 3662/1/3662 3669/1/3669 
f 3669/1/3669 3668/1/3668 3672/1/3672 
f 3673/1/3673 3670/1/3670 3242/1/3242 
f 3242/1/3242 3241/1/3241 3673/1/3673 
f 3241/1/3241 3240/1/3240 3674/1/3674 
f 3674/1/3674 3673/1/3673 3241/1/3241 
f 3673/1/3673 3674/1/3674 3675/1/3675 
f 3675/1/3675 3676/1/3676 3673/1/3673 
f 3676/1/3676 3671/1/3671 3670/1/3670 
f 3670/1/3670 3673/1/3673 3676/1/3676 
f 3677/1/3677 3674/1/3674 3240/1/3240 
f 3240/1/3240 3678/1/3678 3677/1/3677 
f 3678/1/3678 3679/1/3679 3680/1/3680 
f 3680/1/3680 3677/1/3677 3678/1/3678 
f 3677/1/3677 3680/1/3680 3681/1/3681 
f 3681/1/3681 3682/1/3682 3677/1/3677 
f 3682/1/3682 3675/1/3675 3674/1/3674 
f 3674/1/3674 3677/1/3677 3682/1/3682 
f 3683/1/3683 3680/1/3680 3679/1/3679 
f 3684/1/3684 3683/1/3683 3685/1/3685 
f 3685/1/3685 3686/1/3686 3684/1/3684 
f 3684/1/3684 3687/1/3687 3688/1/3688 
f 3688/1/3688 3683/1/3683 3684/1/3684 
f 3683/1/3683 3688/1/3688 3681/1/3681 
f 3689/1/3689 3690/1/3690 3691/1/3691 
f 3691/1/3691 3692/1/3692 3689/1/3689 
f 3692/1/3692 3235/1/3235 3234/1/3234 
f 3234/1/3234 3689/1/3689 3692/1/3692 
f 3689/1/3689 3234/1/3234 3123/1/3123 
f 3123/1/3123 3128/1/3128 3689/1/3689 
f 3128/1/3128 3127/1/3127 3690/1/3690 
f 3690/1/3690 3689/1/3689 3128/1/3128 
f 3693/1/3693 3239/1/3239 3235/1/3235 
f 3235/1/3235 3692/1/3692 3693/1/3693 
f 3692/1/3692 3691/1/3691 3694/1/3694 
f 3694/1/3694 3693/1/3693 3692/1/3692 
f 3693/1/3693 3694/1/3694 3679/1/3679 
f 3678/1/3678 3240/1/3240 3239/1/3239 
f 3695/1/3695 3694/1/3694 3691/1/3691 
f 3691/1/3691 3696/1/3696 3695/1/3695 
f 3696/1/3696 3697/1/3697 3698/1/3698 
f 3698/1/3698 3695/1/3695 3696/1/3696 
f 3695/1/3695 3698/1/3698 3686/1/3686 
f 3686/1/3686 3685/1/3685 3695/1/3695 
f 3685/1/3685 3679/1/3679 3694/1/3694 
f 3694/1/3694 3695/1/3695 3685/1/3685 
f 3094/1/3094 3699/1/3699 3126/1/3126 
f 3126/1/3126 3089/1/3089 3094/1/3094 
f 3699/1/3699 3094/1/3094 3093/1/3093 
f 3093/1/3093 3700/1/3700 3699/1/3699 
f 3699/1/3699 3700/1/3700 3701/1/3701 
f 3701/1/3701 3702/1/3702 3699/1/3699 
f 3702/1/3702 3127/1/3127 3126/1/3126 
f 3126/1/3126 3699/1/3699 3702/1/3702 
f 3703/1/3703 3690/1/3690 3127/1/3127 
f 3127/1/3127 3702/1/3702 3703/1/3703 
f 3702/1/3702 3701/1/3701 3704/1/3704 
f 3704/1/3704 3703/1/3703 3702/1/3702 
f 3703/1/3703 3704/1/3704 3697/1/3697 
f 3697/1/3697 3696/1/3696 3703/1/3703 
f 3696/1/3696 3691/1/3691 3690/1/3690 
f 3690/1/3690 3703/1/3703 3696/1/3696 
f 3705/1/3705 3706/1/3706 3697/1/3697 
f 3697/1/3697 3704/1/3704 3705/1/3705 
f 3705/1/3705 3704/1/3704 3701/1/3701 
f 3701/1/3701 3707/1/3707 3705/1/3705 
f 3705/1/3705 3707/1/3707 3708/1/3708 
f 3708/1/3708 3706/1/3706 3705/1/3705 
f 3709/1/3709 3710/1/3710 3686/1/3686 
f 3686/1/3686 3698/1/3698 3709/1/3709 
f 3698/1/3698 3697/1/3697 3706/1/3706 
f 3706/1/3706 3709/1/3709 3698/1/3698 
f 3709/1/3709 3706/1/3706 3708/1/3708 
f 3708/1/3708 3711/1/3711 3709/1/3709 
f 3711/1/3711 3712/1/3712 3710/1/3710 
f 3710/1/3710 3709/1/3709 3711/1/3711 
f 3713/1/3713 3663/1/3663 3662/1/3662 
f 3672/1/3672 3671/1/3671 3714/1/3714 
f 3714/1/3714 3713/1/3713 3672/1/3672 
f 3713/1/3713 3714/1/3714 3715/1/3715 
f 3715/1/3715 3716/1/3716 3713/1/3713 
f 3716/1/3716 3665/1/3665 3663/1/3663 
f 3717/1/3717 3718/1/3718 3719/1/3719 
f 3719/1/3719 3720/1/3720 3717/1/3717 
f 3720/1/3720 3665/1/3665 3721/1/3721 
f 3721/1/3721 3717/1/3717 3720/1/3720 
f 3717/1/3717 3721/1/3721 3722/1/3722 
f 3722/1/3722 3723/1/3723 3717/1/3717 
f 3723/1/3723 3724/1/3724 3718/1/3718 
f 3718/1/3718 3717/1/3717 3723/1/3723 
f 3725/1/3725 3716/1/3716 3715/1/3715 
f 3715/1/3715 3726/1/3726 3725/1/3725 
f 3726/1/3726 3722/1/3722 3721/1/3721 
f 3721/1/3721 3725/1/3725 3726/1/3726 
f 3721/1/3721 3665/1/3665 3716/1/3716 
f 3727/1/3727 3714/1/3714 3671/1/3671 
f 3671/1/3671 3676/1/3676 3727/1/3727 
f 3676/1/3676 3675/1/3675 3728/1/3728 
f 3728/1/3728 3727/1/3727 3676/1/3676 
f 3727/1/3727 3728/1/3728 3729/1/3729 
f 3729/1/3729 3730/1/3730 3727/1/3727 
f 3730/1/3730 3715/1/3715 3714/1/3714 
f 3714/1/3714 3727/1/3727 3730/1/3730 
f 3731/1/3731 3730/1/3730 3729/1/3729 
f 3729/1/3729 3732/1/3732 3731/1/3731 
f 3732/1/3732 3733/1/3733 3734/1/3734 
f 3734/1/3734 3731/1/3731 3732/1/3732 
f 3731/1/3731 3734/1/3734 3722/1/3722 
f 3722/1/3722 3726/1/3726 3731/1/3731 
f 3726/1/3726 3715/1/3715 3730/1/3730 
f 3730/1/3730 3731/1/3731 3726/1/3726 
f 3735/1/3735 3734/1/3734 3733/1/3733 
f 3733/1/3733 3736/1/3736 3735/1/3735 
f 3736/1/3736 3737/1/3737 3738/1/3738 
f 3738/1/3738 3735/1/3735 3736/1/3736 
f 3735/1/3735 3738/1/3738 3724/1/3724 
f 3724/1/3724 3723/1/3723 3735/1/3735 
f 3723/1/3723 3722/1/3722 3734/1/3734 
f 3734/1/3734 3735/1/3735 3723/1/3723 
f 3739/1/3739 3728/1/3728 3675/1/3675 
f 3739/1/3739 3682/1/3682 3681/1/3681 
f 3681/1/3681 3740/1/3740 3739/1/3739 
f 3740/1/3740 3741/1/3741 3742/1/3742 
f 3742/1/3742 3739/1/3739 3740/1/3740 
f 3742/1/3742 3729/1/3729 3728/1/3728 
f 3728/1/3728 3739/1/3739 3742/1/3742 
f 3743/1/3743 3742/1/3742 3741/1/3741 
f 3741/1/3741 3744/1/3744 3743/1/3743 
f 3744/1/3744 3745/1/3745 3746/1/3746 
f 3746/1/3746 3743/1/3743 3744/1/3744 
f 3743/1/3743 3746/1/3746 3733/1/3733 
f 3733/1/3733 3732/1/3732 3743/1/3743 
f 3732/1/3732 3729/1/3729 3742/1/3742 
f 3742/1/3742 3743/1/3743 3732/1/3732 
f 3747/1/3747 3746/1/3746 3745/1/3745 
f 3745/1/3745 3748/1/3748 3747/1/3747 
f 3748/1/3748 3749/1/3749 3750/1/3750 
f 3750/1/3750 3747/1/3747 3748/1/3748 
f 3747/1/3747 3750/1/3750 3737/1/3737 
f 3737/1/3737 3736/1/3736 3747/1/3747 
f 3736/1/3736 3733/1/3733 3746/1/3746 
f 3746/1/3746 3747/1/3747 3736/1/3736 
f 3751/1/3751 3752/1/3752 3719/1/3719 
f 3719/1/3719 3718/1/3718 3751/1/3751 
f 3751/1/3751 3718/1/3718 3724/1/3724 
f 3724/1/3724 3753/1/3753 3751/1/3751 
f 3751/1/3751 3753/1/3753 3754/1/3754 
f 3754/1/3754 3755/1/3755 3751/1/3751 
f 3755/1/3755 3756/1/3756 3752/1/3752 
f 3752/1/3752 3751/1/3751 3755/1/3755 
f 3753/1/3753 3724/1/3724 3738/1/3738 
f 3738/1/3738 3757/1/3757 3753/1/3753 
f 3738/1/3738 3737/1/3737 3758/1/3758 
f 3758/1/3758 3757/1/3757 3738/1/3738 
f 3757/1/3757 3758/1/3758 3759/1/3759 
f 3759/1/3759 3760/1/3760 3757/1/3757 
f 3760/1/3760 3754/1/3754 3753/1/3753 
f 3753/1/3753 3757/1/3757 3760/1/3760 
f 3761/1/3761 3758/1/3758 3737/1/3737 
f 3737/1/3737 3750/1/3750 3761/1/3761 
f 3750/1/3750 3749/1/3749 3762/1/3762 
f 3762/1/3762 3761/1/3761 3750/1/3750 
f 3761/1/3761 3762/1/3762 3763/1/3763 
f 3763/1/3763 3764/1/3764 3761/1/3761 
f 3764/1/3764 3759/1/3759 3758/1/3758 
f 3758/1/3758 3761/1/3761 3764/1/3764 
f 3765/1/3765 3762/1/3762 3749/1/3749 
f 3749/1/3749 3766/1/3766 3765/1/3765 
f 3766/1/3766 3767/1/3767 3768/1/3768 
f 3768/1/3768 3765/1/3765 3766/1/3766 
f 3765/1/3765 3768/1/3768 3769/1/3769 
f 3769/1/3769 3770/1/3770 3765/1/3765 
f 3770/1/3770 3763/1/3763 3762/1/3762 
f 3762/1/3762 3765/1/3765 3770/1/3770 
f 3771/1/3771 3772/1/3772 3763/1/3763 
f 3763/1/3763 3770/1/3770 3771/1/3771 
f 3770/1/3770 3769/1/3769 3773/1/3773 
f 3773/1/3773 3771/1/3771 3770/1/3770 
f 3771/1/3771 3773/1/3773 3774/1/3774 
f 3774/1/3774 3775/1/3775 3771/1/3771 
f 3775/1/3775 3776/1/3776 3772/1/3772 
f 3772/1/3772 3771/1/3771 3775/1/3775 
f 3777/1/3777 3667/1/3667 3778/1/3778 
f 3779/1/3779 3778/1/3778 3780/1/3780 
f 3780/1/3780 3781/1/3781 3779/1/3779 
f 3781/1/3781 3782/1/3782 3777/1/3777 
f 3783/1/3783 3778/1/3778 3667/1/3667 
f 3667/1/3667 3666/1/3666 3783/1/3783 
f 3666/1/3666 3665/1/3665 3784/1/3784 
f 3784/1/3784 3783/1/3783 3666/1/3666 
f 3783/1/3783 3784/1/3784 3785/1/3785 
f 3785/1/3785 3786/1/3786 3783/1/3783 
f 3786/1/3786 3780/1/3780 3778/1/3778 
f 3778/1/3778 3783/1/3783 3786/1/3786 
f 3787/1/3787 3752/1/3752 3756/1/3756 
f 3756/1/3756 3788/1/3788 3787/1/3787 
f 3788/1/3788 3785/1/3785 3784/1/3784 
f 3784/1/3784 3787/1/3787 3788/1/3788 
f 3787/1/3787 3784/1/3784 3665/1/3665 
f 3665/1/3665 3720/1/3720 3787/1/3787 
f 3720/1/3720 3719/1/3719 3752/1/3752 
f 3752/1/3752 3787/1/3787 3720/1/3720 
f 3788/1/3788 3756/1/3756 3789/1/3789 
f 3789/1/3789 3790/1/3790 3788/1/3788 
f 3790/1/3790 3789/1/3789 3791/1/3791 
f 3791/1/3791 3792/1/3792 3790/1/3790 
f 3792/1/3792 3785/1/3785 3788/1/3788 
f 3788/1/3788 3790/1/3790 3792/1/3792 
f 3793/1/3793 3789/1/3789 3756/1/3756 
f 3756/1/3756 3755/1/3755 3793/1/3793 
f 3755/1/3755 3754/1/3754 3794/1/3794 
f 3794/1/3794 3793/1/3793 3755/1/3755 
f 3793/1/3793 3794/1/3794 3795/1/3795 
f 3795/1/3795 3796/1/3796 3793/1/3793 
f 3796/1/3796 3791/1/3791 3789/1/3789 
f 3789/1/3789 3793/1/3793 3796/1/3796 
f 3797/1/3797 3794/1/3794 3754/1/3754 
f 3754/1/3754 3760/1/3760 3797/1/3797 
f 3760/1/3760 3759/1/3759 3798/1/3798 
f 3798/1/3798 3797/1/3797 3760/1/3760 
f 3797/1/3797 3798/1/3798 3799/1/3799 
f 3799/1/3799 3800/1/3800 3797/1/3797 
f 3800/1/3800 3795/1/3795 3794/1/3794 
f 3794/1/3794 3797/1/3797 3800/1/3800 
f 3801/1/3801 3772/1/3772 3776/1/3776 
f 3776/1/3776 3802/1/3802 3801/1/3801 
f 3802/1/3802 3799/1/3799 3798/1/3798 
f 3798/1/3798 3801/1/3801 3802/1/3802 
f 3801/1/3801 3798/1/3798 3759/1/3759 
f 3759/1/3759 3764/1/3764 3801/1/3801 
f 3764/1/3764 3763/1/3763 3772/1/3772 
f 3772/1/3772 3801/1/3801 3764/1/3764 
f 3803/1/3803 3804/1/3804 3782/1/3782 
f 3782/1/3782 3781/1/3781 3803/1/3803 
f 3781/1/3781 3780/1/3780 3805/1/3805 
f 3805/1/3805 3803/1/3803 3781/1/3781 
f 3803/1/3803 3805/1/3805 3806/1/3806 
f 3806/1/3806 3807/1/3807 3803/1/3803 
f 3807/1/3807 3808/1/3808 3804/1/3804 
f 3804/1/3804 3803/1/3803 3807/1/3807 
f 3809/1/3809 3805/1/3805 3780/1/3780 
f 3780/1/3780 3786/1/3786 3809/1/3809 
f 3786/1/3786 3785/1/3785 3810/1/3810 
f 3810/1/3810 3809/1/3809 3786/1/3786 
f 3809/1/3809 3810/1/3810 3811/1/3811 
f 3811/1/3811 3812/1/3812 3809/1/3809 
f 3812/1/3812 3806/1/3806 3805/1/3805 
f 3805/1/3805 3809/1/3809 3812/1/3812 
f 3813/1/3813 3814/1/3814 3815/1/3815 
f 3815/1/3815 3816/1/3816 3813/1/3813 
f 3814/1/3814 3813/1/3813 3806/1/3806 
f 3806/1/3806 3812/1/3812 3814/1/3814 
f 3812/1/3812 3811/1/3811 3817/1/3817 
f 3817/1/3817 3818/1/3818 3815/1/3815 
f 3815/1/3815 3814/1/3814 3817/1/3817 
f 3819/1/3819 3810/1/3810 3785/1/3785 
f 3785/1/3785 3792/1/3792 3819/1/3819 
f 3792/1/3792 3791/1/3791 3820/1/3820 
f 3820/1/3820 3819/1/3819 3792/1/3792 
f 3819/1/3819 3820/1/3820 3821/1/3821 
f 3821/1/3821 3822/1/3822 3819/1/3819 
f 3822/1/3822 3811/1/3811 3810/1/3810 
f 3810/1/3810 3819/1/3819 3822/1/3822 
f 3822/1/3822 3821/1/3821 3823/1/3823 
f 3823/1/3823 3824/1/3824 3822/1/3822 
f 3823/1/3823 3825/1/3825 3826/1/3826 
f 3826/1/3826 3824/1/3824 3823/1/3823 
f 3824/1/3824 3826/1/3826 3818/1/3818 
f 3818/1/3818 3817/1/3817 3824/1/3824 
f 3824/1/3824 3817/1/3817 3811/1/3811 
f 3811/1/3811 3822/1/3822 3824/1/3824 
f 3827/1/3827 3820/1/3820 3791/1/3791 
f 3791/1/3791 3796/1/3796 3827/1/3827 
f 3796/1/3796 3795/1/3795 3828/1/3828 
f 3828/1/3828 3827/1/3827 3796/1/3796 
f 3827/1/3827 3828/1/3828 3829/1/3829 
f 3829/1/3829 3830/1/3830 3827/1/3827 
f 3830/1/3830 3821/1/3821 3820/1/3820 
f 3820/1/3820 3827/1/3827 3830/1/3830 
f 3831/1/3831 3832/1/3832 3833/1/3833 
f 3833/1/3833 3834/1/3834 3831/1/3831 
f 3834/1/3834 3825/1/3825 3823/1/3823 
f 3823/1/3823 3831/1/3831 3834/1/3834 
f 3831/1/3831 3823/1/3823 3821/1/3821 
f 3821/1/3821 3830/1/3830 3831/1/3831 
f 3830/1/3830 3829/1/3829 3832/1/3832 
f 3832/1/3832 3831/1/3831 3830/1/3830 
f 3835/1/3835 3828/1/3828 3795/1/3795 
f 3795/1/3795 3800/1/3800 3835/1/3835 
f 3800/1/3800 3799/1/3799 3836/1/3836 
f 3836/1/3836 3835/1/3835 3800/1/3800 
f 3837/1/3837 3835/1/3835 3836/1/3836 
f 3836/1/3836 3838/1/3838 3837/1/3837 
f 3837/1/3837 3829/1/3829 3828/1/3828 
f 3828/1/3828 3835/1/3835 3837/1/3837 
f 3839/1/3839 3840/1/3840 3841/1/3841 
f 3841/1/3841 3842/1/3842 3839/1/3839 
f 3842/1/3842 3833/1/3833 3832/1/3832 
f 3839/1/3839 3832/1/3832 3829/1/3829 
f 3829/1/3829 3837/1/3837 3839/1/3839 
f 3837/1/3837 3838/1/3838 3840/1/3840 
f 3840/1/3840 3839/1/3839 3837/1/3837 
f 3843/1/3843 869/1/869 868/1/868 
f 868/1/868 3844/1/3844 3843/1/3843 
f 3844/1/3844 3845/1/3845 3846/1/3846 
f 3846/1/3846 3843/1/3843 3844/1/3844 
f 3843/1/3843 3846/1/3846 3847/1/3847 
f 3847/1/3847 3848/1/3848 3843/1/3843 
f 3848/1/3848 870/1/870 869/1/869 
f 869/1/869 3843/1/3843 3848/1/3848 
f 3849/1/3849 3850/1/3850 3851/1/3851 
f 3851/1/3851 3852/1/3852 3849/1/3849 
f 3852/1/3852 883/1/883 882/1/882 
f 882/1/882 3849/1/3849 3852/1/3852 
f 3849/1/3849 882/1/882 881/1/881 
f 881/1/881 3853/1/3853 3849/1/3849 
f 3853/1/3853 3854/1/3854 3850/1/3850 
f 3850/1/3850 3849/1/3849 3853/1/3853 
f 3855/1/3855 3856/1/3856 3857/1/3857 
f 3857/1/3857 3858/1/3858 3855/1/3855 
f 3858/1/3858 889/1/889 888/1/888 
f 888/1/888 3855/1/3855 3858/1/3858 
f 3855/1/3855 888/1/888 883/1/883 
f 883/1/883 3852/1/3852 3855/1/3855 
f 3852/1/3852 3851/1/3851 3856/1/3856 
f 3856/1/3856 3855/1/3855 3852/1/3852 
f 3859/1/3859 891/1/891 889/1/889 
f 889/1/889 3858/1/3858 3859/1/3859 
f 3858/1/3858 3857/1/3857 3860/1/3860 
f 3860/1/3860 3859/1/3859 3858/1/3858 
f 3859/1/3859 3860/1/3860 3845/1/3845 
f 3845/1/3845 3844/1/3844 3859/1/3859 
f 3844/1/3844 868/1/868 891/1/891 
f 891/1/891 3859/1/3859 3844/1/3844 
f 3861/1/3861 3850/1/3850 3854/1/3854 
f 3854/1/3854 3862/1/3862 3861/1/3861 
f 3862/1/3862 3863/1/3863 3864/1/3864 
f 3864/1/3864 3861/1/3861 3862/1/3862 
f 3861/1/3861 3864/1/3864 3865/1/3865 
f 3865/1/3865 3866/1/3866 3861/1/3861 
f 3866/1/3866 3851/1/3851 3850/1/3850 
f 3850/1/3850 3861/1/3861 3866/1/3866 
f 3867/1/3867 3868/1/3868 3869/1/3869 
f 3869/1/3869 3870/1/3870 3867/1/3867 
f 3870/1/3870 3857/1/3857 3856/1/3856 
f 3856/1/3856 3867/1/3867 3870/1/3870 
f 3867/1/3867 3856/1/3856 3851/1/3851 
f 3851/1/3851 3866/1/3866 3867/1/3867 
f 3866/1/3866 3865/1/3865 3868/1/3868 
f 3868/1/3868 3867/1/3867 3866/1/3866 
f 3871/1/3871 3860/1/3860 3857/1/3857 
f 3857/1/3857 3870/1/3870 3871/1/3871 
f 3870/1/3870 3869/1/3869 3872/1/3872 
f 3872/1/3872 3871/1/3871 3870/1/3870 
f 3871/1/3871 3872/1/3872 3873/1/3873 
f 3873/1/3873 3874/1/3874 3871/1/3871 
f 3874/1/3874 3845/1/3845 3860/1/3860 
f 3875/1/3875 3864/1/3864 3863/1/3863 
f 3863/1/3863 3876/1/3876 3875/1/3875 
f 3876/1/3876 3877/1/3877 3878/1/3878 
f 3878/1/3878 3875/1/3875 3876/1/3876 
f 3875/1/3875 3878/1/3878 3879/1/3879 
f 3879/1/3879 3880/1/3880 3875/1/3875 
f 3880/1/3880 3865/1/3865 3864/1/3864 
f 3864/1/3864 3875/1/3875 3880/1/3880 
f 3881/1/3881 3804/1/3804 3808/1/3808 
f 3808/1/3808 3882/1/3882 3881/1/3881 
f 3882/1/3882 3883/1/3883 3884/1/3884 
f 3884/1/3884 3881/1/3881 3882/1/3882 
f 3881/1/3881 3884/1/3884 3885/1/3885 
f 3885/1/3885 3886/1/3886 3881/1/3881 
f 3886/1/3886 3782/1/3782 3804/1/3804 
f 3804/1/3804 3881/1/3881 3886/1/3886 
f 3887/1/3887 3878/1/3878 3877/1/3877 
f 3877/1/3877 3888/1/3888 3887/1/3887 
f 3888/1/3888 3889/1/3889 3890/1/3890 
f 3890/1/3890 3887/1/3887 3888/1/3888 
f 3887/1/3887 3890/1/3890 3891/1/3891 
f 3891/1/3891 3892/1/3892 3887/1/3887 
f 3892/1/3892 3879/1/3879 3878/1/3878 
f 3878/1/3878 3887/1/3887 3892/1/3892 
f 3893/1/3893 3894/1/3894 3895/1/3895 
f 3895/1/3895 3896/1/3896 3893/1/3893 
f 3896/1/3896 3869/1/3869 3868/1/3868 
f 3868/1/3868 3893/1/3893 3896/1/3896 
f 3893/1/3893 3868/1/3868 3865/1/3865 
f 3865/1/3865 3880/1/3880 3893/1/3893 
f 3880/1/3880 3879/1/3879 3894/1/3894 
f 3894/1/3894 3893/1/3893 3880/1/3880 
f 3891/1/3891 3897/1/3897 3898/1/3898 
f 3898/1/3898 3892/1/3892 3891/1/3891 
f 3898/1/3898 3897/1/3897 3895/1/3895 
f 3898/1/3898 3894/1/3894 3879/1/3879 
f 3879/1/3879 3892/1/3892 3898/1/3898 
f 3899/1/3899 3872/1/3872 3869/1/3869 
f 3869/1/3869 3896/1/3896 3899/1/3899 
f 3896/1/3896 3895/1/3895 3900/1/3900 
f 3900/1/3900 3899/1/3899 3896/1/3896 
f 3899/1/3899 3900/1/3900 3901/1/3901 
f 3902/1/3902 3873/1/3873 3872/1/3872 
f 3872/1/3872 3899/1/3899 3902/1/3902 
f 3903/1/3903 3900/1/3900 3895/1/3895 
f 3897/1/3897 3891/1/3891 3904/1/3904 
f 3903/1/3903 3904/1/3904 3905/1/3905 
f 3905/1/3905 3906/1/3906 3903/1/3903 
f 3906/1/3906 3901/1/3901 3900/1/3900 
f 3907/1/3907 3884/1/3884 3883/1/3883 
f 3883/1/3883 3908/1/3908 3907/1/3907 
f 3908/1/3908 3891/1/3891 3890/1/3890 
f 3890/1/3890 3907/1/3907 3908/1/3908 
f 3907/1/3907 3890/1/3890 3889/1/3889 
f 3889/1/3889 3909/1/3909 3907/1/3907 
f 3909/1/3909 3885/1/3885 3884/1/3884 
f 3884/1/3884 3907/1/3907 3909/1/3909 
f 3910/1/3910 3846/1/3846 3845/1/3845 
f 3845/1/3845 3874/1/3874 3910/1/3910 
f 3874/1/3874 3873/1/3873 3911/1/3911 
f 3911/1/3911 3910/1/3910 3874/1/3874 
f 3910/1/3910 3911/1/3911 3912/1/3912 
f 3912/1/3912 3913/1/3913 3910/1/3910 
f 3913/1/3913 3847/1/3847 3846/1/3846 
f 3846/1/3846 3910/1/3910 3913/1/3913 
f 3914/1/3914 3911/1/3911 3873/1/3873 
f 3873/1/3873 3902/1/3902 3914/1/3914 
f 3902/1/3902 3901/1/3901 3915/1/3915 
f 3915/1/3915 3914/1/3914 3902/1/3902 
f 3914/1/3914 3915/1/3915 3916/1/3916 
f 3916/1/3916 3917/1/3917 3914/1/3914 
f 3917/1/3917 3912/1/3912 3911/1/3911 
f 3918/1/3918 3917/1/3917 3916/1/3916 
f 3916/1/3916 3919/1/3919 3918/1/3918 
f 3919/1/3919 3920/1/3920 3921/1/3921 
f 3921/1/3921 3918/1/3918 3919/1/3919 
f 3918/1/3918 3921/1/3921 3922/1/3922 
f 3922/1/3922 3923/1/3923 3918/1/3918 
f 3923/1/3923 3912/1/3912 3917/1/3917 
f 3924/1/3924 3925/1/3925 3926/1/3926 
f 3926/1/3926 3927/1/3927 3924/1/3924 
f 3927/1/3927 3905/1/3905 3904/1/3904 
f 3904/1/3904 3924/1/3924 3927/1/3927 
f 3924/1/3924 3904/1/3904 3891/1/3891 
f 3891/1/3891 3908/1/3908 3924/1/3924 
f 3908/1/3908 3883/1/3883 3925/1/3925 
f 3925/1/3925 3924/1/3924 3908/1/3908 
f 3928/1/3928 3906/1/3906 3905/1/3905 
f 3905/1/3905 3927/1/3927 3928/1/3928 
f 3927/1/3927 3926/1/3926 3929/1/3929 
f 3929/1/3929 3928/1/3928 3927/1/3927 
f 3928/1/3928 3929/1/3929 3916/1/3916 
f 3916/1/3916 3915/1/3915 3928/1/3928 
f 3915/1/3915 3901/1/3901 3906/1/3906 
f 3906/1/3906 3928/1/3928 3915/1/3915 
f 3930/1/3930 3813/1/3813 3816/1/3816 
f 3816/1/3816 3931/1/3931 3930/1/3930 
f 3931/1/3931 3932/1/3932 3933/1/3933 
f 3933/1/3933 3930/1/3930 3931/1/3931 
f 3930/1/3930 3933/1/3933 3808/1/3808 
f 3808/1/3808 3807/1/3807 3930/1/3930 
f 3807/1/3807 3806/1/3806 3813/1/3813 
f 3813/1/3813 3930/1/3930 3807/1/3807 
f 3934/1/3934 3935/1/3935 3936/1/3936 
f 3936/1/3936 3937/1/3937 3934/1/3934 
f 3937/1/3937 3920/1/3920 3919/1/3919 
f 3919/1/3919 3916/1/3916 3929/1/3929 
f 3929/1/3929 3926/1/3926 3935/1/3935 
f 3938/1/3938 3933/1/3933 3932/1/3932 
f 3932/1/3932 3939/1/3939 3938/1/3938 
f 3939/1/3939 3926/1/3926 3925/1/3925 
f 3925/1/3925 3938/1/3938 3939/1/3939 
f 3938/1/3938 3925/1/3925 3883/1/3883 
f 3883/1/3883 3882/1/3882 3938/1/3938 
f 3882/1/3882 3808/1/3808 3933/1/3933 
f 3939/1/3939 3932/1/3932 3940/1/3940 
f 3940/1/3940 3941/1/3941 3939/1/3939 
f 3941/1/3941 3940/1/3940 3936/1/3936 
f 3936/1/3936 3935/1/3935 3941/1/3941 
f 3941/1/3941 3935/1/3935 3926/1/3926 
f 3926/1/3926 3939/1/3939 3941/1/3941 
f 3942/1/3942 3943/1/3943 3944/1/3944 
f 3944/1/3944 3945/1/3945 3942/1/3942 
f 3945/1/3945 3946/1/3946 3947/1/3947 
f 3947/1/3947 3942/1/3942 3945/1/3945 
f 3942/1/3942 3947/1/3947 3317/1/3317 
f 3317/1/3317 3316/1/3316 3942/1/3942 
f 3316/1/3316 3315/1/3315 3943/1/3943 
f 3943/1/3943 3942/1/3942 3316/1/3316 
f 3948/1/3948 3947/1/3947 3946/1/3946 
f 3946/1/3946 3949/1/3949 3948/1/3948 
f 3949/1/3949 3950/1/3950 3951/1/3951 
f 3951/1/3951 3948/1/3948 3949/1/3949 
f 3948/1/3948 3951/1/3951 3323/1/3323 
f 3323/1/3323 3322/1/3322 3948/1/3948 
f 3322/1/3322 3317/1/3317 3947/1/3947 
f 3947/1/3947 3948/1/3948 3322/1/3322 
f 3952/1/3952 3953/1/3953 3954/1/3954 
f 3954/1/3954 3955/1/3955 3952/1/3952 
f 3954/1/3954 3953/1/3953 3327/1/3327 
f 3327/1/3327 3326/1/3326 3954/1/3954 
f 3326/1/3326 3323/1/3323 3951/1/3951 
f 3951/1/3951 3954/1/3954 3326/1/3326 
f 3951/1/3951 3950/1/3950 3955/1/3955 
f 3955/1/3955 3954/1/3954 3951/1/3951 
f 3956/1/3956 3953/1/3953 3952/1/3952 
f 3952/1/3952 3957/1/3957 3956/1/3956 
f 3957/1/3957 3958/1/3958 3959/1/3959 
f 3959/1/3959 3956/1/3956 3957/1/3957 
f 3956/1/3956 3959/1/3959 3331/1/3331 
f 3331/1/3331 3330/1/3330 3956/1/3956 
f 3330/1/3330 3327/1/3327 3953/1/3953 
f 3953/1/3953 3956/1/3956 3330/1/3330 
f 3960/1/3960 3959/1/3959 3958/1/3958 
f 3958/1/3958 3961/1/3961 3960/1/3960 
f 3961/1/3961 3962/1/3962 3963/1/3963 
f 3963/1/3963 3960/1/3960 3961/1/3961 
f 3960/1/3960 3963/1/3963 3335/1/3335 
f 3335/1/3335 3334/1/3334 3960/1/3960 
f 3334/1/3334 3331/1/3331 3959/1/3959 
f 3959/1/3959 3960/1/3960 3334/1/3334 
f 3964/1/3964 3963/1/3963 3962/1/3962 
f 3962/1/3962 3965/1/3965 3964/1/3964 
f 3965/1/3965 3966/1/3966 3967/1/3967 
f 3967/1/3967 3964/1/3964 3965/1/3965 
f 3964/1/3964 3967/1/3967 3339/1/3339 
f 3339/1/3339 3338/1/3338 3964/1/3964 
f 3338/1/3338 3335/1/3335 3963/1/3963 
f 3963/1/3963 3964/1/3964 3338/1/3338 
f 3968/1/3968 3967/1/3967 3966/1/3966 
f 3966/1/3966 3969/1/3969 3968/1/3968 
f 3969/1/3969 3970/1/3970 3971/1/3971 
f 3971/1/3971 3968/1/3968 3969/1/3969 
f 3968/1/3968 3971/1/3971 3343/1/3343 
f 3343/1/3343 3342/1/3342 3968/1/3968 
f 3342/1/3342 3339/1/3339 3967/1/3967 
f 3967/1/3967 3968/1/3968 3342/1/3342 
f 3972/1/3972 3971/1/3971 3970/1/3970 
f 3970/1/3970 3973/1/3973 3972/1/3972 
f 3973/1/3973 3974/1/3974 3975/1/3975 
f 3975/1/3975 3972/1/3972 3973/1/3973 
f 3972/1/3972 3975/1/3975 3347/1/3347 
f 3347/1/3347 3346/1/3346 3972/1/3972 
f 3346/1/3346 3343/1/3343 3971/1/3971 
f 3971/1/3971 3972/1/3972 3346/1/3346 
f 3976/1/3976 3977/1/3977 3978/1/3978 
f 3978/1/3978 3979/1/3979 3976/1/3976 
f 3976/1/3976 3979/1/3979 3351/1/3351 
f 3351/1/3351 3350/1/3350 3976/1/3976 
f 3350/1/3350 3347/1/3347 3975/1/3975 
f 3975/1/3975 3976/1/3976 3350/1/3350 
f 3975/1/3975 3974/1/3974 3977/1/3977 
f 3977/1/3977 3976/1/3976 3975/1/3975 
f 3980/1/3980 3981/1/3981 3982/1/3982 
f 3982/1/3982 3983/1/3983 3980/1/3980 
f 3983/1/3983 3982/1/3982 3984/1/3984 
f 3984/1/3984 3985/1/3985 3983/1/3983 
f 3985/1/3985 3978/1/3978 3977/1/3977 
f 3977/1/3977 3983/1/3983 3985/1/3985 
f 3977/1/3977 3974/1/3974 3980/1/3980 
f 3980/1/3980 3983/1/3983 3977/1/3977 
f 3986/1/3986 3987/1/3987 3988/1/3988 
f 3988/1/3988 3989/1/3989 3986/1/3986 
f 3989/1/3989 3946/1/3946 3945/1/3945 
f 3945/1/3945 3986/1/3986 3989/1/3989 
f 3986/1/3986 3945/1/3945 3944/1/3944 
f 3944/1/3944 3990/1/3990 3986/1/3986 
f 3990/1/3990 3991/1/3991 3987/1/3987 
f 3987/1/3987 3986/1/3986 3990/1/3990 
f 3992/1/3992 3993/1/3993 3994/1/3994 
f 3994/1/3994 3995/1/3995 3992/1/3992 
f 3995/1/3995 3950/1/3950 3949/1/3949 
f 3949/1/3949 3992/1/3992 3995/1/3995 
f 3992/1/3992 3949/1/3949 3946/1/3946 
f 3946/1/3946 3989/1/3989 3992/1/3992 
f 3989/1/3989 3988/1/3988 3993/1/3993 
f 3993/1/3993 3992/1/3992 3989/1/3989 
f 3996/1/3996 3997/1/3997 3998/1/3998 
f 3998/1/3998 3999/1/3999 3996/1/3996 
f 3999/1/3999 3952/1/3952 3955/1/3955 
f 3955/1/3955 3996/1/3996 3999/1/3999 
f 3996/1/3996 3955/1/3955 3950/1/3950 
f 3950/1/3950 3995/1/3995 3996/1/3996 
f 3995/1/3995 3994/1/3994 3997/1/3997 
f 3997/1/3997 3996/1/3996 3995/1/3995 
f 4000/1/4000 4001/1/4001 4002/1/4002 
f 4002/1/4002 4003/1/4003 4000/1/4000 
f 4000/1/4000 4003/1/4003 3958/1/3958 
f 3958/1/3958 3957/1/3957 4000/1/4000 
f 4000/1/4000 3957/1/3957 3952/1/3952 
f 3952/1/3952 3999/1/3999 4000/1/4000 
f 3999/1/3999 3998/1/3998 4001/1/4001 
f 4001/1/4001 4000/1/4000 3999/1/3999 
f 4004/1/4004 4005/1/4005 4006/1/4006 
f 4006/1/4006 4007/1/4007 4004/1/4004 
f 4004/1/4004 4007/1/4007 3962/1/3962 
f 3962/1/3962 3961/1/3961 4004/1/4004 
f 3961/1/3961 3958/1/3958 4003/1/4003 
f 4003/1/4003 4004/1/4004 3961/1/3961 
f 4003/1/4003 4002/1/4002 4005/1/4005 
f 4005/1/4005 4004/1/4004 4003/1/4003 
f 4008/1/4008 4009/1/4009 4010/1/4010 
f 4010/1/4010 4011/1/4011 4008/1/4008 
f 4008/1/4008 4011/1/4011 3966/1/3966 
f 3966/1/3966 3965/1/3965 4008/1/4008 
f 3965/1/3965 3962/1/3962 4007/1/4007 
f 4007/1/4007 4008/1/4008 3965/1/3965 
f 4007/1/4007 4006/1/4006 4009/1/4009 
f 4009/1/4009 4008/1/4008 4007/1/4007 
f 4012/1/4012 4011/1/4011 4010/1/4010 
f 4010/1/4010 4013/1/4013 4012/1/4012 
f 4013/1/4013 4014/1/4014 4015/1/4015 
f 4015/1/4015 4012/1/4012 4013/1/4013 
f 4012/1/4012 4015/1/4015 3970/1/3970 
f 3970/1/3970 3969/1/3969 4012/1/4012 
f 3969/1/3969 3966/1/3966 4011/1/4011 
f 4011/1/4011 4012/1/4012 3969/1/3969 
f 4016/1/4016 4017/1/4017 4018/1/4018 
f 4018/1/4018 3974/1/3974 3973/1/3973 
f 3973/1/3973 4019/1/4019 4018/1/4018 
f 3973/1/3973 3970/1/3970 4015/1/4015 
f 4015/1/4015 4019/1/4019 3973/1/3973 
f 4019/1/4019 4015/1/4015 4014/1/4014 
f 4014/1/4014 4016/1/4016 4019/1/4019 
f 4020/1/4020 4018/1/4018 4017/1/4017 
f 4017/1/4017 4021/1/4021 4020/1/4020 
f 4021/1/4021 4022/1/4022 4023/1/4023 
f 4023/1/4023 4020/1/4020 4021/1/4021 
f 4020/1/4020 4023/1/4023 3981/1/3981 
f 3981/1/3981 3980/1/3980 4020/1/4020 
f 3980/1/3980 3974/1/3974 4018/1/4018 
f 4018/1/4018 4020/1/4020 3980/1/3980 
f 4024/1/4024 3987/1/3987 3991/1/3991 
f 3991/1/3991 4025/1/4025 4024/1/4024 
f 4025/1/4025 4026/1/4026 4027/1/4027 
f 4027/1/4027 4024/1/4024 4025/1/4025 
f 4024/1/4024 4027/1/4027 4028/1/4028 
f 4028/1/4028 4029/1/4029 4024/1/4024 
f 4029/1/4029 3988/1/3988 3987/1/3987 
f 3987/1/3987 4024/1/4024 4029/1/4029 
f 4030/1/4030 3993/1/3993 3988/1/3988 
f 3988/1/3988 4029/1/4029 4030/1/4030 
f 4029/1/4029 4028/1/4028 4031/1/4031 
f 4031/1/4031 4030/1/4030 4029/1/4029 
f 4030/1/4030 4031/1/4031 4032/1/4032 
f 4032/1/4032 4033/1/4033 4030/1/4030 
f 4033/1/4033 3994/1/3994 3993/1/3993 
f 3993/1/3993 4030/1/4030 4033/1/4033 
f 4034/1/4034 3997/1/3997 3994/1/3994 
f 3994/1/3994 4033/1/4033 4034/1/4034 
f 4033/1/4033 4032/1/4032 4035/1/4035 
f 4035/1/4035 4034/1/4034 4033/1/4033 
f 4034/1/4034 4035/1/4035 4036/1/4036 
f 4036/1/4036 4037/1/4037 4034/1/4034 
f 4037/1/4037 3998/1/3998 3997/1/3997 
f 3997/1/3997 4034/1/4034 4037/1/4037 
f 4038/1/4038 4001/1/4001 3998/1/3998 
f 3998/1/3998 4037/1/4037 4038/1/4038 
f 4037/1/4037 4036/1/4036 4039/1/4039 
f 4039/1/4039 4038/1/4038 4037/1/4037 
f 4038/1/4038 4039/1/4039 4040/1/4040 
f 4040/1/4040 4041/1/4041 4038/1/4038 
f 4041/1/4041 4002/1/4002 4001/1/4001 
f 4001/1/4001 4038/1/4038 4041/1/4041 
f 4042/1/4042 4043/1/4043 4044/1/4044 
f 4044/1/4044 4045/1/4045 4042/1/4042 
f 4045/1/4045 4028/1/4028 4027/1/4027 
f 4027/1/4027 4042/1/4042 4045/1/4045 
f 4042/1/4042 4027/1/4027 4026/1/4026 
f 4026/1/4026 4046/1/4046 4042/1/4042 
f 4046/1/4046 4047/1/4047 4043/1/4043 
f 4043/1/4043 4042/1/4042 4046/1/4046 
f 4048/1/4048 4049/1/4049 4050/1/4050 
f 4050/1/4050 4051/1/4051 4048/1/4048 
f 4050/1/4050 4032/1/4032 4031/1/4031 
f 4031/1/4031 4051/1/4051 4050/1/4050 
f 4051/1/4051 4031/1/4031 4028/1/4028 
f 4028/1/4028 4045/1/4045 4051/1/4051 
f 4045/1/4045 4044/1/4044 4048/1/4048 
f 4048/1/4048 4051/1/4051 4045/1/4045 
f 4052/1/4052 4053/1/4053 4054/1/4054 
f 4054/1/4054 4055/1/4055 4052/1/4052 
f 4054/1/4054 4036/1/4036 4035/1/4035 
f 4035/1/4035 4055/1/4055 4054/1/4054 
f 4055/1/4055 4035/1/4035 4032/1/4032 
f 4032/1/4032 4050/1/4050 4055/1/4055 
f 4055/1/4055 4050/1/4050 4049/1/4049 
f 4049/1/4049 4052/1/4052 4055/1/4055 
f 1090/1/1090 4056/1/4056 4057/1/4057 
f 4057/1/4057 1091/1/1091 1090/1/1090 
f 1090/1/1090 1096/1/1096 4058/1/4058 
f 4058/1/4058 4056/1/4056 1090/1/1090 
f 4058/1/4058 4059/1/4059 4060/1/4060 
f 4060/1/4060 4056/1/4056 4058/1/4058 
f 4056/1/4056 4060/1/4060 4061/1/4061 
f 4061/1/4061 4057/1/4057 4056/1/4056 
f 4062/1/4062 4058/1/4058 1096/1/1096 
f 1096/1/1096 1098/1/1098 4062/1/4062 
f 1098/1/1098 1102/1/1102 4063/1/4063 
f 4063/1/4063 4062/1/4062 1098/1/1098 
f 4062/1/4062 4063/1/4063 4064/1/4064 
f 4064/1/4064 4065/1/4065 4062/1/4062 
f 4065/1/4065 4059/1/4059 4058/1/4058 
f 4058/1/4058 4062/1/4062 4065/1/4065 
f 4066/1/4066 4063/1/4063 1102/1/1102 
f 1102/1/1102 1104/1/1104 4066/1/4066 
f 1104/1/1104 1108/1/1108 4067/1/4067 
f 4067/1/4067 4066/1/4066 1104/1/1104 
f 4066/1/4066 4067/1/4067 4068/1/4068 
f 4068/1/4068 4069/1/4069 4066/1/4066 
f 4069/1/4069 4064/1/4064 4063/1/4063 
f 4063/1/4063 4066/1/4066 4069/1/4069 
f 4070/1/4070 4067/1/4067 1108/1/1108 
f 1108/1/1108 1110/1/1110 4070/1/4070 
f 1110/1/1110 1114/1/1114 4071/1/4071 
f 4071/1/4071 4070/1/4070 1110/1/1110 
f 4070/1/4070 4071/1/4071 4072/1/4072 
f 4072/1/4072 4073/1/4073 4070/1/4070 
f 4073/1/4073 4068/1/4068 4067/1/4067 
f 4067/1/4067 4070/1/4070 4073/1/4073 
f 4074/1/4074 4071/1/4071 1114/1/1114 
f 1114/1/1114 1116/1/1116 4074/1/4074 
f 1116/1/1116 1120/1/1120 4075/1/4075 
f 4075/1/4075 4074/1/4074 1116/1/1116 
f 4074/1/4074 4075/1/4075 4076/1/4076 
f 4076/1/4076 4077/1/4077 4074/1/4074 
f 4077/1/4077 4072/1/4072 4071/1/4071 
f 4071/1/4071 4074/1/4074 4077/1/4077 
f 4078/1/4078 4075/1/4075 1120/1/1120 
f 1120/1/1120 1122/1/1122 4078/1/4078 
f 4079/1/4079 4078/1/4078 1122/1/1122 
f 1122/1/1122 1126/1/1126 4079/1/4079 
f 4078/1/4078 4079/1/4079 4080/1/4080 
f 4080/1/4080 4081/1/4081 4078/1/4078 
f 4081/1/4081 4076/1/4076 4075/1/4075 
f 4075/1/4075 4078/1/4078 4081/1/4081 
f 4082/1/4082 4083/1/4083 1129/1/1129 
f 1129/1/1129 1128/1/1128 4082/1/4082 
f 4083/1/4083 4082/1/4082 4084/1/4084 
f 4084/1/4084 4085/1/4085 4083/1/4083 
f 4085/1/4085 4080/1/4080 4079/1/4079 
f 4079/1/4079 4083/1/4083 4085/1/4085 
f 1129/1/1129 4083/1/4083 4079/1/4079 
f 4079/1/4079 1126/1/1126 1129/1/1129 
f 4086/1/4086 4087/1/4087 4088/1/4088 
f 4088/1/4088 4089/1/4089 4086/1/4086 
f 4089/1/4089 4084/1/4084 4082/1/4082 
f 4082/1/4082 4086/1/4086 4089/1/4089 
f 4086/1/4086 4082/1/4082 1128/1/1128 
f 1128/1/1128 1134/1/1134 4086/1/4086 
f 1134/1/1134 1138/1/1138 4087/1/4087 
f 4087/1/4087 4086/1/4086 1134/1/1134 
f 4090/1/4090 1142/1/1142 1141/1/1141 
f 1141/1/1141 4091/1/4091 4090/1/4090 
f 4090/1/4090 4091/1/4091 4092/1/4092 
f 4092/1/4092 4093/1/4093 4090/1/4090 
f 4093/1/4093 4088/1/4088 4087/1/4087 
f 4087/1/4087 4090/1/4090 4093/1/4093 
f 4087/1/4087 1138/1/1138 1142/1/1142 
f 1142/1/1142 4090/1/4090 4087/1/4087 
f 1146/1/1146 4094/1/4094 4091/1/4091 
f 4091/1/4091 1141/1/1141 1146/1/1146 
f 1146/1/1146 1150/1/1150 4095/1/4095 
f 4095/1/4095 4094/1/4094 1146/1/1146 
f 4094/1/4094 4095/1/4095 4096/1/4096 
f 4096/1/4096 4097/1/4097 4094/1/4094 
f 4097/1/4097 4092/1/4092 4091/1/4091 
f 4091/1/4091 4094/1/4094 4097/1/4097 
f 4098/1/4098 4099/1/4099 4100/1/4100 
f 4100/1/4100 4101/1/4101 4098/1/4098 
f 4101/1/4101 4059/1/4059 4065/1/4065 
f 4065/1/4065 4098/1/4098 4101/1/4101 
f 4065/1/4065 4064/1/4064 4102/1/4102 
f 4102/1/4102 4098/1/4098 4065/1/4065 
f 4099/1/4099 4098/1/4098 4102/1/4102 
f 4102/1/4102 4103/1/4103 4099/1/4099 
f 4104/1/4104 4105/1/4105 4103/1/4103 
f 4103/1/4103 4106/1/4106 4104/1/4104 
f 4106/1/4106 4107/1/4107 4108/1/4108 
f 4108/1/4108 4104/1/4104 4106/1/4106 
f 4104/1/4104 4108/1/4108 4049/1/4049 
f 4049/1/4049 4048/1/4048 4104/1/4104 
f 4048/1/4048 4044/1/4044 4105/1/4105 
f 4105/1/4105 4104/1/4104 4048/1/4048 
f 4109/1/4109 4110/1/4110 4107/1/4107 
f 4107/1/4107 4106/1/4106 4109/1/4109 
f 4106/1/4106 4103/1/4103 4102/1/4102 
f 4102/1/4102 4109/1/4109 4106/1/4106 
f 4109/1/4109 4102/1/4102 4064/1/4064 
f 4064/1/4064 4069/1/4069 4109/1/4109 
f 4069/1/4069 4068/1/4068 4110/1/4110 
f 4110/1/4110 4109/1/4109 4069/1/4069 
f 4111/1/4111 4108/1/4108 4107/1/4107 
f 4107/1/4107 4112/1/4112 4111/1/4111 
f 4112/1/4112 4113/1/4113 4114/1/4114 
f 4114/1/4114 4111/1/4111 4112/1/4112 
f 4111/1/4111 4114/1/4114 4053/1/4053 
f 4053/1/4053 4052/1/4052 4111/1/4111 
f 4052/1/4052 4049/1/4049 4108/1/4108 
f 4108/1/4108 4111/1/4111 4052/1/4052 
f 4115/1/4115 4116/1/4116 4113/1/4113 
f 4113/1/4113 4112/1/4112 4115/1/4115 
f 4112/1/4112 4107/1/4107 4110/1/4110 
f 4110/1/4110 4115/1/4115 4112/1/4112 
f 4115/1/4115 4110/1/4110 4068/1/4068 
f 4068/1/4068 4073/1/4073 4115/1/4115 
f 4073/1/4073 4072/1/4072 4116/1/4116 
f 4116/1/4116 4115/1/4115 4073/1/4073 
f 4117/1/4117 4116/1/4116 4072/1/4072 
f 4072/1/4072 4077/1/4077 4117/1/4117 
f 4077/1/4077 4076/1/4076 4118/1/4118 
f 4118/1/4118 4117/1/4117 4077/1/4077 
f 4117/1/4117 4118/1/4118 4119/1/4119 
f 4119/1/4119 4120/1/4120 4117/1/4117 
f 4120/1/4120 4113/1/4113 4116/1/4116 
f 4116/1/4116 4117/1/4117 4120/1/4120 
f 4081/1/4081 4080/1/4080 4121/1/4121 
f 4121/1/4121 4122/1/4122 4081/1/4081 
f 4122/1/4122 4121/1/4121 4123/1/4123 
f 4123/1/4123 4124/1/4124 4122/1/4122 
f 4124/1/4124 4119/1/4119 4118/1/4118 
f 4118/1/4118 4122/1/4122 4124/1/4124 
f 4122/1/4122 4118/1/4118 4076/1/4076 
f 4076/1/4076 4081/1/4081 4122/1/4122 
f 4125/1/4125 4126/1/4126 4127/1/4127 
f 4127/1/4127 4128/1/4128 4125/1/4125 
f 4128/1/4128 4123/1/4123 4121/1/4121 
f 4121/1/4121 4125/1/4125 4128/1/4128 
f 4125/1/4125 4121/1/4121 4080/1/4080 
f 4080/1/4080 4085/1/4085 4125/1/4125 
f 4085/1/4085 4084/1/4084 4126/1/4126 
f 4126/1/4126 4125/1/4125 4085/1/4085 
f 4129/1/4129 4130/1/4130 4131/1/4131 
f 4131/1/4131 4132/1/4132 4129/1/4129 
f 4132/1/4132 4127/1/4127 4126/1/4126 
f 4126/1/4126 4129/1/4129 4132/1/4132 
f 4129/1/4129 4126/1/4126 4084/1/4084 
f 4084/1/4084 4089/1/4089 4129/1/4129 
f 4089/1/4089 4088/1/4088 4130/1/4130 
f 4130/1/4130 4129/1/4129 4089/1/4089 
f 4133/1/4133 4134/1/4134 4135/1/4135 
f 4135/1/4135 4136/1/4136 4133/1/4133 
f 4136/1/4136 4131/1/4131 4130/1/4130 
f 4130/1/4130 4133/1/4133 4136/1/4136 
f 4133/1/4133 4130/1/4130 4088/1/4088 
f 4088/1/4088 4093/1/4093 4133/1/4133 
f 4093/1/4093 4092/1/4092 4134/1/4134 
f 4134/1/4134 4133/1/4133 4093/1/4093 
f 4137/1/4137 4138/1/4138 4139/1/4139 
f 4140/1/4140 4141/1/4141 4142/1/4142 
f 4142/1/4142 4137/1/4137 4140/1/4140 
f 4137/1/4137 4142/1/4142 4100/1/4100 
f 4100/1/4100 4143/1/4143 4137/1/4137 
f 4143/1/4143 4047/1/4047 4138/1/4138 
f 4138/1/4138 4137/1/4137 4143/1/4143 
f 4144/1/4144 4060/1/4060 4059/1/4059 
f 4059/1/4059 4101/1/4101 4144/1/4144 
f 4101/1/4101 4100/1/4100 4142/1/4142 
f 4142/1/4142 4144/1/4144 4101/1/4101 
f 4144/1/4144 4142/1/4142 4141/1/4141 
f 4141/1/4141 4145/1/4145 4144/1/4144 
f 4145/1/4145 4061/1/4061 4060/1/4060 
f 4060/1/4060 4144/1/4144 4145/1/4145 
f 4146/1/4146 4043/1/4043 4047/1/4047 
f 4047/1/4047 4143/1/4143 4146/1/4146 
f 4143/1/4143 4100/1/4100 4099/1/4099 
f 4099/1/4099 4146/1/4146 4143/1/4143 
f 4146/1/4146 4099/1/4099 4103/1/4103 
f 4103/1/4103 4105/1/4105 4146/1/4146 
f 4105/1/4105 4044/1/4044 4043/1/4043 
f 4043/1/4043 4146/1/4146 4105/1/4105 
f 4147/1/4147 3368/1/3368 3372/1/3372 
f 3372/1/3372 4148/1/4148 4147/1/4147 
f 4148/1/4148 4149/1/4149 4150/1/4150 
f 4150/1/4150 4147/1/4147 4148/1/4148 
f 4147/1/4147 4150/1/4150 2995/1/2995 
f 2995/1/2995 3366/1/3366 4147/1/4147 
f 3366/1/3366 3365/1/3365 3368/1/3368 
f 3368/1/3368 4147/1/4147 3366/1/3366 
f 4150/1/4150 4149/1/4149 4151/1/4151 
f 4151/1/4151 4152/1/4152 4150/1/4150 
f 4151/1/4151 3030/1/3030 3029/1/3029 
f 3029/1/3029 4152/1/4152 4151/1/4151 
f 4152/1/4152 3029/1/3029 2997/1/2997 
f 2997/1/2997 2996/1/2996 4152/1/4152 
f 2996/1/2996 2995/1/2995 4150/1/4150 
f 4150/1/4150 4152/1/4152 2996/1/2996 
f 3562/1/3562 3561/1/3561 4153/1/4153 
f 4154/1/4154 4153/1/4153 4155/1/4155 
f 4155/1/4155 4156/1/4156 4154/1/4154 
f 4154/1/4154 4156/1/4156 3372/1/3372 
f 3372/1/3372 3371/1/3371 4154/1/4154 
f 3371/1/3371 3370/1/3370 3562/1/3562 
f 3562/1/3562 4154/1/4154 3371/1/3371 
f 4157/1/4157 4158/1/4158 4159/1/4159 
f 4159/1/4159 3575/1/3575 3574/1/3574 
f 4160/1/4160 3574/1/3574 3030/1/3030 
f 3030/1/3030 4151/1/4151 4160/1/4160 
f 4151/1/4151 4149/1/4149 4157/1/4157 
f 4161/1/4161 4162/1/4162 4163/1/4163 
f 4163/1/4163 4164/1/4164 4161/1/4161 
f 4164/1/4164 4149/1/4149 4148/1/4148 
f 4148/1/4148 4161/1/4161 4164/1/4164 
f 4161/1/4161 4148/1/4148 3372/1/3372 
f 3372/1/3372 4156/1/4156 4161/1/4161 
f 4156/1/4156 4155/1/4155 4162/1/4162 
f 4164/1/4164 4163/1/4163 4165/1/4165 
f 4165/1/4165 4166/1/4166 4164/1/4164 
f 4166/1/4166 4165/1/4165 4158/1/4158 
f 4158/1/4158 4157/1/4157 4166/1/4166 
f 4166/1/4166 4157/1/4157 4149/1/4149 
f 4149/1/4149 4164/1/4164 4166/1/4166 
f 4167/1/4167 4153/1/4153 3561/1/3561 
f 3561/1/3561 3568/1/3568 4167/1/4167 
f 3568/1/3568 3565/1/3565 4168/1/4168 
f 4168/1/4168 4167/1/4167 3568/1/3568 
f 4167/1/4167 4168/1/4168 4169/1/4169 
f 4169/1/4169 4170/1/4170 4167/1/4167 
f 4170/1/4170 4155/1/4155 4153/1/4153 
f 4171/1/4171 4159/1/4159 4158/1/4158 
f 4158/1/4158 4172/1/4172 4171/1/4171 
f 4172/1/4172 4173/1/4173 4174/1/4174 
f 4174/1/4174 4171/1/4171 4172/1/4172 
f 4171/1/4171 4174/1/4174 3581/1/3581 
f 3581/1/3581 3589/1/3589 4171/1/4171 
f 3589/1/3589 3575/1/3575 4159/1/4159 
f 4159/1/4159 4171/1/4171 3589/1/3589 
f 4175/1/4175 4176/1/4176 4177/1/4177 
f 4177/1/4177 4178/1/4178 4175/1/4175 
f 4178/1/4178 4163/1/4163 4162/1/4162 
f 4162/1/4162 4175/1/4175 4178/1/4178 
f 4175/1/4175 4162/1/4162 4155/1/4155 
f 4155/1/4155 4170/1/4170 4175/1/4175 
f 4170/1/4170 4169/1/4169 4176/1/4176 
f 4176/1/4176 4175/1/4175 4170/1/4170 
f 4179/1/4179 4165/1/4165 4163/1/4163 
f 4163/1/4163 4178/1/4178 4179/1/4179 
f 4178/1/4178 4177/1/4177 4180/1/4180 
f 4180/1/4180 4179/1/4179 4178/1/4178 
f 4179/1/4179 4180/1/4180 4173/1/4173 
f 4173/1/4173 4172/1/4172 4179/1/4179 
f 4172/1/4172 4158/1/4158 4165/1/4165 
f 4165/1/4165 4179/1/4179 4172/1/4172 
f 4174/1/4174 4181/1/4181 3582/1/3582 
f 3582/1/3582 3581/1/3581 4174/1/4174 
f 4181/1/4181 4174/1/4174 4173/1/4173 
f 4173/1/4173 4182/1/4182 4181/1/4181 
f 4182/1/4182 4183/1/4183 4184/1/4184 
f 4184/1/4184 4181/1/4181 4182/1/4182 
f 4184/1/4184 3571/1/3571 3582/1/3582 
f 3582/1/3582 4181/1/4181 4184/1/4184 
f 4185/1/4185 4186/1/4186 4187/1/4187 
f 4187/1/4187 4188/1/4188 4185/1/4185 
f 4188/1/4188 4169/1/4169 4168/1/4168 
f 4168/1/4168 4185/1/4185 4188/1/4188 
f 4185/1/4185 4168/1/4168 3565/1/3565 
f 3565/1/3565 3564/1/3564 4185/1/4185 
f 3564/1/3564 3557/1/3557 4186/1/4186 
f 4186/1/4186 4185/1/4185 3564/1/3564 
f 4189/1/4189 4190/1/4190 4191/1/4191 
f 4191/1/4191 4192/1/4192 4189/1/4189 
f 4192/1/4192 4177/1/4177 4176/1/4176 
f 4176/1/4176 4189/1/4189 4192/1/4192 
f 4189/1/4189 4176/1/4176 4169/1/4169 
f 4169/1/4169 4188/1/4188 4189/1/4189 
f 4188/1/4188 4187/1/4187 4190/1/4190 
f 4190/1/4190 4189/1/4189 4188/1/4188 
f 4193/1/4193 4194/1/4194 4183/1/4183 
f 4183/1/4183 4182/1/4182 4193/1/4193 
f 4182/1/4182 4173/1/4173 4180/1/4180 
f 4180/1/4180 4193/1/4193 4182/1/4182 
f 4193/1/4193 4180/1/4180 4177/1/4177 
f 4177/1/4177 4192/1/4192 4193/1/4193 
f 4192/1/4192 4191/1/4191 4194/1/4194 
f 4194/1/4194 4193/1/4193 4192/1/4192 
f 4195/1/4195 3555/1/3555 3414/1/3414 
f 3414/1/3414 4196/1/4196 4195/1/4195 
f 4196/1/4196 4197/1/4197 4198/1/4198 
f 4198/1/4198 4195/1/4195 4196/1/4196 
f 4195/1/4195 4198/1/4198 4187/1/4187 
f 4187/1/4187 4186/1/4186 4195/1/4195 
f 4186/1/4186 3557/1/3557 3555/1/3555 
f 4199/1/4199 4200/1/4200 4197/1/4197 
f 4197/1/4197 4196/1/4196 4199/1/4199 
f 4196/1/4196 3414/1/3414 3413/1/3413 
f 3413/1/3413 4199/1/4199 4196/1/4196 
f 4199/1/4199 3413/1/3413 3410/1/3410 
f 3410/1/3410 4200/1/4200 4199/1/4199 
f 4201/1/4201 4184/1/4184 4183/1/4183 
f 4183/1/4183 4202/1/4202 4201/1/4201 
f 4202/1/4202 4203/1/4203 4204/1/4204 
f 4204/1/4204 4201/1/4201 4202/1/4202 
f 4204/1/4204 3320/1/3320 3572/1/3572 
f 3572/1/3572 4201/1/4201 4204/1/4204 
f 4201/1/4201 3572/1/3572 3571/1/3571 
f 4205/1/4205 4206/1/4206 4207/1/4207 
f 4207/1/4207 4208/1/4208 4205/1/4205 
f 4208/1/4208 4191/1/4191 4190/1/4190 
f 4190/1/4190 4205/1/4205 4208/1/4208 
f 4205/1/4205 4190/1/4190 4187/1/4187 
f 4187/1/4187 4198/1/4198 4205/1/4205 
f 4198/1/4198 4197/1/4197 4206/1/4206 
f 4206/1/4206 4205/1/4205 4198/1/4198 
f 4209/1/4209 4194/1/4194 4191/1/4191 
f 4191/1/4191 4208/1/4208 4209/1/4209 
f 4208/1/4208 4207/1/4207 4210/1/4210 
f 4209/1/4209 4210/1/4210 4203/1/4203 
f 4203/1/4203 4202/1/4202 4209/1/4209 
f 4202/1/4202 4183/1/4183 4194/1/4194 
f 4194/1/4194 4209/1/4209 4202/1/4202 
f 4211/1/4211 4200/1/4200 3410/1/3410 
f 3410/1/3410 3409/1/3409 4211/1/4211 
f 3409/1/3409 3408/1/3408 4212/1/4212 
f 4212/1/4212 4211/1/4211 3409/1/3409 
f 4211/1/4211 4212/1/4212 4213/1/4213 
f 4213/1/4213 4214/1/4214 4211/1/4211 
f 4214/1/4214 4197/1/4197 4200/1/4200 
f 4200/1/4200 4211/1/4211 4214/1/4214 
f 4215/1/4215 4216/1/4216 4217/1/4217 
f 4217/1/4217 4218/1/4218 4215/1/4215 
f 4218/1/4218 3315/1/3315 3314/1/3314 
f 3314/1/3314 4215/1/4215 4218/1/4218 
f 4215/1/4215 3314/1/3314 3320/1/3320 
f 3320/1/3320 4204/1/4204 4215/1/4215 
f 4204/1/4204 4203/1/4203 4216/1/4216 
f 4216/1/4216 4215/1/4215 4204/1/4204 
f 4219/1/4219 4214/1/4214 4213/1/4213 
f 4213/1/4213 4220/1/4220 4219/1/4219 
f 4220/1/4220 4221/1/4221 4222/1/4222 
f 4222/1/4222 4219/1/4219 4220/1/4220 
f 4222/1/4222 4207/1/4207 4206/1/4206 
f 4206/1/4206 4219/1/4219 4222/1/4222 
f 4206/1/4206 4197/1/4197 4214/1/4214 
f 4214/1/4214 4219/1/4219 4206/1/4206 
f 4223/1/4223 4210/1/4210 4207/1/4207 
f 4207/1/4207 4222/1/4222 4223/1/4223 
f 4222/1/4222 4221/1/4221 4224/1/4224 
f 4224/1/4224 4223/1/4223 4222/1/4222 
f 4224/1/4224 4217/1/4217 4216/1/4216 
f 4216/1/4216 4223/1/4223 4224/1/4224 
f 4210/1/4210 4223/1/4223 4216/1/4216 
f 4216/1/4216 4203/1/4203 4210/1/4210 
f 4225/1/4225 4226/1/4226 4227/1/4227 
f 4227/1/4227 4228/1/4228 4225/1/4225 
f 4228/1/4228 4227/1/4227 4229/1/4229 
f 4229/1/4229 4230/1/4230 4228/1/4228 
f 4228/1/4228 4230/1/4230 3408/1/3408 
f 3408/1/3408 3407/1/3407 4228/1/4228 
f 3407/1/3407 3406/1/3406 4225/1/4225 
f 4225/1/4225 4228/1/4228 3407/1/3407 
f 4231/1/4231 4232/1/4232 4233/1/4233 
f 4233/1/4233 4234/1/4234 4231/1/4231 
f 4234/1/4234 3944/1/3944 3943/1/3943 
f 3943/1/3943 4231/1/4231 4234/1/4234 
f 4231/1/4231 3943/1/3943 3315/1/3315 
f 3315/1/3315 4218/1/4218 4231/1/4231 
f 4218/1/4218 4217/1/4217 4232/1/4232 
f 4232/1/4232 4231/1/4231 4218/1/4218 
f 4235/1/4235 4212/1/4212 3408/1/3408 
f 3408/1/3408 4230/1/4230 4235/1/4235 
f 4230/1/4230 4229/1/4229 4236/1/4236 
f 4236/1/4236 4235/1/4235 4230/1/4230 
f 4235/1/4235 4236/1/4236 4213/1/4213 
f 4213/1/4213 4212/1/4212 4235/1/4235 
f 4237/1/4237 4227/1/4227 4226/1/4226 
f 4238/1/4238 4139/1/4139 4239/1/4239 
f 4239/1/4239 4237/1/4237 4238/1/4238 
f 4237/1/4237 4239/1/4239 4240/1/4240 
f 4240/1/4240 4241/1/4241 4237/1/4237 
f 4241/1/4241 4229/1/4229 4227/1/4227 
f 4227/1/4227 4237/1/4237 4241/1/4241 
f 4242/1/4242 4243/1/4243 4141/1/4141 
f 4141/1/4141 4140/1/4140 4242/1/4242 
f 4238/1/4238 4242/1/4242 4140/1/4140 
f 4140/1/4140 4139/1/4139 4238/1/4238 
f 4238/1/4238 4226/1/4226 4243/1/4243 
f 4234/1/4234 4233/1/4233 4244/1/4244 
f 4244/1/4244 4245/1/4245 4234/1/4234 
f 4244/1/4244 4139/1/4139 4246/1/4246 
f 4246/1/4246 4245/1/4245 4244/1/4244 
f 4245/1/4245 4246/1/4246 3991/1/3991 
f 3991/1/3991 3990/1/3990 4245/1/4245 
f 4245/1/4245 3990/1/3990 3944/1/3944 
f 3944/1/3944 4234/1/4234 4245/1/4245 
f 4247/1/4247 4240/1/4240 4239/1/4239 
f 4239/1/4239 4248/1/4248 4247/1/4247 
f 4239/1/4239 4139/1/4139 4244/1/4244 
f 4244/1/4244 4248/1/4248 4239/1/4239 
f 4248/1/4248 4244/1/4244 4233/1/4233 
f 4233/1/4233 4247/1/4247 4248/1/4248 
f 4249/1/4249 4025/1/4025 3991/1/3991 
f 3991/1/3991 4246/1/4246 4249/1/4249 
f 4246/1/4246 4139/1/4139 4138/1/4138 
f 4249/1/4249 4138/1/4138 4047/1/4047 
f 4047/1/4047 4046/1/4046 4249/1/4249 
f 4046/1/4046 4026/1/4026 4025/1/4025 
f 4025/1/4025 4249/1/4249 4046/1/4046 
f 4250/1/4250 4232/1/4232 4217/1/4217 
f 4217/1/4217 4224/1/4224 4250/1/4250 
f 4224/1/4224 4221/1/4221 4251/1/4251 
f 4251/1/4251 4250/1/4250 4224/1/4224 
f 4250/1/4250 4251/1/4251 4240/1/4240 
f 4240/1/4240 4247/1/4247 4250/1/4250 
f 4247/1/4247 4233/1/4233 4232/1/4232 
f 4232/1/4232 4250/1/4250 4247/1/4247 
f 4252/1/4252 4236/1/4236 4229/1/4229 
f 4229/1/4229 4241/1/4241 4252/1/4252 
f 4241/1/4241 4240/1/4240 4251/1/4251 
f 4251/1/4251 4252/1/4252 4241/1/4241 
f 4252/1/4252 4251/1/4251 4221/1/4221 
f 4221/1/4221 4220/1/4220 4252/1/4252 
f 4220/1/4220 4213/1/4213 4236/1/4236 
f 4236/1/4236 4252/1/4252 4220/1/4220 
f 4253/1/4253 4243/1/4243 4226/1/4226 
f 4254/1/4254 4255/1/4255 4256/1/4256 
f 4256/1/4256 4253/1/4253 4254/1/4254 
f 4253/1/4253 4256/1/4256 4061/1/4061 
f 4061/1/4061 4145/1/4145 4253/1/4253 
f 4145/1/4145 4141/1/4141 4243/1/4243 
f 4243/1/4243 4253/1/4253 4145/1/4145 
f 4257/1/4257 4258/1/4258 1312/1/1312 
f 1312/1/1312 1311/1/1311 4257/1/4257 
f 1311/1/1311 1091/1/1091 4057/1/4057 
f 4057/1/4057 4257/1/4257 1311/1/1311 
f 4057/1/4057 4061/1/4061 4256/1/4256 
f 4256/1/4256 4257/1/4257 4057/1/4057 
f 4256/1/4256 4255/1/4255 4258/1/4258 
f 4258/1/4258 4257/1/4257 4256/1/4256 
f 4259/1/4259 4260/1/4260 4261/1/4261 
f 4261/1/4261 4262/1/4262 4259/1/4259 
f 4261/1/4261 4263/1/4263 4264/1/4264 
f 4264/1/4264 4262/1/4262 4261/1/4261 
f 4262/1/4262 4264/1/4264 3381/1/3381 
f 3381/1/3381 3380/1/3380 4262/1/4262 
f 4262/1/4262 3380/1/3380 3379/1/3379 
f 3379/1/3379 4259/1/4259 4262/1/4262 
f 4265/1/4265 4264/1/4264 4263/1/4263 
f 4263/1/4263 4266/1/4266 4265/1/4265 
f 4266/1/4266 4267/1/4267 4268/1/4268 
f 4268/1/4268 4265/1/4265 4266/1/4266 
f 4265/1/4265 4268/1/4268 3388/1/3388 
f 3388/1/3388 3387/1/3387 4265/1/4265 
f 3387/1/3387 3381/1/3381 4264/1/4264 
f 4264/1/4264 4265/1/4265 3387/1/3387 
f 4269/1/4269 4268/1/4268 4267/1/4267 
f 4267/1/4267 4270/1/4270 4269/1/4269 
f 4270/1/4270 4271/1/4271 4272/1/4272 
f 4272/1/4272 4269/1/4269 4270/1/4270 
f 4269/1/4269 4272/1/4272 3397/1/3397 
f 3397/1/3397 3396/1/3396 4269/1/4269 
f 3396/1/3396 3388/1/3388 4268/1/4268 
f 4268/1/4268 4269/1/4269 3396/1/3396 
f 4273/1/4273 4272/1/4272 4271/1/4271 
f 4271/1/4271 4274/1/4274 4273/1/4273 
f 4274/1/4274 3406/1/3406 3405/1/3405 
f 3405/1/3405 4273/1/4273 4274/1/4274 
f 4273/1/4273 3405/1/3405 3400/1/3400 
f 3400/1/3400 3399/1/3399 4273/1/4273 
f 3399/1/3399 3397/1/3397 4272/1/4272 
f 4272/1/4272 4273/1/4273 3399/1/3399 
f 4275/1/4275 4225/1/4225 3406/1/3406 
f 3406/1/3406 4274/1/4274 4275/1/4275 
f 4274/1/4274 4271/1/4271 4276/1/4276 
f 4276/1/4276 4275/1/4275 4274/1/4274 
f 4275/1/4275 4276/1/4276 4255/1/4255 
f 4255/1/4255 4254/1/4254 4275/1/4275 
f 4254/1/4254 4226/1/4226 4225/1/4225 
f 4225/1/4225 4275/1/4275 4254/1/4254 
f 4277/1/4277 4278/1/4278 4279/1/4279 
f 4279/1/4279 4280/1/4280 4277/1/4277 
f 4280/1/4280 4281/1/4281 4282/1/4282 
f 4282/1/4282 4277/1/4277 4280/1/4280 
f 4277/1/4277 4282/1/4282 4271/1/4271 
f 4270/1/4270 4267/1/4267 4278/1/4278 
f 4278/1/4278 4277/1/4277 4270/1/4270 
f 4276/1/4276 4271/1/4271 4282/1/4282 
f 4282/1/4282 4283/1/4283 4276/1/4276 
f 4283/1/4283 4282/1/4282 4281/1/4281 
f 4281/1/4281 4284/1/4284 4283/1/4283 
f 4284/1/4284 4255/1/4255 4276/1/4276 
f 4276/1/4276 4283/1/4283 4284/1/4284 
f 4285/1/4285 4258/1/4258 4255/1/4255 
f 4284/1/4284 4281/1/4281 4286/1/4286 
f 4286/1/4286 4285/1/4285 4284/1/4284 
f 4285/1/4285 4286/1/4286 1342/1/1342 
f 1342/1/1342 1341/1/1341 4285/1/4285 
f 1341/1/1341 1312/1/1312 4258/1/4258 
f 4287/1/4287 4286/1/4286 4281/1/4281 
f 4281/1/4281 4280/1/4280 4287/1/4287 
f 4280/1/4280 4279/1/4279 4288/1/4288 
f 4288/1/4288 4287/1/4287 4280/1/4280 
f 4287/1/4287 4288/1/4288 1346/1/1346 
f 1346/1/1346 1345/1/1345 4287/1/4287 
f 1345/1/1345 1342/1/1342 4286/1/4286 
f 4289/1/4289 4290/1/4290 4291/1/4291 
f 4291/1/4291 4292/1/4292 4289/1/4289 
f 4292/1/4292 1353/1/1353 1352/1/1352 
f 1352/1/1352 4289/1/4289 4292/1/4292 
f 4289/1/4289 1352/1/1352 870/1/870 
f 870/1/870 3848/1/3848 4289/1/4289 
f 3848/1/3848 3847/1/3847 4290/1/4290 
f 4290/1/4290 4289/1/4289 3848/1/3848 
f 4293/1/4293 4294/1/4294 4295/1/4295 
f 4295/1/4295 4296/1/4296 4293/1/4293 
f 4296/1/4296 4291/1/4291 4290/1/4290 
f 4290/1/4290 4293/1/4293 4296/1/4296 
f 4293/1/4293 4290/1/4290 3847/1/3847 
f 3847/1/3847 3913/1/3913 4293/1/4293 
f 3913/1/3913 3912/1/3912 4294/1/4294 
f 4294/1/4294 4293/1/4293 3913/1/3913 
f 4297/1/4297 4294/1/4294 3912/1/3912 
f 3912/1/3912 3923/1/3923 4297/1/4297 
f 3923/1/3923 3922/1/3922 4298/1/4298 
f 4298/1/4298 4297/1/4297 3923/1/3923 
f 4297/1/4297 4298/1/4298 4299/1/4299 
f 4299/1/4299 4300/1/4300 4297/1/4297 
f 4300/1/4300 4295/1/4295 4294/1/4294 
f 4294/1/4294 4297/1/4297 4300/1/4300 
f 4301/1/4301 4298/1/4298 3922/1/3922 
f 3922/1/3922 3921/1/3921 4301/1/4301 
f 3921/1/3921 3920/1/3920 4302/1/4302 
f 4302/1/4302 4301/1/4301 3921/1/3921 
f 4301/1/4301 4302/1/4302 4303/1/4303 
f 4303/1/4303 4304/1/4304 4301/1/4301 
f 4304/1/4304 4299/1/4299 4298/1/4298 
f 4305/1/4305 4302/1/4302 3920/1/3920 
f 3920/1/3920 3937/1/3937 4305/1/4305 
f 3937/1/3937 3936/1/3936 4306/1/4306 
f 4306/1/4306 4305/1/4305 3937/1/3937 
f 4305/1/4305 4306/1/4306 4307/1/4307 
f 4307/1/4307 4308/1/4308 4305/1/4305 
f 4308/1/4308 4303/1/4303 4302/1/4302 
f 4302/1/4302 4305/1/4305 4308/1/4308 
f 4309/1/4309 4310/1/4310 4311/1/4311 
f 4312/1/4312 4307/1/4307 4306/1/4306 
f 4306/1/4306 4309/1/4309 4312/1/4312 
f 4309/1/4309 4306/1/4306 3936/1/3936 
f 3936/1/3936 3940/1/3940 4309/1/4309 
f 3940/1/3940 3932/1/3932 4310/1/4310 
f 4310/1/4310 4309/1/4309 3940/1/3940 
f 4310/1/4310 3932/1/3932 3931/1/3931 
f 3931/1/3931 4313/1/4313 4310/1/4310 
f 4313/1/4313 3931/1/3931 3816/1/3816 
f 3816/1/3816 4314/1/4314 4313/1/4313 
f 4313/1/4313 4314/1/4314 4315/1/4315 
f 4315/1/4315 4316/1/4316 4313/1/4313 
f 4316/1/4316 4311/1/4311 4310/1/4310 
f 4310/1/4310 4313/1/4313 4316/1/4316 
f 4317/1/4317 3815/1/3815 3818/1/3818 
f 3818/1/3818 4318/1/4318 4317/1/4317 
f 4318/1/4318 4319/1/4319 4320/1/4320 
f 4320/1/4320 4317/1/4317 4318/1/4318 
f 4317/1/4317 4320/1/4320 4315/1/4315 
f 4315/1/4315 4314/1/4314 4317/1/4317 
f 4314/1/4314 3816/1/3816 3815/1/3815 
f 3815/1/3815 4317/1/4317 4314/1/4314 
f 4321/1/4321 3826/1/3826 3825/1/3825 
f 3825/1/3825 4322/1/4322 4321/1/4321 
f 4322/1/4322 4323/1/4323 4324/1/4324 
f 4324/1/4324 4321/1/4321 4322/1/4322 
f 4321/1/4321 4324/1/4324 4319/1/4319 
f 4319/1/4319 4318/1/4318 4321/1/4321 
f 4318/1/4318 3818/1/3818 3826/1/3826 
f 3826/1/3826 4321/1/4321 4318/1/4318 
f 4325/1/4325 4322/1/4322 3825/1/3825 
f 3825/1/3825 3834/1/3834 4325/1/4325 
f 3834/1/3834 3833/1/3833 4326/1/4326 
f 4326/1/4326 4325/1/4325 3834/1/3834 
f 4326/1/4326 4327/1/4327 4328/1/4328 
f 4328/1/4328 4325/1/4325 4326/1/4326 
f 4325/1/4325 4328/1/4328 4323/1/4323 
f 4323/1/4323 4322/1/4322 4325/1/4325 
f 4329/1/4329 3842/1/3842 3841/1/3841 
f 3841/1/3841 4330/1/4330 4329/1/4329 
f 4330/1/4330 4331/1/4331 4332/1/4332 
f 4332/1/4332 4329/1/4329 4330/1/4330 
f 4329/1/4329 4332/1/4332 4327/1/4327 
f 4327/1/4327 4326/1/4326 4329/1/4329 
f 4329/1/4329 4326/1/4326 3833/1/3833 
f 3833/1/3833 3842/1/3842 4329/1/4329 
f 4333/1/4333 4334/1/4334 4303/1/4303 
f 4303/1/4303 4308/1/4308 4333/1/4333 
f 4308/1/4308 4307/1/4307 4335/1/4335 
f 4335/1/4335 4333/1/4333 4308/1/4308 
f 4333/1/4333 4335/1/4335 4336/1/4336 
f 4336/1/4336 4337/1/4337 4333/1/4333 
f 4337/1/4337 4338/1/4338 4334/1/4334 
f 4334/1/4334 4333/1/4333 4337/1/4337 
f 4339/1/4339 4335/1/4335 4307/1/4307 
f 4307/1/4307 4312/1/4312 4339/1/4339 
f 4312/1/4312 4311/1/4311 4340/1/4340 
f 4340/1/4340 4339/1/4339 4312/1/4312 
f 4339/1/4339 4340/1/4340 4341/1/4341 
f 4341/1/4341 4342/1/4342 4339/1/4339 
f 4342/1/4342 4336/1/4336 4335/1/4335 
f 4335/1/4335 4339/1/4339 4342/1/4342 
f 4343/1/4343 4340/1/4340 4311/1/4311 
f 4311/1/4311 4316/1/4316 4343/1/4343 
f 4316/1/4316 4315/1/4315 4344/1/4344 
f 4344/1/4344 4343/1/4343 4316/1/4316 
f 4343/1/4343 4344/1/4344 4345/1/4345 
f 4345/1/4345 4346/1/4346 4343/1/4343 
f 4346/1/4346 4341/1/4341 4340/1/4340 
f 4340/1/4340 4343/1/4343 4346/1/4346 
f 4347/1/4347 4345/1/4345 4344/1/4344 
f 4344/1/4344 4348/1/4348 4347/1/4347 
f 4348/1/4348 4344/1/4344 4315/1/4315 
f 4315/1/4315 4320/1/4320 4348/1/4348 
f 4348/1/4348 4320/1/4320 4319/1/4319 
f 4319/1/4319 4349/1/4349 4348/1/4348 
f 4349/1/4349 4350/1/4350 4347/1/4347 
f 4347/1/4347 4348/1/4348 4349/1/4349 
f 4351/1/4351 4324/1/4324 4323/1/4323 
f 4323/1/4323 4352/1/4352 4351/1/4351 
f 4352/1/4352 4353/1/4353 4354/1/4354 
f 4354/1/4354 4351/1/4351 4352/1/4352 
f 4351/1/4351 4354/1/4354 4350/1/4350 
f 4350/1/4350 4349/1/4349 4351/1/4351 
f 4349/1/4349 4319/1/4319 4324/1/4324 
f 4324/1/4324 4351/1/4351 4349/1/4349 
f 4355/1/4355 4328/1/4328 4327/1/4327 
f 4327/1/4327 4356/1/4356 4355/1/4355 
f 4356/1/4356 4357/1/4357 4358/1/4358 
f 4355/1/4355 4358/1/4358 4353/1/4353 
f 4353/1/4353 4352/1/4352 4355/1/4355 
f 4352/1/4352 4323/1/4323 4328/1/4328 
f 4328/1/4328 4355/1/4355 4352/1/4352 
f 4359/1/4359 4332/1/4332 4331/1/4331 
f 4331/1/4331 4360/1/4360 4359/1/4359 
f 4360/1/4360 4361/1/4361 4362/1/4362 
f 4362/1/4362 4359/1/4359 4360/1/4360 
f 4359/1/4359 4362/1/4362 4357/1/4357 
f 4357/1/4357 4356/1/4356 4359/1/4359 
f 4356/1/4356 4327/1/4327 4332/1/4332 
f 4332/1/4332 4359/1/4359 4356/1/4356 
f 4363/1/4363 3766/1/3766 3749/1/3749 
f 3749/1/3749 3748/1/3748 4363/1/4363 
f 3748/1/3748 3745/1/3745 4364/1/4364 
f 4364/1/4364 4363/1/4363 3748/1/3748 
f 4363/1/4363 4364/1/4364 4365/1/4365 
f 4365/1/4365 4366/1/4366 4363/1/4363 
f 4366/1/4366 3767/1/3767 3766/1/3766 
f 3766/1/3766 4363/1/4363 4366/1/4366 
f 4367/1/4367 3773/1/3773 3769/1/3769 
f 3769/1/3769 4368/1/4368 4367/1/4367 
f 4368/1/4368 4369/1/4369 4370/1/4370 
f 4370/1/4370 4367/1/4367 4368/1/4368 
f 4367/1/4367 4370/1/4370 4371/1/4371 
f 4371/1/4371 4372/1/4372 4367/1/4367 
f 4372/1/4372 3774/1/3774 3773/1/3773 
f 3773/1/3773 4367/1/4367 4372/1/4372 
f 4373/1/4373 4374/1/4374 4375/1/4375 
f 4375/1/4375 4376/1/4376 4373/1/4373 
f 4368/1/4368 4373/1/4373 4376/1/4376 
f 4376/1/4376 4369/1/4369 4368/1/4368 
f 4368/1/4368 3769/1/3769 3768/1/3768 
f 3768/1/3768 4373/1/4373 4368/1/4368 
f 3768/1/3768 3767/1/3767 4374/1/4374 
f 4374/1/4374 4373/1/4373 3768/1/3768 
f 3744/1/3744 3741/1/3741 4377/1/4377 
f 4378/1/4378 4379/1/4379 4380/1/4380 
f 4379/1/4379 4365/1/4365 4364/1/4364 
f 4364/1/4364 4380/1/4380 4379/1/4379 
f 4380/1/4380 4364/1/4364 3745/1/3745 
f 3745/1/3745 3744/1/3744 4380/1/4380 
f 4381/1/4381 4382/1/4382 4383/1/4383 
f 4383/1/4383 4384/1/4384 4381/1/4381 
f 4381/1/4381 4384/1/4384 4375/1/4375 
f 4375/1/4375 4374/1/4374 4381/1/4381 
f 4381/1/4381 4374/1/4374 3767/1/3767 
f 3767/1/3767 4366/1/4366 4381/1/4381 
f 4366/1/4366 4365/1/4365 4382/1/4382 
f 4382/1/4382 4381/1/4381 4366/1/4366 
f 4385/1/4385 4386/1/4386 4387/1/4387 
f 4387/1/4387 4388/1/4388 4385/1/4385 
f 4385/1/4385 4388/1/4388 4369/1/4369 
f 4369/1/4369 4376/1/4376 4385/1/4385 
f 4376/1/4376 4375/1/4375 4384/1/4384 
f 4384/1/4384 4385/1/4385 4376/1/4376 
f 4384/1/4384 4383/1/4383 4386/1/4386 
f 4386/1/4386 4385/1/4385 4384/1/4384 
f 4389/1/4389 4390/1/4390 4391/1/4391 
f 4391/1/4391 4392/1/4392 4389/1/4389 
f 4391/1/4391 4371/1/4371 4370/1/4370 
f 4392/1/4392 4370/1/4370 4369/1/4369 
f 4369/1/4369 4388/1/4388 4392/1/4392 
f 4392/1/4392 4388/1/4388 4387/1/4387 
f 4387/1/4387 4389/1/4389 4392/1/4392 
f 4393/1/4393 3802/1/3802 3776/1/3776 
f 3776/1/3776 4394/1/4394 4393/1/4393 
f 4394/1/4394 4395/1/4395 4396/1/4396 
f 4396/1/4396 4393/1/4393 4394/1/4394 
f 4393/1/4393 4396/1/4396 4397/1/4397 
f 4398/1/4398 3799/1/3799 3802/1/3802 
f 4399/1/4399 4398/1/4398 4397/1/4397 
f 4400/1/4400 4401/1/4401 4402/1/4402 
f 4399/1/4399 4402/1/4402 3838/1/3838 
f 3838/1/3838 3836/1/3836 4399/1/4399 
f 3836/1/3836 3799/1/3799 4398/1/4398 
f 4403/1/4403 4404/1/4404 3841/1/3841 
f 3841/1/3841 3840/1/3840 4403/1/4403 
f 3840/1/3840 3838/1/3838 4402/1/4402 
f 4402/1/4402 4403/1/4403 3840/1/3840 
f 4403/1/4403 4402/1/4402 4401/1/4401 
f 4405/1/4405 4406/1/4406 4404/1/4404 
f 4404/1/4404 4403/1/4403 4405/1/4405 
f 4407/1/4407 4404/1/4404 4406/1/4406 
f 4406/1/4406 4408/1/4408 4407/1/4407 
f 4408/1/4408 4409/1/4409 4410/1/4410 
f 4410/1/4410 4407/1/4407 4408/1/4408 
f 4407/1/4407 4410/1/4410 4331/1/4331 
f 4331/1/4331 4330/1/4330 4407/1/4407 
f 4330/1/4330 3841/1/3841 4404/1/4404 
f 4404/1/4404 4407/1/4407 4330/1/4330 
f 4360/1/4360 4331/1/4331 4410/1/4410 
f 4411/1/4411 4410/1/4410 4409/1/4409 
f 4409/1/4409 4412/1/4412 4411/1/4411 
f 4411/1/4411 4412/1/4412 4413/1/4413 
f 4413/1/4413 4414/1/4414 4411/1/4411 
f 4414/1/4414 4361/1/4361 4360/1/4360 
f 4360/1/4360 4411/1/4411 4414/1/4414 
f 4415/1/4415 4416/1/4416 4417/1/4417 
f 4417/1/4417 4418/1/4418 4415/1/4415 
f 4418/1/4418 4413/1/4413 4412/1/4412 
f 4412/1/4412 4415/1/4415 4418/1/4418 
f 4415/1/4415 4412/1/4412 4409/1/4409 
f 4409/1/4409 4419/1/4419 4415/1/4415 
f 4415/1/4415 4419/1/4419 4420/1/4420 
f 4421/1/4421 4422/1/4422 4420/1/4420 
f 4420/1/4420 4419/1/4419 4421/1/4421 
f 4421/1/4421 4419/1/4419 4409/1/4409 
f 4409/1/4409 4408/1/4408 4421/1/4421 
f 4408/1/4408 4406/1/4406 4423/1/4423 
f 4423/1/4423 4421/1/4421 4408/1/4408 
f 4421/1/4421 4423/1/4423 4424/1/4424 
f 4424/1/4424 4422/1/4422 4421/1/4421 
f 4425/1/4425 4422/1/4422 4424/1/4424 
f 4424/1/4424 4426/1/4426 4425/1/4425 
f 4426/1/4426 4427/1/4427 4428/1/4428 
f 4428/1/4428 4425/1/4425 4426/1/4426 
f 4425/1/4425 4428/1/4428 4417/1/4417 
f 4417/1/4417 4416/1/4416 4425/1/4425 
f 4416/1/4416 4420/1/4420 4422/1/4422 
f 4422/1/4422 4425/1/4425 4416/1/4416 
f 4429/1/4429 4430/1/4430 4431/1/4431 
f 4431/1/4431 4432/1/4432 4429/1/4429 
f 4432/1/4432 4424/1/4424 4423/1/4423 
f 4423/1/4423 4429/1/4429 4432/1/4432 
f 4429/1/4429 4423/1/4423 4406/1/4406 
f 4406/1/4406 4405/1/4405 4429/1/4429 
f 4405/1/4405 4401/1/4401 4430/1/4430 
f 4430/1/4430 4429/1/4429 4405/1/4405 
f 4433/1/4433 4418/1/4418 4417/1/4417 
f 4417/1/4417 4434/1/4434 4433/1/4433 
f 4434/1/4434 4435/1/4435 4436/1/4436 
f 4436/1/4436 4433/1/4433 4434/1/4434 
f 4433/1/4433 4436/1/4436 4413/1/4413 
f 4413/1/4413 4418/1/4418 4433/1/4433 
f 4437/1/4437 4432/1/4432 4431/1/4431 
f 4431/1/4431 4438/1/4438 4437/1/4437 
f 4438/1/4438 4439/1/4439 4440/1/4440 
f 4440/1/4440 4437/1/4437 4438/1/4438 
f 4437/1/4437 4440/1/4440 4427/1/4427 
f 4427/1/4427 4426/1/4426 4437/1/4437 
f 4426/1/4426 4424/1/4424 4432/1/4432 
f 4432/1/4432 4437/1/4437 4426/1/4426 
f 4441/1/4441 4428/1/4428 4427/1/4427 
f 4427/1/4427 4440/1/4440 4441/1/4441 
f 4441/1/4441 4440/1/4440 4439/1/4439 
f 4439/1/4439 4442/1/4442 4441/1/4441 
f 4441/1/4441 4442/1/4442 4435/1/4435 
f 4435/1/4435 4434/1/4434 4441/1/4441 
f 4434/1/4434 4417/1/4417 4428/1/4428 
f 4428/1/4428 4441/1/4441 4434/1/4434 
f 4443/1/4443 3174/1/3174 3173/1/3173 
f 3173/1/3173 3196/1/3196 4443/1/4443 
f 3196/1/3196 3195/1/3195 4444/1/4444 
f 4444/1/4444 4443/1/4443 3196/1/3196 
f 4443/1/4443 4444/1/4444 4445/1/4445 
f 4445/1/4445 4446/1/4446 4443/1/4443 
f 4446/1/4446 3055/1/3055 3174/1/3174 
f 3174/1/3174 4443/1/4443 4446/1/4446 
f 4447/1/4447 3194/1/3194 3193/1/3193 
f 3193/1/3193 3206/1/3206 4447/1/4447 
f 3206/1/3206 3205/1/3205 4448/1/4448 
f 4448/1/4448 4447/1/4447 3206/1/3206 
f 4447/1/4447 4448/1/4448 4449/1/4449 
f 4449/1/4449 4450/1/4450 4447/1/4447 
f 4450/1/4450 3195/1/3195 3194/1/3194 
f 3194/1/3194 4447/1/4447 4450/1/4450 
f 4451/1/4451 4452/1/4452 4453/1/4453 
f 4453/1/4453 4454/1/4454 4451/1/4451 
f 4454/1/4454 4449/1/4449 4448/1/4448 
f 4448/1/4448 4451/1/4451 4454/1/4454 
f 4451/1/4451 4448/1/4448 3205/1/3205 
f 3205/1/3205 3210/1/3210 4451/1/4451 
f 3210/1/3210 3209/1/3209 4452/1/4452 
f 4452/1/4452 4451/1/4451 3210/1/3210 
f 4446/1/4446 4445/1/4445 4455/1/4455 
f 4455/1/4455 4456/1/4456 4446/1/4446 
f 4455/1/4455 4457/1/4457 4458/1/4458 
f 4458/1/4458 4456/1/4456 4455/1/4455 
f 4456/1/4456 4458/1/4458 3057/1/3057 
f 3057/1/3057 3056/1/3056 4456/1/4456 
f 4446/1/4446 4456/1/4456 3056/1/3056 
f 3056/1/3056 3055/1/3055 4446/1/4446 
f 4459/1/4459 4444/1/4444 3195/1/3195 
f 3195/1/3195 4450/1/4450 4459/1/4459 
f 4450/1/4450 4449/1/4449 4460/1/4460 
f 4460/1/4460 4459/1/4459 4450/1/4450 
f 4459/1/4459 4460/1/4460 4461/1/4461 
f 4461/1/4461 4462/1/4462 4459/1/4459 
f 4462/1/4462 4445/1/4445 4444/1/4444 
f 4444/1/4444 4459/1/4459 4462/1/4462 
f 4463/1/4463 4460/1/4460 4449/1/4449 
f 4449/1/4449 4454/1/4454 4463/1/4463 
f 4454/1/4454 4453/1/4453 4464/1/4464 
f 4464/1/4464 4463/1/4463 4454/1/4454 
f 4463/1/4463 4464/1/4464 4465/1/4465 
f 4465/1/4465 4466/1/4466 4463/1/4463 
f 4466/1/4466 4461/1/4461 4460/1/4460 
f 4460/1/4460 4463/1/4463 4466/1/4466 
f 4467/1/4467 4462/1/4462 4461/1/4461 
f 4468/1/4468 4469/1/4469 4470/1/4470 
f 4470/1/4470 4467/1/4467 4468/1/4468 
f 4467/1/4467 4470/1/4470 4457/1/4457 
f 4457/1/4457 4455/1/4455 4467/1/4467 
f 4455/1/4455 4445/1/4445 4462/1/4462 
f 4462/1/4462 4467/1/4467 4455/1/4455 
f 4471/1/4471 4458/1/4458 4457/1/4457 
f 4457/1/4457 4472/1/4472 4471/1/4471 
f 4472/1/4472 4473/1/4473 4474/1/4474 
f 4474/1/4474 4471/1/4471 4472/1/4472 
f 4471/1/4471 4474/1/4474 3093/1/3093 
f 3093/1/3093 3092/1/3092 4471/1/4471 
f 3092/1/3092 3057/1/3057 4458/1/4458 
f 4458/1/4458 4471/1/4471 3092/1/3092 
f 4475/1/4475 4466/1/4466 4465/1/4465 
f 4465/1/4465 4476/1/4476 4475/1/4475 
f 4476/1/4476 4477/1/4477 4478/1/4478 
f 4478/1/4478 4475/1/4475 4476/1/4476 
f 4475/1/4475 4478/1/4478 4469/1/4469 
f 4469/1/4469 4468/1/4468 4475/1/4475 
f 4468/1/4468 4461/1/4461 4466/1/4466 
f 4466/1/4466 4475/1/4475 4468/1/4468 
f 4479/1/4479 4474/1/4474 4473/1/4473 
f 4473/1/4473 4480/1/4480 4479/1/4479 
f 4480/1/4480 4481/1/4481 4482/1/4482 
f 4482/1/4482 4479/1/4479 4480/1/4480 
f 4482/1/4482 3701/1/3701 3700/1/3700 
f 3700/1/3700 4479/1/4479 4482/1/4482 
f 3700/1/3700 3093/1/3093 4474/1/4474 
f 4474/1/4474 4479/1/4479 3700/1/3700 
f 4483/1/4483 4470/1/4470 4469/1/4469 
f 4469/1/4469 4484/1/4484 4483/1/4483 
f 4484/1/4484 4485/1/4485 4486/1/4486 
f 4486/1/4486 4483/1/4483 4484/1/4484 
f 4483/1/4483 4486/1/4486 4473/1/4473 
f 4473/1/4473 4472/1/4472 4483/1/4483 
f 4472/1/4472 4457/1/4457 4470/1/4470 
f 4487/1/4487 4478/1/4478 4477/1/4477 
f 4477/1/4477 4488/1/4488 4487/1/4487 
f 4488/1/4488 4489/1/4489 4490/1/4490 
f 4490/1/4490 4487/1/4487 4488/1/4488 
f 4487/1/4487 4490/1/4490 4485/1/4485 
f 4485/1/4485 4484/1/4484 4487/1/4487 
f 4484/1/4484 4469/1/4469 4478/1/4478 
f 4478/1/4478 4487/1/4487 4484/1/4484 
f 4491/1/4491 4482/1/4482 4481/1/4481 
f 4481/1/4481 4492/1/4492 4491/1/4491 
f 4491/1/4491 4492/1/4492 4493/1/4493 
f 4493/1/4493 4494/1/4494 4491/1/4491 
f 4491/1/4491 4494/1/4494 3708/1/3708 
f 3708/1/3708 3707/1/3707 4491/1/4491 
f 3707/1/3707 3701/1/3701 4482/1/4482 
f 4482/1/4482 4491/1/4491 3707/1/3707 
f 4495/1/4495 4486/1/4486 4485/1/4485 
f 4485/1/4485 4496/1/4496 4495/1/4495 
f 4496/1/4496 4497/1/4497 4498/1/4498 
f 4498/1/4498 4495/1/4495 4496/1/4496 
f 4495/1/4495 4498/1/4498 4481/1/4481 
f 4481/1/4481 4480/1/4480 4495/1/4495 
f 4480/1/4480 4473/1/4473 4486/1/4486 
f 4486/1/4486 4495/1/4495 4480/1/4480 
f 4499/1/4499 4490/1/4490 4489/1/4489 
f 4489/1/4489 4500/1/4500 4499/1/4499 
f 4500/1/4500 4501/1/4501 4502/1/4502 
f 4502/1/4502 4499/1/4499 4500/1/4500 
f 4499/1/4499 4502/1/4502 4497/1/4497 
f 4497/1/4497 4496/1/4496 4499/1/4499 
f 4496/1/4496 4485/1/4485 4490/1/4490 
f 4490/1/4490 4499/1/4499 4496/1/4496 
f 4503/1/4503 4494/1/4494 4493/1/4493 
f 4504/1/4504 4505/1/4505 4506/1/4506 
f 4506/1/4506 4503/1/4503 4504/1/4504 
f 4503/1/4503 4506/1/4506 3712/1/3712 
f 3712/1/3712 3711/1/3711 4503/1/4503 
f 3711/1/3711 3708/1/3708 4494/1/4494 
f 4494/1/4494 4503/1/4503 3711/1/3711 
f 4507/1/4507 4492/1/4492 4481/1/4481 
f 4507/1/4507 4498/1/4498 4497/1/4497 
f 4497/1/4497 4508/1/4508 4507/1/4507 
f 4507/1/4507 4508/1/4508 4509/1/4509 
f 4509/1/4509 4510/1/4510 4507/1/4507 
f 4510/1/4510 4493/1/4493 4492/1/4492 
f 4492/1/4492 4507/1/4507 4510/1/4510 
f 4511/1/4511 4502/1/4502 4501/1/4501 
f 4501/1/4501 4512/1/4512 4511/1/4511 
f 4512/1/4512 4513/1/4513 4514/1/4514 
f 4511/1/4511 4514/1/4514 4509/1/4509 
f 4509/1/4509 4508/1/4508 4511/1/4511 
f 4508/1/4508 4497/1/4497 4502/1/4502 
f 4502/1/4502 4511/1/4511 4508/1/4508 
f 4515/1/4515 4510/1/4510 4509/1/4509 
f 4509/1/4509 4516/1/4516 4515/1/4515 
f 4516/1/4516 4517/1/4517 4518/1/4518 
f 4518/1/4518 4515/1/4515 4516/1/4516 
f 4515/1/4515 4518/1/4518 4505/1/4505 
f 4505/1/4505 4504/1/4504 4515/1/4515 
f 4504/1/4504 4493/1/4493 4510/1/4510 
f 4510/1/4510 4515/1/4515 4504/1/4504 
f 4519/1/4519 4514/1/4514 4513/1/4513 
f 4520/1/4520 4521/1/4521 4522/1/4522 
f 4522/1/4522 4519/1/4519 4520/1/4520 
f 4519/1/4519 4522/1/4522 4517/1/4517 
f 4517/1/4517 4516/1/4516 4519/1/4519 
f 4516/1/4516 4509/1/4509 4514/1/4514 
f 4514/1/4514 4519/1/4519 4516/1/4516 
f 4523/1/4523 3479/1/3479 3478/1/3478 
f 4524/1/4524 4525/1/4525 4526/1/4526 
f 4526/1/4526 4523/1/4523 4524/1/4524 
f 4523/1/4523 4526/1/4526 4527/1/4527 
f 4528/1/4528 3468/1/3468 3479/1/3479 
f 4528/1/4528 4527/1/4527 4529/1/4529 
f 4530/1/4530 4529/1/4529 4531/1/4531 
f 4530/1/4530 4532/1/4532 3472/1/3472 
f 3472/1/3472 3471/1/3471 4530/1/4530 
f 3471/1/3471 3468/1/3468 4528/1/4528 
f 4528/1/4528 4530/1/4530 3471/1/3471 
f 4533/1/4533 4534/1/4534 4535/1/4535 
f 4535/1/4535 4536/1/4536 4533/1/4533 
f 4536/1/4536 4531/1/4531 4529/1/4529 
f 4529/1/4529 4533/1/4533 4536/1/4536 
f 4533/1/4533 4529/1/4529 4527/1/4527 
f 4527/1/4527 4537/1/4537 4533/1/4533 
f 4537/1/4537 4538/1/4538 4534/1/4534 
f 4534/1/4534 4533/1/4533 4537/1/4537 
f 4539/1/4539 3493/1/3493 3472/1/3472 
f 3472/1/3472 4532/1/4532 4539/1/4539 
f 4532/1/4532 4531/1/4531 4540/1/4540 
f 4540/1/4540 4539/1/4539 4532/1/4532 
f 4539/1/4539 4540/1/4540 4541/1/4541 
f 4541/1/4541 4542/1/4542 4539/1/4539 
f 4542/1/4542 3494/1/3494 3493/1/3493 
f 3493/1/3493 4539/1/4539 4542/1/4542 
f 4541/1/4541 4543/1/4543 4544/1/4544 
f 4544/1/4544 4542/1/4542 4541/1/4541 
f 3506/1/3506 3505/1/3505 4544/1/4544 
f 4544/1/4544 4543/1/4543 3506/1/3506 
f 3494/1/3494 4542/1/4542 4544/1/4544 
f 4544/1/4544 3505/1/3505 3494/1/3494 
f 4545/1/4545 4540/1/4540 4531/1/4531 
f 4531/1/4531 4536/1/4536 4545/1/4545 
f 4536/1/4536 4535/1/4535 4546/1/4546 
f 4546/1/4546 4545/1/4545 4536/1/4536 
f 4545/1/4545 4546/1/4546 4547/1/4547 
f 4547/1/4547 4548/1/4548 4545/1/4545 
f 4548/1/4548 4541/1/4541 4540/1/4540 
f 4540/1/4540 4545/1/4545 4548/1/4548 
f 4549/1/4549 4550/1/4550 4551/1/4551 
f 4551/1/4551 4552/1/4552 4549/1/4549 
f 4552/1/4552 3503/1/3503 3511/1/3511 
f 3511/1/3511 4549/1/4549 4552/1/4552 
f 4549/1/4549 3511/1/3511 3506/1/3506 
f 3506/1/3506 4543/1/4543 4549/1/4549 
f 4543/1/4543 4541/1/4541 4550/1/4550 
f 4550/1/4550 4549/1/4549 4543/1/4543 
f 4553/1/4553 4550/1/4550 4541/1/4541 
f 4541/1/4541 4548/1/4548 4553/1/4553 
f 4548/1/4548 4547/1/4547 4554/1/4554 
f 4554/1/4554 4553/1/4553 4548/1/4548 
f 4553/1/4553 4554/1/4554 4555/1/4555 
f 4555/1/4555 4556/1/4556 4553/1/4553 
f 4556/1/4556 4551/1/4551 4550/1/4550 
f 4557/1/4557 4552/1/4552 4551/1/4551 
f 4551/1/4551 4558/1/4558 4557/1/4557 
f 4558/1/4558 4559/1/4559 4560/1/4560 
f 4560/1/4560 4557/1/4557 4558/1/4558 
f 4557/1/4557 4560/1/4560 3385/1/3385 
f 3385/1/3385 3499/1/3499 4557/1/4557 
f 4557/1/4557 3499/1/3499 3503/1/3503 
f 3503/1/3503 4552/1/4552 4557/1/4557 
f 4561/1/4561 4562/1/4562 4563/1/4563 
f 4563/1/4563 4564/1/4564 4561/1/4561 
f 4564/1/4564 4538/1/4538 4565/1/4565 
f 4565/1/4565 4561/1/4561 4564/1/4564 
f 4561/1/4561 4565/1/4565 4566/1/4566 
f 4566/1/4566 4567/1/4567 4561/1/4561 
f 4567/1/4567 4568/1/4568 4562/1/4562 
f 4562/1/4562 4561/1/4561 4567/1/4567 
f 4569/1/4569 4570/1/4570 4571/1/4571 
f 4571/1/4571 4572/1/4572 4569/1/4569 
f 4572/1/4572 4535/1/4535 4534/1/4534 
f 4534/1/4534 4569/1/4569 4572/1/4572 
f 4569/1/4569 4534/1/4534 4538/1/4538 
f 4538/1/4538 4564/1/4564 4569/1/4569 
f 4564/1/4564 4563/1/4563 4570/1/4570 
f 4570/1/4570 4569/1/4569 4564/1/4564 
f 4573/1/4573 4574/1/4574 4575/1/4575 
f 4575/1/4575 4576/1/4576 4573/1/4573 
f 4576/1/4576 4547/1/4547 4546/1/4546 
f 4546/1/4546 4573/1/4573 4576/1/4576 
f 4573/1/4573 4546/1/4546 4535/1/4535 
f 4535/1/4535 4572/1/4572 4573/1/4573 
f 4572/1/4572 4571/1/4571 4574/1/4574 
f 4574/1/4574 4573/1/4573 4572/1/4572 
f 4577/1/4577 4578/1/4578 4579/1/4579 
f 4579/1/4579 4580/1/4580 4577/1/4577 
f 4580/1/4580 4579/1/4579 4555/1/4555 
f 4555/1/4555 4554/1/4554 4580/1/4580 
f 4580/1/4580 4554/1/4554 4547/1/4547 
f 4547/1/4547 4576/1/4576 4580/1/4580 
f 4577/1/4577 4580/1/4580 4576/1/4576 
f 4576/1/4576 4575/1/4575 4577/1/4577 
f 4581/1/4581 4562/1/4562 4568/1/4568 
f 4568/1/4568 4582/1/4582 4581/1/4581 
f 4582/1/4582 4583/1/4583 4584/1/4584 
f 4584/1/4584 4581/1/4581 4582/1/4582 
f 4581/1/4581 4584/1/4584 4585/1/4585 
f 4585/1/4585 4586/1/4586 4581/1/4581 
f 4586/1/4586 4563/1/4563 4562/1/4562 
f 4562/1/4562 4581/1/4581 4586/1/4586 
f 4587/1/4587 4570/1/4570 4563/1/4563 
f 4563/1/4563 4586/1/4586 4587/1/4587 
f 4586/1/4586 4585/1/4585 4588/1/4588 
f 4588/1/4588 4587/1/4587 4586/1/4586 
f 4589/1/4589 4590/1/4590 4587/1/4587 
f 4587/1/4587 4588/1/4588 4589/1/4589 
f 4570/1/4570 4587/1/4587 4590/1/4590 
f 4590/1/4590 4571/1/4571 4570/1/4570 
f 4571/1/4571 4590/1/4590 4591/1/4591 
f 4591/1/4591 4574/1/4574 4571/1/4571 
f 4589/1/4589 4592/1/4592 4591/1/4591 
f 4591/1/4591 4590/1/4590 4589/1/4589 
f 4593/1/4593 4594/1/4594 4591/1/4591 
f 4591/1/4591 4592/1/4592 4593/1/4593 
f 4575/1/4575 4574/1/4574 4591/1/4591 
f 4591/1/4591 4594/1/4594 4575/1/4575 
f 4593/1/4593 4595/1/4595 4596/1/4596 
f 4596/1/4596 4594/1/4594 4593/1/4593 
f 4596/1/4596 4595/1/4595 4597/1/4597 
f 4597/1/4597 4598/1/4598 4596/1/4596 
f 4596/1/4596 4598/1/4598 4578/1/4578 
f 4578/1/4578 4577/1/4577 4596/1/4596 
f 4575/1/4575 4594/1/4594 4596/1/4596 
f 4596/1/4596 4577/1/4577 4575/1/4575 
f 4599/1/4599 4598/1/4598 4597/1/4597 
f 4597/1/4597 4600/1/4600 4599/1/4599 
f 4600/1/4600 4601/1/4601 4602/1/4602 
f 4599/1/4599 4602/1/4602 4603/1/4603 
f 4603/1/4603 4604/1/4604 4599/1/4599 
f 4604/1/4604 4578/1/4578 4598/1/4598 
f 4598/1/4598 4599/1/4599 4604/1/4604 
f 4605/1/4605 4602/1/4602 4601/1/4601 
f 4606/1/4606 4607/1/4607 4608/1/4608 
f 4608/1/4608 4605/1/4605 4606/1/4606 
f 4605/1/4605 4608/1/4608 4609/1/4609 
f 4610/1/4610 4603/1/4603 4602/1/4602 
f 4611/1/4611 4608/1/4608 4607/1/4607 
f 4607/1/4607 4612/1/4612 4611/1/4611 
f 4613/1/4613 4611/1/4611 4612/1/4612 
f 4612/1/4612 4614/1/4614 4613/1/4613 
f 4611/1/4611 4613/1/4613 4615/1/4615 
f 4615/1/4615 4616/1/4616 4611/1/4611 
f 4616/1/4616 4609/1/4609 4608/1/4608 
f 4608/1/4608 4611/1/4611 4616/1/4616 
f 4617/1/4617 4613/1/4613 4614/1/4614 
f 4614/1/4614 4618/1/4618 4617/1/4617 
f 4618/1/4618 4619/1/4619 4620/1/4620 
f 4620/1/4620 4617/1/4617 4618/1/4618 
f 4617/1/4617 4620/1/4620 4621/1/4621 
f 4621/1/4621 4622/1/4622 4617/1/4617 
f 4622/1/4622 4615/1/4615 4613/1/4613 
f 4613/1/4613 4617/1/4617 4622/1/4622 
f 4623/1/4623 4624/1/4624 4625/1/4625 
f 4623/1/4623 4626/1/4626 4627/1/4627 
f 4628/1/4628 4621/1/4621 4620/1/4620 
f 4620/1/4620 4623/1/4623 4628/1/4628 
f 4623/1/4623 4620/1/4620 4619/1/4619 
f 4619/1/4619 4624/1/4624 4623/1/4623 
f 4629/1/4629 4630/1/4630 4627/1/4627 
f 4626/1/4626 4625/1/4625 4631/1/4631 
f 4629/1/4629 4631/1/4631 4632/1/4632 
f 4632/1/4632 4633/1/4633 4629/1/4629 
f 4633/1/4633 4634/1/4634 4630/1/4630 
f 4630/1/4630 4629/1/4629 4633/1/4633 
f 4635/1/4635 4634/1/4634 4633/1/4633 
f 4633/1/4633 4636/1/4636 4635/1/4635 
f 4633/1/4633 4632/1/4632 4637/1/4637 
f 4637/1/4637 4636/1/4636 4633/1/4633 
f 4637/1/4637 4638/1/4638 4639/1/4639 
f 4639/1/4639 4636/1/4636 4637/1/4637 
f 4636/1/4636 4639/1/4639 4640/1/4640 
f 4640/1/4640 4635/1/4635 4636/1/4636 
f 4641/1/4641 4639/1/4639 4638/1/4638 
f 4638/1/4638 4642/1/4642 4641/1/4641 
f 4642/1/4642 4643/1/4643 4644/1/4644 
f 4644/1/4644 4641/1/4641 4642/1/4642 
f 4641/1/4641 4644/1/4644 4645/1/4645 
f 4645/1/4645 4646/1/4646 4641/1/4641 
f 4646/1/4646 4640/1/4640 4639/1/4639 
f 4639/1/4639 4641/1/4641 4646/1/4646 
f 4647/1/4647 4648/1/4648 4583/1/4583 
f 4583/1/4583 4582/1/4582 4647/1/4647 
f 4582/1/4582 4568/1/4568 4649/1/4649 
f 4649/1/4649 4647/1/4647 4582/1/4582 
f 4649/1/4649 4645/1/4645 4644/1/4644 
f 4644/1/4644 4647/1/4647 4649/1/4649 
f 4647/1/4647 4644/1/4644 4643/1/4643 
f 4643/1/4643 4648/1/4648 4647/1/4647 
f 4650/1/4650 4651/1/4651 4652/1/4652 
f 4653/1/4653 4654/1/4654 4655/1/4655 
f 4655/1/4655 4650/1/4650 4653/1/4653 
f 4650/1/4650 4655/1/4655 4607/1/4607 
f 4607/1/4607 4606/1/4606 4650/1/4650 
f 4606/1/4606 4601/1/4601 4651/1/4651 
f 4656/1/4656 4612/1/4612 4607/1/4607 
f 4607/1/4607 4655/1/4655 4656/1/4656 
f 4655/1/4655 4654/1/4654 4657/1/4657 
f 4657/1/4657 4656/1/4656 4655/1/4655 
f 4656/1/4656 4657/1/4657 4658/1/4658 
f 4658/1/4658 4659/1/4659 4656/1/4656 
f 4659/1/4659 4614/1/4614 4612/1/4612 
f 4612/1/4612 4656/1/4656 4659/1/4659 
f 4660/1/4660 4659/1/4659 4658/1/4658 
f 4658/1/4658 4661/1/4661 4660/1/4660 
f 4661/1/4661 4662/1/4662 4663/1/4663 
f 4663/1/4663 4660/1/4660 4661/1/4661 
f 4660/1/4660 4663/1/4663 4619/1/4619 
f 4619/1/4619 4618/1/4618 4660/1/4660 
f 4618/1/4618 4614/1/4614 4659/1/4659 
f 4659/1/4659 4660/1/4660 4618/1/4618 
f 4664/1/4664 4624/1/4624 4619/1/4619 
f 4619/1/4619 4663/1/4663 4664/1/4664 
f 4663/1/4663 4662/1/4662 4665/1/4665 
f 4665/1/4665 4664/1/4664 4663/1/4663 
f 4664/1/4664 4665/1/4665 4666/1/4666 
f 4666/1/4666 4667/1/4667 4664/1/4664 
f 4667/1/4667 4625/1/4625 4624/1/4624 
f 4624/1/4624 4664/1/4664 4667/1/4667 
f 4668/1/4668 4631/1/4631 4625/1/4625 
f 4625/1/4625 4667/1/4667 4668/1/4668 
f 4667/1/4667 4666/1/4666 4669/1/4669 
f 4669/1/4669 4668/1/4668 4667/1/4667 
f 4668/1/4668 4669/1/4669 4670/1/4670 
f 4670/1/4670 4671/1/4671 4668/1/4668 
f 4671/1/4671 4632/1/4632 4631/1/4631 
f 4631/1/4631 4668/1/4668 4671/1/4671 
f 4672/1/4672 4637/1/4637 4632/1/4632 
f 4632/1/4632 4671/1/4671 4672/1/4672 
f 4671/1/4671 4670/1/4670 4673/1/4673 
f 4673/1/4673 4672/1/4672 4671/1/4671 
f 4672/1/4672 4673/1/4673 4674/1/4674 
f 4674/1/4674 4675/1/4675 4672/1/4672 
f 4675/1/4675 4638/1/4638 4637/1/4637 
f 4637/1/4637 4672/1/4672 4675/1/4675 
f 4676/1/4676 4677/1/4677 4678/1/4678 
f 4678/1/4678 4679/1/4679 4676/1/4676 
f 4679/1/4679 4583/1/4583 4648/1/4648 
f 4648/1/4648 4676/1/4676 4679/1/4679 
f 4648/1/4648 4643/1/4643 4680/1/4680 
f 4680/1/4680 4676/1/4676 4648/1/4648 
f 4676/1/4676 4680/1/4680 4681/1/4681 
f 4681/1/4681 4677/1/4677 4676/1/4676 
f 4682/1/4682 4675/1/4675 4674/1/4674 
f 4674/1/4674 4683/1/4683 4682/1/4682 
f 4683/1/4683 4681/1/4681 4680/1/4680 
f 4680/1/4680 4682/1/4682 4683/1/4683 
f 4682/1/4682 4680/1/4680 4643/1/4643 
f 4643/1/4643 4642/1/4642 4682/1/4682 
f 4642/1/4642 4638/1/4638 4675/1/4675 
f 4675/1/4675 4682/1/4682 4642/1/4642 
f 4684/1/4684 4657/1/4657 4654/1/4654 
f 4654/1/4654 4685/1/4685 4684/1/4684 
f 4686/1/4686 4687/1/4687 4684/1/4684 
f 4687/1/4687 4688/1/4688 4689/1/4689 
f 4689/1/4689 4684/1/4684 4687/1/4687 
f 4689/1/4689 4658/1/4658 4657/1/4657 
f 4657/1/4657 4684/1/4684 4689/1/4689 
f 4690/1/4690 4689/1/4689 4688/1/4688 
f 4688/1/4688 4691/1/4691 4690/1/4690 
f 4691/1/4691 4692/1/4692 4693/1/4693 
f 4690/1/4690 4693/1/4693 4662/1/4662 
f 4662/1/4662 4661/1/4661 4690/1/4690 
f 4661/1/4661 4658/1/4658 4689/1/4689 
f 4689/1/4689 4690/1/4690 4661/1/4661 
f 4694/1/4694 4665/1/4665 4662/1/4662 
f 4662/1/4662 4693/1/4693 4694/1/4694 
f 4693/1/4693 4692/1/4692 4695/1/4695 
f 4695/1/4695 4694/1/4694 4693/1/4693 
f 4694/1/4694 4695/1/4695 4696/1/4696 
f 4696/1/4696 4697/1/4697 4694/1/4694 
f 4697/1/4697 4666/1/4666 4665/1/4665 
f 4665/1/4665 4694/1/4694 4697/1/4697 
f 4698/1/4698 4699/1/4699 4700/1/4700 
f 4700/1/4700 4701/1/4701 4698/1/4698 
f 4701/1/4701 4670/1/4670 4669/1/4669 
f 4669/1/4669 4698/1/4698 4701/1/4701 
f 4698/1/4698 4669/1/4669 4666/1/4666 
f 4666/1/4666 4697/1/4697 4698/1/4698 
f 4697/1/4697 4696/1/4696 4699/1/4699 
f 4699/1/4699 4698/1/4698 4697/1/4697 
f 4702/1/4702 4673/1/4673 4670/1/4670 
f 4670/1/4670 4701/1/4701 4702/1/4702 
f 4701/1/4701 4700/1/4700 4703/1/4703 
f 4703/1/4703 4702/1/4702 4701/1/4701 
f 4702/1/4702 4703/1/4703 4704/1/4704 
f 4704/1/4704 4705/1/4705 4702/1/4702 
f 4705/1/4705 4674/1/4674 4673/1/4673 
f 4673/1/4673 4702/1/4702 4705/1/4705 
f 4706/1/4706 4705/1/4705 4704/1/4704 
f 4704/1/4704 4707/1/4707 4706/1/4706 
f 4707/1/4707 4708/1/4708 4709/1/4709 
f 4709/1/4709 4706/1/4706 4707/1/4707 
f 4706/1/4706 4709/1/4709 4681/1/4681 
f 4681/1/4681 4683/1/4683 4706/1/4706 
f 4683/1/4683 4674/1/4674 4705/1/4705 
f 4705/1/4705 4706/1/4706 4683/1/4683 
f 4585/1/4585 4710/1/4710 4711/1/4711 
f 4711/1/4711 4588/1/4588 4585/1/4585 
f 4712/1/4712 4713/1/4713 4711/1/4711 
f 4711/1/4711 4710/1/4710 4712/1/4712 
f 4714/1/4714 4715/1/4715 4711/1/4711 
f 4711/1/4711 4713/1/4713 4714/1/4714 
f 4589/1/4589 4588/1/4588 4711/1/4711 
f 4711/1/4711 4715/1/4715 4589/1/4589 
f 4716/1/4716 4717/1/4717 4718/1/4718 
f 4718/1/4718 4719/1/4719 4716/1/4716 
f 4708/1/4708 4707/1/4707 4718/1/4718 
f 4718/1/4718 4717/1/4717 4708/1/4708 
f 4704/1/4704 4719/1/4719 4718/1/4718 
f 4718/1/4718 4707/1/4707 4704/1/4704 
f 4716/1/4716 4720/1/4720 4721/1/4721 
f 4721/1/4721 4722/1/4722 4716/1/4716 
f 4721/1/4721 4720/1/4720 4696/1/4696 
f 4696/1/4696 4695/1/4695 4721/1/4721 
f 4721/1/4721 4695/1/4695 4692/1/4692 
f 4692/1/4692 4722/1/4722 4721/1/4721 
f 4714/1/4714 4723/1/4723 4724/1/4724 
f 4724/1/4724 4715/1/4715 4714/1/4714 
f 4725/1/4725 4726/1/4726 4724/1/4724 
f 4724/1/4724 4723/1/4723 4725/1/4725 
f 4593/1/4593 4592/1/4592 4724/1/4724 
f 4724/1/4724 4726/1/4726 4593/1/4593 
f 4589/1/4589 4715/1/4715 4724/1/4724 
f 4724/1/4724 4592/1/4592 4589/1/4589 
f 4727/1/4727 4716/1/4716 4728/1/4728 
f 4728/1/4728 4729/1/4729 4727/1/4727 
f 4729/1/4729 4728/1/4728 4688/1/4688 
f 4688/1/4688 4687/1/4687 4729/1/4729 
f 4729/1/4729 4687/1/4687 4686/1/4686 
f 4686/1/4686 4727/1/4727 4729/1/4729 
f 4728/1/4728 4716/1/4716 4722/1/4722 
f 4722/1/4722 4730/1/4730 4728/1/4728 
f 4730/1/4730 4722/1/4722 4692/1/4692 
f 4692/1/4692 4691/1/4691 4730/1/4730 
f 4730/1/4730 4691/1/4691 4688/1/4688 
f 4688/1/4688 4728/1/4728 4730/1/4730 
f 4716/1/4716 4731/1/4731 4732/1/4732 
f 4732/1/4732 4720/1/4720 4716/1/4716 
f 4700/1/4700 4699/1/4699 4732/1/4732 
f 4732/1/4732 4731/1/4731 4700/1/4700 
f 4696/1/4696 4720/1/4720 4732/1/4732 
f 4732/1/4732 4699/1/4699 4696/1/4696 
f 4716/1/4716 4719/1/4719 4733/1/4733 
f 4733/1/4733 4731/1/4731 4716/1/4716 
f 4704/1/4704 4703/1/4703 4733/1/4733 
f 4733/1/4733 4719/1/4719 4704/1/4704 
f 4700/1/4700 4731/1/4731 4733/1/4733 
f 4733/1/4733 4703/1/4703 4700/1/4700 
f 4709/1/4709 4708/1/4708 4734/1/4734 
f 4734/1/4734 4735/1/4735 4709/1/4709 
f 4735/1/4735 4734/1/4734 4736/1/4736 
f 4736/1/4736 4737/1/4737 4735/1/4735 
f 4737/1/4737 4678/1/4678 4677/1/4677 
f 4677/1/4677 4735/1/4735 4737/1/4737 
f 4677/1/4677 4681/1/4681 4709/1/4709 
f 4709/1/4709 4735/1/4735 4677/1/4677 
f 4716/1/4716 4738/1/4738 4739/1/4739 
f 4739/1/4739 4717/1/4717 4716/1/4716 
f 4739/1/4739 4738/1/4738 4736/1/4736 
f 4736/1/4736 4734/1/4734 4739/1/4739 
f 4739/1/4739 4734/1/4734 4708/1/4708 
f 4708/1/4708 4717/1/4717 4739/1/4739 
f 4740/1/4740 4741/1/4741 4742/1/4742 
f 4742/1/4742 4743/1/4743 4740/1/4740 
f 4742/1/4742 4716/1/4716 4727/1/4727 
f 4743/1/4743 4727/1/4727 4686/1/4686 
f 4686/1/4686 4740/1/4740 4743/1/4743 
f 4744/1/4744 4584/1/4584 4583/1/4583 
f 4583/1/4583 4679/1/4679 4744/1/4744 
f 4679/1/4679 4678/1/4678 4745/1/4745 
f 4745/1/4745 4744/1/4744 4679/1/4679 
f 4744/1/4744 4745/1/4745 4712/1/4712 
f 4712/1/4712 4710/1/4710 4744/1/4744 
f 4710/1/4710 4585/1/4585 4584/1/4584 
f 4584/1/4584 4744/1/4744 4710/1/4710 
f 4746/1/4746 4747/1/4747 4713/1/4713 
f 4713/1/4713 4712/1/4712 4746/1/4746 
f 4748/1/4748 4749/1/4749 4747/1/4747 
f 4747/1/4747 4746/1/4746 4748/1/4748 
f 4725/1/4725 4723/1/4723 4747/1/4747 
f 4747/1/4747 4749/1/4749 4725/1/4725 
f 4714/1/4714 4713/1/4713 4747/1/4747 
f 4747/1/4747 4723/1/4723 4714/1/4714 
f 4750/1/4750 4751/1/4751 4748/1/4748 
f 4748/1/4748 4746/1/4746 4750/1/4750 
f 4746/1/4746 4712/1/4712 4745/1/4745 
f 4745/1/4745 4750/1/4750 4746/1/4746 
f 4750/1/4750 4745/1/4745 4678/1/4678 
f 4678/1/4678 4737/1/4737 4750/1/4750 
f 4737/1/4737 4736/1/4736 4751/1/4751 
f 4751/1/4751 4750/1/4750 4737/1/4737 
f 4725/1/4725 4752/1/4752 4753/1/4753 
f 4753/1/4753 4726/1/4726 4725/1/4725 
f 4752/1/4752 4754/1/4754 4755/1/4755 
f 4755/1/4755 4753/1/4753 4752/1/4752 
f 4595/1/4595 4753/1/4753 4755/1/4755 
f 4755/1/4755 4597/1/4597 4595/1/4595 
f 4593/1/4593 4726/1/4726 4753/1/4753 
f 4753/1/4753 4595/1/4595 4593/1/4593 
f 4754/1/4754 4756/1/4756 4757/1/4757 
f 4757/1/4757 4755/1/4755 4754/1/4754 
f 4756/1/4756 4652/1/4652 4651/1/4651 
f 4757/1/4757 4651/1/4651 4601/1/4601 
f 4600/1/4600 4597/1/4597 4755/1/4755 
f 4755/1/4755 4757/1/4757 4600/1/4600 
f 4758/1/4758 4749/1/4749 4748/1/4748 
f 4748/1/4748 4759/1/4759 4758/1/4758 
f 4759/1/4759 4741/1/4741 4760/1/4760 
f 4760/1/4760 4758/1/4758 4759/1/4759 
f 4754/1/4754 4752/1/4752 4758/1/4758 
f 4758/1/4758 4760/1/4760 4754/1/4754 
f 4758/1/4758 4752/1/4752 4725/1/4725 
f 4725/1/4725 4749/1/4749 4758/1/4758 
f 4756/1/4756 4754/1/4754 4760/1/4760 
f 4741/1/4741 4761/1/4761 4762/1/4762 
f 4762/1/4762 4760/1/4760 4741/1/4741 
f 4652/1/4652 4756/1/4756 4762/1/4762 
f 4762/1/4762 4761/1/4761 4652/1/4652 
f 4761/1/4761 4741/1/4741 4740/1/4740 
f 4740/1/4740 4686/1/4686 4685/1/4685 
f 4685/1/4685 4654/1/4654 4653/1/4653 
f 4653/1/4653 4763/1/4763 4685/1/4685 
f 4653/1/4653 4652/1/4652 4761/1/4761 
f 4764/1/4764 4742/1/4742 4741/1/4741 
f 4741/1/4741 4759/1/4759 4764/1/4764 
f 4759/1/4759 4748/1/4748 4751/1/4751 
f 4751/1/4751 4764/1/4764 4759/1/4759 
f 4764/1/4764 4751/1/4751 4736/1/4736 
f 4736/1/4736 4738/1/4738 4764/1/4764 
f 4738/1/4738 4716/1/4716 4742/1/4742 
f 4742/1/4742 4764/1/4764 4738/1/4738 
f 4765/1/4765 4526/1/4526 4525/1/4525 
f 4525/1/4525 4766/1/4766 4765/1/4765 
f 4766/1/4766 4566/1/4566 4565/1/4565 
f 4565/1/4565 4765/1/4765 4766/1/4766 
f 4765/1/4765 4565/1/4565 4538/1/4538 
f 4538/1/4538 4537/1/4537 4765/1/4765 
f 4537/1/4537 4527/1/4527 4526/1/4526 
f 4526/1/4526 4765/1/4765 4537/1/4537 
f 4767/1/4767 4649/1/4649 4568/1/4568 
f 4568/1/4568 4567/1/4567 4767/1/4767 
f 4567/1/4567 4566/1/4566 4768/1/4768 
f 4768/1/4768 4767/1/4767 4567/1/4567 
f 4768/1/4768 4769/1/4769 4770/1/4770 
f 4770/1/4770 4767/1/4767 4768/1/4768 
f 4767/1/4767 4770/1/4770 4645/1/4645 
f 4645/1/4645 4649/1/4649 4767/1/4767 
f 4771/1/4771 4770/1/4770 4769/1/4769 
f 4769/1/4769 4772/1/4772 4771/1/4771 
f 4772/1/4772 4773/1/4773 4774/1/4774 
f 4774/1/4774 4771/1/4771 4772/1/4772 
f 4771/1/4771 4774/1/4774 4640/1/4640 
f 4640/1/4640 4646/1/4646 4771/1/4771 
f 4646/1/4646 4645/1/4645 4770/1/4770 
f 4770/1/4770 4771/1/4771 4646/1/4646 
f 4775/1/4775 4774/1/4774 4773/1/4773 
f 4773/1/4773 4776/1/4776 4775/1/4775 
f 4776/1/4776 4777/1/4777 4778/1/4778 
f 4778/1/4778 4775/1/4775 4776/1/4776 
f 4775/1/4775 4778/1/4778 4634/1/4634 
f 4634/1/4634 4635/1/4635 4775/1/4775 
f 4635/1/4635 4640/1/4640 4774/1/4774 
f 4774/1/4774 4775/1/4775 4635/1/4635 
f 4778/1/4778 4777/1/4777 4779/1/4779 
f 4779/1/4779 4780/1/4780 4778/1/4778 
f 4779/1/4779 4781/1/4781 4782/1/4782 
f 4782/1/4782 4780/1/4780 4779/1/4779 
f 4780/1/4780 4782/1/4782 4627/1/4627 
f 4630/1/4630 4634/1/4634 4778/1/4778 
f 4778/1/4778 4780/1/4780 4630/1/4630 
f 4783/1/4783 4784/1/4784 1846/1/1846 
f 1846/1/1846 1845/1/1845 4783/1/4783 
f 4783/1/4783 4781/1/4781 4779/1/4779 
f 4779/1/4779 4784/1/4784 4783/1/4783 
f 4779/1/4779 4777/1/4777 4785/1/4785 
f 4785/1/4785 4784/1/4784 4779/1/4779 
f 4785/1/4785 1848/1/1848 1846/1/1846 
f 1846/1/1846 4784/1/4784 4785/1/4785 
f 4786/1/4786 4787/1/4787 4788/1/4788 
f 4788/1/4788 4789/1/4789 4786/1/4786 
f 4789/1/4789 4788/1/4788 4621/1/4621 
f 4621/1/4621 4628/1/4628 4789/1/4789 
f 4628/1/4628 4627/1/4627 4782/1/4782 
f 4782/1/4782 4789/1/4789 4628/1/4628 
f 4782/1/4782 4781/1/4781 4786/1/4786 
f 4786/1/4786 4789/1/4789 4782/1/4782 
f 4790/1/4790 4788/1/4788 4787/1/4787 
f 4787/1/4787 4791/1/4791 4790/1/4790 
f 4791/1/4791 4792/1/4792 4793/1/4793 
f 4793/1/4793 4790/1/4790 4791/1/4791 
f 4790/1/4790 4793/1/4793 4615/1/4615 
f 4615/1/4615 4622/1/4622 4790/1/4790 
f 4622/1/4622 4621/1/4621 4788/1/4788 
f 4788/1/4788 4790/1/4790 4622/1/4622 
f 4794/1/4794 4793/1/4793 4792/1/4792 
f 4792/1/4792 4795/1/4795 4794/1/4794 
f 4795/1/4795 4796/1/4796 4797/1/4797 
f 4797/1/4797 4794/1/4794 4795/1/4795 
f 4794/1/4794 4797/1/4797 4609/1/4609 
f 4609/1/4609 4616/1/4616 4794/1/4794 
f 4616/1/4616 4615/1/4615 4793/1/4793 
f 4793/1/4793 4794/1/4794 4616/1/4616 
f 4798/1/4798 4579/1/4579 4578/1/4578 
f 4578/1/4578 4604/1/4604 4798/1/4798 
f 4604/1/4604 4603/1/4603 4799/1/4799 
f 4799/1/4799 4798/1/4798 4604/1/4604 
f 4798/1/4798 4799/1/4799 4800/1/4800 
f 4800/1/4800 4801/1/4801 4798/1/4798 
f 4801/1/4801 4555/1/4555 4579/1/4579 
f 4579/1/4579 4798/1/4798 4801/1/4801 
f 4802/1/4802 4556/1/4556 4555/1/4555 
f 4555/1/4555 4801/1/4801 4802/1/4802 
f 4801/1/4801 4800/1/4800 4803/1/4803 
f 4803/1/4803 4802/1/4802 4801/1/4801 
f 4802/1/4802 4803/1/4803 4559/1/4559 
f 4559/1/4559 4558/1/4558 4802/1/4802 
f 4558/1/4558 4551/1/4551 4556/1/4556 
f 4556/1/4556 4802/1/4802 4558/1/4558 
f 4804/1/4804 4797/1/4797 4796/1/4796 
f 4796/1/4796 4805/1/4805 4804/1/4804 
f 4805/1/4805 4800/1/4800 4799/1/4799 
f 4799/1/4799 4804/1/4804 4805/1/4805 
f 4804/1/4804 4799/1/4799 4603/1/4603 
f 4603/1/4603 4610/1/4610 4804/1/4804 
f 4610/1/4610 4609/1/4609 4797/1/4797 
f 4797/1/4797 4804/1/4804 4610/1/4610 
f 4806/1/4806 4560/1/4560 4559/1/4559 
f 4559/1/4559 4807/1/4807 4806/1/4806 
f 4807/1/4807 4808/1/4808 4809/1/4809 
f 4809/1/4809 4806/1/4806 4807/1/4807 
f 4806/1/4806 4809/1/4809 3379/1/3379 
f 3379/1/3379 3378/1/3378 4806/1/4806 
f 3378/1/3378 3385/1/3385 4560/1/4560 
f 4560/1/4560 4806/1/4806 3378/1/3378 
f 4810/1/4810 4811/1/4811 4808/1/4808 
f 4808/1/4808 4807/1/4807 4810/1/4810 
f 4807/1/4807 4559/1/4559 4803/1/4803 
f 4803/1/4803 4810/1/4810 4807/1/4807 
f 4810/1/4810 4803/1/4803 4800/1/4800 
f 4800/1/4800 4812/1/4812 4810/1/4810 
f 4812/1/4812 4813/1/4813 4811/1/4811 
f 4811/1/4811 4810/1/4810 4812/1/4812 
f 4814/1/4814 4809/1/4809 4808/1/4808 
f 4808/1/4808 4815/1/4815 4814/1/4814 
f 4815/1/4815 4816/1/4816 4817/1/4817 
f 4817/1/4817 4814/1/4814 4815/1/4815 
f 4814/1/4814 4817/1/4817 4260/1/4260 
f 4260/1/4260 4259/1/4259 4814/1/4814 
f 4259/1/4259 3379/1/3379 4809/1/4809 
f 4809/1/4809 4814/1/4814 4259/1/4259 
f 4818/1/4818 4811/1/4811 4813/1/4813 
f 4813/1/4813 4819/1/4819 4818/1/4818 
f 4819/1/4819 4820/1/4820 4821/1/4821 
f 4821/1/4821 4818/1/4818 4819/1/4819 
f 4818/1/4818 4821/1/4821 4816/1/4816 
f 4816/1/4816 4815/1/4815 4818/1/4818 
f 4815/1/4815 4808/1/4808 4811/1/4811 
f 4811/1/4811 4818/1/4818 4815/1/4815 
f 4822/1/4822 4805/1/4805 4796/1/4796 
f 4796/1/4796 4823/1/4823 4822/1/4822 
f 4823/1/4823 4820/1/4820 4819/1/4819 
f 4819/1/4819 4822/1/4822 4823/1/4823 
f 4822/1/4822 4819/1/4819 4813/1/4813 
f 4813/1/4813 4812/1/4812 4822/1/4822 
f 4812/1/4812 4800/1/4800 4805/1/4805 
f 4805/1/4805 4822/1/4822 4812/1/4812 
f 4824/1/4824 4825/1/4825 4826/1/4826 
f 4827/1/4827 4820/1/4820 4823/1/4823 
f 4823/1/4823 4824/1/4824 4827/1/4827 
f 4795/1/4795 4824/1/4824 4823/1/4823 
f 4823/1/4823 4796/1/4796 4795/1/4795 
f 4795/1/4795 4792/1/4792 4825/1/4825 
f 4825/1/4825 4824/1/4824 4795/1/4795 
f 4828/1/4828 4829/1/4829 4830/1/4830 
f 4831/1/4831 4826/1/4826 4825/1/4825 
f 4828/1/4828 4825/1/4825 4792/1/4792 
f 4792/1/4792 4791/1/4791 4828/1/4828 
f 4791/1/4791 4787/1/4787 4829/1/4829 
f 4786/1/4786 4781/1/4781 4832/1/4832 
f 4832/1/4832 4833/1/4833 4786/1/4786 
f 4832/1/4832 1899/1/1899 4834/1/4834 
f 4834/1/4834 4833/1/4833 4832/1/4832 
f 4834/1/4834 4830/1/4830 4829/1/4829 
f 4829/1/4829 4833/1/4833 4834/1/4834 
f 4833/1/4833 4829/1/4829 4787/1/4787 
f 1900/1/1900 1899/1/1899 4832/1/4832 
f 4832/1/4832 4835/1/4835 1900/1/1900 
f 4835/1/4835 4832/1/4832 4781/1/4781 
f 4781/1/4781 4783/1/4783 4835/1/4835 
f 4835/1/4835 4783/1/4783 1845/1/1845 
f 1845/1/1845 1900/1/1900 4835/1/4835 
f 4836/1/4836 4837/1/4837 4830/1/4830 
f 4830/1/4830 4834/1/4834 4836/1/4836 
f 4834/1/4834 1899/1/1899 1907/1/1907 
f 1907/1/1907 4836/1/4836 4834/1/4834 
f 4836/1/4836 1907/1/1907 1906/1/1906 
f 1906/1/1906 4838/1/4838 4836/1/4836 
f 4838/1/4838 4839/1/4839 4837/1/4837 
f 4837/1/4837 4836/1/4836 4838/1/4838 
f 4840/1/4840 4837/1/4837 4839/1/4839 
f 4839/1/4839 4841/1/4841 4840/1/4840 
f 4841/1/4841 4842/1/4842 4843/1/4843 
f 4843/1/4843 4840/1/4840 4841/1/4841 
f 4840/1/4840 4843/1/4843 4826/1/4826 
f 4826/1/4826 4831/1/4831 4840/1/4840 
f 4831/1/4831 4830/1/4830 4837/1/4837 
f 4837/1/4837 4840/1/4840 4831/1/4831 
f 1915/1/1915 4844/1/4844 4845/1/4845 
f 4845/1/4845 1914/1/1914 1915/1/1915 
f 4844/1/4844 4842/1/4842 4841/1/4841 
f 4841/1/4841 4845/1/4845 4844/1/4844 
f 4845/1/4845 4841/1/4841 4839/1/4839 
f 4839/1/4839 4838/1/4838 4845/1/4845 
f 4838/1/4838 1906/1/1906 1914/1/1914 
f 1914/1/1914 4845/1/4845 4838/1/4838 
f 4827/1/4827 4826/1/4826 4843/1/4843 
f 4846/1/4846 4843/1/4843 4842/1/4842 
f 4842/1/4842 4847/1/4847 4846/1/4846 
f 4847/1/4847 4848/1/4848 4849/1/4849 
f 4849/1/4849 4820/1/4820 4827/1/4827 
f 4850/1/4850 4844/1/4844 1915/1/1915 
f 1915/1/1915 1921/1/1921 4850/1/4850 
f 1921/1/1921 1925/1/1925 4851/1/4851 
f 4851/1/4851 4850/1/4850 1921/1/1921 
f 4850/1/4850 4851/1/4851 4852/1/4852 
f 4852/1/4852 4853/1/4853 4850/1/4850 
f 4853/1/4853 4842/1/4842 4844/1/4844 
f 4844/1/4844 4850/1/4850 4853/1/4853 
f 4854/1/4854 1928/1/1928 4855/1/4855 
f 4855/1/4855 4856/1/4856 4854/1/4854 
f 4855/1/4855 4852/1/4852 4851/1/4851 
f 4851/1/4851 4856/1/4856 4855/1/4855 
f 4856/1/4856 4851/1/4851 1925/1/1925 
f 1925/1/1925 4854/1/4854 4856/1/4856 
f 4857/1/4857 4854/1/4854 1925/1/1925 
f 1929/1/1929 1931/1/1931 4857/1/4857 
f 4857/1/4857 1930/1/1930 1929/1/1929 
f 1931/1/1931 1928/1/1928 4854/1/4854 
f 4858/1/4858 4859/1/4859 4852/1/4852 
f 4852/1/4852 4855/1/4855 4858/1/4858 
f 4855/1/4855 1928/1/1928 1937/1/1937 
f 1937/1/1937 4858/1/4858 4855/1/4855 
f 4858/1/4858 1937/1/1937 1936/1/1936 
f 1936/1/1936 4860/1/4860 4858/1/4858 
f 4860/1/4860 4861/1/4861 4859/1/4859 
f 4859/1/4859 4858/1/4858 4860/1/4860 
f 4862/1/4862 4853/1/4853 4852/1/4852 
f 4852/1/4852 4859/1/4859 4862/1/4862 
f 4859/1/4859 4861/1/4861 4863/1/4863 
f 4862/1/4862 4863/1/4863 4848/1/4848 
f 4847/1/4847 4842/1/4842 4853/1/4853 
f 4853/1/4853 4862/1/4862 4847/1/4847 
f 1942/1/1942 4864/1/4864 4865/1/4865 
f 4865/1/4865 4866/1/4866 1942/1/1942 
f 4865/1/4865 4864/1/4864 4861/1/4861 
f 4861/1/4861 4860/1/4860 4865/1/4865 
f 1936/1/1936 4866/1/4866 4865/1/4865 
f 4865/1/4865 4860/1/4860 1936/1/1936 
f 1936/1/1936 1945/1/1945 4867/1/4867 
f 4867/1/4867 4866/1/4866 1936/1/1936 
f 1944/1/1944 1943/1/1943 4867/1/4867 
f 4867/1/4867 1945/1/1945 1944/1/1944 
f 4867/1/4867 1943/1/1943 1942/1/1942 
f 4864/1/4864 1942/1/1942 1946/1/1946 
f 1946/1/1946 4868/1/4868 4864/1/4864 
f 1946/1/1946 1951/1/1951 4869/1/4869 
f 4869/1/4869 4868/1/4868 1946/1/1946 
f 4868/1/4868 4869/1/4869 4870/1/4870 
f 4870/1/4870 4871/1/4871 4868/1/4868 
f 4871/1/4871 4861/1/4861 4864/1/4864 
f 4864/1/4864 4868/1/4868 4871/1/4871 
f 4872/1/4872 4873/1/4873 4874/1/4874 
f 4874/1/4874 4875/1/4875 4872/1/4872 
f 4875/1/4875 1957/1/1957 1956/1/1956 
f 1956/1/1956 4872/1/4872 4875/1/4875 
f 4872/1/4872 1956/1/1956 1346/1/1346 
f 4873/1/4873 4872/1/4872 4288/1/4288 
f 4288/1/4288 4279/1/4279 4873/1/4873 
f 4876/1/4876 4877/1/4877 4878/1/4878 
f 4878/1/4878 4879/1/4879 4876/1/4876 
f 4877/1/4877 4880/1/4880 4881/1/4881 
f 4881/1/4881 4878/1/4878 4877/1/4877 
f 4878/1/4878 4881/1/4881 1963/1/1963 
f 1963/1/1963 1962/1/1962 4878/1/4878 
f 4878/1/4878 1962/1/1962 1957/1/1957 
f 4882/1/4882 4875/1/4875 4874/1/4874 
f 4874/1/4874 4883/1/4883 4882/1/4882 
f 4883/1/4883 4884/1/4884 4885/1/4885 
f 4885/1/4885 4882/1/4882 4883/1/4883 
f 4876/1/4876 4879/1/4879 4882/1/4882 
f 4882/1/4882 4885/1/4885 4876/1/4876 
f 4879/1/4879 1957/1/1957 4875/1/4875 
f 4875/1/4875 4882/1/4882 4879/1/4879 
f 4278/1/4278 4267/1/4267 4886/1/4886 
f 4886/1/4886 4887/1/4887 4278/1/4278 
f 4887/1/4887 4886/1/4886 4884/1/4884 
f 4884/1/4884 4883/1/4883 4887/1/4887 
f 4887/1/4887 4883/1/4883 4874/1/4874 
f 4874/1/4874 4873/1/4873 4887/1/4887 
f 4873/1/4873 4279/1/4279 4278/1/4278 
f 4876/1/4876 4885/1/4885 4888/1/4888 
f 4888/1/4888 4877/1/4877 4876/1/4876 
f 4885/1/4885 4884/1/4884 4889/1/4889 
f 4889/1/4889 4888/1/4888 4885/1/4885 
f 4888/1/4888 4889/1/4889 4890/1/4890 
f 4890/1/4890 4891/1/4891 4888/1/4888 
f 4888/1/4888 4891/1/4891 4880/1/4880 
f 4880/1/4880 4877/1/4877 4888/1/4888 
f 4892/1/4892 4893/1/4893 4894/1/4894 
f 4894/1/4894 4895/1/4895 4892/1/4892 
f 4895/1/4895 4884/1/4884 4886/1/4886 
f 4886/1/4886 4892/1/4892 4895/1/4895 
f 4892/1/4892 4886/1/4886 4267/1/4267 
f 4267/1/4267 4266/1/4266 4892/1/4892 
f 4266/1/4266 4263/1/4263 4893/1/4893 
f 4893/1/4893 4892/1/4892 4266/1/4266 
f 4896/1/4896 4897/1/4897 4898/1/4898 
f 4898/1/4898 4899/1/4899 4896/1/4896 
f 4898/1/4898 1985/1/1985 1984/1/1984 
f 1984/1/1984 4899/1/4899 4898/1/4898 
f 1984/1/1984 1963/1/1963 4881/1/4881 
f 4881/1/4881 4899/1/4899 1984/1/1984 
f 4899/1/4899 4881/1/4881 4880/1/4880 
f 4880/1/4880 4896/1/4896 4899/1/4899 
f 4900/1/4900 4901/1/4901 4902/1/4902 
f 4902/1/4902 4903/1/4903 4900/1/4900 
f 4903/1/4903 4890/1/4890 4889/1/4889 
f 4889/1/4889 4900/1/4900 4903/1/4903 
f 4900/1/4900 4889/1/4889 4884/1/4884 
f 4884/1/4884 4895/1/4895 4900/1/4900 
f 4895/1/4895 4894/1/4894 4901/1/4901 
f 4901/1/4901 4900/1/4900 4895/1/4895 
f 4904/1/4904 4891/1/4891 4890/1/4890 
f 4890/1/4890 4903/1/4903 4904/1/4904 
f 4903/1/4903 4902/1/4902 4905/1/4905 
f 4905/1/4905 4904/1/4904 4903/1/4903 
f 4904/1/4904 4905/1/4905 4897/1/4897 
f 4897/1/4897 4896/1/4896 4904/1/4904 
f 4896/1/4896 4880/1/4880 4891/1/4891 
f 4891/1/4891 4904/1/4904 4896/1/4896 
f 4906/1/4906 4907/1/4907 4908/1/4908 
f 4908/1/4908 4909/1/4909 4906/1/4906 
f 4909/1/4909 1997/1/1997 1996/1/1996 
f 1996/1/1996 4906/1/4906 4909/1/4909 
f 4906/1/4906 1996/1/1996 1985/1/1985 
f 1985/1/1985 4898/1/4898 4906/1/4906 
f 4898/1/4898 4897/1/4897 4907/1/4907 
f 4907/1/4907 4906/1/4906 4898/1/4898 
f 4910/1/4910 4911/1/4911 4912/1/4912 
f 4912/1/4912 4913/1/4913 4910/1/4910 
f 4913/1/4913 4894/1/4894 4893/1/4893 
f 4893/1/4893 4910/1/4910 4913/1/4913 
f 4910/1/4910 4893/1/4893 4263/1/4263 
f 4263/1/4263 4261/1/4261 4910/1/4910 
f 4261/1/4261 4260/1/4260 4911/1/4911 
f 4914/1/4914 2003/1/2003 1997/1/1997 
f 1997/1/1997 4909/1/4909 4914/1/4914 
f 4909/1/4909 4908/1/4908 4915/1/4915 
f 4915/1/4915 4914/1/4914 4909/1/4909 
f 4869/1/4869 4914/1/4914 4915/1/4915 
f 4915/1/4915 4870/1/4870 4869/1/4869 
f 4869/1/4869 1951/1/1951 2003/1/2003 
f 2003/1/2003 4914/1/4914 4869/1/4869 
f 4916/1/4916 4849/1/4849 4848/1/4848 
f 4917/1/4917 4918/1/4918 4919/1/4919 
f 4919/1/4919 4916/1/4916 4917/1/4917 
f 4919/1/4919 4816/1/4816 4821/1/4821 
f 4821/1/4821 4916/1/4916 4919/1/4919 
f 4916/1/4916 4821/1/4821 4820/1/4820 
f 4820/1/4820 4849/1/4849 4916/1/4916 
f 4920/1/4920 4921/1/4921 4922/1/4922 
f 4922/1/4922 4923/1/4923 4920/1/4920 
f 4923/1/4923 4902/1/4902 4901/1/4901 
f 4901/1/4901 4920/1/4920 4923/1/4923 
f 4920/1/4920 4901/1/4901 4894/1/4894 
f 4894/1/4894 4913/1/4913 4920/1/4920 
f 4913/1/4913 4912/1/4912 4921/1/4921 
f 4921/1/4921 4920/1/4920 4913/1/4913 
f 4911/1/4911 4260/1/4260 4817/1/4817 
f 4924/1/4924 4817/1/4817 4816/1/4816 
f 4816/1/4816 4919/1/4919 4924/1/4924 
f 4924/1/4924 4919/1/4919 4918/1/4918 
f 4925/1/4925 4912/1/4912 4911/1/4911 
f 4925/1/4925 4918/1/4918 4926/1/4926 
f 4926/1/4926 4927/1/4927 4925/1/4925 
f 4927/1/4927 4926/1/4926 4922/1/4922 
f 4922/1/4922 4921/1/4921 4927/1/4927 
f 4927/1/4927 4921/1/4921 4912/1/4912 
f 4912/1/4912 4925/1/4925 4927/1/4927 
f 4928/1/4928 4863/1/4863 4861/1/4861 
f 4871/1/4871 4870/1/4870 4929/1/4929 
f 4929/1/4929 4928/1/4928 4871/1/4871 
f 4928/1/4928 4929/1/4929 4918/1/4918 
f 4918/1/4918 4917/1/4917 4928/1/4928 
f 4917/1/4917 4848/1/4848 4863/1/4863 
f 4930/1/4930 4922/1/4922 4926/1/4926 
f 4926/1/4926 4931/1/4931 4930/1/4930 
f 4929/1/4929 4931/1/4931 4926/1/4926 
f 4926/1/4926 4918/1/4918 4929/1/4929 
f 4931/1/4931 4929/1/4929 4870/1/4870 
f 4870/1/4870 4915/1/4915 4931/1/4931 
f 4915/1/4915 4908/1/4908 4930/1/4930 
f 4930/1/4930 4931/1/4931 4915/1/4915 
f 4932/1/4932 4905/1/4905 4902/1/4902 
f 4902/1/4902 4923/1/4923 4932/1/4932 
f 4923/1/4923 4922/1/4922 4930/1/4930 
f 4930/1/4930 4932/1/4932 4923/1/4923 
f 4932/1/4932 4930/1/4930 4908/1/4908 
f 4908/1/4908 4907/1/4907 4932/1/4932 
f 4907/1/4907 4897/1/4897 4905/1/4905 
f 4905/1/4905 4932/1/4932 4907/1/4907 
f 4933/1/4933 3618/1/3618 3617/1/3617 
f 3617/1/3617 4934/1/4934 4933/1/4933 
f 4934/1/4934 4935/1/4935 4936/1/4936 
f 4936/1/4936 4933/1/4933 4934/1/4934 
f 4933/1/4933 4936/1/4936 4525/1/4525 
f 4524/1/4524 3478/1/3478 3618/1/3618 
f 3618/1/3618 4933/1/4933 4524/1/4524 
f 4937/1/4937 3621/1/3621 3620/1/3620 
f 3620/1/3620 4938/1/4938 4937/1/4937 
f 4938/1/4938 4939/1/4939 4940/1/4940 
f 4940/1/4940 4937/1/4937 4938/1/4938 
f 4937/1/4937 4940/1/4940 4935/1/4935 
f 4935/1/4935 4934/1/4934 4937/1/4937 
f 4934/1/4934 3617/1/3617 3621/1/3621 
f 3621/1/3621 4937/1/4937 4934/1/4934 
f 4766/1/4766 4525/1/4525 4941/1/4941 
f 4941/1/4941 4942/1/4942 4943/1/4943 
f 4943/1/4943 4944/1/4944 4941/1/4941 
f 4944/1/4944 4943/1/4943 4769/1/4769 
f 4769/1/4769 4768/1/4768 4944/1/4944 
f 4944/1/4944 4768/1/4768 4566/1/4566 
f 4566/1/4566 4766/1/4766 4944/1/4944 
f 4945/1/4945 4943/1/4943 4942/1/4942 
f 4942/1/4942 4946/1/4946 4945/1/4945 
f 4946/1/4946 4947/1/4947 4948/1/4948 
f 4948/1/4948 4945/1/4945 4946/1/4946 
f 4945/1/4945 4948/1/4948 4773/1/4773 
f 4773/1/4773 4772/1/4772 4945/1/4945 
f 4772/1/4772 4769/1/4769 4943/1/4943 
f 4943/1/4943 4945/1/4945 4772/1/4772 
f 4949/1/4949 4950/1/4950 4777/1/4777 
f 4777/1/4777 4776/1/4776 4949/1/4949 
f 4776/1/4776 4773/1/4773 4948/1/4948 
f 4948/1/4948 4949/1/4949 4776/1/4776 
f 4949/1/4949 4948/1/4948 4947/1/4947 
f 4947/1/4947 4951/1/4951 4949/1/4949 
f 4951/1/4951 2041/1/2041 4950/1/4950 
f 4950/1/4950 4949/1/4949 4951/1/4951 
f 4950/1/4950 2041/1/2041 2042/1/2042 
f 2042/1/2042 4952/1/4952 4950/1/4950 
f 4952/1/4952 2042/1/2042 1848/1/1848 
f 1848/1/1848 4785/1/4785 4952/1/4952 
f 4785/1/4785 4777/1/4777 4950/1/4950 
f 4950/1/4950 4952/1/4952 4785/1/4785 
f 4953/1/4953 4936/1/4936 4935/1/4935 
f 4935/1/4935 4954/1/4954 4953/1/4953 
f 4954/1/4954 4955/1/4955 4956/1/4956 
f 4953/1/4953 4956/1/4956 4942/1/4942 
f 4941/1/4941 4525/1/4525 4936/1/4936 
f 4936/1/4936 4953/1/4953 4941/1/4941 
f 4940/1/4940 4939/1/4939 4957/1/4957 
f 4957/1/4957 4958/1/4958 4940/1/4940 
f 4957/1/4957 4959/1/4959 4960/1/4960 
f 4960/1/4960 4958/1/4958 4957/1/4957 
f 4958/1/4958 4960/1/4960 4955/1/4955 
f 4954/1/4954 4935/1/4935 4940/1/4940 
f 4940/1/4940 4958/1/4958 4954/1/4954 
f 4961/1/4961 4956/1/4956 4955/1/4955 
f 4961/1/4961 4962/1/4962 4963/1/4963 
f 4963/1/4963 4964/1/4964 4961/1/4961 
f 4961/1/4961 4964/1/4964 4947/1/4947 
f 4947/1/4947 4946/1/4946 4961/1/4961 
f 4946/1/4946 4942/1/4942 4956/1/4956 
f 4956/1/4956 4961/1/4961 4946/1/4946 
f 4965/1/4965 4966/1/4966 2058/1/2058 
f 2058/1/2058 2057/1/2057 4965/1/4965 
f 2057/1/2057 2041/1/2041 4951/1/4951 
f 4951/1/4951 4965/1/4965 2057/1/2057 
f 4965/1/4965 4951/1/4951 4947/1/4947 
f 4964/1/4964 4963/1/4963 4966/1/4966 
f 4966/1/4966 4965/1/4965 4964/1/4964 
f 4967/1/4967 4957/1/4957 4939/1/4939 
f 4939/1/4939 4938/1/4938 4967/1/4967 
f 4938/1/4938 3620/1/3620 4968/1/4968 
f 4968/1/4968 4967/1/4967 4938/1/4938 
f 4967/1/4967 4968/1/4968 4969/1/4969 
f 4969/1/4969 4970/1/4970 4967/1/4967 
f 4970/1/4970 4959/1/4959 4957/1/4957 
f 4957/1/4957 4967/1/4967 4970/1/4970 
f 4971/1/4971 4968/1/4968 3620/1/3620 
f 3620/1/3620 3626/1/3626 4971/1/4971 
f 3626/1/3626 3625/1/3625 4972/1/4972 
f 4972/1/4972 4971/1/4971 3626/1/3626 
f 4971/1/4971 4972/1/4972 4973/1/4973 
f 4973/1/4973 4974/1/4974 4971/1/4971 
f 4974/1/4974 4969/1/4969 4968/1/4968 
f 4968/1/4968 4971/1/4971 4974/1/4974 
f 4975/1/4975 3630/1/3630 3629/1/3629 
f 3629/1/3629 4976/1/4976 4975/1/4975 
f 4976/1/4976 4977/1/4977 4978/1/4978 
f 4978/1/4978 4975/1/4975 4976/1/4976 
f 4975/1/4975 4978/1/4978 4973/1/4973 
f 4973/1/4973 4972/1/4972 4975/1/4975 
f 4975/1/4975 4972/1/4972 3625/1/3625 
f 3625/1/3625 3630/1/3630 4975/1/4975 
f 4979/1/4979 3642/1/3642 3641/1/3641 
f 3641/1/3641 4980/1/4980 4979/1/4979 
f 4980/1/4980 4981/1/4981 4982/1/4982 
f 4982/1/4982 4979/1/4979 4980/1/4980 
f 4979/1/4979 4982/1/4982 4983/1/4983 
f 4983/1/4983 4984/1/4984 4979/1/4979 
f 4984/1/4984 3636/1/3636 3642/1/3642 
f 3642/1/3642 4979/1/4979 4984/1/4984 
f 4985/1/4985 3646/1/3646 3645/1/3645 
f 3645/1/3645 4986/1/4986 4985/1/4985 
f 4987/1/4987 4985/1/4985 4986/1/4986 
f 4986/1/4986 4988/1/4988 4987/1/4987 
f 4985/1/4985 4987/1/4987 4981/1/4981 
f 4981/1/4981 4980/1/4980 4985/1/4985 
f 4980/1/4980 3641/1/3641 3646/1/3646 
f 3646/1/3646 4985/1/4985 4980/1/4980 
f 2084/1/2084 4989/1/4989 4990/1/4990 
f 4990/1/4990 2085/1/2085 2084/1/2084 
f 4989/1/4989 2084/1/2084 2087/1/2087 
f 2087/1/2087 4991/1/4991 4989/1/4989 
f 4991/1/4991 4981/1/4981 4987/1/4987 
f 4987/1/4987 4989/1/4989 4991/1/4991 
f 4987/1/4987 4988/1/4988 4990/1/4990 
f 4992/1/4992 4993/1/4993 4994/1/4994 
f 4994/1/4994 4995/1/4995 4992/1/4992 
f 4995/1/4995 4988/1/4988 4986/1/4986 
f 4992/1/4992 4986/1/4986 3645/1/3645 
f 3645/1/3645 3650/1/3650 4992/1/4992 
f 3650/1/3650 3649/1/3649 4993/1/4993 
f 4993/1/4993 4992/1/4992 3650/1/3650 
f 4995/1/4995 4994/1/4994 4996/1/4996 
f 4996/1/4996 4997/1/4997 4995/1/4995 
f 4997/1/4997 4996/1/4996 2095/1/2095 
f 2095/1/2095 2094/1/2094 4997/1/4997 
f 4990/1/4990 4997/1/4997 2094/1/2094 
f 2094/1/2094 2085/1/2085 4990/1/4990 
f 4997/1/4997 4990/1/4990 4988/1/4988 
f 4988/1/4988 4995/1/4995 4997/1/4997 
f 4998/1/4998 4993/1/4993 3649/1/3649 
f 3649/1/3649 3654/1/3654 4998/1/4998 
f 3654/1/3654 3653/1/3653 4999/1/4999 
f 4999/1/4999 4998/1/4998 3654/1/3654 
f 4998/1/4998 4999/1/4999 5000/1/5000 
f 5000/1/5000 5001/1/5001 4998/1/4998 
f 5001/1/5001 4994/1/4994 4993/1/4993 
f 4993/1/4993 4998/1/4998 5001/1/5001 
f 5002/1/5002 4996/1/4996 4994/1/4994 
f 4994/1/4994 5001/1/5001 5002/1/5002 
f 5001/1/5001 5000/1/5000 5003/1/5003 
f 5003/1/5003 5002/1/5002 5001/1/5001 
f 5002/1/5002 5003/1/5003 2102/1/2102 
f 2102/1/2102 2101/1/2101 5002/1/5002 
f 2101/1/2101 2095/1/2095 4996/1/4996 
f 4996/1/4996 5002/1/5002 2101/1/2101 
f 5004/1/5004 4999/1/4999 3653/1/3653 
f 3658/1/3658 3657/1/3657 5005/1/5005 
f 5004/1/5004 5005/1/5005 5006/1/5006 
f 5006/1/5006 5007/1/5007 5004/1/5004 
f 5007/1/5007 5000/1/5000 4999/1/4999 
f 4999/1/4999 5004/1/5004 5007/1/5007 
f 5008/1/5008 3634/1/3634 3633/1/3633 
f 3633/1/3633 5009/1/5009 5008/1/5008 
f 5009/1/5009 5010/1/5010 5011/1/5011 
f 5011/1/5011 5008/1/5008 5009/1/5009 
f 5008/1/5008 5011/1/5011 4977/1/4977 
f 4977/1/4977 4976/1/4976 5008/1/5008 
f 4976/1/4976 3629/1/3629 3634/1/3634 
f 3634/1/3634 5008/1/5008 4976/1/4976 
f 5012/1/5012 3637/1/3637 3636/1/3636 
f 3636/1/3636 4984/1/4984 5012/1/5012 
f 4984/1/4984 4983/1/4983 5013/1/5013 
f 5013/1/5013 5012/1/5012 4984/1/4984 
f 5012/1/5012 5013/1/5013 5010/1/5010 
f 5010/1/5010 5009/1/5009 5012/1/5012 
f 5009/1/5009 3633/1/3633 3637/1/3637 
f 3637/1/3637 5012/1/5012 5009/1/5009 
f 5014/1/5014 4982/1/4982 4981/1/4981 
f 4981/1/4981 4991/1/4991 5014/1/5014 
f 4991/1/4991 2087/1/2087 2117/1/2117 
f 2117/1/2117 5014/1/5014 4991/1/4991 
f 5014/1/5014 2117/1/2117 2116/1/2116 
f 2116/1/2116 5015/1/5015 5014/1/5014 
f 5015/1/5015 4983/1/4983 4982/1/4982 
f 4982/1/4982 5014/1/5014 5015/1/5015 
f 5016/1/5016 4978/1/4978 4977/1/4977 
f 4977/1/4977 5017/1/5017 5016/1/5016 
f 5017/1/5017 2122/1/2122 2121/1/2121 
f 2121/1/2121 5016/1/5016 5017/1/5017 
f 5016/1/5016 2121/1/2121 2120/1/2120 
f 2120/1/2120 5018/1/5018 5016/1/5016 
f 5018/1/5018 4973/1/4973 4978/1/4978 
f 4978/1/4978 5016/1/5016 5018/1/5018 
f 5019/1/5019 5011/1/5011 5010/1/5010 
f 5010/1/5010 5020/1/5020 5019/1/5019 
f 5020/1/5020 2127/1/2127 2126/1/2126 
f 2126/1/2126 5019/1/5019 5020/1/5020 
f 5019/1/5019 2126/1/2126 2122/1/2122 
f 2122/1/2122 5017/1/5017 5019/1/5019 
f 5017/1/5017 4977/1/4977 5011/1/5011 
f 5011/1/5011 5019/1/5019 5017/1/5017 
f 5021/1/5021 5013/1/5013 4983/1/4983 
f 4983/1/4983 5015/1/5015 5021/1/5021 
f 5015/1/5015 2116/1/2116 2129/1/2129 
f 2129/1/2129 5021/1/5021 5015/1/5015 
f 5021/1/5021 2129/1/2129 2127/1/2127 
f 2127/1/2127 5020/1/5020 5021/1/5021 
f 5020/1/5020 5010/1/5010 5013/1/5013 
f 5013/1/5013 5021/1/5021 5020/1/5020 
f 5022/1/5022 4970/1/4970 4969/1/4969 
f 4969/1/4969 5023/1/5023 5022/1/5022 
f 5023/1/5023 2135/1/2135 5024/1/5024 
f 5024/1/5024 5022/1/5022 5023/1/5023 
f 5022/1/5022 5024/1/5024 5025/1/5025 
f 5025/1/5025 5026/1/5026 5022/1/5022 
f 5026/1/5026 4959/1/4959 4970/1/4970 
f 4970/1/4970 5022/1/5022 5026/1/5026 
f 5027/1/5027 4960/1/4960 4959/1/4959 
f 4959/1/4959 5026/1/5026 5027/1/5027 
f 5026/1/5026 5025/1/5025 5028/1/5028 
f 5028/1/5028 5027/1/5027 5026/1/5026 
f 5028/1/5028 4963/1/4963 4962/1/4962 
f 4962/1/4962 5027/1/5027 5028/1/5028 
f 4962/1/4962 4955/1/4955 4960/1/4960 
f 4960/1/4960 5027/1/5027 4962/1/4962 
f 5029/1/5029 4966/1/4966 4963/1/4963 
f 4963/1/4963 5028/1/5028 5029/1/5029 
f 5028/1/5028 5025/1/5025 5030/1/5030 
f 5030/1/5030 5029/1/5029 5028/1/5028 
f 5029/1/5029 5030/1/5030 2140/1/2140 
f 2140/1/2140 2139/1/2139 5029/1/5029 
f 2139/1/2139 2058/1/2058 4966/1/4966 
f 4966/1/4966 5029/1/5029 2139/1/2139 
f 5031/1/5031 5030/1/5030 5025/1/5025 
f 5025/1/5025 5024/1/5024 5031/1/5031 
f 5024/1/5024 2135/1/2135 2143/1/2143 
f 2143/1/2143 5031/1/5031 5024/1/5024 
f 5031/1/5031 2143/1/2143 2140/1/2140 
f 2140/1/2140 5030/1/5030 5031/1/5031 
f 2145/1/2145 5032/1/5032 5018/1/5018 
f 5018/1/5018 2120/1/2120 2145/1/2145 
f 2145/1/2145 2135/1/2135 5023/1/5023 
f 5023/1/5023 5032/1/5032 2145/1/2145 
f 4974/1/4974 5032/1/5032 5023/1/5023 
f 5023/1/5023 4969/1/4969 4974/1/4974 
f 4974/1/4974 4973/1/4973 5018/1/5018 
f 5018/1/5018 5032/1/5032 4974/1/4974 
f 5033/1/5033 5034/1/5034 5035/1/5035 
f 5035/1/5035 5036/1/5036 5033/1/5033 
f 5036/1/5036 5037/1/5037 5038/1/5038 
f 5038/1/5038 5033/1/5033 5036/1/5036 
f 5033/1/5033 5038/1/5038 3863/1/3863 
f 3863/1/3863 3862/1/3862 5033/1/5033 
f 3862/1/3862 3854/1/3854 5034/1/5034 
f 5034/1/5034 5033/1/5033 3862/1/3862 
f 3876/1/3876 3863/1/3863 5038/1/5038 
f 5038/1/5038 5039/1/5039 3876/1/3876 
f 5037/1/5037 5040/1/5040 5039/1/5039 
f 5039/1/5039 5038/1/5038 5037/1/5037 
f 5039/1/5039 5040/1/5040 5041/1/5041 
f 5041/1/5041 5042/1/5042 5039/1/5039 
f 5042/1/5042 3877/1/3877 3876/1/3876 
f 3876/1/3876 5039/1/5039 5042/1/5042 
f 5043/1/5043 3888/1/3888 3877/1/3877 
f 3877/1/3877 5042/1/5042 5043/1/5043 
f 5042/1/5042 5041/1/5041 5044/1/5044 
f 5044/1/5044 5043/1/5043 5042/1/5042 
f 5043/1/5043 5044/1/5044 5045/1/5045 
f 5045/1/5045 5046/1/5046 5043/1/5043 
f 5046/1/5046 3889/1/3889 3888/1/3888 
f 3888/1/3888 5043/1/5043 5046/1/5046 
f 5047/1/5047 3909/1/3909 3889/1/3889 
f 3889/1/3889 5046/1/5046 5047/1/5047 
f 5046/1/5046 5045/1/5045 5048/1/5048 
f 5048/1/5048 5047/1/5047 5046/1/5046 
f 5048/1/5048 5049/1/5049 5050/1/5050 
f 5050/1/5050 5047/1/5047 5048/1/5048 
f 5047/1/5047 5050/1/5050 3885/1/3885 
f 3885/1/3885 3909/1/3909 5047/1/5047 
f 5051/1/5051 2167/1/2167 2166/1/2166 
f 2166/1/2166 5052/1/5052 5051/1/5051 
f 5052/1/5052 5035/1/5035 5034/1/5034 
f 5034/1/5034 5051/1/5051 5052/1/5052 
f 5051/1/5051 5034/1/5034 3854/1/3854 
f 3854/1/3854 3853/1/3853 5051/1/5051 
f 3853/1/3853 881/1/881 2167/1/2167 
f 2167/1/2167 5051/1/5051 3853/1/3853 
f 5053/1/5053 5054/1/5054 5055/1/5055 
f 5055/1/5055 5056/1/5056 5053/1/5053 
f 5056/1/5056 5055/1/5055 5035/1/5035 
f 5052/1/5052 2166/1/2166 2168/1/2168 
f 2168/1/2168 2173/1/2173 5053/1/5053 
f 5053/1/5053 5056/1/5056 2168/1/2168 
f 5057/1/5057 5055/1/5055 5054/1/5054 
f 5054/1/5054 5058/1/5058 5057/1/5057 
f 5058/1/5058 5059/1/5059 5060/1/5060 
f 5060/1/5060 5057/1/5057 5058/1/5058 
f 5057/1/5057 5060/1/5060 5037/1/5037 
f 5037/1/5037 5036/1/5036 5057/1/5057 
f 5036/1/5036 5035/1/5035 5055/1/5055 
f 5055/1/5055 5057/1/5057 5036/1/5036 
f 5061/1/5061 5062/1/5062 5063/1/5063 
f 5063/1/5063 5064/1/5064 5061/1/5061 
f 5064/1/5064 5041/1/5041 5040/1/5040 
f 5040/1/5040 5061/1/5061 5064/1/5064 
f 5040/1/5040 5037/1/5037 5060/1/5060 
f 5060/1/5060 5061/1/5061 5040/1/5040 
f 5062/1/5062 5061/1/5061 5060/1/5060 
f 5060/1/5060 5059/1/5059 5062/1/5062 
f 5065/1/5065 5066/1/5066 5067/1/5067 
f 5067/1/5067 5068/1/5068 5065/1/5065 
f 5068/1/5068 5045/1/5045 5044/1/5044 
f 5044/1/5044 5065/1/5065 5068/1/5068 
f 5065/1/5065 5044/1/5044 5041/1/5041 
f 5041/1/5041 5064/1/5064 5065/1/5065 
f 5064/1/5064 5063/1/5063 5066/1/5066 
f 5066/1/5066 5065/1/5065 5064/1/5064 
f 5069/1/5069 5070/1/5070 5071/1/5071 
f 5071/1/5071 5072/1/5072 5069/1/5069 
f 5072/1/5072 5071/1/5071 5049/1/5049 
f 5049/1/5049 5048/1/5048 5072/1/5072 
f 5072/1/5072 5048/1/5048 5045/1/5045 
f 5045/1/5045 5068/1/5068 5072/1/5072 
f 5068/1/5068 5067/1/5067 5069/1/5069 
f 5069/1/5069 5072/1/5072 5068/1/5068 
f 5073/1/5073 5053/1/5053 2173/1/2173 
f 2173/1/2173 2191/1/2191 5073/1/5073 
f 2191/1/2191 2193/1/2193 5074/1/5074 
f 5074/1/5074 5073/1/5073 2191/1/2191 
f 5073/1/5073 5074/1/5074 5059/1/5059 
f 5059/1/5059 5058/1/5058 5073/1/5073 
f 5058/1/5058 5054/1/5054 5053/1/5053 
f 5053/1/5053 5073/1/5073 5058/1/5058 
f 5075/1/5075 5076/1/5076 5077/1/5077 
f 5077/1/5077 5078/1/5078 5075/1/5075 
f 5078/1/5078 5063/1/5063 5062/1/5062 
f 5062/1/5062 5075/1/5075 5078/1/5078 
f 5075/1/5075 5062/1/5062 5059/1/5059 
f 5059/1/5059 5074/1/5074 5075/1/5075 
f 5074/1/5074 2193/1/2193 5076/1/5076 
f 5076/1/5076 5075/1/5075 5074/1/5074 
f 5079/1/5079 2201/1/2201 2200/1/2200 
f 2200/1/2200 5080/1/5080 5079/1/5079 
f 5076/1/5076 5079/1/5079 5080/1/5080 
f 5080/1/5080 5077/1/5077 5076/1/5076 
f 5076/1/5076 2193/1/2193 2201/1/2201 
f 2201/1/2201 5079/1/5079 5076/1/5076 
f 5081/1/5081 5082/1/5082 5083/1/5083 
f 5083/1/5083 5084/1/5084 5081/1/5081 
f 5084/1/5084 5067/1/5067 5066/1/5066 
f 5066/1/5066 5081/1/5081 5084/1/5084 
f 5081/1/5081 5066/1/5066 5063/1/5063 
f 5063/1/5063 5078/1/5078 5081/1/5081 
f 5078/1/5078 5077/1/5077 5082/1/5082 
f 5082/1/5082 5081/1/5081 5078/1/5078 
f 5085/1/5085 2209/1/2209 2208/1/2208 
f 2208/1/2208 5086/1/5086 5085/1/5085 
f 5086/1/5086 5083/1/5083 5082/1/5082 
f 5082/1/5082 5085/1/5085 5086/1/5086 
f 5085/1/5085 5082/1/5082 5077/1/5077 
f 5077/1/5077 5080/1/5080 5085/1/5085 
f 5080/1/5080 2200/1/2200 2209/1/2209 
f 2209/1/2209 5085/1/5085 5080/1/5080 
f 5084/1/5084 5083/1/5083 5087/1/5087 
f 5087/1/5087 5088/1/5088 5084/1/5084 
f 5087/1/5087 5089/1/5089 5090/1/5090 
f 5090/1/5090 5088/1/5088 5087/1/5087 
f 5088/1/5088 5090/1/5090 5070/1/5070 
f 5070/1/5070 5069/1/5069 5088/1/5088 
f 5088/1/5088 5069/1/5069 5067/1/5067 
f 5067/1/5067 5084/1/5084 5088/1/5088 
f 2216/1/2216 2215/1/2215 5091/1/5091 
f 5091/1/5091 5092/1/5092 2216/1/2216 
f 5092/1/5092 5091/1/5091 5089/1/5089 
f 5089/1/5089 5087/1/5087 5092/1/5092 
f 5092/1/5092 5087/1/5087 5083/1/5083 
f 5083/1/5083 5086/1/5086 5092/1/5092 
f 5086/1/5086 2208/1/2208 2216/1/2216 
f 2216/1/2216 5092/1/5092 5086/1/5086 
f 5093/1/5093 5091/1/5091 2215/1/2215 
f 2215/1/2215 2219/1/2219 5093/1/5093 
f 2219/1/2219 2223/1/2223 5094/1/5094 
f 5094/1/5094 5093/1/5093 2219/1/2219 
f 5093/1/5093 5094/1/5094 5095/1/5095 
f 5095/1/5095 5096/1/5096 5093/1/5093 
f 5096/1/5096 5089/1/5089 5091/1/5091 
f 5091/1/5091 5093/1/5093 5096/1/5096 
f 5097/1/5097 5096/1/5096 5095/1/5095 
f 5095/1/5095 5098/1/5098 5097/1/5097 
f 5098/1/5098 5099/1/5099 5100/1/5100 
f 5100/1/5100 5097/1/5097 5098/1/5098 
f 5100/1/5100 5070/1/5070 5090/1/5090 
f 5090/1/5090 5097/1/5097 5100/1/5100 
f 5097/1/5097 5090/1/5090 5089/1/5089 
f 5089/1/5089 5096/1/5096 5097/1/5097 
f 5101/1/5101 5094/1/5094 2223/1/2223 
f 2223/1/2223 2229/1/2229 5101/1/5101 
f 2229/1/2229 2231/1/2231 5102/1/5102 
f 5102/1/5102 5101/1/5101 2229/1/2229 
f 5101/1/5101 5102/1/5102 5099/1/5099 
f 5099/1/5099 5098/1/5098 5101/1/5101 
f 5098/1/5098 5095/1/5095 5094/1/5094 
f 5094/1/5094 5101/1/5101 5098/1/5098 
f 5103/1/5103 5100/1/5100 5099/1/5099 
f 5099/1/5099 5104/1/5104 5103/1/5103 
f 5104/1/5104 5105/1/5105 5106/1/5106 
f 5106/1/5106 5103/1/5103 5104/1/5104 
f 5106/1/5106 5049/1/5049 5071/1/5071 
f 5071/1/5071 5103/1/5103 5106/1/5106 
f 5071/1/5071 5070/1/5070 5100/1/5100 
f 5100/1/5100 5103/1/5103 5071/1/5071 
f 5107/1/5107 5050/1/5050 5049/1/5049 
f 5049/1/5049 5106/1/5106 5107/1/5107 
f 5106/1/5106 5105/1/5105 5108/1/5108 
f 5108/1/5108 5107/1/5107 5106/1/5106 
f 5107/1/5107 5108/1/5108 3782/1/3782 
f 3782/1/3782 3886/1/3886 5107/1/5107 
f 3886/1/3886 3885/1/3885 5050/1/5050 
f 5050/1/5050 5107/1/5107 3886/1/3886 
f 5109/1/5109 5102/1/5102 2231/1/2231 
f 2231/1/2231 2239/1/2239 5109/1/5109 
f 2239/1/2239 2241/1/2241 5110/1/5110 
f 5110/1/5110 5109/1/5109 2239/1/2239 
f 5109/1/5109 5110/1/5110 5105/1/5105 
f 5105/1/5105 5104/1/5104 5109/1/5109 
f 5104/1/5104 5099/1/5099 5102/1/5102 
f 5102/1/5102 5109/1/5109 5104/1/5104 
f 5111/1/5111 3777/1/3777 3782/1/3782 
f 3782/1/3782 5108/1/5108 5111/1/5111 
f 5108/1/5108 5105/1/5105 5112/1/5112 
f 5112/1/5112 5111/1/5111 5108/1/5108 
f 5111/1/5111 5112/1/5112 5113/1/5113 
f 5113/1/5113 5114/1/5114 5111/1/5111 
f 5114/1/5114 3667/1/3667 3777/1/3777 
f 3777/1/3777 5111/1/5111 5114/1/5114 
f 5115/1/5115 2249/1/2249 2248/1/2248 
f 2248/1/2248 5116/1/5116 5115/1/5115 
f 5116/1/5116 5113/1/5113 5112/1/5112 
f 5112/1/5112 5115/1/5115 5116/1/5116 
f 5112/1/5112 5105/1/5105 5110/1/5110 
f 5110/1/5110 5115/1/5115 5112/1/5112 
f 2249/1/2249 5115/1/5115 5110/1/5110 
f 5110/1/5110 2241/1/2241 2249/1/2249 
f 5117/1/5117 3661/1/3661 3667/1/3667 
f 3667/1/3667 5114/1/5114 5117/1/5117 
f 5114/1/5114 5113/1/5113 5118/1/5118 
f 5118/1/5118 5117/1/5117 5114/1/5114 
f 5117/1/5117 5118/1/5118 5119/1/5119 
f 5119/1/5119 5120/1/5120 5117/1/5117 
f 5120/1/5120 3662/1/3662 3661/1/3661 
f 3661/1/3661 5117/1/5117 5120/1/5120 
f 5121/1/5121 3669/1/3669 3662/1/3662 
f 3662/1/3662 5120/1/5120 5121/1/5121 
f 5120/1/5120 5119/1/5119 5122/1/5122 
f 5122/1/5122 5121/1/5121 5120/1/5120 
f 5121/1/5121 5122/1/5122 5006/1/5006 
f 5006/1/5006 5005/1/5005 5121/1/5121 
f 5005/1/5005 3657/1/3657 3669/1/3669 
f 3669/1/3669 5121/1/5121 5005/1/5005 
f 5123/1/5123 2259/1/2259 2258/1/2258 
f 2258/1/2258 5124/1/5124 5123/1/5123 
f 5124/1/5124 5119/1/5119 5118/1/5118 
f 5118/1/5118 5123/1/5123 5124/1/5124 
f 5123/1/5123 5118/1/5118 5113/1/5113 
f 5113/1/5113 5116/1/5116 5123/1/5123 
f 5116/1/5116 2248/1/2248 2259/1/2259 
f 2259/1/2259 5123/1/5123 5116/1/5116 
f 2261/1/2261 5125/1/5125 5126/1/5126 
f 5126/1/5126 2263/1/2263 2261/1/2261 
f 2261/1/2261 2102/1/2102 5003/1/5003 
f 5003/1/5003 5125/1/5125 2261/1/2261 
f 5125/1/5125 5003/1/5003 5000/1/5000 
f 5000/1/5000 5007/1/5007 5125/1/5125 
f 5007/1/5007 5006/1/5006 5126/1/5126 
f 5126/1/5126 5125/1/5125 5007/1/5007 
f 5127/1/5127 5122/1/5122 5119/1/5119 
f 5119/1/5119 5124/1/5124 5127/1/5127 
f 5124/1/5124 2258/1/2258 2265/1/2265 
f 2265/1/2265 5127/1/5127 5124/1/5124 
f 5127/1/5127 2265/1/2265 2263/1/2263 
f 2263/1/2263 5126/1/5126 5127/1/5127 
f 5126/1/5126 5006/1/5006 5122/1/5122 
f 5122/1/5122 5127/1/5127 5126/1/5126 
f 5128/1/5128 3688/1/3688 3687/1/3687 
f 3687/1/3687 5129/1/5129 5128/1/5128 
f 5129/1/5129 4378/1/4378 4377/1/4377 
f 5128/1/5128 4377/1/4377 3741/1/3741 
f 3741/1/3741 3740/1/3740 5128/1/5128 
f 3740/1/3740 3681/1/3681 3688/1/3688 
f 3688/1/3688 5128/1/5128 3740/1/3740 
f 5130/1/5130 3710/1/3710 3712/1/3712 
f 3712/1/3712 5131/1/5131 5130/1/5130 
f 5131/1/5131 5132/1/5132 5133/1/5133 
f 5133/1/5133 5130/1/5130 5131/1/5131 
f 5130/1/5130 5133/1/5133 3687/1/3687 
f 3684/1/3684 3686/1/3686 3710/1/3710 
f 5134/1/5134 4506/1/4506 4505/1/4505 
f 4505/1/4505 5135/1/5135 5134/1/5134 
f 5135/1/5135 5136/1/5136 5137/1/5137 
f 5137/1/5137 5134/1/5134 5135/1/5135 
f 5134/1/5134 5137/1/5137 5132/1/5132 
f 5132/1/5132 5131/1/5131 5134/1/5134 
f 5131/1/5131 3712/1/3712 4506/1/4506 
f 4506/1/4506 5134/1/5134 5131/1/5131 
f 5138/1/5138 4518/1/4518 4517/1/4517 
f 4517/1/4517 5139/1/5139 5138/1/5138 
f 5139/1/5139 5140/1/5140 5141/1/5141 
f 5141/1/5141 5138/1/5138 5139/1/5139 
f 5138/1/5138 5141/1/5141 5136/1/5136 
f 5136/1/5136 5135/1/5135 5138/1/5138 
f 5135/1/5135 4505/1/4505 4518/1/4518 
f 4518/1/4518 5138/1/5138 5135/1/5135 
f 5142/1/5142 4522/1/4522 4521/1/4521 
f 4521/1/4521 5143/1/5143 5142/1/5142 
f 5143/1/5143 5144/1/5144 5145/1/5145 
f 5145/1/5145 5142/1/5142 5143/1/5143 
f 5142/1/5142 5145/1/5145 5140/1/5140 
f 5140/1/5140 5139/1/5139 5142/1/5142 
f 5139/1/5139 4517/1/4517 4522/1/4522 
f 4522/1/4522 5142/1/5142 5139/1/5139 
f 5146/1/5146 5147/1/5147 5148/1/5148 
f 5149/1/5149 4383/1/4383 4382/1/4382 
f 5146/1/5146 4382/1/4382 4365/1/4365 
f 4379/1/4379 4378/1/4378 5147/1/5147 
f 5150/1/5150 4386/1/4386 4383/1/4383 
f 4383/1/4383 5149/1/5149 5150/1/5150 
f 5149/1/5149 5148/1/5148 5151/1/5151 
f 5151/1/5151 5150/1/5150 5149/1/5149 
f 5150/1/5150 5151/1/5151 5152/1/5152 
f 5152/1/5152 5153/1/5153 5150/1/5150 
f 5153/1/5153 4387/1/4387 4386/1/4386 
f 4386/1/4386 5150/1/5150 5153/1/5153 
f 5154/1/5154 5133/1/5133 5132/1/5132 
f 5155/1/5155 5156/1/5156 5157/1/5157 
f 5154/1/5154 5157/1/5157 4378/1/4378 
f 5129/1/5129 3687/1/3687 5133/1/5133 
f 5155/1/5155 5132/1/5132 5137/1/5137 
f 5137/1/5137 5158/1/5158 5155/1/5155 
f 5158/1/5158 5137/1/5137 5136/1/5136 
f 5136/1/5136 5159/1/5159 5158/1/5158 
f 5158/1/5158 5159/1/5159 5160/1/5160 
f 5160/1/5160 5161/1/5161 5158/1/5158 
f 5161/1/5161 5156/1/5156 5155/1/5155 
f 5155/1/5155 5158/1/5158 5161/1/5161 
f 5159/1/5159 5136/1/5136 5141/1/5141 
f 5141/1/5141 5162/1/5162 5159/1/5159 
f 5162/1/5162 5141/1/5141 5140/1/5140 
f 5140/1/5140 5163/1/5163 5162/1/5162 
f 5163/1/5163 5164/1/5164 5165/1/5165 
f 5165/1/5165 5162/1/5162 5163/1/5163 
f 5165/1/5165 5160/1/5160 5159/1/5159 
f 5159/1/5159 5162/1/5162 5165/1/5165 
f 5166/1/5166 5145/1/5145 5144/1/5144 
f 5144/1/5144 5167/1/5167 5166/1/5166 
f 5166/1/5166 5167/1/5167 5168/1/5168 
f 5168/1/5168 5169/1/5169 5166/1/5166 
f 5166/1/5166 5169/1/5169 5164/1/5164 
f 5164/1/5164 5163/1/5163 5166/1/5166 
f 5163/1/5163 5140/1/5140 5145/1/5145 
f 5145/1/5145 5166/1/5166 5163/1/5163 
f 5170/1/5170 5171/1/5171 5172/1/5172 
f 5172/1/5172 5173/1/5173 5170/1/5170 
f 5173/1/5173 5174/1/5174 5175/1/5175 
f 5175/1/5175 5170/1/5170 5173/1/5173 
f 5175/1/5175 5164/1/5164 5169/1/5169 
f 5169/1/5169 5170/1/5170 5175/1/5175 
f 5169/1/5169 5168/1/5168 5171/1/5171 
f 5171/1/5171 5170/1/5170 5169/1/5169 
f 5176/1/5176 5175/1/5175 5174/1/5174 
f 5174/1/5174 5177/1/5177 5176/1/5176 
f 5177/1/5177 5178/1/5178 5179/1/5179 
f 5179/1/5179 5176/1/5176 5177/1/5177 
f 5176/1/5176 5179/1/5179 5160/1/5160 
f 5160/1/5160 5165/1/5165 5176/1/5176 
f 5165/1/5165 5164/1/5164 5175/1/5175 
f 5175/1/5175 5176/1/5176 5165/1/5165 
f 5180/1/5180 4391/1/4391 4390/1/4390 
f 4390/1/4390 5181/1/5181 5180/1/5180 
f 5181/1/5181 5182/1/5182 5183/1/5183 
f 5183/1/5183 5180/1/5180 5181/1/5181 
f 5180/1/5180 5183/1/5183 3774/1/3774 
f 3774/1/3774 4372/1/4372 5180/1/5180 
f 4372/1/4372 4371/1/4371 4391/1/4391 
f 4391/1/4391 5180/1/5180 4372/1/4372 
f 5184/1/5184 5153/1/5153 5152/1/5152 
f 5152/1/5152 5185/1/5185 5184/1/5184 
f 5185/1/5185 5182/1/5182 5181/1/5181 
f 5181/1/5181 5184/1/5184 5185/1/5185 
f 5184/1/5184 5181/1/5181 4390/1/4390 
f 4390/1/4390 4389/1/4389 5184/1/5184 
f 4389/1/4389 4387/1/4387 5153/1/5153 
f 5153/1/5153 5184/1/5184 4389/1/4389 
f 5186/1/5186 5183/1/5183 5182/1/5182 
f 5186/1/5186 5187/1/5187 4395/1/4395 
f 3775/1/3775 5186/1/5186 4394/1/4394 
f 4394/1/4394 3776/1/3776 3775/1/3775 
f 3775/1/3775 3774/1/3774 5183/1/5183 
f 5183/1/5183 5186/1/5186 3775/1/3775 
f 5188/1/5188 5151/1/5151 5148/1/5148 
f 5189/1/5189 5190/1/5190 5191/1/5191 
f 5188/1/5188 5191/1/5191 5182/1/5182 
f 5185/1/5185 5152/1/5152 5151/1/5151 
f 5192/1/5192 5157/1/5157 5156/1/5156 
f 5193/1/5193 5190/1/5190 5189/1/5189 
f 5192/1/5192 5189/1/5189 5148/1/5148 
f 5147/1/5147 4378/1/4378 5157/1/5157 
f 5194/1/5194 5179/1/5179 5178/1/5178 
f 5178/1/5178 5195/1/5195 5194/1/5194 
f 5195/1/5195 5190/1/5190 5193/1/5193 
f 5193/1/5193 5194/1/5194 5195/1/5195 
f 5194/1/5194 5193/1/5193 5156/1/5156 
f 5156/1/5156 5161/1/5161 5194/1/5194 
f 5161/1/5161 5160/1/5160 5179/1/5179 
f 5179/1/5179 5194/1/5194 5161/1/5161 
f 5196/1/5196 5191/1/5191 5190/1/5190 
f 5190/1/5190 5197/1/5197 5196/1/5196 
f 5197/1/5197 5198/1/5198 5199/1/5199 
f 5199/1/5199 5196/1/5196 5197/1/5197 
f 5196/1/5196 5199/1/5199 4395/1/4395 
f 5187/1/5187 5182/1/5182 5191/1/5191 
f 5200/1/5200 5201/1/5201 5202/1/5202 
f 5202/1/5202 5203/1/5203 5200/1/5200 
f 5202/1/5202 4431/1/4431 4430/1/4430 
f 4430/1/4430 5203/1/5203 5202/1/5202 
f 5203/1/5203 4430/1/4430 4401/1/4401 
f 4400/1/4400 4397/1/4397 5200/1/5200 
f 5204/1/5204 4396/1/4396 4395/1/4395 
f 5199/1/5199 5198/1/5198 5205/1/5205 
f 5205/1/5205 5204/1/5204 5199/1/5199 
f 5204/1/5204 5205/1/5205 5201/1/5201 
f 5201/1/5201 5200/1/5200 5204/1/5204 
f 5200/1/5200 4397/1/4397 4396/1/4396 
f 5206/1/5206 5202/1/5202 5201/1/5201 
f 5207/1/5207 5208/1/5208 5209/1/5209 
f 5209/1/5209 5206/1/5206 5207/1/5207 
f 5206/1/5206 5209/1/5209 4439/1/4439 
f 4439/1/4439 4438/1/4438 5206/1/5206 
f 4438/1/4438 4431/1/4431 5202/1/5202 
f 5202/1/5202 5206/1/5206 4438/1/4438 
f 5210/1/5210 5209/1/5209 5208/1/5208 
f 5208/1/5208 5211/1/5211 5210/1/5210 
f 5211/1/5211 5212/1/5212 5213/1/5213 
f 5213/1/5213 5210/1/5210 5211/1/5211 
f 4442/1/4442 5210/1/5210 5213/1/5213 
f 5213/1/5213 4435/1/4435 4442/1/4442 
f 4442/1/4442 4439/1/4439 5209/1/5209 
f 5209/1/5209 5210/1/5210 4442/1/4442 
f 5214/1/5214 4436/1/4436 4435/1/4435 
f 4435/1/4435 5213/1/5213 5214/1/5214 
f 5213/1/5213 5212/1/5212 5215/1/5215 
f 5215/1/5215 5214/1/5214 5213/1/5213 
f 5214/1/5214 5215/1/5215 4361/1/4361 
f 4361/1/4361 4414/1/4414 5214/1/5214 
f 4414/1/4414 4413/1/4413 4436/1/4436 
f 4436/1/4436 5214/1/5214 4414/1/4414 
f 4362/1/4362 4361/1/4361 5215/1/5215 
f 5215/1/5215 5216/1/5216 4362/1/4362 
f 5216/1/5216 5215/1/5215 5212/1/5212 
f 5212/1/5212 5217/1/5217 5216/1/5216 
f 5217/1/5217 5218/1/5218 5219/1/5219 
f 5219/1/5219 5216/1/5216 5217/1/5217 
f 5219/1/5219 4357/1/4357 4362/1/4362 
f 4362/1/4362 5216/1/5216 5219/1/5219 
f 5220/1/5220 5221/1/5221 5222/1/5222 
f 5222/1/5222 5223/1/5223 5220/1/5220 
f 5223/1/5223 4353/1/4353 4358/1/4358 
f 4358/1/4358 5220/1/5220 5223/1/5223 
f 5220/1/5220 4358/1/4358 4357/1/4357 
f 4357/1/4357 5219/1/5219 5220/1/5220 
f 5218/1/5218 5221/1/5221 5220/1/5220 
f 5220/1/5220 5219/1/5219 5218/1/5218 
f 5224/1/5224 4354/1/4354 4353/1/4353 
f 4353/1/4353 5223/1/5223 5224/1/5224 
f 5223/1/5223 5222/1/5222 5225/1/5225 
f 5225/1/5225 5224/1/5224 5223/1/5223 
f 5224/1/5224 5225/1/5225 5226/1/5226 
f 5226/1/5226 5227/1/5227 5224/1/5224 
f 5227/1/5227 4350/1/4350 4354/1/4354 
f 4354/1/4354 5224/1/5224 5227/1/5227 
f 5227/1/5227 5226/1/5226 5228/1/5228 
f 5228/1/5228 5229/1/5229 5227/1/5227 
f 5228/1/5228 5230/1/5230 5231/1/5231 
f 5231/1/5231 5229/1/5229 5228/1/5228 
f 5229/1/5229 5231/1/5231 4345/1/4345 
f 4345/1/4345 4347/1/4347 5229/1/5229 
f 5229/1/5229 4347/1/4347 4350/1/4350 
f 4350/1/4350 5227/1/5227 5229/1/5229 
f 5232/1/5232 5231/1/5231 5230/1/5230 
f 5230/1/5230 5233/1/5233 5232/1/5232 
f 5233/1/5233 5234/1/5234 5235/1/5235 
f 5235/1/5235 5232/1/5232 5233/1/5233 
f 5232/1/5232 5235/1/5235 4341/1/4341 
f 4341/1/4341 4346/1/4346 5232/1/5232 
f 4346/1/4346 4345/1/4345 5231/1/5231 
f 5231/1/5231 5232/1/5232 4346/1/4346 
f 5236/1/5236 5235/1/5235 5234/1/5234 
f 5234/1/5234 5237/1/5237 5236/1/5236 
f 5237/1/5237 5238/1/5238 5239/1/5239 
f 5236/1/5236 5239/1/5239 4336/1/4336 
f 4342/1/4342 4341/1/4341 5235/1/5235 
f 5235/1/5235 5236/1/5236 4342/1/4342 
f 5240/1/5240 5241/1/5241 5242/1/5242 
f 5242/1/5242 5243/1/5243 5240/1/5240 
f 5240/1/5240 5243/1/5243 5198/1/5198 
f 5198/1/5198 5197/1/5197 5240/1/5240 
f 5197/1/5197 5190/1/5190 5241/1/5241 
f 5244/1/5244 5245/1/5245 5246/1/5246 
f 5246/1/5246 5247/1/5247 5244/1/5244 
f 5247/1/5247 5242/1/5242 5241/1/5241 
f 5241/1/5241 5244/1/5244 5247/1/5247 
f 5244/1/5244 5241/1/5241 5190/1/5190 
f 5190/1/5190 5195/1/5195 5244/1/5244 
f 5195/1/5195 5178/1/5178 5245/1/5245 
f 5245/1/5245 5244/1/5244 5195/1/5195 
f 5248/1/5248 5249/1/5249 5250/1/5250 
f 5250/1/5250 5251/1/5251 5248/1/5248 
f 5251/1/5251 5246/1/5246 5245/1/5245 
f 5245/1/5245 5248/1/5248 5251/1/5251 
f 5248/1/5248 5245/1/5245 5178/1/5178 
f 5178/1/5178 5177/1/5177 5248/1/5248 
f 5177/1/5177 5174/1/5174 5249/1/5249 
f 5249/1/5249 5248/1/5248 5177/1/5177 
f 5252/1/5252 5253/1/5253 5254/1/5254 
f 5254/1/5254 5255/1/5255 5252/1/5252 
f 5255/1/5255 5250/1/5250 5249/1/5249 
f 5249/1/5249 5252/1/5252 5255/1/5255 
f 5252/1/5252 5249/1/5249 5174/1/5174 
f 5174/1/5174 5173/1/5173 5252/1/5252 
f 5173/1/5173 5172/1/5172 5253/1/5253 
f 5253/1/5253 5252/1/5252 5173/1/5173 
f 5256/1/5256 5257/1/5257 5258/1/5258 
f 5258/1/5258 5201/1/5201 5205/1/5205 
f 5259/1/5259 5205/1/5205 5198/1/5198 
f 5243/1/5243 5242/1/5242 5256/1/5256 
f 5260/1/5260 5258/1/5258 5257/1/5257 
f 5261/1/5261 5262/1/5262 5263/1/5263 
f 5263/1/5263 5260/1/5260 5261/1/5261 
f 5260/1/5260 5263/1/5263 5208/1/5208 
f 5208/1/5208 5207/1/5207 5260/1/5260 
f 5207/1/5207 5201/1/5201 5258/1/5258 
f 5264/1/5264 5263/1/5263 5262/1/5262 
f 5262/1/5262 5265/1/5265 5264/1/5264 
f 5265/1/5265 5266/1/5266 5267/1/5267 
f 5267/1/5267 5264/1/5264 5265/1/5265 
f 5264/1/5264 5267/1/5267 5212/1/5212 
f 5212/1/5212 5211/1/5211 5264/1/5264 
f 5211/1/5211 5208/1/5208 5263/1/5263 
f 5263/1/5263 5264/1/5264 5211/1/5211 
f 5268/1/5268 5267/1/5267 5266/1/5266 
f 5266/1/5266 5269/1/5269 5268/1/5268 
f 5269/1/5269 5270/1/5270 5271/1/5271 
f 5271/1/5271 5268/1/5268 5269/1/5269 
f 5268/1/5268 5271/1/5271 5218/1/5218 
f 5218/1/5218 5217/1/5217 5268/1/5268 
f 5217/1/5217 5212/1/5212 5267/1/5267 
f 5267/1/5267 5268/1/5268 5217/1/5217 
f 5272/1/5272 5271/1/5271 5270/1/5270 
f 5270/1/5270 5273/1/5273 5272/1/5272 
f 5273/1/5273 5274/1/5274 5275/1/5275 
f 5275/1/5275 5272/1/5272 5273/1/5273 
f 5275/1/5275 5222/1/5222 5221/1/5221 
f 5221/1/5221 5272/1/5272 5275/1/5275 
f 5221/1/5221 5218/1/5218 5271/1/5271 
f 5271/1/5271 5272/1/5272 5221/1/5221 
f 5276/1/5276 5277/1/5277 5278/1/5278 
f 5278/1/5278 5279/1/5279 5276/1/5276 
f 5279/1/5279 5226/1/5226 5225/1/5225 
f 5225/1/5225 5276/1/5276 5279/1/5279 
f 5276/1/5276 5225/1/5225 5222/1/5222 
f 5222/1/5222 5275/1/5275 5276/1/5276 
f 5275/1/5275 5274/1/5274 5277/1/5277 
f 5277/1/5277 5276/1/5276 5275/1/5275 
f 5280/1/5280 5281/1/5281 5282/1/5282 
f 5282/1/5282 5283/1/5283 5280/1/5280 
f 5283/1/5283 5230/1/5230 5228/1/5228 
f 5228/1/5228 5280/1/5280 5283/1/5283 
f 5280/1/5280 5228/1/5228 5226/1/5226 
f 5226/1/5226 5279/1/5279 5280/1/5280 
f 5279/1/5279 5278/1/5278 5281/1/5281 
f 5281/1/5281 5280/1/5280 5279/1/5279 
f 5284/1/5284 5285/1/5285 5286/1/5286 
f 5286/1/5286 5287/1/5287 5284/1/5284 
f 5287/1/5287 5234/1/5234 5233/1/5233 
f 5233/1/5233 5284/1/5284 5287/1/5287 
f 5284/1/5284 5233/1/5233 5230/1/5230 
f 5230/1/5230 5283/1/5283 5284/1/5284 
f 5283/1/5283 5282/1/5282 5285/1/5285 
f 5285/1/5285 5284/1/5284 5283/1/5283 
f 5288/1/5288 5289/1/5289 5290/1/5290 
f 5290/1/5290 5291/1/5291 5288/1/5288 
f 5291/1/5291 5238/1/5238 5237/1/5237 
f 5237/1/5237 5288/1/5288 5291/1/5291 
f 5288/1/5288 5237/1/5237 5234/1/5234 
f 5234/1/5234 5287/1/5287 5288/1/5288 
f 5287/1/5287 5286/1/5286 5289/1/5289 
f 5289/1/5289 5288/1/5288 5287/1/5287 
f 5292/1/5292 5293/1/5293 5290/1/5290 
f 5290/1/5290 5289/1/5289 5292/1/5292 
f 5292/1/5292 5289/1/5289 5286/1/5286 
f 5286/1/5286 5294/1/5294 5292/1/5292 
f 5294/1/5294 2431/1/2431 2430/1/2430 
f 2430/1/2430 5292/1/5292 5294/1/5294 
f 2430/1/2430 2435/1/2435 5293/1/5293 
f 5293/1/5293 5292/1/5292 2430/1/2430 
f 5295/1/5295 5296/1/5296 5297/1/5297 
f 5297/1/5297 5298/1/5298 5295/1/5295 
f 5298/1/5298 2441/1/2441 5299/1/5299 
f 5299/1/5299 5295/1/5295 5298/1/5298 
f 5299/1/5299 5282/1/5282 5281/1/5281 
f 5281/1/5281 5295/1/5295 5299/1/5299 
f 5281/1/5281 5278/1/5278 5296/1/5296 
f 5296/1/5296 5295/1/5295 5281/1/5281 
f 5300/1/5300 5285/1/5285 5282/1/5282 
f 5282/1/5282 5299/1/5299 5300/1/5300 
f 5299/1/5299 2441/1/2441 2443/1/2443 
f 2443/1/2443 5300/1/5300 5299/1/5299 
f 5300/1/5300 2443/1/2443 2431/1/2431 
f 2431/1/2431 5294/1/5294 5300/1/5300 
f 5294/1/5294 5286/1/5286 5285/1/5285 
f 5285/1/5285 5300/1/5300 5294/1/5294 
f 5301/1/5301 5302/1/5302 5303/1/5303 
f 5303/1/5303 5304/1/5304 5301/1/5301 
f 5304/1/5304 5297/1/5297 5296/1/5296 
f 5296/1/5296 5301/1/5301 5304/1/5304 
f 5301/1/5301 5296/1/5296 5278/1/5278 
f 5278/1/5278 5277/1/5277 5301/1/5301 
f 5277/1/5277 5274/1/5274 5302/1/5302 
f 5302/1/5302 5301/1/5301 5277/1/5277 
f 5305/1/5305 5298/1/5298 5297/1/5297 
f 5297/1/5297 5304/1/5304 5305/1/5305 
f 5304/1/5304 5303/1/5303 5306/1/5306 
f 5306/1/5306 5305/1/5305 5304/1/5304 
f 5305/1/5305 5306/1/5306 2450/1/2450 
f 2450/1/2450 2449/1/2449 5305/1/5305 
f 2449/1/2449 2441/1/2441 5298/1/5298 
f 5298/1/5298 5305/1/5305 2449/1/2449 
f 5307/1/5307 5308/1/5308 5309/1/5309 
f 5309/1/5309 5310/1/5310 5307/1/5307 
f 5310/1/5310 5303/1/5303 5302/1/5302 
f 5302/1/5302 5307/1/5307 5310/1/5310 
f 5307/1/5307 5302/1/5302 5274/1/5274 
f 5274/1/5274 5273/1/5273 5307/1/5307 
f 5273/1/5273 5270/1/5270 5308/1/5308 
f 5308/1/5308 5307/1/5307 5273/1/5273 
f 2457/1/2457 5311/1/5311 5312/1/5312 
f 5312/1/5312 2459/1/2459 2457/1/2457 
f 2457/1/2457 2450/1/2450 5306/1/5306 
f 5306/1/5306 5311/1/5311 2457/1/2457 
f 5311/1/5311 5306/1/5306 5303/1/5303 
f 5303/1/5303 5310/1/5310 5311/1/5311 
f 5310/1/5310 5309/1/5309 5312/1/5312 
f 5312/1/5312 5311/1/5311 5310/1/5310 
f 5313/1/5313 5314/1/5314 5315/1/5315 
f 5315/1/5315 5316/1/5316 5313/1/5313 
f 5316/1/5316 5309/1/5309 5308/1/5308 
f 5308/1/5308 5313/1/5313 5316/1/5316 
f 5313/1/5313 5308/1/5308 5270/1/5270 
f 5270/1/5270 5269/1/5269 5313/1/5313 
f 5269/1/5269 5266/1/5266 5314/1/5314 
f 5314/1/5314 5313/1/5313 5269/1/5269 
f 5317/1/5317 5316/1/5316 5315/1/5315 
f 5315/1/5315 5318/1/5318 5317/1/5317 
f 5318/1/5318 2467/1/2467 2466/1/2466 
f 2466/1/2466 5317/1/5317 5318/1/5318 
f 5317/1/5317 2466/1/2466 2459/1/2459 
f 2459/1/2459 5312/1/5312 5317/1/5317 
f 5312/1/5312 5309/1/5309 5316/1/5316 
f 5316/1/5316 5317/1/5317 5312/1/5312 
f 5319/1/5319 5320/1/5320 5321/1/5321 
f 5322/1/5322 5315/1/5315 5314/1/5314 
f 5314/1/5314 5319/1/5319 5322/1/5322 
f 5319/1/5319 5314/1/5314 5266/1/5266 
f 5266/1/5266 5265/1/5265 5319/1/5319 
f 5265/1/5265 5262/1/5262 5320/1/5320 
f 5320/1/5320 5319/1/5319 5265/1/5265 
f 5323/1/5323 5322/1/5322 5321/1/5321 
f 5321/1/5321 5324/1/5324 5323/1/5323 
f 5324/1/5324 2475/1/2475 2474/1/2474 
f 2474/1/2474 5323/1/5323 5324/1/5324 
f 5323/1/5323 2474/1/2474 2467/1/2467 
f 2467/1/2467 5318/1/5318 5323/1/5323 
f 5318/1/5318 5315/1/5315 5322/1/5322 
f 5322/1/5322 5323/1/5323 5318/1/5318 
f 5325/1/5325 5326/1/5326 5327/1/5327 
f 5327/1/5327 5328/1/5328 5325/1/5325 
f 5328/1/5328 5321/1/5321 5320/1/5320 
f 5325/1/5325 5320/1/5320 5262/1/5262 
f 5262/1/5262 5261/1/5261 5325/1/5325 
f 5261/1/5261 5257/1/5257 5326/1/5326 
f 5329/1/5329 5328/1/5328 5327/1/5327 
f 5327/1/5327 5330/1/5330 5329/1/5329 
f 5330/1/5330 2482/1/2482 2481/1/2481 
f 2481/1/2481 5329/1/5329 5330/1/5330 
f 5329/1/5329 2481/1/2481 2475/1/2475 
f 2475/1/2475 5324/1/5324 5329/1/5329 
f 5324/1/5324 5321/1/5321 5328/1/5328 
f 5331/1/5331 5332/1/5332 5333/1/5333 
f 5333/1/5333 5334/1/5334 5331/1/5331 
f 5334/1/5334 5327/1/5327 5326/1/5326 
f 5326/1/5326 5331/1/5331 5334/1/5334 
f 5331/1/5331 5326/1/5326 5257/1/5257 
f 5257/1/5257 5256/1/5256 5331/1/5331 
f 5256/1/5256 5242/1/5242 5332/1/5332 
f 5332/1/5332 5331/1/5331 5256/1/5256 
f 5335/1/5335 5330/1/5330 5327/1/5327 
f 5327/1/5327 5334/1/5334 5335/1/5335 
f 5334/1/5334 5333/1/5333 5336/1/5336 
f 5336/1/5336 5335/1/5335 5334/1/5334 
f 5335/1/5335 5336/1/5336 2490/1/2490 
f 2490/1/2490 2489/1/2489 5335/1/5335 
f 2489/1/2489 2482/1/2482 5330/1/5330 
f 5330/1/5330 5335/1/5335 2489/1/2489 
f 5337/1/5337 5332/1/5332 5242/1/5242 
f 5242/1/5242 5247/1/5247 5337/1/5337 
f 5247/1/5247 5246/1/5246 5338/1/5338 
f 5338/1/5338 5337/1/5337 5247/1/5247 
f 5337/1/5337 5338/1/5338 5339/1/5339 
f 5339/1/5339 5340/1/5340 5337/1/5337 
f 5340/1/5340 5333/1/5333 5332/1/5332 
f 5332/1/5332 5337/1/5337 5340/1/5340 
f 5341/1/5341 5336/1/5336 5333/1/5333 
f 5333/1/5333 5340/1/5340 5341/1/5341 
f 5340/1/5340 5339/1/5339 5342/1/5342 
f 5342/1/5342 5341/1/5341 5340/1/5340 
f 5341/1/5341 5342/1/5342 2498/1/2498 
f 2498/1/2498 2497/1/2497 5341/1/5341 
f 2497/1/2497 2490/1/2490 5336/1/5336 
f 5336/1/5336 5341/1/5341 2497/1/2497 
f 5343/1/5343 5338/1/5338 5246/1/5246 
f 5246/1/5246 5251/1/5251 5343/1/5343 
f 5251/1/5251 5250/1/5250 5344/1/5344 
f 5344/1/5344 5343/1/5343 5251/1/5251 
f 5343/1/5343 5344/1/5344 5345/1/5345 
f 5345/1/5345 5346/1/5346 5343/1/5343 
f 5346/1/5346 5339/1/5339 5338/1/5338 
f 5338/1/5338 5343/1/5343 5346/1/5346 
f 5347/1/5347 5342/1/5342 5339/1/5339 
f 5339/1/5339 5346/1/5346 5347/1/5347 
f 5346/1/5346 5345/1/5345 5348/1/5348 
f 5348/1/5348 5347/1/5347 5346/1/5346 
f 5347/1/5347 5348/1/5348 2506/1/2506 
f 2506/1/2506 2505/1/2505 5347/1/5347 
f 2505/1/2505 2498/1/2498 5342/1/5342 
f 5342/1/5342 5347/1/5347 2505/1/2505 
f 5349/1/5349 5344/1/5344 5250/1/5250 
f 5250/1/5250 5255/1/5255 5349/1/5349 
f 5255/1/5255 5254/1/5254 5350/1/5350 
f 5350/1/5350 5349/1/5349 5255/1/5255 
f 5349/1/5349 5350/1/5350 5351/1/5351 
f 5351/1/5351 5352/1/5352 5349/1/5349 
f 5352/1/5352 5345/1/5345 5344/1/5344 
f 5344/1/5344 5349/1/5349 5352/1/5352 
f 5353/1/5353 5348/1/5348 5345/1/5345 
f 5345/1/5345 5352/1/5352 5353/1/5353 
f 5352/1/5352 5351/1/5351 5354/1/5354 
f 5354/1/5354 5353/1/5353 5352/1/5352 
f 5353/1/5353 5354/1/5354 2514/1/2514 
f 2514/1/2514 2513/1/2513 5353/1/5353 
f 2513/1/2513 2506/1/2506 5348/1/5348 
f 5348/1/5348 5353/1/5353 2513/1/2513 
f 5355/1/5355 4095/1/4095 1150/1/1150 
f 1150/1/1150 2517/1/2517 5355/1/5355 
f 2517/1/2517 2521/1/2521 5356/1/5356 
f 5356/1/5356 5355/1/5355 2517/1/2517 
f 5355/1/5355 5356/1/5356 5357/1/5357 
f 5357/1/5357 5358/1/5358 5355/1/5355 
f 5358/1/5358 4096/1/4096 4095/1/4095 
f 4095/1/4095 5355/1/5355 5358/1/5358 
f 5359/1/5359 5360/1/5360 5361/1/5361 
f 5361/1/5361 5362/1/5362 5359/1/5359 
f 5361/1/5361 5363/1/5363 5364/1/5364 
f 5364/1/5364 5362/1/5362 5361/1/5361 
f 5364/1/5364 2528/1/2528 2527/1/2527 
f 2527/1/2527 5362/1/5362 5364/1/5364 
f 5362/1/5362 2527/1/2527 2526/1/2526 
f 2526/1/2526 5359/1/5359 5362/1/5362 
f 5365/1/5365 5366/1/5366 5367/1/5367 
f 5367/1/5367 5368/1/5368 5365/1/5365 
f 5368/1/5368 5369/1/5369 5370/1/5370 
f 5370/1/5370 5365/1/5365 5368/1/5368 
f 5365/1/5365 5370/1/5370 5371/1/5371 
f 5371/1/5371 5372/1/5372 5365/1/5365 
f 5372/1/5372 5373/1/5373 5366/1/5366 
f 5366/1/5366 5365/1/5365 5372/1/5372 
f 5374/1/5374 5364/1/5364 5363/1/5363 
f 5363/1/5363 5375/1/5375 5374/1/5374 
f 5375/1/5375 5357/1/5357 5356/1/5356 
f 5356/1/5356 5374/1/5374 5375/1/5375 
f 5374/1/5374 5356/1/5356 2521/1/2521 
f 2521/1/2521 2541/1/2541 5374/1/5374 
f 2541/1/2541 2528/1/2528 5364/1/5364 
f 5364/1/5364 5374/1/5374 2541/1/2541 
f 5376/1/5376 5377/1/5377 5357/1/5357 
f 5357/1/5357 5375/1/5375 5376/1/5376 
f 5375/1/5375 5363/1/5363 5378/1/5378 
f 5378/1/5378 5376/1/5376 5375/1/5375 
f 5376/1/5376 5378/1/5378 5379/1/5379 
f 5379/1/5379 5380/1/5380 5376/1/5376 
f 5380/1/5380 5381/1/5381 5377/1/5377 
f 5377/1/5377 5376/1/5376 5380/1/5380 
f 5382/1/5382 5378/1/5378 5363/1/5363 
f 5363/1/5363 5361/1/5361 5382/1/5382 
f 5382/1/5382 5361/1/5361 5360/1/5360 
f 5360/1/5360 5383/1/5383 5382/1/5382 
f 5383/1/5383 5384/1/5384 5385/1/5385 
f 5385/1/5385 5382/1/5382 5383/1/5383 
f 5385/1/5385 5379/1/5379 5378/1/5378 
f 5378/1/5378 5382/1/5382 5385/1/5385 
f 5386/1/5386 5387/1/5387 5381/1/5381 
f 5381/1/5381 5380/1/5380 5386/1/5386 
f 5380/1/5380 5379/1/5379 5388/1/5388 
f 5388/1/5388 5386/1/5386 5380/1/5380 
f 5386/1/5386 5388/1/5388 5367/1/5367 
f 5367/1/5367 5366/1/5366 5386/1/5386 
f 5366/1/5366 5373/1/5373 5387/1/5387 
f 5387/1/5387 5386/1/5386 5366/1/5366 
f 5389/1/5389 5390/1/5390 5369/1/5369 
f 5369/1/5369 5368/1/5368 5389/1/5389 
f 5368/1/5368 5367/1/5367 5391/1/5391 
f 5391/1/5391 5389/1/5389 5368/1/5368 
f 5389/1/5389 5391/1/5391 5392/1/5392 
f 5392/1/5392 5393/1/5393 5389/1/5389 
f 5393/1/5393 5394/1/5394 5390/1/5390 
f 5390/1/5390 5389/1/5389 5393/1/5393 
f 5395/1/5395 5392/1/5392 5391/1/5391 
f 5391/1/5391 5396/1/5396 5395/1/5395 
f 5396/1/5396 5391/1/5391 5367/1/5367 
f 5367/1/5367 5388/1/5388 5396/1/5396 
f 5396/1/5396 5388/1/5388 5379/1/5379 
f 5379/1/5379 5385/1/5385 5396/1/5396 
f 5396/1/5396 5385/1/5385 5384/1/5384 
f 5384/1/5384 5395/1/5395 5396/1/5396 
f 5397/1/5397 5398/1/5398 5399/1/5399 
f 5399/1/5399 5400/1/5400 5397/1/5397 
f 5397/1/5397 5400/1/5400 5401/1/5401 
f 5401/1/5401 5402/1/5402 5397/1/5397 
f 5402/1/5402 5144/1/5144 5143/1/5143 
f 5143/1/5143 5397/1/5397 5402/1/5402 
f 5143/1/5143 4521/1/4521 5398/1/5398 
f 5398/1/5398 5397/1/5397 5143/1/5143 
f 5403/1/5403 5372/1/5372 5371/1/5371 
f 5371/1/5371 5404/1/5404 5403/1/5403 
f 5404/1/5404 5405/1/5405 5406/1/5406 
f 5406/1/5406 5403/1/5403 5404/1/5404 
f 5406/1/5406 5407/1/5407 5408/1/5408 
f 5408/1/5408 5403/1/5403 5406/1/5406 
f 5403/1/5403 5408/1/5408 5373/1/5373 
f 5373/1/5373 5372/1/5372 5403/1/5403 
f 5409/1/5409 5410/1/5410 5411/1/5411 
f 5411/1/5411 5412/1/5412 5409/1/5409 
f 5411/1/5411 5413/1/5413 5414/1/5414 
f 5412/1/5412 5414/1/5414 4477/1/4477 
f 4477/1/4477 4476/1/4476 5412/1/5412 
f 4476/1/4476 4465/1/4465 5409/1/5409 
f 5415/1/5415 4464/1/4464 4453/1/4453 
f 4453/1/4453 5416/1/5416 5415/1/5415 
f 5416/1/5416 5417/1/5417 5418/1/5418 
f 5418/1/5418 5415/1/5415 5416/1/5416 
f 5418/1/5418 5410/1/5410 5409/1/5409 
f 5409/1/5409 5415/1/5415 5418/1/5418 
f 5409/1/5409 4465/1/4465 4464/1/4464 
f 4464/1/4464 5415/1/5415 5409/1/5409 
f 5419/1/5419 4452/1/4452 3209/1/3209 
f 3209/1/3209 3218/1/3218 5419/1/5419 
f 3218/1/3218 3217/1/3217 5420/1/5420 
f 5420/1/5420 5419/1/5419 3218/1/3218 
f 5419/1/5419 5420/1/5420 5417/1/5417 
f 5417/1/5417 5416/1/5416 5419/1/5419 
f 5416/1/5416 4453/1/4453 4452/1/4452 
f 4452/1/4452 5419/1/5419 5416/1/5416 
f 5421/1/5421 5420/1/5420 3217/1/3217 
f 3217/1/3217 5422/1/5422 5421/1/5421 
f 5422/1/5422 5423/1/5423 5424/1/5424 
f 5424/1/5424 5421/1/5421 5422/1/5422 
f 5421/1/5421 5424/1/5424 5425/1/5425 
f 5425/1/5425 5426/1/5426 5421/1/5421 
f 5426/1/5426 5417/1/5417 5420/1/5420 
f 5420/1/5420 5421/1/5421 5426/1/5426 
f 5427/1/5427 5418/1/5418 5417/1/5417 
f 5417/1/5417 5426/1/5426 5427/1/5427 
f 5426/1/5426 5425/1/5425 5428/1/5428 
f 5428/1/5428 5427/1/5427 5426/1/5426 
f 5427/1/5427 5428/1/5428 5429/1/5429 
f 5429/1/5429 5430/1/5430 5427/1/5427 
f 5430/1/5430 5410/1/5410 5418/1/5418 
f 5431/1/5431 5430/1/5430 5429/1/5429 
f 5429/1/5429 5432/1/5432 5431/1/5431 
f 5432/1/5432 5433/1/5433 5434/1/5434 
f 5434/1/5434 5431/1/5431 5432/1/5432 
f 5431/1/5431 5434/1/5434 5435/1/5435 
f 5435/1/5435 5436/1/5436 5431/1/5431 
f 5436/1/5436 5410/1/5410 5430/1/5430 
f 5430/1/5430 5431/1/5431 5436/1/5436 
f 5437/1/5437 5438/1/5438 5439/1/5439 
f 5439/1/5439 5440/1/5440 5437/1/5437 
f 5439/1/5439 5405/1/5405 5441/1/5441 
f 5441/1/5441 5440/1/5440 5439/1/5439 
f 5441/1/5441 5435/1/5435 5434/1/5434 
f 5434/1/5434 5440/1/5440 5441/1/5441 
f 5440/1/5440 5434/1/5434 5433/1/5433 
f 5433/1/5433 5437/1/5437 5440/1/5440 
f 5442/1/5442 5443/1/5443 5407/1/5407 
f 5407/1/5407 5406/1/5406 5442/1/5442 
f 5406/1/5406 5405/1/5405 5439/1/5439 
f 5439/1/5439 5442/1/5442 5406/1/5406 
f 5442/1/5442 5439/1/5439 5438/1/5438 
f 5438/1/5438 5444/1/5444 5442/1/5442 
f 5444/1/5444 5445/1/5445 5443/1/5443 
f 5443/1/5443 5442/1/5442 5444/1/5444 
f 5446/1/5446 4023/1/4023 4022/1/4022 
f 4022/1/4022 5447/1/5447 5446/1/5446 
f 5447/1/5447 5445/1/5445 5448/1/5448 
f 5448/1/5448 5446/1/5446 5447/1/5447 
f 5446/1/5446 5448/1/5448 5449/1/5449 
f 5449/1/5449 5450/1/5450 5446/1/5446 
f 5450/1/5450 3981/1/3981 4023/1/4023 
f 4023/1/4023 5446/1/5446 5450/1/5450 
f 5451/1/5451 5452/1/5452 5453/1/5453 
f 5454/1/5454 5449/1/5449 5448/1/5448 
f 5451/1/5451 5448/1/5448 5445/1/5445 
f 5445/1/5445 5444/1/5444 5451/1/5451 
f 5444/1/5444 5438/1/5438 5452/1/5452 
f 5452/1/5452 5451/1/5451 5444/1/5444 
f 5455/1/5455 5456/1/5456 5457/1/5457 
f 5457/1/5457 5458/1/5458 5455/1/5455 
f 5458/1/5458 5399/1/5399 5398/1/5398 
f 5398/1/5398 5455/1/5455 5458/1/5458 
f 5455/1/5455 5398/1/5398 4521/1/4521 
f 4521/1/4521 4520/1/4520 5455/1/5455 
f 4520/1/4520 4513/1/4513 5456/1/5456 
f 5456/1/5456 5455/1/5455 4520/1/4520 
f 5400/1/5400 5399/1/5399 5459/1/5459 
f 5459/1/5459 5460/1/5460 5400/1/5400 
f 5459/1/5459 5461/1/5461 5462/1/5462 
f 5462/1/5462 5460/1/5460 5459/1/5459 
f 5460/1/5460 5462/1/5462 5463/1/5463 
f 5463/1/5463 5464/1/5464 5460/1/5460 
f 5464/1/5464 5401/1/5401 5400/1/5400 
f 5400/1/5400 5460/1/5460 5464/1/5464 
f 5465/1/5465 5390/1/5390 5394/1/5394 
f 5394/1/5394 5466/1/5466 5465/1/5465 
f 5466/1/5466 5463/1/5463 5462/1/5462 
f 5462/1/5462 5465/1/5465 5466/1/5466 
f 5465/1/5465 5462/1/5462 5461/1/5461 
f 5461/1/5461 5467/1/5467 5465/1/5465 
f 5467/1/5467 5369/1/5369 5390/1/5390 
f 5390/1/5390 5465/1/5465 5467/1/5467 
f 5468/1/5468 5469/1/5469 5470/1/5470 
f 5470/1/5470 5471/1/5471 5468/1/5468 
f 5471/1/5471 5461/1/5461 5459/1/5459 
f 5459/1/5459 5468/1/5468 5471/1/5471 
f 5468/1/5468 5459/1/5459 5399/1/5399 
f 5399/1/5399 5458/1/5458 5468/1/5468 
f 5458/1/5458 5457/1/5457 5469/1/5469 
f 5469/1/5469 5468/1/5468 5458/1/5458 
f 5467/1/5467 5461/1/5461 5472/1/5472 
f 5472/1/5472 5473/1/5473 5467/1/5467 
f 5472/1/5472 5474/1/5474 5475/1/5475 
f 5475/1/5475 5473/1/5473 5472/1/5472 
f 5473/1/5473 5475/1/5475 5371/1/5371 
f 5371/1/5371 5370/1/5370 5473/1/5473 
f 5473/1/5473 5370/1/5370 5369/1/5369 
f 5369/1/5369 5467/1/5467 5473/1/5473 
f 5476/1/5476 5436/1/5436 5435/1/5435 
f 5435/1/5435 5477/1/5477 5476/1/5476 
f 5477/1/5477 5474/1/5474 5478/1/5478 
f 5478/1/5478 5476/1/5476 5477/1/5477 
f 5476/1/5476 5478/1/5478 5413/1/5413 
f 5413/1/5413 5411/1/5411 5476/1/5476 
f 5476/1/5476 5411/1/5411 5410/1/5410 
f 5410/1/5410 5436/1/5436 5476/1/5476 
f 5479/1/5479 5441/1/5441 5405/1/5405 
f 5405/1/5405 5404/1/5404 5479/1/5479 
f 5404/1/5404 5371/1/5371 5475/1/5475 
f 5475/1/5475 5479/1/5479 5404/1/5404 
f 5479/1/5479 5475/1/5475 5474/1/5474 
f 5474/1/5474 5477/1/5477 5479/1/5479 
f 5477/1/5477 5435/1/5435 5441/1/5441 
f 5441/1/5441 5479/1/5479 5477/1/5477 
f 5480/1/5480 5414/1/5414 5413/1/5413 
f 5481/1/5481 5482/1/5482 5483/1/5483 
f 5483/1/5483 5480/1/5480 5481/1/5481 
f 5480/1/5480 5483/1/5483 4489/1/4489 
f 4489/1/4489 4488/1/4488 5480/1/5480 
f 4488/1/4488 4477/1/4477 5414/1/5414 
f 5414/1/5414 5480/1/5480 4488/1/4488 
f 5484/1/5484 5483/1/5483 5482/1/5482 
f 5482/1/5482 5485/1/5485 5484/1/5484 
f 5485/1/5485 5486/1/5486 5487/1/5487 
f 5487/1/5487 5484/1/5484 5485/1/5485 
f 5484/1/5484 5487/1/5487 4501/1/4501 
f 4501/1/4501 4500/1/4500 5484/1/5484 
f 4500/1/4500 4489/1/4489 5483/1/5483 
f 5483/1/5483 5484/1/5484 4500/1/4500 
f 5488/1/5488 5487/1/5487 5486/1/5486 
f 5489/1/5489 5457/1/5457 5456/1/5456 
f 5456/1/5456 5488/1/5488 5489/1/5489 
f 5488/1/5488 5456/1/5456 4513/1/4513 
f 4512/1/4512 4501/1/4501 5487/1/5487 
f 5487/1/5487 5488/1/5488 4512/1/4512 
f 5490/1/5490 5491/1/5491 5492/1/5492 
f 5492/1/5492 5493/1/5493 5490/1/5490 
f 5493/1/5493 5492/1/5492 5486/1/5486 
f 5486/1/5486 5485/1/5485 5493/1/5493 
f 5493/1/5493 5485/1/5485 5482/1/5482 
f 5482/1/5482 5490/1/5490 5493/1/5493 
f 5494/1/5494 5469/1/5469 5457/1/5457 
f 5457/1/5457 5489/1/5489 5494/1/5494 
f 5489/1/5489 5486/1/5486 5492/1/5492 
f 5492/1/5492 5494/1/5494 5489/1/5489 
f 5494/1/5494 5492/1/5492 5491/1/5491 
f 5491/1/5491 5495/1/5495 5494/1/5494 
f 5495/1/5495 5470/1/5470 5469/1/5469 
f 5469/1/5469 5494/1/5494 5495/1/5495 
f 5496/1/5496 5471/1/5471 5470/1/5470 
f 5470/1/5470 5495/1/5495 5496/1/5496 
f 5495/1/5495 5491/1/5491 5497/1/5497 
f 5497/1/5497 5496/1/5496 5495/1/5495 
f 5496/1/5496 5497/1/5497 5474/1/5474 
f 5474/1/5474 5472/1/5472 5496/1/5496 
f 5472/1/5472 5461/1/5461 5471/1/5471 
f 5471/1/5471 5496/1/5496 5472/1/5472 
f 5498/1/5498 5497/1/5497 5491/1/5491 
f 5491/1/5491 5490/1/5490 5498/1/5498 
f 5490/1/5490 5482/1/5482 5481/1/5481 
f 5481/1/5481 5498/1/5498 5490/1/5490 
f 5481/1/5481 5413/1/5413 5478/1/5478 
f 5478/1/5478 5498/1/5498 5481/1/5481 
f 5478/1/5478 5474/1/5474 5497/1/5497 
f 5497/1/5497 5498/1/5498 5478/1/5478 
f 5499/1/5499 3312/1/3312 3311/1/3311 
f 3311/1/3311 5500/1/5500 5499/1/5499 
f 5500/1/5500 5501/1/5501 5502/1/5502 
f 5502/1/5502 5499/1/5499 5500/1/5500 
f 5499/1/5499 5502/1/5502 3275/1/3275 
f 3275/1/3275 3274/1/3274 5499/1/5499 
f 3274/1/3274 3271/1/3271 3312/1/3312 
f 3312/1/3312 5499/1/5499 3274/1/3274 
f 5503/1/5503 3352/1/3352 3351/1/3351 
f 3351/1/3351 5504/1/5504 5503/1/5503 
f 5504/1/5504 5505/1/5505 5506/1/5506 
f 5506/1/5506 5503/1/5503 5504/1/5504 
f 5503/1/5503 5506/1/5506 5501/1/5501 
f 5501/1/5501 5500/1/5500 5503/1/5503 
f 5500/1/5500 3311/1/3311 3352/1/3352 
f 3352/1/3352 5503/1/5503 5500/1/5500 
f 5507/1/5507 5508/1/5508 5509/1/5509 
f 5509/1/5509 5510/1/5510 5507/1/5507 
f 5510/1/5510 5505/1/5505 5504/1/5504 
f 5504/1/5504 5507/1/5507 5510/1/5510 
f 5507/1/5507 5504/1/5504 3351/1/3351 
f 3351/1/3351 3979/1/3979 5507/1/5507 
f 3979/1/3979 3978/1/3978 5508/1/5508 
f 5508/1/5508 5507/1/5507 3979/1/3979 
f 5511/1/5511 5512/1/5512 5513/1/5513 
f 5513/1/5513 5514/1/5514 5511/1/5511 
f 5514/1/5514 5509/1/5509 5508/1/5508 
f 5508/1/5508 5511/1/5511 5514/1/5514 
f 5511/1/5511 5508/1/5508 3978/1/3978 
f 3978/1/3978 3985/1/3985 5511/1/5511 
f 3985/1/3985 3984/1/3984 5512/1/5512 
f 5512/1/5512 5511/1/5511 3985/1/3985 
f 5515/1/5515 5516/1/5516 5517/1/5517 
f 5518/1/5518 5517/1/5517 5453/1/5453 
f 5518/1/5518 5452/1/5452 5438/1/5438 
f 5437/1/5437 5433/1/5433 5515/1/5515 
f 5519/1/5519 5520/1/5520 5521/1/5521 
f 5521/1/5521 5522/1/5522 5519/1/5519 
f 5522/1/5522 5516/1/5516 5515/1/5515 
f 5519/1/5519 5515/1/5515 5433/1/5433 
f 5432/1/5432 5429/1/5429 5520/1/5520 
f 5520/1/5520 5519/1/5519 5432/1/5432 
f 5523/1/5523 5524/1/5524 5525/1/5525 
f 5525/1/5525 5526/1/5526 5523/1/5523 
f 5526/1/5526 3984/1/3984 3982/1/3982 
f 3982/1/3982 5523/1/5523 5526/1/5526 
f 5523/1/5523 3982/1/3982 3981/1/3981 
f 3981/1/3981 5450/1/5450 5523/1/5523 
f 5450/1/5450 5449/1/5449 5524/1/5524 
f 5524/1/5524 5523/1/5523 5450/1/5450 
f 5527/1/5527 5517/1/5517 5516/1/5516 
f 5516/1/5516 5528/1/5528 5527/1/5527 
f 5528/1/5528 5525/1/5525 5524/1/5524 
f 5524/1/5524 5527/1/5527 5528/1/5528 
f 5527/1/5527 5524/1/5524 5449/1/5449 
f 5449/1/5449 5454/1/5454 5527/1/5527 
f 5454/1/5454 5453/1/5453 5517/1/5517 
f 5517/1/5517 5527/1/5527 5454/1/5454 
f 5529/1/5529 5530/1/5530 5531/1/5531 
f 5531/1/5531 5532/1/5532 5529/1/5529 
f 5532/1/5532 5513/1/5513 5512/1/5512 
f 5512/1/5512 5529/1/5529 5532/1/5532 
f 5529/1/5529 5512/1/5512 3984/1/3984 
f 3984/1/3984 5526/1/5526 5529/1/5529 
f 5526/1/5526 5525/1/5525 5530/1/5530 
f 5530/1/5530 5529/1/5529 5526/1/5526 
f 5533/1/5533 5428/1/5428 5425/1/5425 
f 5425/1/5425 5534/1/5534 5533/1/5533 
f 5534/1/5534 5535/1/5535 5536/1/5536 
f 5536/1/5536 5533/1/5533 5534/1/5534 
f 5533/1/5533 5536/1/5536 5521/1/5521 
f 5521/1/5521 5520/1/5520 5533/1/5533 
f 5520/1/5520 5429/1/5429 5428/1/5428 
f 5428/1/5428 5533/1/5533 5520/1/5520 
f 5537/1/5537 5522/1/5522 5521/1/5521 
f 5521/1/5521 5538/1/5538 5537/1/5537 
f 5538/1/5538 5539/1/5539 5540/1/5540 
f 5540/1/5540 5537/1/5537 5538/1/5538 
f 5537/1/5537 5540/1/5540 5525/1/5525 
f 5525/1/5525 5528/1/5528 5537/1/5537 
f 5528/1/5528 5516/1/5516 5522/1/5522 
f 5541/1/5541 5540/1/5540 5539/1/5539 
f 5539/1/5539 5542/1/5542 5541/1/5541 
f 5541/1/5541 5542/1/5542 5543/1/5543 
f 5543/1/5543 5544/1/5544 5541/1/5541 
f 5544/1/5544 5531/1/5531 5530/1/5530 
f 5530/1/5530 5541/1/5541 5544/1/5544 
f 5530/1/5530 5525/1/5525 5540/1/5540 
f 5540/1/5540 5541/1/5541 5530/1/5530 
f 5534/1/5534 5425/1/5425 5424/1/5424 
f 5424/1/5424 5545/1/5545 5534/1/5534 
f 5424/1/5424 5423/1/5423 5546/1/5546 
f 5546/1/5546 5545/1/5545 5424/1/5424 
f 5545/1/5545 5546/1/5546 5535/1/5535 
f 5535/1/5535 5534/1/5534 5545/1/5545 
f 5538/1/5538 5521/1/5521 5536/1/5536 
f 5536/1/5536 5547/1/5547 5538/1/5538 
f 5547/1/5547 5536/1/5536 5535/1/5535 
f 5535/1/5535 5548/1/5548 5547/1/5547 
f 5548/1/5548 5549/1/5549 5550/1/5550 
f 5550/1/5550 5547/1/5547 5548/1/5548 
f 5547/1/5547 5550/1/5550 5539/1/5539 
f 5539/1/5539 5538/1/5538 5547/1/5547 
f 5551/1/5551 5543/1/5543 5542/1/5542 
f 5542/1/5542 5552/1/5552 5551/1/5551 
f 5542/1/5542 5539/1/5539 5550/1/5550 
f 5550/1/5550 5552/1/5552 5542/1/5542 
f 5552/1/5552 5550/1/5550 5549/1/5549 
f 5549/1/5549 5553/1/5553 5552/1/5552 
f 5553/1/5553 5554/1/5554 5551/1/5551 
f 5551/1/5551 5552/1/5552 5553/1/5553 
f 5555/1/5555 5556/1/5556 5557/1/5557 
f 5557/1/5557 5558/1/5558 5555/1/5555 
f 5558/1/5558 3215/1/3215 3276/1/3276 
f 3276/1/3276 5555/1/5555 5558/1/5558 
f 5555/1/5555 3276/1/3276 3275/1/3275 
f 3275/1/3275 5559/1/5559 5555/1/5555 
f 5559/1/5559 5560/1/5560 5556/1/5556 
f 5556/1/5556 5555/1/5555 5559/1/5559 
f 5561/1/5561 3216/1/3216 3215/1/3215 
f 3215/1/3215 5558/1/5558 5561/1/5561 
f 5558/1/5558 5557/1/5557 5562/1/5562 
f 5562/1/5562 5561/1/5561 5558/1/5558 
f 5561/1/5561 5562/1/5562 5423/1/5423 
f 5423/1/5423 5422/1/5422 5561/1/5561 
f 5422/1/5422 3217/1/3217 3216/1/3216 
f 3216/1/3216 5561/1/5561 5422/1/5422 
f 5563/1/5563 5546/1/5546 5423/1/5423 
f 5423/1/5423 5564/1/5564 5563/1/5563 
f 5564/1/5564 5565/1/5565 5566/1/5566 
f 5566/1/5566 5563/1/5563 5564/1/5564 
f 5563/1/5563 5566/1/5566 5549/1/5549 
f 5549/1/5549 5548/1/5548 5563/1/5563 
f 5548/1/5548 5535/1/5535 5546/1/5546 
f 5546/1/5546 5563/1/5563 5548/1/5548 
f 5567/1/5567 5566/1/5566 5565/1/5565 
f 5565/1/5565 5568/1/5568 5567/1/5567 
f 5568/1/5568 5569/1/5569 5570/1/5570 
f 5570/1/5570 5567/1/5567 5568/1/5568 
f 5567/1/5567 5570/1/5570 5554/1/5554 
f 5554/1/5554 5553/1/5553 5567/1/5567 
f 5553/1/5553 5549/1/5549 5566/1/5566 
f 5566/1/5566 5567/1/5567 5553/1/5553 
f 5571/1/5571 5502/1/5502 5501/1/5501 
f 5501/1/5501 5572/1/5572 5571/1/5571 
f 5572/1/5572 5573/1/5573 5574/1/5574 
f 5574/1/5574 5571/1/5571 5572/1/5572 
f 5571/1/5571 5574/1/5574 5560/1/5560 
f 5560/1/5560 5559/1/5559 5571/1/5571 
f 5559/1/5559 3275/1/3275 5502/1/5502 
f 5502/1/5502 5571/1/5571 5559/1/5559 
f 5575/1/5575 5562/1/5562 5557/1/5557 
f 5557/1/5557 5576/1/5576 5575/1/5575 
f 5576/1/5576 5577/1/5577 5578/1/5578 
f 5578/1/5578 5575/1/5575 5576/1/5576 
f 5575/1/5575 5578/1/5578 5565/1/5565 
f 5565/1/5565 5564/1/5564 5575/1/5575 
f 5564/1/5564 5423/1/5423 5562/1/5562 
f 5562/1/5562 5575/1/5575 5564/1/5564 
f 5579/1/5579 5556/1/5556 5560/1/5560 
f 5560/1/5560 5574/1/5574 5579/1/5579 
f 5574/1/5574 5573/1/5573 5580/1/5580 
f 5580/1/5580 5579/1/5579 5574/1/5574 
f 5579/1/5579 5580/1/5580 5577/1/5577 
f 5577/1/5577 5576/1/5576 5579/1/5579 
f 5576/1/5576 5557/1/5557 5556/1/5556 
f 5556/1/5556 5579/1/5579 5576/1/5576 
f 5581/1/5581 5578/1/5578 5577/1/5577 
f 5577/1/5577 5582/1/5582 5581/1/5581 
f 5582/1/5582 5583/1/5583 5584/1/5584 
f 5584/1/5584 5581/1/5581 5582/1/5582 
f 5581/1/5581 5584/1/5584 5569/1/5569 
f 5569/1/5569 5568/1/5568 5581/1/5581 
f 5568/1/5568 5565/1/5565 5578/1/5578 
f 5578/1/5578 5581/1/5581 5568/1/5568 
f 5585/1/5585 5580/1/5580 5573/1/5573 
f 5573/1/5573 5586/1/5586 5585/1/5585 
f 5586/1/5586 5587/1/5587 5588/1/5588 
f 5588/1/5588 5585/1/5585 5586/1/5586 
f 5585/1/5585 5588/1/5588 5583/1/5583 
f 5583/1/5583 5582/1/5582 5585/1/5585 
f 5582/1/5582 5577/1/5577 5580/1/5580 
f 5580/1/5580 5585/1/5585 5582/1/5582 
f 5589/1/5589 5506/1/5506 5505/1/5505 
f 5505/1/5505 5590/1/5590 5589/1/5589 
f 5590/1/5590 5591/1/5591 5592/1/5592 
f 5592/1/5592 5589/1/5589 5590/1/5590 
f 5589/1/5589 5592/1/5592 5573/1/5573 
f 5573/1/5573 5572/1/5572 5589/1/5589 
f 5572/1/5572 5501/1/5501 5506/1/5506 
f 5506/1/5506 5589/1/5589 5572/1/5572 
f 5590/1/5590 5505/1/5505 5510/1/5510 
f 5510/1/5510 5593/1/5593 5590/1/5590 
f 5510/1/5510 5509/1/5509 5594/1/5594 
f 5594/1/5594 5593/1/5593 5510/1/5510 
f 5593/1/5593 5594/1/5594 5595/1/5595 
f 5595/1/5595 5596/1/5596 5593/1/5593 
f 5593/1/5593 5596/1/5596 5591/1/5591 
f 5591/1/5591 5590/1/5590 5593/1/5593 
f 5597/1/5597 5592/1/5592 5591/1/5591 
f 5591/1/5591 5598/1/5598 5597/1/5597 
f 5598/1/5598 5599/1/5599 5600/1/5600 
f 5600/1/5600 5597/1/5597 5598/1/5598 
f 5597/1/5597 5600/1/5600 5587/1/5587 
f 5587/1/5587 5586/1/5586 5597/1/5597 
f 5586/1/5586 5573/1/5573 5592/1/5592 
f 5592/1/5592 5597/1/5597 5586/1/5586 
f 5601/1/5601 5594/1/5594 5509/1/5509 
f 5509/1/5509 5514/1/5514 5601/1/5601 
f 5514/1/5514 5513/1/5513 5602/1/5602 
f 5602/1/5602 5601/1/5601 5514/1/5514 
f 5601/1/5601 5602/1/5602 5603/1/5603 
f 5603/1/5603 5604/1/5604 5601/1/5601 
f 5604/1/5604 5595/1/5595 5594/1/5594 
f 5594/1/5594 5601/1/5601 5604/1/5604 
f 5605/1/5605 5606/1/5606 5599/1/5599 
f 5599/1/5599 5598/1/5598 5605/1/5605 
f 5598/1/5598 5591/1/5591 5596/1/5596 
f 5596/1/5596 5605/1/5605 5598/1/5598 
f 5596/1/5596 5595/1/5595 5607/1/5607 
f 5607/1/5607 5605/1/5605 5596/1/5596 
f 5605/1/5605 5607/1/5607 5608/1/5608 
f 5608/1/5608 5606/1/5606 5605/1/5605 
f 5609/1/5609 5602/1/5602 5513/1/5513 
f 5513/1/5513 5532/1/5532 5609/1/5609 
f 5532/1/5532 5531/1/5531 5610/1/5610 
f 5610/1/5610 5609/1/5609 5532/1/5532 
f 5609/1/5609 5610/1/5610 5611/1/5611 
f 5611/1/5611 5612/1/5612 5609/1/5609 
f 5612/1/5612 5603/1/5603 5602/1/5602 
f 5602/1/5602 5609/1/5609 5612/1/5612 
f 5613/1/5613 5614/1/5614 5615/1/5615 
f 5615/1/5615 5616/1/5616 5613/1/5613 
f 5616/1/5616 5608/1/5608 5607/1/5607 
f 5607/1/5607 5613/1/5613 5616/1/5616 
f 5613/1/5613 5607/1/5607 5595/1/5595 
f 5595/1/5595 5604/1/5604 5613/1/5613 
f 5604/1/5604 5603/1/5603 5614/1/5614 
f 5614/1/5614 5613/1/5613 5604/1/5604 
f 5617/1/5617 5618/1/5618 5619/1/5619 
f 5619/1/5619 5620/1/5620 5617/1/5617 
f 5620/1/5620 5611/1/5611 5610/1/5610 
f 5610/1/5610 5617/1/5617 5620/1/5620 
f 5617/1/5617 5610/1/5610 5531/1/5531 
f 5531/1/5531 5544/1/5544 5617/1/5617 
f 5544/1/5544 5543/1/5543 5618/1/5618 
f 5618/1/5618 5617/1/5617 5544/1/5544 
f 5621/1/5621 5622/1/5622 5623/1/5623 
f 5623/1/5623 5624/1/5624 5621/1/5621 
f 5624/1/5624 5619/1/5619 5618/1/5618 
f 5618/1/5618 5621/1/5621 5624/1/5624 
f 5621/1/5621 5618/1/5618 5543/1/5543 
f 5543/1/5543 5551/1/5551 5621/1/5621 
f 5621/1/5621 5551/1/5551 5554/1/5554 
f 5554/1/5554 5622/1/5622 5621/1/5621 
f 5625/1/5625 5626/1/5626 5627/1/5627 
f 5627/1/5627 5628/1/5628 5625/1/5625 
f 5628/1/5628 5615/1/5615 5614/1/5614 
f 5614/1/5614 5625/1/5625 5628/1/5628 
f 5625/1/5625 5614/1/5614 5603/1/5603 
f 5603/1/5603 5612/1/5612 5625/1/5625 
f 5612/1/5612 5611/1/5611 5626/1/5626 
f 5626/1/5626 5625/1/5625 5612/1/5612 
f 5629/1/5629 5570/1/5570 5569/1/5569 
f 5569/1/5569 5630/1/5630 5629/1/5629 
f 5630/1/5630 5631/1/5631 5632/1/5632 
f 5632/1/5632 5629/1/5629 5630/1/5630 
f 5629/1/5629 5632/1/5632 5623/1/5623 
f 5623/1/5623 5622/1/5622 5629/1/5629 
f 5622/1/5622 5554/1/5554 5570/1/5570 
f 5570/1/5570 5629/1/5629 5622/1/5622 
f 5633/1/5633 5634/1/5634 5635/1/5635 
f 5636/1/5636 5627/1/5627 5626/1/5626 
f 5626/1/5626 5633/1/5633 5636/1/5636 
f 5633/1/5633 5626/1/5626 5611/1/5611 
f 5611/1/5611 5620/1/5620 5633/1/5633 
f 5620/1/5620 5619/1/5619 5634/1/5634 
f 5634/1/5634 5633/1/5633 5620/1/5620 
f 5637/1/5637 5632/1/5632 5631/1/5631 
f 5631/1/5631 5638/1/5638 5637/1/5637 
f 5638/1/5638 5635/1/5635 5634/1/5634 
f 5634/1/5634 5637/1/5637 5638/1/5638 
f 5637/1/5637 5634/1/5634 5619/1/5619 
f 5619/1/5619 5624/1/5624 5637/1/5637 
f 5624/1/5624 5623/1/5623 5632/1/5632 
f 5632/1/5632 5637/1/5637 5624/1/5624 
f 5639/1/5639 5584/1/5584 5583/1/5583 
f 5583/1/5583 5640/1/5640 5639/1/5639 
f 5640/1/5640 5641/1/5641 5642/1/5642 
f 5642/1/5642 5639/1/5639 5640/1/5640 
f 5639/1/5639 5642/1/5642 5631/1/5631 
f 5631/1/5631 5630/1/5630 5639/1/5639 
f 5630/1/5630 5569/1/5569 5584/1/5584 
f 5584/1/5584 5639/1/5639 5630/1/5630 
f 5643/1/5643 5588/1/5588 5587/1/5587 
f 5587/1/5587 5644/1/5644 5643/1/5643 
f 5644/1/5644 5645/1/5645 5646/1/5646 
f 5646/1/5646 5643/1/5643 5644/1/5644 
f 5643/1/5643 5646/1/5646 5641/1/5641 
f 5641/1/5641 5640/1/5640 5643/1/5643 
f 5640/1/5640 5583/1/5583 5588/1/5588 
f 5588/1/5588 5643/1/5643 5640/1/5640 
f 5647/1/5647 5642/1/5642 5641/1/5641 
f 5641/1/5641 5648/1/5648 5647/1/5647 
f 5648/1/5648 5635/1/5635 5638/1/5638 
f 5638/1/5638 5647/1/5647 5648/1/5648 
f 5638/1/5638 5631/1/5631 5642/1/5642 
f 5642/1/5642 5647/1/5647 5638/1/5638 
f 5649/1/5649 5646/1/5646 5645/1/5645 
f 5645/1/5645 5650/1/5650 5649/1/5649 
f 5650/1/5650 5651/1/5651 5652/1/5652 
f 5652/1/5652 5649/1/5649 5650/1/5650 
f 5649/1/5649 5652/1/5652 5635/1/5635 
f 5635/1/5635 5648/1/5648 5649/1/5649 
f 5648/1/5648 5641/1/5641 5646/1/5646 
f 5646/1/5646 5649/1/5649 5648/1/5648 
f 5636/1/5636 5635/1/5635 5652/1/5652 
f 5652/1/5652 5653/1/5653 5636/1/5636 
f 5653/1/5653 5652/1/5652 5651/1/5651 
f 5651/1/5651 5654/1/5654 5653/1/5653 
f 5653/1/5653 5654/1/5654 5655/1/5655 
f 5655/1/5655 5656/1/5656 5653/1/5653 
f 5656/1/5656 5627/1/5627 5636/1/5636 
f 5636/1/5636 5653/1/5653 5656/1/5656 
f 5654/1/5654 5651/1/5651 5657/1/5657 
f 5657/1/5657 5658/1/5658 5654/1/5654 
f 5658/1/5658 5657/1/5657 5659/1/5659 
f 5659/1/5659 5660/1/5660 5658/1/5658 
f 5658/1/5658 5660/1/5660 5661/1/5661 
f 5661/1/5661 5662/1/5662 5658/1/5658 
f 5662/1/5662 5655/1/5655 5654/1/5654 
f 5654/1/5654 5658/1/5658 5662/1/5662 
f 5663/1/5663 5628/1/5628 5627/1/5627 
f 5627/1/5627 5656/1/5656 5663/1/5663 
f 5656/1/5656 5655/1/5655 5664/1/5664 
f 5664/1/5664 5663/1/5663 5656/1/5656 
f 5664/1/5664 5665/1/5665 5666/1/5666 
f 5666/1/5666 5663/1/5663 5664/1/5664 
f 5663/1/5663 5666/1/5666 5615/1/5615 
f 5615/1/5615 5628/1/5628 5663/1/5663 
f 5667/1/5667 5666/1/5666 5665/1/5665 
f 5665/1/5665 5668/1/5668 5667/1/5667 
f 5668/1/5668 5669/1/5669 5670/1/5670 
f 5670/1/5670 5667/1/5667 5668/1/5668 
f 5667/1/5667 5670/1/5670 5608/1/5608 
f 5608/1/5608 5616/1/5616 5667/1/5667 
f 5616/1/5616 5615/1/5615 5666/1/5666 
f 5666/1/5666 5667/1/5667 5616/1/5616 
f 5671/1/5671 5672/1/5672 5673/1/5673 
f 5671/1/5671 5674/1/5674 5659/1/5659 
f 5671/1/5671 5657/1/5657 5651/1/5651 
f 5651/1/5651 5650/1/5650 5671/1/5671 
f 5650/1/5650 5645/1/5645 5672/1/5672 
f 5672/1/5672 5671/1/5671 5650/1/5650 
f 5675/1/5675 5600/1/5600 5599/1/5599 
f 5599/1/5599 5676/1/5676 5675/1/5675 
f 5676/1/5676 5673/1/5673 5672/1/5672 
f 5672/1/5672 5675/1/5675 5676/1/5676 
f 5675/1/5675 5672/1/5672 5645/1/5645 
f 5645/1/5645 5644/1/5644 5675/1/5675 
f 5644/1/5644 5587/1/5587 5600/1/5600 
f 5600/1/5600 5675/1/5675 5644/1/5644 
f 5677/1/5677 5670/1/5670 5669/1/5669 
f 5669/1/5669 5678/1/5678 5677/1/5677 
f 5677/1/5677 5678/1/5678 5673/1/5673 
f 5673/1/5673 5676/1/5676 5677/1/5677 
f 5676/1/5676 5599/1/5599 5606/1/5606 
f 5606/1/5606 5677/1/5677 5676/1/5676 
f 5606/1/5606 5608/1/5608 5670/1/5670 
f 5670/1/5670 5677/1/5677 5606/1/5606 
f 5679/1/5679 5680/1/5680 5681/1/5681 
f 5682/1/5682 5673/1/5673 5678/1/5678 
f 5679/1/5679 5678/1/5678 5669/1/5669 
f 5669/1/5669 5668/1/5668 5679/1/5679 
f 5668/1/5668 5665/1/5665 5680/1/5680 
f 5680/1/5680 5679/1/5679 5668/1/5668 
f 5683/1/5683 5660/1/5660 5659/1/5659 
f 5659/1/5659 5674/1/5674 5683/1/5683 
f 5674/1/5674 5673/1/5673 5682/1/5682 
f 5682/1/5682 5683/1/5683 5674/1/5674 
f 5683/1/5683 5682/1/5682 5681/1/5681 
f 5684/1/5684 5661/1/5661 5660/1/5660 
f 5660/1/5660 5683/1/5683 5684/1/5684 
f 5685/1/5685 5662/1/5662 5661/1/5661 
f 5661/1/5661 5684/1/5684 5685/1/5685 
f 5680/1/5680 5685/1/5685 5684/1/5684 
f 5684/1/5684 5681/1/5681 5680/1/5680 
f 5685/1/5685 5680/1/5680 5665/1/5665 
f 5665/1/5665 5664/1/5664 5685/1/5685 
f 5664/1/5664 5655/1/5655 5662/1/5662 
f 5662/1/5662 5685/1/5685 5664/1/5664 
f 5686/1/5686 5687/1/5687 5688/1/5688 
f 5689/1/5689 4040/1/4040 4039/1/4039 
f 4039/1/4039 5686/1/5686 5689/1/5689 
f 5686/1/5686 4039/1/4039 4036/1/4036 
f 4036/1/4036 4054/1/4054 5686/1/5686 
f 4054/1/4054 4053/1/4053 5687/1/5687 
f 5687/1/5687 5686/1/5686 4054/1/4054 
f 4119/1/4119 5690/1/5690 5691/1/5691 
f 5691/1/5691 4120/1/4120 4119/1/4119 
f 5690/1/5690 5688/1/5688 5687/1/5687 
f 5687/1/5687 5691/1/5691 5690/1/5690 
f 5687/1/5687 4053/1/4053 4114/1/4114 
f 4114/1/4114 5691/1/5691 5687/1/5687 
f 5691/1/5691 4114/1/4114 4113/1/4113 
f 4113/1/4113 4120/1/4120 5691/1/5691 
f 4124/1/4124 4123/1/4123 5692/1/5692 
f 5692/1/5692 5693/1/5693 4124/1/4124 
f 5692/1/5692 5694/1/5694 5695/1/5695 
f 5695/1/5695 5693/1/5693 5692/1/5692 
f 5688/1/5688 5690/1/5690 5693/1/5693 
f 5690/1/5690 4119/1/4119 4124/1/4124 
f 4124/1/4124 5693/1/5693 5690/1/5690 
f 5696/1/5696 4005/1/4005 4002/1/4002 
f 4002/1/4002 4041/1/4041 5696/1/5696 
f 4041/1/4041 4040/1/4040 5697/1/5697 
f 5697/1/5697 5696/1/5696 4041/1/4041 
f 5696/1/5696 5697/1/5697 5698/1/5698 
f 5698/1/5698 5699/1/5699 5696/1/5696 
f 5699/1/5699 4006/1/4006 4005/1/4005 
f 4005/1/4005 5696/1/5696 5699/1/5699 
f 5700/1/5700 5697/1/5697 4040/1/4040 
f 4040/1/4040 5689/1/5689 5700/1/5700 
f 5689/1/5689 5688/1/5688 5701/1/5701 
f 5701/1/5701 5700/1/5700 5689/1/5689 
f 5700/1/5700 5701/1/5701 5702/1/5702 
f 5702/1/5702 5703/1/5703 5700/1/5700 
f 5703/1/5703 5698/1/5698 5697/1/5697 
f 5697/1/5697 5700/1/5700 5703/1/5703 
f 5704/1/5704 5695/1/5695 5694/1/5694 
f 5694/1/5694 5705/1/5705 5704/1/5704 
f 5705/1/5705 5702/1/5702 5701/1/5701 
f 5701/1/5701 5704/1/5704 5705/1/5705 
f 5704/1/5704 5701/1/5701 5688/1/5688 
f 5706/1/5706 4009/1/4009 4006/1/4006 
f 4006/1/4006 5699/1/5699 5706/1/5706 
f 5699/1/5699 5698/1/5698 5707/1/5707 
f 5707/1/5707 5706/1/5706 5699/1/5699 
f 5706/1/5706 5707/1/5707 5708/1/5708 
f 5708/1/5708 5709/1/5709 5706/1/5706 
f 5709/1/5709 4010/1/4010 4009/1/4009 
f 4009/1/4009 5706/1/5706 5709/1/5709 
f 5710/1/5710 5692/1/5692 4123/1/4123 
f 4123/1/4123 4128/1/4128 5710/1/5710 
f 4128/1/4128 4127/1/4127 5711/1/5711 
f 5711/1/5711 5710/1/5710 4128/1/4128 
f 5710/1/5710 5711/1/5711 5712/1/5712 
f 5712/1/5712 5713/1/5713 5710/1/5710 
f 5694/1/5694 5692/1/5692 5710/1/5710 
f 5710/1/5710 5713/1/5713 5694/1/5694 
f 5714/1/5714 5707/1/5707 5698/1/5698 
f 5698/1/5698 5703/1/5703 5714/1/5714 
f 5703/1/5703 5702/1/5702 5715/1/5715 
f 5715/1/5715 5714/1/5714 5703/1/5703 
f 5714/1/5714 5715/1/5715 5716/1/5716 
f 5716/1/5716 5717/1/5717 5714/1/5714 
f 5717/1/5717 5708/1/5708 5707/1/5707 
f 5718/1/5718 5713/1/5713 5712/1/5712 
f 5712/1/5712 5719/1/5719 5718/1/5718 
f 5719/1/5719 5716/1/5716 5715/1/5715 
f 5715/1/5715 5718/1/5718 5719/1/5719 
f 5718/1/5718 5715/1/5715 5702/1/5702 
f 5702/1/5702 5705/1/5705 5718/1/5718 
f 5705/1/5705 5694/1/5694 5713/1/5713 
f 5713/1/5713 5718/1/5718 5705/1/5705 
f 5709/1/5709 5708/1/5708 5720/1/5720 
f 5720/1/5720 5721/1/5721 5709/1/5709 
f 5720/1/5720 5722/1/5722 5723/1/5723 
f 5721/1/5721 5723/1/5723 4014/1/4014 
f 4014/1/4014 4013/1/4013 5721/1/5721 
f 5709/1/5709 5721/1/5721 4013/1/4013 
f 4013/1/4013 4010/1/4010 5709/1/5709 
f 5724/1/5724 5711/1/5711 4127/1/4127 
f 4127/1/4127 4132/1/4132 5724/1/5724 
f 4132/1/4132 4131/1/4131 5725/1/5725 
f 5725/1/5725 5724/1/5724 4132/1/4132 
f 5724/1/5724 5725/1/5725 5726/1/5726 
f 5726/1/5726 5727/1/5727 5724/1/5724 
f 5727/1/5727 5712/1/5712 5711/1/5711 
f 5711/1/5711 5724/1/5724 5727/1/5727 
f 5717/1/5717 5716/1/5716 5728/1/5728 
f 5728/1/5728 5729/1/5729 5717/1/5717 
f 5728/1/5728 5730/1/5730 5731/1/5731 
f 5731/1/5731 5729/1/5729 5728/1/5728 
f 5729/1/5729 5731/1/5731 5722/1/5722 
f 5729/1/5729 5720/1/5720 5708/1/5708 
f 5732/1/5732 5719/1/5719 5712/1/5712 
f 5712/1/5712 5727/1/5727 5732/1/5732 
f 5727/1/5727 5726/1/5726 5733/1/5733 
f 5733/1/5733 5732/1/5732 5727/1/5727 
f 5732/1/5732 5733/1/5733 5730/1/5730 
f 5730/1/5730 5728/1/5728 5732/1/5732 
f 5732/1/5732 5728/1/5728 5716/1/5716 
f 5716/1/5716 5719/1/5719 5732/1/5732 
f 5734/1/5734 5723/1/5723 5722/1/5722 
f 5735/1/5735 5736/1/5736 5737/1/5737 
f 5737/1/5737 5734/1/5734 5735/1/5735 
f 5734/1/5734 5737/1/5737 4017/1/4017 
f 4017/1/4017 4016/1/4016 5734/1/5734 
f 4016/1/4016 4014/1/4014 5723/1/5723 
f 5723/1/5723 5734/1/5734 4016/1/4016 
f 5738/1/5738 5731/1/5731 5730/1/5730 
f 5730/1/5730 5739/1/5739 5738/1/5738 
f 5739/1/5739 5740/1/5740 5741/1/5741 
f 5741/1/5741 5738/1/5738 5739/1/5739 
f 5738/1/5738 5741/1/5741 5736/1/5736 
f 5736/1/5736 5735/1/5735 5738/1/5738 
f 5735/1/5735 5722/1/5722 5731/1/5731 
f 5731/1/5731 5738/1/5738 5735/1/5735 
f 5742/1/5742 5743/1/5743 5744/1/5744 
f 5744/1/5744 5745/1/5745 5742/1/5742 
f 5745/1/5745 5407/1/5407 5443/1/5443 
f 5443/1/5443 5742/1/5742 5745/1/5745 
f 5742/1/5742 5443/1/5443 5445/1/5445 
f 5445/1/5445 5447/1/5447 5742/1/5742 
f 5447/1/5447 4022/1/4022 5743/1/5743 
f 5743/1/5743 5742/1/5742 5447/1/5447 
f 5746/1/5746 5737/1/5737 5736/1/5736 
f 5736/1/5736 5747/1/5747 5746/1/5746 
f 5747/1/5747 5744/1/5744 5743/1/5743 
f 5746/1/5746 5743/1/5743 4022/1/4022 
f 4022/1/4022 4021/1/4021 5746/1/5746 
f 4021/1/4021 4017/1/4017 5737/1/5737 
f 5737/1/5737 5746/1/5746 4021/1/4021 
f 5748/1/5748 5741/1/5741 5740/1/5740 
f 5740/1/5740 5749/1/5749 5748/1/5748 
f 5749/1/5749 5750/1/5750 5751/1/5751 
f 5751/1/5751 5748/1/5748 5749/1/5749 
f 5748/1/5748 5751/1/5751 5744/1/5744 
f 5747/1/5747 5736/1/5736 5741/1/5741 
f 5741/1/5741 5748/1/5748 5747/1/5747 
f 5752/1/5752 5725/1/5725 4131/1/4131 
f 4131/1/4131 4136/1/4136 5752/1/5752 
f 4136/1/4136 4135/1/4135 5753/1/5753 
f 5753/1/5753 5752/1/5752 4136/1/4136 
f 5752/1/5752 5753/1/5753 5754/1/5754 
f 5754/1/5754 5755/1/5755 5752/1/5752 
f 5755/1/5755 5726/1/5726 5725/1/5725 
f 5725/1/5725 5752/1/5752 5755/1/5755 
f 5756/1/5756 5733/1/5733 5726/1/5726 
f 5726/1/5726 5755/1/5755 5756/1/5756 
f 5755/1/5755 5754/1/5754 5757/1/5757 
f 5757/1/5757 5756/1/5756 5755/1/5755 
f 5756/1/5756 5757/1/5757 5740/1/5740 
f 5740/1/5740 5739/1/5739 5756/1/5756 
f 5739/1/5739 5730/1/5730 5733/1/5733 
f 5733/1/5733 5756/1/5756 5739/1/5739 
f 5758/1/5758 5408/1/5408 5407/1/5407 
f 5407/1/5407 5745/1/5745 5758/1/5758 
f 5745/1/5745 5744/1/5744 5759/1/5759 
f 5759/1/5759 5758/1/5758 5745/1/5745 
f 5758/1/5758 5759/1/5759 5760/1/5760 
f 5760/1/5760 5761/1/5761 5758/1/5758 
f 5761/1/5761 5373/1/5373 5408/1/5408 
f 5408/1/5408 5758/1/5758 5761/1/5761 
f 5762/1/5762 5377/1/5377 5381/1/5381 
f 5381/1/5381 5763/1/5763 5762/1/5762 
f 5763/1/5763 5764/1/5764 5765/1/5765 
f 5765/1/5765 5762/1/5762 5763/1/5763 
f 5762/1/5762 5765/1/5765 4096/1/4096 
f 4096/1/4096 5358/1/5358 5762/1/5762 
f 5358/1/5358 5357/1/5357 5377/1/5377 
f 5377/1/5377 5762/1/5762 5358/1/5358 
f 5766/1/5766 5751/1/5751 5750/1/5750 
f 5767/1/5767 5768/1/5768 5769/1/5769 
f 5769/1/5769 5760/1/5760 5759/1/5759 
f 5759/1/5759 5744/1/5744 5751/1/5751 
f 5770/1/5770 5764/1/5764 5763/1/5763 
f 5763/1/5763 5771/1/5771 5770/1/5770 
f 5763/1/5763 5381/1/5381 5387/1/5387 
f 5387/1/5387 5771/1/5771 5763/1/5763 
f 5771/1/5771 5387/1/5387 5373/1/5373 
f 5373/1/5373 5761/1/5761 5771/1/5771 
f 5761/1/5761 5760/1/5760 5770/1/5770 
f 5770/1/5770 5771/1/5771 5761/1/5761 
f 5772/1/5772 5769/1/5769 5768/1/5768 
f 5768/1/5768 5773/1/5773 5772/1/5772 
f 5773/1/5773 5764/1/5764 5770/1/5770 
f 5770/1/5770 5772/1/5772 5773/1/5773 
f 5772/1/5772 5770/1/5770 5760/1/5760 
f 5760/1/5760 5769/1/5769 5772/1/5772 
f 5774/1/5774 5753/1/5753 4135/1/4135 
f 4135/1/4135 5775/1/5775 5774/1/5774 
f 5775/1/5775 5764/1/5764 5773/1/5773 
f 5773/1/5773 5774/1/5774 5775/1/5775 
f 5774/1/5774 5773/1/5773 5768/1/5768 
f 5768/1/5768 5776/1/5776 5774/1/5774 
f 5776/1/5776 5754/1/5754 5753/1/5753 
f 5753/1/5753 5774/1/5774 5776/1/5776 
f 5777/1/5777 4134/1/4134 4092/1/4092 
f 4092/1/4092 4097/1/4097 5777/1/5777 
f 4097/1/4097 4096/1/4096 5765/1/5765 
f 5765/1/5765 5777/1/5777 4097/1/4097 
f 5777/1/5777 5765/1/5765 5764/1/5764 
f 5764/1/5764 5775/1/5775 5777/1/5777 
f 5775/1/5775 4135/1/4135 4134/1/4134 
f 4134/1/4134 5777/1/5777 5775/1/5775 
f 5778/1/5778 5757/1/5757 5754/1/5754 
f 5754/1/5754 5776/1/5776 5778/1/5778 
f 5776/1/5776 5768/1/5768 5767/1/5767 
f 5767/1/5767 5778/1/5778 5776/1/5776 
f 5778/1/5778 5767/1/5767 5750/1/5750 
f 5750/1/5750 5749/1/5749 5778/1/5778 
f 5749/1/5749 5740/1/5740 5757/1/5757 
f 5757/1/5757 5778/1/5778 5749/1/5749 
f 4292/1/4292 4291/1/4291 5779/1/5779 
f 5779/1/5779 5780/1/5780 4292/1/4292 
f 5779/1/5779 5781/1/5781 5782/1/5782 
f 5782/1/5782 5780/1/5780 5779/1/5779 
f 5780/1/5780 5782/1/5782 2949/1/2949 
f 2949/1/2949 2948/1/2948 5780/1/5780 
f 2948/1/2948 1353/1/1353 4292/1/4292 
f 4292/1/4292 5780/1/5780 2948/1/2948 
f 5783/1/5783 5779/1/5779 4291/1/4291 
f 4296/1/4296 4295/1/4295 5784/1/5784 
f 5783/1/5783 5784/1/5784 5785/1/5785 
f 5785/1/5785 5786/1/5786 5783/1/5783 
f 5783/1/5783 5786/1/5786 5781/1/5781 
f 5781/1/5781 5779/1/5779 5783/1/5783 
f 5787/1/5787 5782/1/5782 5781/1/5781 
f 5781/1/5781 5786/1/5786 5787/1/5787 
f 5786/1/5786 5785/1/5785 5788/1/5788 
f 5788/1/5788 5787/1/5787 5786/1/5786 
f 5787/1/5787 5788/1/5788 2958/1/2958 
f 2958/1/2958 2957/1/2957 5787/1/5787 
f 2957/1/2957 2949/1/2949 5782/1/5782 
f 5782/1/5782 5787/1/5787 2957/1/2957 
f 4300/1/4300 4299/1/4299 5789/1/5789 
f 5789/1/5789 5790/1/5790 4300/1/4300 
f 5789/1/5789 5791/1/5791 5792/1/5792 
f 5792/1/5792 5790/1/5790 5789/1/5789 
f 5792/1/5792 5785/1/5785 5784/1/5784 
f 5784/1/5784 5790/1/5790 5792/1/5792 
f 5790/1/5790 5784/1/5784 4295/1/4295 
f 4295/1/4295 4300/1/4300 5790/1/5790 
f 4303/1/4303 4334/1/4334 5793/1/5793 
f 5793/1/5793 4304/1/4304 4303/1/4303 
f 4334/1/4334 4338/1/4338 5794/1/5794 
f 5794/1/5794 5793/1/5793 4334/1/4334 
f 5793/1/5793 5794/1/5794 5791/1/5791 
f 5791/1/5791 5789/1/5789 5793/1/5793 
f 5789/1/5789 4299/1/4299 4304/1/4304 
f 5795/1/5795 5794/1/5794 4338/1/4338 
f 4338/1/4338 5796/1/5796 5795/1/5795 
f 5796/1/5796 2971/1/2971 2970/1/2970 
f 5795/1/5795 2970/1/2970 2969/1/2969 
f 2969/1/2969 5797/1/5797 5795/1/5795 
f 5797/1/5797 5791/1/5791 5794/1/5794 
f 5794/1/5794 5795/1/5795 5797/1/5797 
f 5798/1/5798 5239/1/5239 5238/1/5238 
f 5799/1/5799 2971/1/2971 5796/1/5796 
f 5796/1/5796 5798/1/5798 5799/1/5799 
f 5798/1/5798 5796/1/5796 4338/1/4338 
f 4338/1/4338 4337/1/4337 5798/1/5798 
f 4337/1/4337 4336/1/4336 5239/1/5239 
f 5239/1/5239 5798/1/5798 4337/1/4337 
f 5800/1/5800 5293/1/5293 2435/1/2435 
f 2435/1/2435 2975/1/2975 5800/1/5800 
f 2975/1/2975 2971/1/2971 5799/1/5799 
f 5799/1/5799 5800/1/5800 2975/1/2975 
f 5800/1/5800 5799/1/5799 5238/1/5238 
f 5238/1/5238 5291/1/5291 5800/1/5800 
f 5291/1/5291 5290/1/5290 5293/1/5293 
f 5293/1/5293 5800/1/5800 5291/1/5291 
f 5801/1/5801 5788/1/5788 5785/1/5785 
f 5785/1/5785 5792/1/5792 5801/1/5801 
f 5801/1/5801 5792/1/5792 5791/1/5791 
f 5791/1/5791 5797/1/5797 5801/1/5801 
f 2977/1/2977 5801/1/5801 5797/1/5797 
f 5797/1/5797 2969/1/2969 2977/1/2977 
f 2977/1/2977 2958/1/2958 5788/1/5788 
f 5788/1/5788 5801/1/5801 2977/1/2977 
f 5802/1/5802 5803/1/5803 5804/1/5804 
f 5804/1/5804 5805/1/5805 5802/1/5802 
f 5805/1/5805 5806/1/5806 5807/1/5807 
f 5807/1/5807 5802/1/5802 5805/1/5805 
f 5802/1/5802 5807/1/5807 2307/1/2307 
f 2307/1/2307 2311/1/2311 5802/1/5802 
f 2311/1/2311 2310/1/2310 5803/1/5803 
f 5803/1/5803 5802/1/5802 2311/1/2311 
f 5808/1/5808 5807/1/5807 5806/1/5806 
f 5806/1/5806 5809/1/5809 5808/1/5808 
f 5809/1/5809 2569/1/2569 2568/1/2568 
f 2568/1/2568 5808/1/5808 5809/1/5809 
f 5808/1/5808 2568/1/2568 2283/1/2283 
f 2283/1/2283 2305/1/2305 5808/1/5808 
f 2305/1/2305 2307/1/2307 5807/1/5807 
f 5807/1/5807 5808/1/5808 2305/1/2305 
f 2393/1/2393 2392/1/2392 5810/1/5810 
f 5810/1/5810 5811/1/5811 2393/1/2393 
f 5811/1/5811 5810/1/5810 5812/1/5812 
f 5812/1/5812 5813/1/5813 5811/1/5811 
f 5813/1/5813 5804/1/5804 5803/1/5803 
f 5803/1/5803 5811/1/5811 5813/1/5813 
f 5811/1/5811 5803/1/5803 2310/1/2310 
f 2310/1/2310 2393/1/2393 5811/1/5811 
f 5814/1/5814 5810/1/5810 2392/1/2392 
f 2392/1/2392 2511/1/2511 5814/1/5814 
f 2511/1/2511 2510/1/2510 5815/1/5815 
f 5815/1/5815 5814/1/5814 2511/1/2511 
f 5814/1/5814 5815/1/5815 5816/1/5816 
f 5816/1/5816 5817/1/5817 5814/1/5814 
f 5817/1/5817 5812/1/5812 5810/1/5810 
f 5810/1/5810 5814/1/5814 5817/1/5817 
f 5818/1/5818 5815/1/5815 2510/1/2510 
f 2510/1/2510 2515/1/2515 5818/1/5818 
f 2515/1/2515 2514/1/2514 5819/1/5819 
f 5819/1/5819 5818/1/5818 2515/1/2515 
f 5820/1/5820 5818/1/5818 5819/1/5819 
f 5819/1/5819 5821/1/5821 5820/1/5820 
f 5820/1/5820 5816/1/5816 5815/1/5815 
f 5815/1/5815 5818/1/5818 5820/1/5820 
f 5822/1/5822 5823/1/5823 2569/1/2569 
f 2569/1/2569 5809/1/5809 5822/1/5822 
f 5809/1/5809 5806/1/5806 5824/1/5824 
f 5824/1/5824 5822/1/5822 5809/1/5809 
f 5822/1/5822 5824/1/5824 5825/1/5825 
f 5825/1/5825 5823/1/5823 5822/1/5822 
f 5826/1/5826 5827/1/5827 2525/1/2525 
f 2525/1/2525 2524/1/2524 5826/1/5826 
f 5826/1/5826 5828/1/5828 5829/1/5829 
f 5829/1/5829 5827/1/5827 5826/1/5826 
f 5827/1/5827 5829/1/5829 5830/1/5830 
f 5830/1/5830 5831/1/5831 5827/1/5827 
f 5831/1/5831 2526/1/2526 2525/1/2525 
f 2525/1/2525 5827/1/5827 5831/1/5831 
f 5832/1/5832 5823/1/5823 5825/1/5825 
f 5825/1/5825 5833/1/5833 5832/1/5832 
f 5833/1/5833 5834/1/5834 5835/1/5835 
f 5835/1/5835 5832/1/5832 5833/1/5833 
f 5832/1/5832 5835/1/5835 2629/1/2629 
f 2629/1/2629 2628/1/2628 5832/1/5832 
f 2628/1/2628 2569/1/2569 5823/1/5823 
f 5823/1/5823 5832/1/5832 2628/1/2628 
f 5835/1/5835 5834/1/5834 5836/1/5836 
f 5836/1/5836 5837/1/5837 5835/1/5835 
f 5837/1/5837 5836/1/5836 5838/1/5838 
f 5838/1/5838 5839/1/5839 5837/1/5837 
f 5839/1/5839 2558/1/2558 2633/1/2633 
f 2633/1/2633 5837/1/5837 5839/1/5839 
f 5837/1/5837 2633/1/2633 2629/1/2629 
f 2629/1/2629 5835/1/5835 5837/1/5837 
f 5839/1/5839 5838/1/5838 5840/1/5840 
f 5840/1/5840 5841/1/5841 5839/1/5839 
f 5841/1/5841 5840/1/5840 5842/1/5842 
f 5842/1/5842 5843/1/5843 5841/1/5841 
f 5843/1/5843 2560/1/2560 2559/1/2559 
f 2559/1/2559 5841/1/5841 5843/1/5843 
f 5841/1/5841 2559/1/2559 2558/1/2558 
f 2558/1/2558 5839/1/5839 5841/1/5841 
f 5844/1/5844 2562/1/2562 2560/1/2560 
f 2560/1/2560 5843/1/5843 5844/1/5844 
f 5843/1/5843 5842/1/5842 5845/1/5845 
f 5845/1/5845 5844/1/5844 5843/1/5843 
f 5844/1/5844 5845/1/5845 5846/1/5846 
f 5846/1/5846 5847/1/5847 5844/1/5844 
f 5847/1/5847 2551/1/2551 2562/1/2562 
f 2562/1/2562 5844/1/5844 5847/1/5847 
f 5848/1/5848 2552/1/2552 2551/1/2551 
f 2551/1/2551 5847/1/5847 5848/1/5848 
f 5847/1/5847 5846/1/5846 5849/1/5849 
f 5849/1/5849 5848/1/5848 5847/1/5847 
f 5848/1/5848 5849/1/5849 5828/1/5828 
f 5828/1/5828 5826/1/5826 5848/1/5848 
f 2552/1/2552 5848/1/5848 5826/1/5826 
f 5826/1/5826 2524/1/2524 2552/1/2552 
f 5850/1/5850 5167/1/5167 5144/1/5144 
f 5144/1/5144 5402/1/5402 5850/1/5850 
f 5402/1/5402 5401/1/5401 5851/1/5851 
f 5851/1/5851 5850/1/5850 5402/1/5402 
f 5850/1/5850 5851/1/5851 5852/1/5852 
f 5852/1/5852 5853/1/5853 5850/1/5850 
f 5853/1/5853 5168/1/5168 5167/1/5167 
f 5167/1/5167 5850/1/5850 5853/1/5853 
f 5854/1/5854 5855/1/5855 5856/1/5856 
f 5856/1/5856 5857/1/5857 5854/1/5854 
f 5857/1/5857 5172/1/5172 5171/1/5171 
f 5171/1/5171 5854/1/5854 5857/1/5857 
f 5854/1/5854 5171/1/5171 5168/1/5168 
f 5168/1/5168 5853/1/5853 5854/1/5854 
f 5853/1/5853 5852/1/5852 5855/1/5855 
f 5855/1/5855 5854/1/5854 5853/1/5853 
f 5857/1/5857 5856/1/5856 5858/1/5858 
f 5858/1/5858 5859/1/5859 5857/1/5857 
f 5859/1/5859 5858/1/5858 5860/1/5860 
f 5860/1/5860 5861/1/5861 5859/1/5859 
f 5861/1/5861 5254/1/5254 5253/1/5253 
f 5253/1/5253 5859/1/5859 5861/1/5861 
f 5859/1/5859 5253/1/5253 5172/1/5172 
f 5172/1/5172 5857/1/5857 5859/1/5859 
f 5862/1/5862 5350/1/5350 5254/1/5254 
f 5254/1/5254 5861/1/5861 5862/1/5862 
f 5861/1/5861 5860/1/5860 5863/1/5863 
f 5863/1/5863 5862/1/5862 5861/1/5861 
f 5862/1/5862 5863/1/5863 5864/1/5864 
f 5864/1/5864 5865/1/5865 5862/1/5862 
f 5865/1/5865 5351/1/5351 5350/1/5350 
f 5350/1/5350 5862/1/5862 5865/1/5865 
f 5866/1/5866 5354/1/5354 5351/1/5351 
f 5351/1/5351 5865/1/5865 5866/1/5866 
f 5865/1/5865 5864/1/5864 5867/1/5867 
f 5867/1/5867 5866/1/5866 5865/1/5865 
f 5866/1/5866 5867/1/5867 5821/1/5821 
f 5821/1/5821 5819/1/5819 5866/1/5866 
f 5819/1/5819 2514/1/2514 5354/1/5354 
f 5354/1/5354 5866/1/5866 5819/1/5819 
f 5868/1/5868 5852/1/5852 5851/1/5851 
f 5851/1/5851 5869/1/5869 5868/1/5868 
f 5869/1/5869 5851/1/5851 5401/1/5401 
f 5401/1/5401 5870/1/5870 5869/1/5869 
f 5869/1/5869 5870/1/5870 5871/1/5871 
f 5871/1/5871 5868/1/5868 5869/1/5869 
f 5872/1/5872 5831/1/5831 5830/1/5830 
f 5830/1/5830 5873/1/5873 5872/1/5872 
f 5873/1/5873 5874/1/5874 5875/1/5875 
f 5875/1/5875 5872/1/5872 5873/1/5873 
f 5872/1/5872 5875/1/5875 5360/1/5360 
f 5360/1/5360 5359/1/5359 5872/1/5872 
f 5359/1/5359 2526/1/2526 5831/1/5831 
f 5831/1/5831 5872/1/5872 5359/1/5359 
f 5464/1/5464 5463/1/5463 5876/1/5876 
f 5876/1/5876 5877/1/5877 5464/1/5464 
f 5877/1/5877 5876/1/5876 5878/1/5878 
f 5878/1/5878 5879/1/5879 5877/1/5877 
f 5879/1/5879 5871/1/5871 5870/1/5870 
f 5870/1/5870 5877/1/5877 5879/1/5879 
f 5870/1/5870 5401/1/5401 5464/1/5464 
f 5464/1/5464 5877/1/5877 5870/1/5870 
f 5466/1/5466 5394/1/5394 5880/1/5880 
f 5880/1/5880 5881/1/5881 5466/1/5466 
f 5881/1/5881 5880/1/5880 5882/1/5882 
f 5882/1/5882 5883/1/5883 5881/1/5881 
f 5883/1/5883 5878/1/5878 5876/1/5876 
f 5876/1/5876 5881/1/5881 5883/1/5883 
f 5881/1/5881 5876/1/5876 5463/1/5463 
f 5463/1/5463 5466/1/5466 5881/1/5881 
f 5393/1/5393 5392/1/5392 5884/1/5884 
f 5884/1/5884 5885/1/5885 5393/1/5393 
f 5885/1/5885 5884/1/5884 5886/1/5886 
f 5886/1/5886 5887/1/5887 5885/1/5885 
f 5887/1/5887 5882/1/5882 5880/1/5880 
f 5880/1/5880 5885/1/5885 5887/1/5887 
f 5885/1/5885 5880/1/5880 5394/1/5394 
f 5394/1/5394 5393/1/5393 5885/1/5885 
f 5888/1/5888 5884/1/5884 5392/1/5392 
f 5392/1/5392 5395/1/5395 5888/1/5888 
f 5395/1/5395 5384/1/5384 5889/1/5889 
f 5889/1/5889 5888/1/5888 5395/1/5395 
f 5888/1/5888 5889/1/5889 5890/1/5890 
f 5890/1/5890 5891/1/5891 5888/1/5888 
f 5891/1/5891 5886/1/5886 5884/1/5884 
f 5884/1/5884 5888/1/5888 5891/1/5891 
f 5892/1/5892 5875/1/5875 5874/1/5874 
f 5874/1/5874 5893/1/5893 5892/1/5892 
f 5893/1/5893 5890/1/5890 5889/1/5889 
f 5889/1/5889 5892/1/5892 5893/1/5893 
f 5892/1/5892 5889/1/5889 5384/1/5384 
f 5384/1/5384 5383/1/5383 5892/1/5892 
f 5383/1/5383 5360/1/5360 5875/1/5875 
f 5875/1/5875 5892/1/5892 5383/1/5383 
f 5805/1/5805 5804/1/5804 5894/1/5894 
f 5894/1/5894 5895/1/5895 5805/1/5805 
f 5896/1/5896 5895/1/5895 5894/1/5894 
f 5894/1/5894 5897/1/5897 5896/1/5896 
f 5895/1/5895 5896/1/5896 5898/1/5898 
f 5898/1/5898 5899/1/5899 5895/1/5895 
f 5899/1/5899 5806/1/5806 5805/1/5805 
f 5805/1/5805 5895/1/5895 5899/1/5899 
f 5813/1/5813 5812/1/5812 5900/1/5900 
f 5900/1/5900 5901/1/5901 5813/1/5813 
f 5901/1/5901 5900/1/5900 5902/1/5902 
f 5902/1/5902 5903/1/5903 5901/1/5901 
f 5903/1/5903 5897/1/5897 5894/1/5894 
f 5894/1/5894 5901/1/5901 5903/1/5903 
f 5901/1/5901 5894/1/5894 5804/1/5804 
f 5804/1/5804 5813/1/5813 5901/1/5901 
f 5904/1/5904 5905/1/5905 5906/1/5906 
f 5906/1/5906 5907/1/5907 5904/1/5904 
f 5907/1/5907 5902/1/5902 5900/1/5900 
f 5900/1/5900 5904/1/5904 5907/1/5907 
f 5904/1/5904 5900/1/5900 5812/1/5812 
f 5812/1/5812 5817/1/5817 5904/1/5904 
f 5817/1/5817 5816/1/5816 5905/1/5905 
f 5905/1/5905 5904/1/5904 5817/1/5817 
f 5908/1/5908 5820/1/5820 5821/1/5821 
f 5821/1/5821 5909/1/5909 5908/1/5908 
f 5909/1/5909 5910/1/5910 5911/1/5911 
f 5911/1/5911 5908/1/5908 5909/1/5909 
f 5911/1/5911 5906/1/5906 5905/1/5905 
f 5905/1/5905 5908/1/5908 5911/1/5911 
f 5908/1/5908 5905/1/5905 5816/1/5816 
f 5816/1/5816 5820/1/5820 5908/1/5908 
f 5912/1/5912 5899/1/5899 5898/1/5898 
f 5898/1/5898 5913/1/5913 5912/1/5912 
f 5913/1/5913 5914/1/5914 5915/1/5915 
f 5915/1/5915 5912/1/5912 5913/1/5913 
f 5912/1/5912 5915/1/5915 5825/1/5825 
f 5825/1/5825 5824/1/5824 5912/1/5912 
f 5824/1/5824 5806/1/5806 5899/1/5899 
f 5899/1/5899 5912/1/5912 5824/1/5824 
f 5916/1/5916 5829/1/5829 5828/1/5828 
f 5828/1/5828 5917/1/5917 5916/1/5916 
f 5917/1/5917 5918/1/5918 5919/1/5919 
f 5919/1/5919 5916/1/5916 5917/1/5917 
f 5916/1/5916 5919/1/5919 5920/1/5920 
f 5920/1/5920 5921/1/5921 5916/1/5916 
f 5921/1/5921 5830/1/5830 5829/1/5829 
f 5829/1/5829 5916/1/5916 5921/1/5921 
f 5915/1/5915 5914/1/5914 5922/1/5922 
f 5922/1/5922 5923/1/5923 5915/1/5915 
f 5923/1/5923 5922/1/5922 5924/1/5924 
f 5924/1/5924 5925/1/5925 5923/1/5923 
f 5923/1/5923 5925/1/5925 5834/1/5834 
f 5834/1/5834 5833/1/5833 5923/1/5923 
f 5833/1/5833 5825/1/5825 5915/1/5915 
f 5915/1/5915 5923/1/5923 5833/1/5833 
f 5926/1/5926 5836/1/5836 5834/1/5834 
f 5834/1/5834 5925/1/5925 5926/1/5926 
f 5925/1/5925 5924/1/5924 5927/1/5927 
f 5927/1/5927 5926/1/5926 5925/1/5925 
f 5926/1/5926 5927/1/5927 5928/1/5928 
f 5928/1/5928 5929/1/5929 5926/1/5926 
f 5929/1/5929 5838/1/5838 5836/1/5836 
f 5836/1/5836 5926/1/5926 5929/1/5929 
f 5929/1/5929 5928/1/5928 5930/1/5930 
f 5930/1/5930 5931/1/5931 5929/1/5929 
f 5931/1/5931 5930/1/5930 5932/1/5932 
f 5932/1/5932 5933/1/5933 5931/1/5931 
f 5933/1/5933 5842/1/5842 5840/1/5840 
f 5840/1/5840 5931/1/5931 5933/1/5933 
f 5931/1/5931 5840/1/5840 5838/1/5838 
f 5838/1/5838 5929/1/5929 5931/1/5931 
f 5934/1/5934 5845/1/5845 5842/1/5842 
f 5842/1/5842 5933/1/5933 5934/1/5934 
f 5933/1/5933 5932/1/5932 5935/1/5935 
f 5935/1/5935 5934/1/5934 5933/1/5933 
f 5934/1/5934 5935/1/5935 5936/1/5936 
f 5936/1/5936 5937/1/5937 5934/1/5934 
f 5937/1/5937 5846/1/5846 5845/1/5845 
f 5845/1/5845 5934/1/5934 5937/1/5937 
f 5938/1/5938 5849/1/5849 5846/1/5846 
f 5846/1/5846 5937/1/5937 5938/1/5938 
f 5937/1/5937 5936/1/5936 5939/1/5939 
f 5939/1/5939 5938/1/5938 5937/1/5937 
f 5938/1/5938 5939/1/5939 5918/1/5918 
f 5918/1/5918 5917/1/5917 5938/1/5938 
f 5917/1/5917 5828/1/5828 5849/1/5849 
f 5849/1/5849 5938/1/5938 5917/1/5917 
f 5855/1/5855 5852/1/5852 5940/1/5940 
f 5940/1/5940 5941/1/5941 5855/1/5855 
f 5941/1/5941 5940/1/5940 5942/1/5942 
f 5942/1/5942 5943/1/5943 5941/1/5941 
f 5943/1/5943 5944/1/5944 5945/1/5945 
f 5945/1/5945 5941/1/5941 5943/1/5943 
f 5941/1/5941 5945/1/5945 5856/1/5856 
f 5856/1/5856 5855/1/5855 5941/1/5941 
f 5858/1/5858 5856/1/5856 5945/1/5945 
f 5945/1/5945 5946/1/5946 5858/1/5858 
f 5946/1/5946 5945/1/5945 5944/1/5944 
f 5944/1/5944 5947/1/5947 5946/1/5946 
f 5947/1/5947 5948/1/5948 5949/1/5949 
f 5949/1/5949 5946/1/5946 5947/1/5947 
f 5946/1/5946 5949/1/5949 5860/1/5860 
f 5860/1/5860 5858/1/5858 5946/1/5946 
f 5950/1/5950 5949/1/5949 5948/1/5948 
f 5948/1/5948 5951/1/5951 5950/1/5950 
f 5951/1/5951 5952/1/5952 5953/1/5953 
f 5953/1/5953 5950/1/5950 5951/1/5951 
f 5950/1/5950 5953/1/5953 5864/1/5864 
f 5864/1/5864 5863/1/5863 5950/1/5950 
f 5863/1/5863 5860/1/5860 5949/1/5949 
f 5949/1/5949 5950/1/5950 5863/1/5863 
f 5954/1/5954 5953/1/5953 5952/1/5952 
f 5952/1/5952 5955/1/5955 5954/1/5954 
f 5955/1/5955 5910/1/5910 5909/1/5909 
f 5909/1/5909 5954/1/5954 5955/1/5955 
f 5909/1/5909 5821/1/5821 5867/1/5867 
f 5867/1/5867 5954/1/5954 5909/1/5909 
f 5954/1/5954 5867/1/5867 5864/1/5864 
f 5864/1/5864 5953/1/5953 5954/1/5954 
f 5868/1/5868 5871/1/5871 5956/1/5956 
f 5956/1/5956 5957/1/5957 5868/1/5868 
f 5957/1/5957 5956/1/5956 5958/1/5958 
f 5958/1/5958 5959/1/5959 5957/1/5957 
f 5959/1/5959 5942/1/5942 5940/1/5940 
f 5940/1/5940 5957/1/5957 5959/1/5959 
f 5957/1/5957 5940/1/5940 5852/1/5852 
f 5852/1/5852 5868/1/5868 5957/1/5957 
f 5960/1/5960 5921/1/5921 5920/1/5920 
f 5920/1/5920 5961/1/5961 5960/1/5960 
f 5961/1/5961 5962/1/5962 5963/1/5963 
f 5963/1/5963 5960/1/5960 5961/1/5961 
f 5960/1/5960 5963/1/5963 5874/1/5874 
f 5874/1/5874 5873/1/5873 5960/1/5960 
f 5921/1/5921 5960/1/5960 5873/1/5873 
f 5873/1/5873 5830/1/5830 5921/1/5921 
f 5964/1/5964 5965/1/5965 5966/1/5966 
f 5966/1/5966 5967/1/5967 5964/1/5964 
f 5967/1/5967 5958/1/5958 5956/1/5956 
f 5956/1/5956 5964/1/5964 5967/1/5967 
f 5964/1/5964 5956/1/5956 5871/1/5871 
f 5871/1/5871 5879/1/5879 5964/1/5964 
f 5879/1/5879 5878/1/5878 5965/1/5965 
f 5965/1/5965 5964/1/5964 5879/1/5879 
f 5968/1/5968 5969/1/5969 5970/1/5970 
f 5970/1/5970 5971/1/5971 5968/1/5968 
f 5971/1/5971 5966/1/5966 5965/1/5965 
f 5965/1/5965 5968/1/5968 5971/1/5971 
f 5968/1/5968 5965/1/5965 5878/1/5878 
f 5878/1/5878 5883/1/5883 5968/1/5968 
f 5883/1/5883 5882/1/5882 5969/1/5969 
f 5969/1/5969 5968/1/5968 5883/1/5883 
f 5887/1/5887 5886/1/5886 5972/1/5972 
f 5972/1/5972 5973/1/5973 5887/1/5887 
f 5973/1/5973 5972/1/5972 5974/1/5974 
f 5974/1/5974 5975/1/5975 5973/1/5973 
f 5975/1/5975 5970/1/5970 5969/1/5969 
f 5969/1/5969 5973/1/5973 5975/1/5975 
f 5973/1/5973 5969/1/5969 5882/1/5882 
f 5882/1/5882 5887/1/5887 5973/1/5973 
f 5976/1/5976 5977/1/5977 5978/1/5978 
f 5978/1/5978 5979/1/5979 5976/1/5976 
f 5979/1/5979 5974/1/5974 5972/1/5972 
f 5972/1/5972 5976/1/5976 5979/1/5979 
f 5976/1/5976 5972/1/5972 5886/1/5886 
f 5886/1/5886 5891/1/5891 5976/1/5976 
f 5891/1/5891 5890/1/5890 5977/1/5977 
f 5977/1/5977 5976/1/5976 5891/1/5891 
f 5980/1/5980 5963/1/5963 5962/1/5962 
f 5962/1/5962 5981/1/5981 5980/1/5980 
f 5981/1/5981 5978/1/5978 5977/1/5977 
f 5977/1/5977 5980/1/5980 5981/1/5981 
f 5980/1/5980 5977/1/5977 5890/1/5890 
f 5890/1/5890 5893/1/5893 5980/1/5980 
f 5893/1/5893 5874/1/5874 5963/1/5963 
f 5963/1/5963 5980/1/5980 5893/1/5893 
f 5982/1/5982 5896/1/5896 5897/1/5897 
f 5897/1/5897 5983/1/5983 5982/1/5982 
f 5983/1/5983 5984/1/5984 5985/1/5985 
f 5985/1/5985 5982/1/5982 5983/1/5983 
f 5982/1/5982 5985/1/5985 5986/1/5986 
f 5986/1/5986 5987/1/5987 5982/1/5982 
f 5987/1/5987 5898/1/5898 5896/1/5896 
f 5896/1/5896 5982/1/5982 5987/1/5987 
f 5903/1/5903 5902/1/5902 5988/1/5988 
f 5988/1/5988 5989/1/5989 5903/1/5903 
f 5988/1/5988 5990/1/5990 5991/1/5991 
f 5991/1/5991 5989/1/5989 5988/1/5988 
f 5989/1/5989 5991/1/5991 5984/1/5984 
f 5984/1/5984 5983/1/5983 5989/1/5989 
f 5983/1/5983 5897/1/5897 5903/1/5903 
f 5903/1/5903 5989/1/5989 5983/1/5983 
f 5992/1/5992 5993/1/5993 5994/1/5994 
f 5994/1/5994 5995/1/5995 5992/1/5992 
f 5995/1/5995 5990/1/5990 5988/1/5988 
f 5988/1/5988 5992/1/5992 5995/1/5995 
f 5992/1/5992 5988/1/5988 5902/1/5902 
f 5902/1/5902 5907/1/5907 5992/1/5992 
f 5907/1/5907 5906/1/5906 5993/1/5993 
f 5993/1/5993 5992/1/5992 5907/1/5907 
f 5911/1/5911 5910/1/5910 5996/1/5996 
f 5996/1/5996 5997/1/5997 5911/1/5911 
f 5997/1/5997 5996/1/5996 5998/1/5998 
f 5998/1/5998 5999/1/5999 5997/1/5997 
f 5999/1/5999 5994/1/5994 5993/1/5993 
f 5993/1/5993 5997/1/5997 5999/1/5999 
f 5997/1/5997 5993/1/5993 5906/1/5906 
f 5906/1/5906 5911/1/5911 5997/1/5997 
f 5987/1/5987 5986/1/5986 6000/1/6000 
f 6000/1/6000 6001/1/6001 5987/1/5987 
f 6001/1/6001 6000/1/6000 6002/1/6002 
f 6002/1/6002 6003/1/6003 6001/1/6001 
f 6003/1/6003 5914/1/5914 5913/1/5913 
f 5913/1/5913 6001/1/6001 6003/1/6003 
f 6001/1/6001 5913/1/5913 5898/1/5898 
f 5898/1/5898 5987/1/5987 6001/1/6001 
f 6004/1/6004 5919/1/5919 5918/1/5918 
f 5918/1/5918 6005/1/6005 6004/1/6004 
f 6005/1/6005 6006/1/6006 6007/1/6007 
f 6007/1/6007 6004/1/6004 6005/1/6005 
f 6007/1/6007 6008/1/6008 6009/1/6009 
f 6009/1/6009 6004/1/6004 6007/1/6007 
f 6009/1/6009 5920/1/5920 5919/1/5919 
f 5919/1/5919 6004/1/6004 6009/1/6009 
f 6010/1/6010 5922/1/5922 5914/1/5914 
f 5914/1/5914 6003/1/6003 6010/1/6010 
f 6003/1/6003 6002/1/6002 6011/1/6011 
f 6011/1/6011 6010/1/6010 6003/1/6003 
f 6010/1/6010 6011/1/6011 6012/1/6012 
f 6012/1/6012 6013/1/6013 6010/1/6010 
f 6013/1/6013 5924/1/5924 5922/1/5922 
f 5922/1/5922 6010/1/6010 6013/1/6013 
f 6014/1/6014 5927/1/5927 5924/1/5924 
f 5924/1/5924 6013/1/6013 6014/1/6014 
f 6013/1/6013 6012/1/6012 6015/1/6015 
f 6015/1/6015 6014/1/6014 6013/1/6013 
f 6014/1/6014 6015/1/6015 6016/1/6016 
f 6016/1/6016 6017/1/6017 6014/1/6014 
f 6017/1/6017 5928/1/5928 5927/1/5927 
f 5927/1/5927 6014/1/6014 6017/1/6017 
f 6017/1/6017 6016/1/6016 6018/1/6018 
f 6018/1/6018 6019/1/6019 6017/1/6017 
f 6019/1/6019 6018/1/6018 6020/1/6020 
f 6020/1/6020 6021/1/6021 6019/1/6019 
f 6021/1/6021 5932/1/5932 5930/1/5930 
f 5930/1/5930 6019/1/6019 6021/1/6021 
f 6019/1/6019 5930/1/5930 5928/1/5928 
f 5928/1/5928 6017/1/6017 6019/1/6019 
f 6021/1/6021 6020/1/6020 6022/1/6022 
f 6022/1/6022 6023/1/6023 6021/1/6021 
f 6023/1/6023 6022/1/6022 6024/1/6024 
f 6024/1/6024 6025/1/6025 6023/1/6023 
f 6025/1/6025 5936/1/5936 5935/1/5935 
f 5935/1/5935 6023/1/6023 6025/1/6025 
f 6023/1/6023 5935/1/5935 5932/1/5932 
f 5932/1/5932 6021/1/6021 6023/1/6023 
f 6026/1/6026 5939/1/5939 5936/1/5936 
f 5936/1/5936 6025/1/6025 6026/1/6026 
f 6025/1/6025 6024/1/6024 6027/1/6027 
f 6027/1/6027 6026/1/6026 6025/1/6025 
f 6026/1/6026 6027/1/6027 6006/1/6006 
f 6006/1/6006 6005/1/6005 6026/1/6026 
f 6005/1/6005 5918/1/5918 5939/1/5939 
f 5939/1/5939 6026/1/6026 6005/1/6005 
f 6028/1/6028 6029/1/6029 6030/1/6030 
f 6030/1/6030 6031/1/6031 6028/1/6028 
f 6031/1/6031 6032/1/6032 6033/1/6033 
f 6033/1/6033 6028/1/6028 6031/1/6031 
f 6028/1/6028 6033/1/6033 5944/1/5944 
f 5944/1/5944 5943/1/5943 6028/1/6028 
f 5943/1/5943 5942/1/5942 6029/1/6029 
f 6029/1/6029 6028/1/6028 5943/1/5943 
f 6034/1/6034 6033/1/6033 6032/1/6032 
f 6032/1/6032 6035/1/6035 6034/1/6034 
f 6035/1/6035 6036/1/6036 6037/1/6037 
f 6037/1/6037 6034/1/6034 6035/1/6035 
f 6034/1/6034 6037/1/6037 5948/1/5948 
f 5948/1/5948 5947/1/5947 6034/1/6034 
f 5947/1/5947 5944/1/5944 6033/1/6033 
f 6033/1/6033 6034/1/6034 5947/1/5947 
f 6038/1/6038 6037/1/6037 6036/1/6036 
f 6036/1/6036 6039/1/6039 6038/1/6038 
f 6039/1/6039 6040/1/6040 6041/1/6041 
f 6041/1/6041 6038/1/6038 6039/1/6039 
f 6038/1/6038 6041/1/6041 5952/1/5952 
f 5952/1/5952 5951/1/5951 6038/1/6038 
f 5951/1/5951 5948/1/5948 6037/1/6037 
f 6037/1/6037 6038/1/6038 5951/1/5951 
f 6042/1/6042 6041/1/6041 6040/1/6040 
f 6040/1/6040 6043/1/6043 6042/1/6042 
f 6043/1/6043 5998/1/5998 5996/1/5996 
f 5996/1/5996 5910/1/5910 5955/1/5955 
f 5955/1/5955 6042/1/6042 5996/1/5996 
f 5955/1/5955 5952/1/5952 6041/1/6041 
f 6041/1/6041 6042/1/6042 5955/1/5955 
f 5959/1/5959 5958/1/5958 6044/1/6044 
f 6044/1/6044 6045/1/6045 5959/1/5959 
f 6045/1/6045 6044/1/6044 6046/1/6046 
f 6046/1/6046 6047/1/6047 6045/1/6045 
f 6047/1/6047 6030/1/6030 6029/1/6029 
f 6045/1/6045 6029/1/6029 5942/1/5942 
f 5942/1/5942 5959/1/5959 6045/1/6045 
f 6048/1/6048 6009/1/6009 6008/1/6008 
f 6008/1/6008 6049/1/6049 6048/1/6048 
f 6049/1/6049 6050/1/6050 6051/1/6051 
f 6051/1/6051 6048/1/6048 6049/1/6049 
f 6048/1/6048 6051/1/6051 5962/1/5962 
f 5962/1/5962 5961/1/5961 6048/1/6048 
f 5961/1/5961 5920/1/5920 6009/1/6009 
f 6009/1/6009 6048/1/6048 5961/1/5961 
f 6052/1/6052 6053/1/6053 6054/1/6054 
f 6054/1/6054 6055/1/6055 6052/1/6052 
f 6055/1/6055 6046/1/6046 6044/1/6044 
f 6044/1/6044 6052/1/6052 6055/1/6055 
f 6052/1/6052 6044/1/6044 5958/1/5958 
f 5958/1/5958 5967/1/5967 6052/1/6052 
f 5967/1/5967 5966/1/5966 6053/1/6053 
f 6053/1/6053 6052/1/6052 5967/1/5967 
f 6056/1/6056 6057/1/6057 6058/1/6058 
f 6058/1/6058 6059/1/6059 6056/1/6056 
f 6059/1/6059 6054/1/6054 6053/1/6053 
f 6053/1/6053 6056/1/6056 6059/1/6059 
f 6056/1/6056 6053/1/6053 5966/1/5966 
f 5966/1/5966 5971/1/5971 6056/1/6056 
f 5971/1/5971 5970/1/5970 6057/1/6057 
f 6057/1/6057 6056/1/6056 5971/1/5971 
f 5975/1/5975 5974/1/5974 6060/1/6060 
f 6060/1/6060 6061/1/6061 5975/1/5975 
f 6061/1/6061 6060/1/6060 6062/1/6062 
f 6062/1/6062 6063/1/6063 6061/1/6061 
f 6063/1/6063 6058/1/6058 6057/1/6057 
f 6057/1/6057 6061/1/6061 6063/1/6063 
f 6061/1/6061 6057/1/6057 5970/1/5970 
f 5970/1/5970 5975/1/5975 6061/1/6061 
f 6064/1/6064 6065/1/6065 6066/1/6066 
f 6066/1/6066 6067/1/6067 6064/1/6064 
f 6067/1/6067 6062/1/6062 6060/1/6060 
f 6060/1/6060 6064/1/6064 6067/1/6067 
f 6064/1/6064 6060/1/6060 5974/1/5974 
f 5974/1/5974 5979/1/5979 6064/1/6064 
f 5979/1/5979 5978/1/5978 6065/1/6065 
f 5981/1/5981 5962/1/5962 6051/1/6051 
f 6051/1/6051 6068/1/6068 5981/1/5981 
f 6068/1/6068 6051/1/6051 6050/1/6050 
f 6050/1/6050 6069/1/6069 6068/1/6068 
f 6069/1/6069 6066/1/6066 6065/1/6065 
f 6068/1/6068 6065/1/6065 5978/1/5978 
f 5978/1/5978 5981/1/5981 6068/1/6068 
f 6070/1/6070 6071/1/6071 6072/1/6072 
f 6073/1/6073 6074/1/6074 6075/1/6075 
f 6075/1/6075 6070/1/6070 6073/1/6073 
f 6070/1/6070 6075/1/6075 6076/1/6076 
f 6076/1/6076 6077/1/6077 6070/1/6070 
f 6077/1/6077 6078/1/6078 6071/1/6071 
f 6071/1/6071 6070/1/6070 6077/1/6077 
f 6079/1/6079 6080/1/6080 6081/1/6081 
f 6081/1/6081 6082/1/6082 6079/1/6079 
f 6082/1/6082 6083/1/6083 6084/1/6084 
f 6084/1/6084 6079/1/6079 6082/1/6082 
f 6079/1/6079 6084/1/6084 6085/1/6085 
f 6085/1/6085 6086/1/6086 6079/1/6079 
f 6086/1/6086 6087/1/6087 6080/1/6080 
f 6080/1/6080 6079/1/6079 6086/1/6086 
f 6088/1/6088 6075/1/6075 6074/1/6074 
f 6074/1/6074 6089/1/6089 6088/1/6088 
f 6089/1/6089 6090/1/6090 6091/1/6091 
f 6091/1/6091 6088/1/6088 6089/1/6089 
f 6091/1/6091 6092/1/6092 6093/1/6093 
f 6093/1/6093 6088/1/6088 6091/1/6091 
f 6075/1/6075 6088/1/6088 6093/1/6093 
f 6093/1/6093 6076/1/6076 6075/1/6075 
f 6094/1/6094 6095/1/6095 6083/1/6083 
f 6083/1/6083 6082/1/6082 6094/1/6094 
f 6082/1/6082 6081/1/6081 6096/1/6096 
f 6096/1/6096 6094/1/6094 6082/1/6082 
f 6094/1/6094 6096/1/6096 6090/1/6090 
f 6090/1/6090 6089/1/6089 6094/1/6094 
f 6089/1/6089 6074/1/6074 6095/1/6095 
f 6095/1/6095 6094/1/6094 6089/1/6089 
f 6097/1/6097 6098/1/6098 6099/1/6099 
f 6099/1/6099 6100/1/6100 6097/1/6097 
f 6100/1/6100 6081/1/6081 6080/1/6080 
f 6080/1/6080 6097/1/6097 6100/1/6100 
f 6097/1/6097 6080/1/6080 6087/1/6087 
f 6087/1/6087 6101/1/6101 6097/1/6097 
f 6101/1/6101 6102/1/6102 6098/1/6098 
f 6098/1/6098 6097/1/6097 6101/1/6101 
f 6103/1/6103 6091/1/6091 6090/1/6090 
f 6090/1/6090 6104/1/6104 6103/1/6103 
f 6105/1/6105 6103/1/6103 6104/1/6104 
f 6104/1/6104 6106/1/6106 6105/1/6105 
f 6105/1/6105 6107/1/6107 6108/1/6108 
f 6108/1/6108 6103/1/6103 6105/1/6105 
f 6091/1/6091 6103/1/6103 6108/1/6108 
f 6108/1/6108 6092/1/6092 6091/1/6091 
f 6109/1/6109 6096/1/6096 6081/1/6081 
f 6081/1/6081 6100/1/6100 6109/1/6109 
f 6100/1/6100 6099/1/6099 6110/1/6110 
f 6110/1/6110 6109/1/6109 6100/1/6100 
f 6109/1/6109 6110/1/6110 6106/1/6106 
f 6106/1/6106 6104/1/6104 6109/1/6109 
f 6104/1/6104 6090/1/6090 6096/1/6096 
f 6096/1/6096 6109/1/6109 6104/1/6104 
f 6111/1/6111 6112/1/6112 6113/1/6113 
f 6113/1/6113 6114/1/6114 6111/1/6111 
f 6114/1/6114 6099/1/6099 6098/1/6098 
f 6098/1/6098 6111/1/6111 6114/1/6114 
f 6111/1/6111 6098/1/6098 6102/1/6102 
f 6102/1/6102 6115/1/6115 6111/1/6111 
f 6115/1/6115 6116/1/6116 6112/1/6112 
f 6112/1/6112 6111/1/6111 6115/1/6115 
f 6117/1/6117 6118/1/6118 6119/1/6119 
f 6119/1/6119 6120/1/6120 6117/1/6117 
f 6120/1/6120 6121/1/6121 6122/1/6122 
f 6122/1/6122 6117/1/6117 6120/1/6120 
f 6117/1/6117 6122/1/6122 6107/1/6107 
f 6107/1/6107 6105/1/6105 6117/1/6117 
f 6105/1/6105 6106/1/6106 6118/1/6118 
f 6118/1/6118 6117/1/6117 6105/1/6105 
f 6123/1/6123 6110/1/6110 6099/1/6099 
f 6099/1/6099 6114/1/6114 6123/1/6123 
f 6114/1/6114 6113/1/6113 6124/1/6124 
f 6124/1/6124 6123/1/6123 6114/1/6114 
f 6118/1/6118 6123/1/6123 6124/1/6124 
f 6124/1/6124 6119/1/6119 6118/1/6118 
f 6118/1/6118 6106/1/6106 6110/1/6110 
f 6110/1/6110 6123/1/6123 6118/1/6118 
f 6125/1/6125 6126/1/6126 6127/1/6127 
f 6127/1/6127 6128/1/6128 6125/1/6125 
f 6128/1/6128 6113/1/6113 6112/1/6112 
f 6112/1/6112 6125/1/6125 6128/1/6128 
f 6125/1/6125 6112/1/6112 6116/1/6116 
f 6116/1/6116 6129/1/6129 6125/1/6125 
f 6129/1/6129 6130/1/6130 6126/1/6126 
f 6126/1/6126 6125/1/6125 6129/1/6129 
f 6131/1/6131 6132/1/6132 6133/1/6133 
f 6133/1/6133 6134/1/6134 6131/1/6131 
f 6134/1/6134 6135/1/6135 6136/1/6136 
f 6136/1/6136 6131/1/6131 6134/1/6134 
f 6131/1/6131 6136/1/6136 6121/1/6121 
f 6121/1/6121 6120/1/6120 6131/1/6131 
f 6120/1/6120 6119/1/6119 6132/1/6132 
f 6132/1/6132 6131/1/6131 6120/1/6120 
f 6137/1/6137 6124/1/6124 6113/1/6113 
f 6113/1/6113 6128/1/6128 6137/1/6137 
f 6138/1/6138 6137/1/6137 6128/1/6128 
f 6128/1/6128 6127/1/6127 6138/1/6138 
f 6132/1/6132 6137/1/6137 6138/1/6138 
f 6138/1/6138 6133/1/6133 6132/1/6132 
f 6132/1/6132 6119/1/6119 6124/1/6124 
f 6124/1/6124 6137/1/6137 6132/1/6132 
f 6139/1/6139 6140/1/6140 6141/1/6141 
f 6141/1/6141 6142/1/6142 6139/1/6139 
f 6126/1/6126 6142/1/6142 6141/1/6141 
f 6141/1/6141 6127/1/6127 6126/1/6126 
f 6142/1/6142 6126/1/6126 6130/1/6130 
f 6130/1/6130 6143/1/6143 6142/1/6142 
f 6143/1/6143 6144/1/6144 6139/1/6139 
f 6139/1/6139 6142/1/6142 6143/1/6143 
f 6145/1/6145 6146/1/6146 6147/1/6147 
f 6147/1/6147 6148/1/6148 6145/1/6145 
f 6148/1/6148 6149/1/6149 6150/1/6150 
f 6150/1/6150 6145/1/6145 6148/1/6148 
f 6145/1/6145 6150/1/6150 6135/1/6135 
f 6135/1/6135 6134/1/6134 6145/1/6145 
f 6134/1/6134 6133/1/6133 6146/1/6146 
f 6146/1/6146 6145/1/6145 6134/1/6134 
f 6138/1/6138 6127/1/6127 6141/1/6141 
f 6141/1/6141 6151/1/6151 6138/1/6138 
f 6151/1/6151 6141/1/6141 6140/1/6140 
f 6140/1/6140 6152/1/6152 6151/1/6151 
f 6152/1/6152 6147/1/6147 6146/1/6146 
f 6146/1/6146 6151/1/6151 6152/1/6152 
f 6151/1/6151 6146/1/6146 6133/1/6133 
f 6133/1/6133 6138/1/6138 6151/1/6151 
f 6153/1/6153 6154/1/6154 6155/1/6155 
f 6155/1/6155 6156/1/6156 6153/1/6153 
f 6156/1/6156 6157/1/6157 6158/1/6158 
f 6158/1/6158 6153/1/6153 6156/1/6156 
f 6153/1/6153 6158/1/6158 6140/1/6140 
f 6140/1/6140 6139/1/6139 6153/1/6153 
f 6139/1/6139 6144/1/6144 6154/1/6154 
f 6154/1/6154 6153/1/6153 6139/1/6139 
f 6159/1/6159 6160/1/6160 6161/1/6161 
f 6161/1/6161 6162/1/6162 6159/1/6159 
f 6162/1/6162 6163/1/6163 6164/1/6164 
f 6164/1/6164 6159/1/6159 6162/1/6162 
f 6159/1/6159 6164/1/6164 6149/1/6149 
f 6149/1/6149 6148/1/6148 6159/1/6159 
f 6148/1/6148 6147/1/6147 6160/1/6160 
f 6160/1/6160 6159/1/6159 6148/1/6148 
f 6165/1/6165 6158/1/6158 6157/1/6157 
f 6157/1/6157 6166/1/6166 6165/1/6165 
f 6166/1/6166 6161/1/6161 6160/1/6160 
f 6160/1/6160 6165/1/6165 6166/1/6166 
f 6165/1/6165 6160/1/6160 6147/1/6147 
f 6147/1/6147 6152/1/6152 6165/1/6165 
f 6152/1/6152 6140/1/6140 6158/1/6158 
f 6158/1/6158 6165/1/6165 6152/1/6152 
f 6167/1/6167 6168/1/6168 6169/1/6169 
f 6169/1/6169 6170/1/6170 6167/1/6167 
f 6170/1/6170 6171/1/6171 6172/1/6172 
f 6172/1/6172 6167/1/6167 6170/1/6170 
f 6167/1/6167 6172/1/6172 6157/1/6157 
f 6157/1/6157 6156/1/6156 6167/1/6167 
f 6156/1/6156 6155/1/6155 6168/1/6168 
f 6168/1/6168 6167/1/6167 6156/1/6156 
f 6173/1/6173 6174/1/6174 6175/1/6175 
f 6175/1/6175 6176/1/6176 6173/1/6173 
f 6173/1/6173 6176/1/6176 6177/1/6177 
f 6177/1/6177 6178/1/6178 6173/1/6173 
f 6162/1/6162 6173/1/6173 6178/1/6178 
f 6178/1/6178 6163/1/6163 6162/1/6162 
f 6162/1/6162 6161/1/6161 6174/1/6174 
f 6174/1/6174 6173/1/6173 6162/1/6162 
f 6179/1/6179 6172/1/6172 6171/1/6171 
f 6171/1/6171 6180/1/6180 6179/1/6179 
f 6180/1/6180 6175/1/6175 6174/1/6174 
f 6174/1/6174 6179/1/6179 6180/1/6180 
f 6179/1/6179 6174/1/6174 6161/1/6161 
f 6161/1/6161 6166/1/6166 6179/1/6179 
f 6166/1/6166 6157/1/6157 6172/1/6172 
f 6172/1/6172 6179/1/6179 6166/1/6166 
f 6181/1/6181 6182/1/6182 6183/1/6183 
f 6183/1/6183 6184/1/6184 6181/1/6181 
f 6184/1/6184 6185/1/6185 6186/1/6186 
f 6186/1/6186 6181/1/6181 6184/1/6184 
f 6181/1/6181 6186/1/6186 6171/1/6171 
f 6171/1/6171 6170/1/6170 6181/1/6181 
f 6170/1/6170 6169/1/6169 6182/1/6182 
f 6182/1/6182 6181/1/6181 6170/1/6170 
f 6187/1/6187 6188/1/6188 6189/1/6189 
f 6189/1/6189 6190/1/6190 6187/1/6187 
f 6190/1/6190 6189/1/6189 6191/1/6191 
f 6191/1/6191 6192/1/6192 6190/1/6190 
f 6192/1/6192 6177/1/6177 6176/1/6176 
f 6176/1/6176 6190/1/6190 6192/1/6192 
f 6187/1/6187 6190/1/6190 6176/1/6176 
f 6176/1/6176 6175/1/6175 6187/1/6187 
f 6193/1/6193 6186/1/6186 6185/1/6185 
f 6185/1/6185 6194/1/6194 6193/1/6193 
f 6194/1/6194 6188/1/6188 6187/1/6187 
f 6187/1/6187 6193/1/6193 6194/1/6194 
f 6193/1/6193 6187/1/6187 6175/1/6175 
f 6175/1/6175 6180/1/6180 6193/1/6193 
f 6180/1/6180 6171/1/6171 6186/1/6186 
f 6186/1/6186 6193/1/6193 6180/1/6180 
f 6195/1/6195 6196/1/6196 6197/1/6197 
f 6197/1/6197 6198/1/6198 6195/1/6195 
f 6198/1/6198 6199/1/6199 6200/1/6200 
f 6200/1/6200 6195/1/6195 6198/1/6198 
f 6195/1/6195 6200/1/6200 6185/1/6185 
f 6185/1/6185 6184/1/6184 6195/1/6195 
f 6184/1/6184 6183/1/6183 6196/1/6196 
f 6196/1/6196 6195/1/6195 6184/1/6184 
f 6201/1/6201 6202/1/6202 6203/1/6203 
f 6203/1/6203 6204/1/6204 6201/1/6201 
f 6202/1/6202 6201/1/6201 6205/1/6205 
f 6205/1/6205 6206/1/6206 6202/1/6202 
f 6206/1/6206 6191/1/6191 6189/1/6189 
f 6189/1/6189 6202/1/6202 6206/1/6206 
f 6202/1/6202 6189/1/6189 6188/1/6188 
f 6188/1/6188 6203/1/6203 6202/1/6202 
f 6207/1/6207 6200/1/6200 6199/1/6199 
f 6199/1/6199 6208/1/6208 6207/1/6207 
f 6208/1/6208 6204/1/6204 6203/1/6203 
f 6203/1/6203 6207/1/6207 6208/1/6208 
f 6207/1/6207 6203/1/6203 6188/1/6188 
f 6188/1/6188 6194/1/6194 6207/1/6207 
f 6194/1/6194 6185/1/6185 6200/1/6200 
f 6200/1/6200 6207/1/6207 6194/1/6194 
f 6209/1/6209 6210/1/6210 6211/1/6211 
f 6211/1/6211 6212/1/6212 6209/1/6209 
f 6212/1/6212 6213/1/6213 6214/1/6214 
f 6214/1/6214 6209/1/6209 6212/1/6212 
f 6209/1/6209 6214/1/6214 6199/1/6199 
f 6199/1/6199 6198/1/6198 6209/1/6209 
f 6198/1/6198 6197/1/6197 6210/1/6210 
f 6210/1/6210 6209/1/6209 6198/1/6198 
f 6215/1/6215 6216/1/6216 6217/1/6217 
f 6217/1/6217 6218/1/6218 6215/1/6215 
f 6218/1/6218 6217/1/6217 6219/1/6219 
f 6219/1/6219 6220/1/6220 6218/1/6218 
f 6220/1/6220 6205/1/6205 6201/1/6201 
f 6201/1/6201 6218/1/6218 6220/1/6220 
f 6218/1/6218 6201/1/6201 6204/1/6204 
f 6204/1/6204 6215/1/6215 6218/1/6218 
f 6221/1/6221 6214/1/6214 6213/1/6213 
f 6213/1/6213 6222/1/6222 6221/1/6221 
f 6222/1/6222 6216/1/6216 6215/1/6215 
f 6215/1/6215 6221/1/6221 6222/1/6222 
f 6221/1/6221 6215/1/6215 6204/1/6204 
f 6204/1/6204 6208/1/6208 6221/1/6221 
f 6208/1/6208 6199/1/6199 6214/1/6214 
f 6214/1/6214 6221/1/6221 6208/1/6208 
f 6223/1/6223 6224/1/6224 6225/1/6225 
f 6225/1/6225 6226/1/6226 6223/1/6223 
f 6226/1/6226 6227/1/6227 6228/1/6228 
f 6228/1/6228 6223/1/6223 6226/1/6226 
f 6223/1/6223 6228/1/6228 6213/1/6213 
f 6213/1/6213 6212/1/6212 6223/1/6223 
f 6212/1/6212 6211/1/6211 6224/1/6224 
f 6224/1/6224 6223/1/6223 6212/1/6212 
f 6229/1/6229 6230/1/6230 6231/1/6231 
f 6231/1/6231 6232/1/6232 6229/1/6229 
f 6232/1/6232 6231/1/6231 6233/1/6233 
f 6233/1/6233 6234/1/6234 6232/1/6232 
f 6234/1/6234 6219/1/6219 6217/1/6217 
f 6217/1/6217 6232/1/6232 6234/1/6234 
f 6232/1/6232 6217/1/6217 6216/1/6216 
f 6216/1/6216 6229/1/6229 6232/1/6232 
f 6235/1/6235 6228/1/6228 6227/1/6227 
f 6227/1/6227 6236/1/6236 6235/1/6235 
f 6236/1/6236 6230/1/6230 6229/1/6229 
f 6229/1/6229 6235/1/6235 6236/1/6236 
f 6235/1/6235 6229/1/6229 6216/1/6216 
f 6216/1/6216 6222/1/6222 6235/1/6235 
f 6222/1/6222 6213/1/6213 6228/1/6228 
f 6228/1/6228 6235/1/6235 6222/1/6222 
f 6237/1/6237 6238/1/6238 6239/1/6239 
f 6239/1/6239 6240/1/6240 6237/1/6237 
f 6240/1/6240 6241/1/6241 6242/1/6242 
f 6242/1/6242 6237/1/6237 6240/1/6240 
f 6237/1/6237 6242/1/6242 6227/1/6227 
f 6227/1/6227 6226/1/6226 6237/1/6237 
f 6226/1/6226 6225/1/6225 6238/1/6238 
f 6238/1/6238 6237/1/6237 6226/1/6226 
f 6243/1/6243 6244/1/6244 6245/1/6245 
f 6245/1/6245 6246/1/6246 6243/1/6243 
f 6246/1/6246 6245/1/6245 6247/1/6247 
f 6247/1/6247 6248/1/6248 6246/1/6246 
f 6248/1/6248 6233/1/6233 6231/1/6231 
f 6231/1/6231 6246/1/6246 6248/1/6248 
f 6246/1/6246 6231/1/6231 6230/1/6230 
f 6230/1/6230 6243/1/6243 6246/1/6246 
f 6249/1/6249 6242/1/6242 6241/1/6241 
f 6241/1/6241 6250/1/6250 6249/1/6249 
f 6250/1/6250 6244/1/6244 6243/1/6243 
f 6243/1/6243 6249/1/6249 6250/1/6250 
f 6249/1/6249 6243/1/6243 6230/1/6230 
f 6230/1/6230 6236/1/6236 6249/1/6249 
f 6236/1/6236 6227/1/6227 6242/1/6242 
f 6242/1/6242 6249/1/6249 6236/1/6236 
f 6251/1/6251 6252/1/6252 6253/1/6253 
f 6253/1/6253 6254/1/6254 6251/1/6251 
f 6254/1/6254 6255/1/6255 6256/1/6256 
f 6256/1/6256 6251/1/6251 6254/1/6254 
f 6251/1/6251 6256/1/6256 6241/1/6241 
f 6241/1/6241 6240/1/6240 6251/1/6251 
f 6240/1/6240 6239/1/6239 6252/1/6252 
f 6252/1/6252 6251/1/6251 6240/1/6240 
f 6257/1/6257 6258/1/6258 6259/1/6259 
f 6259/1/6259 6260/1/6260 6257/1/6257 
f 6260/1/6260 6259/1/6259 6261/1/6261 
f 6261/1/6261 6262/1/6262 6260/1/6260 
f 6262/1/6262 6247/1/6247 6245/1/6245 
f 6245/1/6245 6260/1/6260 6262/1/6262 
f 6260/1/6260 6245/1/6245 6244/1/6244 
f 6244/1/6244 6257/1/6257 6260/1/6260 
f 6263/1/6263 6256/1/6256 6255/1/6255 
f 6255/1/6255 6264/1/6264 6263/1/6263 
f 6257/1/6257 6263/1/6263 6264/1/6264 
f 6264/1/6264 6258/1/6258 6257/1/6257 
f 6263/1/6263 6257/1/6257 6244/1/6244 
f 6244/1/6244 6250/1/6250 6263/1/6263 
f 6250/1/6250 6241/1/6241 6256/1/6256 
f 6256/1/6256 6263/1/6263 6250/1/6250 
f 6265/1/6265 6266/1/6266 6267/1/6267 
f 6267/1/6267 6268/1/6268 6265/1/6265 
f 6268/1/6268 6269/1/6269 6270/1/6270 
f 6270/1/6270 6265/1/6265 6268/1/6268 
f 6265/1/6265 6270/1/6270 6255/1/6255 
f 6255/1/6255 6254/1/6254 6265/1/6265 
f 6254/1/6254 6253/1/6253 6266/1/6266 
f 6271/1/6271 6259/1/6259 6258/1/6258 
f 6258/1/6258 6272/1/6272 6271/1/6271 
f 6271/1/6271 6272/1/6272 6273/1/6273 
f 6273/1/6273 6274/1/6274 6271/1/6271 
f 6274/1/6274 6275/1/6275 6276/1/6276 
f 6276/1/6276 6271/1/6271 6274/1/6274 
f 6259/1/6259 6271/1/6271 6276/1/6276 
f 6276/1/6276 6261/1/6261 6259/1/6259 
f 6264/1/6264 6255/1/6255 6270/1/6270 
f 6270/1/6270 6277/1/6277 6264/1/6264 
f 6277/1/6277 6270/1/6270 6269/1/6269 
f 6269/1/6269 6278/1/6278 6277/1/6277 
f 6278/1/6278 6273/1/6273 6272/1/6272 
f 6272/1/6272 6277/1/6277 6278/1/6278 
f 6264/1/6264 6277/1/6277 6272/1/6272 
f 6272/1/6272 6258/1/6258 6264/1/6264 
f 6279/1/6279 6280/1/6280 6281/1/6281 
f 6281/1/6281 6282/1/6282 6279/1/6279 
f 6282/1/6282 6283/1/6283 6284/1/6284 
f 6284/1/6284 6279/1/6279 6282/1/6282 
f 6279/1/6279 6284/1/6284 6269/1/6269 
f 6269/1/6269 6268/1/6268 6279/1/6279 
f 6268/1/6268 6267/1/6267 6280/1/6280 
f 6280/1/6280 6279/1/6279 6268/1/6268 
f 6285/1/6285 6286/1/6286 6287/1/6287 
f 6287/1/6287 6288/1/6288 6285/1/6285 
f 6288/1/6288 6289/1/6289 6290/1/6290 
f 6290/1/6290 6285/1/6285 6288/1/6288 
f 6285/1/6285 6290/1/6290 6275/1/6275 
f 6275/1/6275 6274/1/6274 6285/1/6285 
f 6274/1/6274 6273/1/6273 6286/1/6286 
f 6286/1/6286 6285/1/6285 6274/1/6274 
f 6291/1/6291 6284/1/6284 6283/1/6283 
f 6283/1/6283 6292/1/6292 6291/1/6291 
f 6292/1/6292 6287/1/6287 6286/1/6286 
f 6286/1/6286 6291/1/6291 6292/1/6292 
f 6291/1/6291 6286/1/6286 6273/1/6273 
f 6273/1/6273 6278/1/6278 6291/1/6291 
f 6278/1/6278 6269/1/6269 6284/1/6284 
f 6284/1/6284 6291/1/6291 6278/1/6278 
f 6293/1/6293 6294/1/6294 6295/1/6295 
f 6295/1/6295 6296/1/6296 6293/1/6293 
f 6296/1/6296 6297/1/6297 6298/1/6298 
f 6298/1/6298 6293/1/6293 6296/1/6296 
f 6293/1/6293 6298/1/6298 6283/1/6283 
f 6283/1/6283 6282/1/6282 6293/1/6293 
f 6282/1/6282 6281/1/6281 6294/1/6294 
f 6294/1/6294 6293/1/6293 6282/1/6282 
f 6299/1/6299 6300/1/6300 6301/1/6301 
f 6301/1/6301 6302/1/6302 6299/1/6299 
f 6302/1/6302 6303/1/6303 6304/1/6304 
f 6304/1/6304 6299/1/6299 6302/1/6302 
f 6299/1/6299 6304/1/6304 6289/1/6289 
f 6289/1/6289 6288/1/6288 6299/1/6299 
f 6288/1/6288 6287/1/6287 6300/1/6300 
f 6300/1/6300 6299/1/6299 6288/1/6288 
f 6305/1/6305 6298/1/6298 6297/1/6297 
f 6297/1/6297 6306/1/6306 6305/1/6305 
f 6306/1/6306 6301/1/6301 6300/1/6300 
f 6300/1/6300 6305/1/6305 6306/1/6306 
f 6305/1/6305 6300/1/6300 6287/1/6287 
f 6287/1/6287 6292/1/6292 6305/1/6305 
f 6292/1/6292 6283/1/6283 6298/1/6298 
f 6298/1/6298 6305/1/6305 6292/1/6292 
f 6307/1/6307 6308/1/6308 6303/1/6303 
f 6303/1/6303 6302/1/6302 6307/1/6307 
f 6302/1/6302 6301/1/6301 6309/1/6309 
f 6309/1/6309 6307/1/6307 6302/1/6302 
f 6307/1/6307 6309/1/6309 6310/1/6310 
f 6310/1/6310 6311/1/6311 6307/1/6307 
f 6311/1/6311 6312/1/6312 6308/1/6308 
f 6308/1/6308 6307/1/6307 6311/1/6311 
f 6313/1/6313 6314/1/6314 6315/1/6315 
f 6315/1/6315 6316/1/6316 6313/1/6313 
f 6316/1/6316 6317/1/6317 6318/1/6318 
f 6318/1/6318 6313/1/6313 6316/1/6316 
f 6313/1/6313 6318/1/6318 6312/1/6312 
f 6312/1/6312 6311/1/6311 6313/1/6313 
f 6311/1/6311 6310/1/6310 6314/1/6314 
f 6314/1/6314 6313/1/6313 6311/1/6311 
f 6319/1/6319 6309/1/6309 6301/1/6301 
f 6301/1/6301 6306/1/6306 6319/1/6319 
f 6306/1/6306 6297/1/6297 6320/1/6320 
f 6320/1/6320 6319/1/6319 6306/1/6306 
f 6319/1/6319 6320/1/6320 6321/1/6321 
f 6321/1/6321 6322/1/6322 6319/1/6319 
f 6322/1/6322 6310/1/6310 6309/1/6309 
f 6309/1/6309 6319/1/6319 6322/1/6322 
f 6323/1/6323 6324/1/6324 6325/1/6325 
f 6325/1/6325 6321/1/6321 6320/1/6320 
f 6320/1/6320 6326/1/6326 6325/1/6325 
f 6326/1/6326 6320/1/6320 6297/1/6297 
f 6297/1/6297 6296/1/6296 6326/1/6326 
f 6296/1/6296 6295/1/6295 6323/1/6323 
f 6327/1/6327 6095/1/6095 6074/1/6074 
f 6074/1/6074 6073/1/6073 6327/1/6327 
f 6073/1/6073 6072/1/6072 6328/1/6328 
f 6328/1/6328 6327/1/6327 6073/1/6073 
f 6327/1/6327 6328/1/6328 6329/1/6329 
f 6329/1/6329 6330/1/6330 6327/1/6327 
f 6330/1/6330 6083/1/6083 6095/1/6095 
f 6095/1/6095 6327/1/6327 6330/1/6330 
f 6331/1/6331 6332/1/6332 6333/1/6333 
f 6333/1/6333 6334/1/6334 6331/1/6331 
f 6331/1/6331 6334/1/6334 6321/1/6321 
f 6321/1/6321 6325/1/6325 6331/1/6331 
f 6324/1/6324 6335/1/6335 6331/1/6331 
f 6335/1/6335 6336/1/6336 6332/1/6332 
f 6332/1/6332 6331/1/6331 6335/1/6335 
f 6337/1/6337 6316/1/6316 6315/1/6315 
f 6315/1/6315 6338/1/6338 6337/1/6337 
f 6338/1/6338 6339/1/6339 6340/1/6340 
f 6340/1/6340 6337/1/6337 6338/1/6338 
f 6337/1/6337 6340/1/6340 6341/1/6341 
f 6341/1/6341 6342/1/6342 6337/1/6337 
f 6342/1/6342 6317/1/6317 6316/1/6316 
f 6316/1/6316 6337/1/6337 6342/1/6342 
f 6343/1/6343 6071/1/6071 6078/1/6078 
f 6078/1/6078 6344/1/6344 6343/1/6343 
f 6344/1/6344 6341/1/6341 6340/1/6340 
f 6340/1/6340 6343/1/6343 6344/1/6344 
f 6343/1/6343 6340/1/6340 6339/1/6339 
f 6339/1/6339 6345/1/6345 6343/1/6343 
f 6345/1/6345 6072/1/6072 6071/1/6071 
f 6071/1/6071 6343/1/6343 6345/1/6345 
f 6346/1/6346 6084/1/6084 6083/1/6083 
f 6083/1/6083 6330/1/6330 6346/1/6346 
f 6330/1/6330 6329/1/6329 6347/1/6347 
f 6346/1/6346 6347/1/6347 6348/1/6348 
f 6348/1/6348 6349/1/6349 6346/1/6346 
f 6349/1/6349 6085/1/6085 6084/1/6084 
f 6084/1/6084 6346/1/6346 6349/1/6349 
f 6350/1/6350 6351/1/6351 6352/1/6352 
f 6352/1/6352 6353/1/6353 6350/1/6350 
f 6353/1/6353 6333/1/6333 6332/1/6332 
f 6332/1/6332 6350/1/6350 6353/1/6353 
f 6350/1/6350 6332/1/6332 6336/1/6336 
f 6336/1/6336 6354/1/6354 6350/1/6350 
f 6354/1/6354 6355/1/6355 6351/1/6351 
f 6351/1/6351 6350/1/6350 6354/1/6354 
f 6322/1/6322 6321/1/6321 6334/1/6334 
f 6334/1/6334 6356/1/6356 6322/1/6322 
f 6356/1/6356 6334/1/6334 6333/1/6333 
f 6333/1/6333 6357/1/6357 6356/1/6356 
f 6357/1/6357 6315/1/6315 6314/1/6314 
f 6314/1/6314 6356/1/6356 6357/1/6357 
f 6356/1/6356 6314/1/6314 6310/1/6310 
f 6310/1/6310 6322/1/6322 6356/1/6356 
f 6358/1/6358 6357/1/6357 6333/1/6333 
f 6333/1/6333 6353/1/6353 6358/1/6358 
f 6359/1/6359 6358/1/6358 6353/1/6353 
f 6353/1/6353 6352/1/6352 6359/1/6359 
f 6358/1/6358 6359/1/6359 6339/1/6339 
f 6339/1/6339 6338/1/6338 6358/1/6358 
f 6338/1/6338 6315/1/6315 6357/1/6357 
f 6357/1/6357 6358/1/6358 6338/1/6338 
f 6359/1/6359 6352/1/6352 6360/1/6360 
f 6360/1/6360 6361/1/6361 6359/1/6359 
f 6360/1/6360 6329/1/6329 6328/1/6328 
f 6328/1/6328 6361/1/6361 6360/1/6360 
f 6361/1/6361 6328/1/6328 6072/1/6072 
f 6072/1/6072 6345/1/6345 6361/1/6361 
f 6345/1/6345 6339/1/6339 6359/1/6359 
f 6359/1/6359 6361/1/6361 6345/1/6345 
f 6362/1/6362 6347/1/6347 6329/1/6329 
f 6329/1/6329 6360/1/6360 6362/1/6362 
f 6360/1/6360 6352/1/6352 6351/1/6351 
f 6351/1/6351 6362/1/6362 6360/1/6360 
f 6362/1/6362 6351/1/6351 6355/1/6355 
f 6355/1/6355 6363/1/6363 6362/1/6362 
f 6363/1/6363 6348/1/6348 6347/1/6347 
f 6364/1/6364 6365/1/6365 6366/1/6366 
f 6366/1/6366 6367/1/6367 6364/1/6364 
f 6367/1/6367 6366/1/6366 6368/1/6368 
f 6368/1/6368 6369/1/6369 6367/1/6367 
f 6369/1/6369 6312/1/6312 6318/1/6318 
f 6318/1/6318 6367/1/6367 6369/1/6369 
f 6367/1/6367 6318/1/6318 6317/1/6317 
f 6317/1/6317 6364/1/6364 6367/1/6367 
f 6370/1/6370 6308/1/6308 6312/1/6312 
f 6312/1/6312 6369/1/6369 6370/1/6370 
f 6369/1/6369 6368/1/6368 6371/1/6371 
f 6371/1/6371 6370/1/6370 6369/1/6369 
f 6370/1/6370 6371/1/6371 6372/1/6372 
f 6372/1/6372 6373/1/6373 6370/1/6370 
f 6373/1/6373 6303/1/6303 6308/1/6308 
f 6308/1/6308 6370/1/6370 6373/1/6373 
f 6374/1/6374 6304/1/6304 6303/1/6303 
f 6303/1/6303 6373/1/6373 6374/1/6374 
f 6373/1/6373 6372/1/6372 6375/1/6375 
f 6375/1/6375 6374/1/6374 6373/1/6373 
f 6374/1/6374 6375/1/6375 6376/1/6376 
f 6376/1/6376 6377/1/6377 6374/1/6374 
f 6377/1/6377 6289/1/6289 6304/1/6304 
f 6304/1/6304 6374/1/6374 6377/1/6377 
f 6378/1/6378 6290/1/6290 6289/1/6289 
f 6289/1/6289 6377/1/6377 6378/1/6378 
f 6377/1/6377 6376/1/6376 6379/1/6379 
f 6379/1/6379 6378/1/6378 6377/1/6377 
f 6378/1/6378 6379/1/6379 6380/1/6380 
f 6380/1/6380 6381/1/6381 6378/1/6378 
f 6381/1/6381 6275/1/6275 6290/1/6290 
f 6290/1/6290 6378/1/6378 6381/1/6381 
f 6381/1/6381 6380/1/6380 6382/1/6382 
f 6382/1/6382 6383/1/6383 6381/1/6381 
f 6383/1/6383 6382/1/6382 6384/1/6384 
f 6384/1/6384 6385/1/6385 6383/1/6383 
f 6385/1/6385 6261/1/6261 6276/1/6276 
f 6276/1/6276 6383/1/6383 6385/1/6385 
f 6383/1/6383 6276/1/6276 6275/1/6275 
f 6275/1/6275 6381/1/6381 6383/1/6383 
f 6261/1/6261 6385/1/6385 6386/1/6386 
f 6386/1/6386 6262/1/6262 6261/1/6261 
f 6387/1/6387 6386/1/6386 6385/1/6385 
f 6385/1/6385 6384/1/6384 6387/1/6387 
f 6388/1/6388 6386/1/6386 6387/1/6387 
f 6387/1/6387 6389/1/6389 6388/1/6388 
f 6262/1/6262 6386/1/6386 6388/1/6388 
f 6388/1/6388 6247/1/6247 6262/1/6262 
f 6390/1/6390 6388/1/6388 6389/1/6389 
f 6389/1/6389 6391/1/6391 6390/1/6390 
f 6391/1/6391 6392/1/6392 6393/1/6393 
f 6393/1/6393 6390/1/6390 6391/1/6391 
f 6390/1/6390 6393/1/6393 6233/1/6233 
f 6233/1/6233 6248/1/6248 6390/1/6390 
f 6248/1/6248 6247/1/6247 6388/1/6388 
f 6388/1/6388 6390/1/6390 6248/1/6248 
f 6394/1/6394 6395/1/6395 6396/1/6396 
f 6396/1/6396 6397/1/6397 6394/1/6394 
f 6397/1/6397 6396/1/6396 6398/1/6398 
f 6398/1/6398 6399/1/6399 6397/1/6397 
f 6400/1/6400 6401/1/6401 6402/1/6402 
f 6401/1/6401 6395/1/6395 6394/1/6394 
f 6394/1/6394 6402/1/6402 6401/1/6401 
f 6403/1/6403 6404/1/6404 6405/1/6405 
f 6405/1/6405 6406/1/6406 6403/1/6403 
f 6406/1/6406 6372/1/6372 6371/1/6371 
f 6371/1/6371 6403/1/6403 6406/1/6406 
f 6403/1/6403 6371/1/6371 6368/1/6368 
f 6368/1/6368 6407/1/6407 6403/1/6403 
f 6407/1/6407 6408/1/6408 6404/1/6404 
f 6404/1/6404 6403/1/6403 6407/1/6407 
f 6409/1/6409 6399/1/6399 6398/1/6398 
f 6398/1/6398 6410/1/6410 6409/1/6409 
f 6410/1/6410 6411/1/6411 6412/1/6412 
f 6412/1/6412 6409/1/6409 6410/1/6410 
f 6413/1/6413 6414/1/6414 6415/1/6415 
f 6414/1/6414 6413/1/6413 6416/1/6416 
f 6416/1/6416 6417/1/6417 6414/1/6414 
f 6417/1/6417 6405/1/6405 6404/1/6404 
f 6404/1/6404 6414/1/6414 6417/1/6417 
f 6414/1/6414 6404/1/6404 6408/1/6408 
f 6418/1/6418 6412/1/6412 6411/1/6411 
f 6419/1/6419 6416/1/6416 6413/1/6413 
f 6420/1/6420 6375/1/6375 6372/1/6372 
f 6372/1/6372 6406/1/6406 6420/1/6420 
f 6406/1/6406 6405/1/6405 6421/1/6421 
f 6421/1/6421 6420/1/6420 6406/1/6406 
f 6420/1/6420 6421/1/6421 6422/1/6422 
f 6422/1/6422 6423/1/6423 6420/1/6420 
f 6423/1/6423 6376/1/6376 6375/1/6375 
f 6375/1/6375 6420/1/6420 6423/1/6423 
f 6424/1/6424 6421/1/6421 6405/1/6405 
f 6405/1/6405 6417/1/6417 6424/1/6424 
f 6417/1/6417 6416/1/6416 6425/1/6425 
f 6425/1/6425 6424/1/6424 6417/1/6417 
f 6424/1/6424 6425/1/6425 6426/1/6426 
f 6426/1/6426 6427/1/6427 6424/1/6424 
f 6427/1/6427 6422/1/6422 6421/1/6421 
f 6421/1/6421 6424/1/6424 6427/1/6427 
f 6428/1/6428 6429/1/6429 6430/1/6430 
f 6430/1/6430 6431/1/6431 6428/1/6428 
f 6431/1/6431 6426/1/6426 6425/1/6425 
f 6425/1/6425 6428/1/6428 6431/1/6431 
f 6428/1/6428 6425/1/6425 6416/1/6416 
f 6416/1/6416 6419/1/6419 6428/1/6428 
f 6419/1/6419 6411/1/6411 6429/1/6429 
f 6423/1/6423 6422/1/6422 6432/1/6432 
f 6432/1/6432 6433/1/6433 6423/1/6423 
f 6432/1/6432 6434/1/6434 6435/1/6435 
f 6435/1/6435 6433/1/6433 6432/1/6432 
f 6435/1/6435 6380/1/6380 6379/1/6379 
f 6433/1/6433 6379/1/6379 6376/1/6376 
f 6376/1/6376 6423/1/6423 6433/1/6433 
f 6436/1/6436 6410/1/6410 6398/1/6398 
f 6398/1/6398 6437/1/6437 6436/1/6436 
f 6437/1/6437 6438/1/6438 6439/1/6439 
f 6439/1/6439 6436/1/6436 6437/1/6437 
f 6436/1/6436 6439/1/6439 6430/1/6430 
f 6430/1/6430 6429/1/6429 6436/1/6436 
f 6436/1/6436 6429/1/6429 6411/1/6411 
f 6411/1/6411 6410/1/6410 6436/1/6436 
f 6427/1/6427 6426/1/6426 6440/1/6440 
f 6440/1/6440 6441/1/6441 6427/1/6427 
f 6441/1/6441 6440/1/6440 6442/1/6442 
f 6443/1/6443 6434/1/6434 6432/1/6432 
f 6441/1/6441 6432/1/6432 6422/1/6422 
f 6422/1/6422 6427/1/6427 6441/1/6441 
f 6431/1/6431 6430/1/6430 6439/1/6439 
f 6444/1/6444 6439/1/6439 6438/1/6438 
f 6445/1/6445 6442/1/6442 6440/1/6440 
f 6444/1/6444 6440/1/6440 6426/1/6426 
f 6426/1/6426 6431/1/6431 6444/1/6444 
f 6446/1/6446 6435/1/6435 6434/1/6434 
f 6447/1/6447 6448/1/6448 6449/1/6449 
f 6446/1/6446 6449/1/6449 6384/1/6384 
f 6384/1/6384 6382/1/6382 6446/1/6446 
f 6382/1/6382 6380/1/6380 6435/1/6435 
f 6450/1/6450 6396/1/6396 6395/1/6395 
f 6395/1/6395 6451/1/6451 6450/1/6450 
f 6451/1/6451 6452/1/6452 6453/1/6453 
f 6453/1/6453 6450/1/6450 6451/1/6451 
f 6450/1/6450 6453/1/6453 6438/1/6438 
f 6438/1/6438 6437/1/6437 6450/1/6450 
f 6437/1/6437 6398/1/6398 6396/1/6396 
f 6396/1/6396 6450/1/6450 6437/1/6437 
f 6443/1/6443 6442/1/6442 6454/1/6454 
f 6455/1/6455 6454/1/6454 6456/1/6456 
f 6456/1/6456 6457/1/6457 6455/1/6455 
f 6457/1/6457 6448/1/6448 6447/1/6447 
f 6455/1/6455 6447/1/6447 6434/1/6434 
f 6434/1/6434 6443/1/6443 6455/1/6455 
f 6458/1/6458 6453/1/6453 6452/1/6452 
f 6452/1/6452 6459/1/6459 6458/1/6458 
f 6459/1/6459 6456/1/6456 6454/1/6454 
f 6458/1/6458 6454/1/6454 6442/1/6442 
f 6442/1/6442 6445/1/6445 6458/1/6458 
f 6445/1/6445 6438/1/6438 6453/1/6453 
f 6453/1/6453 6458/1/6458 6445/1/6445 
f 6460/1/6460 6449/1/6449 6448/1/6448 
f 6448/1/6448 6461/1/6461 6460/1/6460 
f 6461/1/6461 6462/1/6462 6463/1/6463 
f 6463/1/6463 6460/1/6460 6461/1/6461 
f 6460/1/6460 6463/1/6463 6389/1/6389 
f 6389/1/6389 6387/1/6387 6460/1/6460 
f 6387/1/6387 6384/1/6384 6449/1/6449 
f 6449/1/6449 6460/1/6460 6387/1/6387 
f 6464/1/6464 6451/1/6451 6395/1/6395 
f 6395/1/6395 6401/1/6401 6464/1/6464 
f 6401/1/6401 6400/1/6400 6465/1/6465 
f 6465/1/6465 6464/1/6464 6401/1/6401 
f 6465/1/6465 6466/1/6466 6467/1/6467 
f 6467/1/6467 6464/1/6464 6465/1/6465 
f 6464/1/6464 6467/1/6467 6452/1/6452 
f 6452/1/6452 6451/1/6451 6464/1/6464 
f 6468/1/6468 6461/1/6461 6448/1/6448 
f 6457/1/6457 6456/1/6456 6469/1/6469 
f 6469/1/6469 6468/1/6468 6457/1/6457 
f 6468/1/6468 6469/1/6469 6470/1/6470 
f 6470/1/6470 6471/1/6471 6468/1/6468 
f 6471/1/6471 6462/1/6462 6461/1/6461 
f 6472/1/6472 6467/1/6467 6466/1/6466 
f 6466/1/6466 6473/1/6473 6472/1/6472 
f 6473/1/6473 6470/1/6470 6469/1/6469 
f 6469/1/6469 6472/1/6472 6473/1/6473 
f 6472/1/6472 6469/1/6469 6456/1/6456 
f 6456/1/6456 6459/1/6459 6472/1/6472 
f 6459/1/6459 6452/1/6452 6467/1/6467 
f 6474/1/6474 6465/1/6465 6400/1/6400 
f 6475/1/6475 6476/1/6476 6474/1/6474 
f 6474/1/6474 6476/1/6476 6466/1/6466 
f 6466/1/6466 6465/1/6465 6474/1/6474 
f 6477/1/6477 6478/1/6478 6462/1/6462 
f 6462/1/6462 6471/1/6471 6477/1/6477 
f 6471/1/6471 6470/1/6470 6479/1/6479 
f 6479/1/6479 6477/1/6477 6471/1/6471 
f 6477/1/6477 6479/1/6479 6480/1/6480 
f 6480/1/6480 6481/1/6481 6477/1/6477 
f 6481/1/6481 6482/1/6482 6478/1/6478 
f 6478/1/6478 6477/1/6477 6481/1/6481 
f 6483/1/6483 6476/1/6476 6475/1/6475 
f 6475/1/6475 6484/1/6484 6483/1/6483 
f 6484/1/6484 6480/1/6480 6479/1/6479 
f 6483/1/6483 6479/1/6479 6470/1/6470 
f 6470/1/6470 6473/1/6473 6483/1/6483 
f 6473/1/6473 6466/1/6466 6476/1/6476 
f 6476/1/6476 6483/1/6483 6473/1/6473 
f 6485/1/6485 6486/1/6486 6487/1/6487 
f 6487/1/6487 6488/1/6488 6485/1/6485 
f 6488/1/6488 6489/1/6489 6490/1/6490 
f 6490/1/6490 6485/1/6485 6488/1/6488 
f 6485/1/6485 6490/1/6490 6092/1/6092 
f 6092/1/6092 6108/1/6108 6485/1/6485 
f 6108/1/6108 6107/1/6107 6486/1/6486 
f 6486/1/6486 6485/1/6485 6108/1/6108 
f 6491/1/6491 6490/1/6490 6489/1/6489 
f 6489/1/6489 6492/1/6492 6491/1/6491 
f 6492/1/6492 6493/1/6493 6494/1/6494 
f 6494/1/6494 6491/1/6491 6492/1/6492 
f 6491/1/6491 6494/1/6494 6076/1/6076 
f 6076/1/6076 6093/1/6093 6491/1/6491 
f 6093/1/6093 6092/1/6092 6490/1/6490 
f 6490/1/6490 6491/1/6491 6093/1/6093 
f 6495/1/6495 6494/1/6494 6493/1/6493 
f 6493/1/6493 6496/1/6496 6495/1/6495 
f 6496/1/6496 6497/1/6497 6498/1/6498 
f 6498/1/6498 6495/1/6495 6496/1/6496 
f 6495/1/6495 6498/1/6498 6078/1/6078 
f 6078/1/6078 6077/1/6077 6495/1/6495 
f 6077/1/6077 6076/1/6076 6494/1/6494 
f 6494/1/6494 6495/1/6495 6077/1/6077 
f 6499/1/6499 6500/1/6500 6501/1/6501 
f 6501/1/6501 6502/1/6502 6499/1/6499 
f 6502/1/6502 6365/1/6365 6364/1/6364 
f 6364/1/6364 6499/1/6499 6502/1/6502 
f 6499/1/6499 6364/1/6364 6317/1/6317 
f 6317/1/6317 6342/1/6342 6499/1/6499 
f 6342/1/6342 6341/1/6341 6500/1/6500 
f 6500/1/6500 6499/1/6499 6342/1/6342 
f 6503/1/6503 6498/1/6498 6497/1/6497 
f 6497/1/6497 6504/1/6504 6503/1/6503 
f 6504/1/6504 6501/1/6501 6500/1/6500 
f 6500/1/6500 6503/1/6503 6504/1/6504 
f 6503/1/6503 6500/1/6500 6341/1/6341 
f 6341/1/6341 6344/1/6344 6503/1/6503 
f 6344/1/6344 6078/1/6078 6498/1/6498 
f 6498/1/6498 6503/1/6503 6344/1/6344 
f 6505/1/6505 6366/1/6366 6365/1/6365 
f 6365/1/6365 6506/1/6506 6505/1/6505 
f 6506/1/6506 6507/1/6507 6508/1/6508 
f 6508/1/6508 6505/1/6505 6506/1/6506 
f 6505/1/6505 6508/1/6508 6408/1/6408 
f 6408/1/6408 6407/1/6407 6505/1/6505 
f 6407/1/6407 6368/1/6368 6366/1/6366 
f 6366/1/6366 6505/1/6505 6407/1/6407 
f 6509/1/6509 6510/1/6510 6511/1/6511 
f 6511/1/6511 6512/1/6512 6509/1/6509 
f 6512/1/6512 6507/1/6507 6506/1/6506 
f 6506/1/6506 6509/1/6509 6512/1/6512 
f 6509/1/6509 6506/1/6506 6365/1/6365 
f 6365/1/6365 6502/1/6502 6509/1/6509 
f 6502/1/6502 6501/1/6501 6510/1/6510 
f 6510/1/6510 6509/1/6509 6502/1/6502 
f 6513/1/6513 6514/1/6514 6515/1/6515 
f 6515/1/6515 6516/1/6516 6513/1/6513 
f 6516/1/6516 6392/1/6392 6391/1/6391 
f 6391/1/6391 6513/1/6513 6516/1/6516 
f 6391/1/6391 6389/1/6389 6463/1/6463 
f 6463/1/6463 6513/1/6513 6391/1/6391 
f 6463/1/6463 6462/1/6462 6514/1/6514 
f 6514/1/6514 6513/1/6513 6463/1/6463 
f 6517/1/6517 6122/1/6122 6121/1/6121 
f 6121/1/6121 6518/1/6518 6517/1/6517 
f 6518/1/6518 6519/1/6519 6520/1/6520 
f 6520/1/6520 6517/1/6517 6518/1/6518 
f 6517/1/6517 6520/1/6520 6487/1/6487 
f 6487/1/6487 6486/1/6486 6517/1/6517 
f 6486/1/6486 6107/1/6107 6122/1/6122 
f 6122/1/6122 6517/1/6517 6486/1/6486 
f 6521/1/6521 6522/1/6522 6523/1/6523 
f 6523/1/6523 6524/1/6524 6521/1/6521 
f 6524/1/6524 6523/1/6523 6519/1/6519 
f 6519/1/6519 6518/1/6518 6524/1/6524 
f 6518/1/6518 6121/1/6121 6136/1/6136 
f 6136/1/6136 6524/1/6524 6518/1/6518 
f 6524/1/6524 6136/1/6136 6135/1/6135 
f 6135/1/6135 6521/1/6521 6524/1/6524 
f 6525/1/6525 6150/1/6150 6149/1/6149 
f 6149/1/6149 6526/1/6526 6525/1/6525 
f 6526/1/6526 6527/1/6527 6528/1/6528 
f 6528/1/6528 6525/1/6525 6526/1/6526 
f 6525/1/6525 6528/1/6528 6522/1/6522 
f 6522/1/6522 6521/1/6521 6525/1/6525 
f 6521/1/6521 6135/1/6135 6150/1/6150 
f 6150/1/6150 6525/1/6525 6521/1/6521 
f 6529/1/6529 6530/1/6530 6531/1/6531 
f 6531/1/6531 6532/1/6532 6529/1/6529 
f 6526/1/6526 6532/1/6532 6531/1/6531 
f 6531/1/6531 6527/1/6527 6526/1/6526 
f 6526/1/6526 6149/1/6149 6164/1/6164 
f 6164/1/6164 6532/1/6532 6526/1/6526 
f 6532/1/6532 6164/1/6164 6163/1/6163 
f 6163/1/6163 6529/1/6529 6532/1/6532 
f 6206/1/6206 6205/1/6205 6533/1/6533 
f 6533/1/6533 6534/1/6534 6206/1/6206 
f 6534/1/6534 6533/1/6533 6535/1/6535 
f 6535/1/6535 6536/1/6536 6534/1/6534 
f 6536/1/6536 6537/1/6537 6538/1/6538 
f 6538/1/6538 6534/1/6534 6536/1/6536 
f 6534/1/6534 6538/1/6538 6191/1/6191 
f 6191/1/6191 6206/1/6206 6534/1/6534 
f 6220/1/6220 6219/1/6219 6539/1/6539 
f 6539/1/6539 6540/1/6540 6220/1/6220 
f 6539/1/6539 6541/1/6541 6542/1/6542 
f 6542/1/6542 6540/1/6540 6539/1/6539 
f 6540/1/6540 6542/1/6542 6535/1/6535 
f 6535/1/6535 6533/1/6533 6540/1/6540 
f 6540/1/6540 6533/1/6533 6205/1/6205 
f 6205/1/6205 6220/1/6220 6540/1/6540 
f 6543/1/6543 6544/1/6544 6393/1/6393 
f 6393/1/6393 6392/1/6392 6543/1/6543 
f 6544/1/6544 6543/1/6543 6541/1/6541 
f 6541/1/6541 6539/1/6539 6544/1/6544 
f 6544/1/6544 6539/1/6539 6219/1/6219 
f 6219/1/6219 6234/1/6234 6544/1/6544 
f 6234/1/6234 6233/1/6233 6393/1/6393 
f 6393/1/6393 6544/1/6544 6234/1/6234 
f 6545/1/6545 6546/1/6546 6547/1/6547 
f 6547/1/6547 6548/1/6548 6545/1/6545 
f 6548/1/6548 6541/1/6541 6543/1/6543 
f 6543/1/6543 6545/1/6545 6548/1/6548 
f 6545/1/6545 6543/1/6543 6392/1/6392 
f 6392/1/6392 6516/1/6516 6545/1/6545 
f 6516/1/6516 6515/1/6515 6546/1/6546 
f 6546/1/6546 6545/1/6545 6516/1/6516 
f 6549/1/6549 6550/1/6550 6551/1/6551 
f 6551/1/6551 6552/1/6552 6549/1/6549 
f 6552/1/6552 6553/1/6553 6554/1/6554 
f 6554/1/6554 6549/1/6549 6552/1/6552 
f 6555/1/6555 6556/1/6556 6549/1/6549 
f 6556/1/6556 6557/1/6557 6550/1/6550 
f 6550/1/6550 6549/1/6549 6556/1/6556 
f 6558/1/6558 6559/1/6559 6480/1/6480 
f 6560/1/6560 6481/1/6481 6480/1/6480 
f 6480/1/6480 6559/1/6559 6560/1/6560 
f 6561/1/6561 6482/1/6482 6481/1/6481 
f 6481/1/6481 6560/1/6560 6561/1/6561 
f 6511/1/6511 6562/1/6562 6563/1/6563 
f 6562/1/6562 6564/1/6564 6565/1/6565 
f 6566/1/6566 6567/1/6567 6564/1/6564 
f 6564/1/6564 6562/1/6562 6566/1/6566 
f 6562/1/6562 6511/1/6511 6510/1/6510 
f 6510/1/6510 6566/1/6566 6562/1/6562 
f 6566/1/6566 6510/1/6510 6501/1/6501 
f 6504/1/6504 6497/1/6497 6567/1/6567 
f 6567/1/6567 6566/1/6566 6504/1/6504 
f 6568/1/6568 6569/1/6569 6570/1/6570 
f 6570/1/6570 6571/1/6571 6568/1/6568 
f 6571/1/6571 6564/1/6564 6567/1/6567 
f 6567/1/6567 6568/1/6568 6571/1/6571 
f 6568/1/6568 6567/1/6567 6497/1/6497 
f 6497/1/6497 6496/1/6496 6568/1/6568 
f 6496/1/6496 6493/1/6493 6569/1/6569 
f 6569/1/6569 6568/1/6568 6496/1/6496 
f 6572/1/6572 6573/1/6573 6574/1/6574 
f 6572/1/6572 6569/1/6569 6493/1/6493 
f 6493/1/6493 6492/1/6492 6572/1/6572 
f 6492/1/6492 6489/1/6489 6573/1/6573 
f 6573/1/6573 6572/1/6572 6492/1/6492 
f 6575/1/6575 6488/1/6488 6487/1/6487 
f 6487/1/6487 6576/1/6576 6575/1/6575 
f 6576/1/6576 6577/1/6577 6578/1/6578 
f 6578/1/6578 6575/1/6575 6576/1/6576 
f 6578/1/6578 6574/1/6574 6573/1/6573 
f 6575/1/6575 6573/1/6573 6489/1/6489 
f 6489/1/6489 6488/1/6488 6575/1/6575 
f 6554/1/6554 6553/1/6553 6579/1/6579 
f 6580/1/6580 6581/1/6581 6582/1/6582 
f 6583/1/6583 6582/1/6582 6557/1/6557 
f 6557/1/6557 6556/1/6556 6583/1/6583 
f 6584/1/6584 6585/1/6585 6586/1/6586 
f 6586/1/6586 6587/1/6587 6584/1/6584 
f 6587/1/6587 6586/1/6586 6530/1/6530 
f 6530/1/6530 6529/1/6529 6587/1/6587 
f 6529/1/6529 6163/1/6163 6178/1/6178 
f 6178/1/6178 6587/1/6587 6529/1/6529 
f 6178/1/6178 6177/1/6177 6584/1/6584 
f 6584/1/6584 6587/1/6587 6178/1/6178 
f 6588/1/6588 6538/1/6538 6537/1/6537 
f 6537/1/6537 6589/1/6589 6588/1/6588 
f 6589/1/6589 6585/1/6585 6584/1/6584 
f 6584/1/6584 6588/1/6588 6589/1/6589 
f 6588/1/6588 6584/1/6584 6177/1/6177 
f 6177/1/6177 6192/1/6192 6588/1/6588 
f 6192/1/6192 6191/1/6191 6538/1/6538 
f 6538/1/6538 6588/1/6588 6192/1/6192 
f 6590/1/6590 6591/1/6591 6592/1/6592 
f 6592/1/6592 6593/1/6593 6590/1/6590 
f 6590/1/6590 6593/1/6593 6553/1/6553 
f 6553/1/6553 6552/1/6552 6590/1/6590 
f 6552/1/6552 6551/1/6551 6591/1/6591 
f 6591/1/6591 6590/1/6590 6552/1/6552 
f 6594/1/6594 6595/1/6595 6596/1/6596 
f 6596/1/6596 6597/1/6597 6594/1/6594 
f 6597/1/6597 6596/1/6596 6482/1/6482 
f 6482/1/6482 6561/1/6561 6597/1/6597 
f 6598/1/6598 6599/1/6599 6600/1/6600 
f 6600/1/6600 6601/1/6601 6598/1/6598 
f 6601/1/6601 6602/1/6602 6579/1/6579 
f 6579/1/6579 6598/1/6598 6601/1/6601 
f 6598/1/6598 6579/1/6579 6553/1/6553 
f 6553/1/6553 6593/1/6593 6598/1/6598 
f 6593/1/6593 6592/1/6592 6599/1/6599 
f 6599/1/6599 6598/1/6598 6593/1/6593 
f 6603/1/6603 6601/1/6601 6600/1/6600 
f 6600/1/6600 6604/1/6604 6603/1/6603 
f 6605/1/6605 6602/1/6602 6601/1/6601 
f 6601/1/6601 6603/1/6603 6605/1/6605 
f 6596/1/6596 6606/1/6606 6478/1/6478 
f 6478/1/6478 6482/1/6482 6596/1/6596 
f 6596/1/6596 6595/1/6595 6607/1/6607 
f 6607/1/6607 6606/1/6606 6596/1/6596 
f 6607/1/6607 6515/1/6515 6514/1/6514 
f 6514/1/6514 6606/1/6606 6607/1/6607 
f 6514/1/6514 6462/1/6462 6478/1/6478 
f 6478/1/6478 6606/1/6606 6514/1/6514 
f 6608/1/6608 6607/1/6607 6595/1/6595 
f 6595/1/6595 6609/1/6609 6608/1/6608 
f 6609/1/6609 6610/1/6610 6611/1/6611 
f 6611/1/6611 6608/1/6608 6609/1/6609 
f 6608/1/6608 6611/1/6611 6612/1/6612 
f 6612/1/6612 6613/1/6613 6608/1/6608 
f 6613/1/6613 6515/1/6515 6607/1/6607 
f 6607/1/6607 6608/1/6608 6613/1/6613 
f 6614/1/6614 6604/1/6604 6600/1/6600 
f 6615/1/6615 6612/1/6612 6611/1/6611 
f 6611/1/6611 6614/1/6614 6615/1/6615 
f 6614/1/6614 6611/1/6611 6610/1/6610 
f 6610/1/6610 6616/1/6616 6614/1/6614 
f 6616/1/6616 6617/1/6617 6604/1/6604 
f 6604/1/6604 6614/1/6614 6616/1/6616 
f 6618/1/6618 6520/1/6520 6519/1/6519 
f 6519/1/6519 6619/1/6619 6618/1/6618 
f 6577/1/6577 6576/1/6576 6618/1/6618 
f 6576/1/6576 6487/1/6487 6520/1/6520 
f 6520/1/6520 6618/1/6618 6576/1/6576 
f 6620/1/6620 6523/1/6523 6522/1/6522 
f 6522/1/6522 6621/1/6621 6620/1/6620 
f 6621/1/6621 6622/1/6622 6623/1/6623 
f 6619/1/6619 6519/1/6519 6523/1/6523 
f 6523/1/6523 6620/1/6620 6619/1/6619 
f 6624/1/6624 6625/1/6625 6626/1/6626 
f 6624/1/6624 6627/1/6627 6622/1/6622 
f 6621/1/6621 6522/1/6522 6528/1/6528 
f 6528/1/6528 6624/1/6624 6621/1/6621 
f 6528/1/6528 6527/1/6527 6625/1/6625 
f 6628/1/6628 6629/1/6629 6630/1/6630 
f 6631/1/6631 6626/1/6626 6625/1/6625 
f 6628/1/6628 6625/1/6625 6527/1/6527 
f 6531/1/6531 6530/1/6530 6629/1/6629 
f 6629/1/6629 6628/1/6628 6531/1/6531 
f 6631/1/6631 6630/1/6630 6632/1/6632 
f 6633/1/6633 6634/1/6634 6635/1/6635 
f 6635/1/6635 6636/1/6636 6633/1/6633 
f 6635/1/6635 6637/1/6637 6638/1/6638 
f 6638/1/6638 6636/1/6636 6635/1/6635 
f 6638/1/6638 6557/1/6557 6582/1/6582 
f 6582/1/6582 6581/1/6581 6633/1/6633 
f 6633/1/6633 6636/1/6636 6582/1/6582 
f 6639/1/6639 6640/1/6640 6589/1/6589 
f 6589/1/6589 6537/1/6537 6639/1/6639 
f 6640/1/6640 6639/1/6639 6641/1/6641 
f 6641/1/6641 6642/1/6642 6640/1/6640 
f 6642/1/6642 6643/1/6643 6644/1/6644 
f 6644/1/6644 6640/1/6640 6642/1/6642 
f 6640/1/6640 6644/1/6644 6585/1/6585 
f 6585/1/6585 6589/1/6589 6640/1/6640 
f 6645/1/6645 6643/1/6643 6642/1/6642 
f 6642/1/6642 6641/1/6641 6646/1/6646 
f 6646/1/6646 6647/1/6647 6642/1/6642 
f 6647/1/6647 6646/1/6646 6637/1/6637 
f 6637/1/6637 6635/1/6635 6647/1/6647 
f 6647/1/6647 6635/1/6635 6634/1/6634 
f 6634/1/6634 6645/1/6645 6647/1/6647 
f 6648/1/6648 6542/1/6542 6541/1/6541 
f 6541/1/6541 6548/1/6548 6648/1/6648 
f 6548/1/6548 6547/1/6547 6649/1/6649 
f 6649/1/6649 6648/1/6648 6548/1/6548 
f 6648/1/6648 6649/1/6649 6650/1/6650 
f 6650/1/6650 6651/1/6651 6648/1/6648 
f 6651/1/6651 6535/1/6535 6542/1/6542 
f 6542/1/6542 6648/1/6648 6651/1/6651 
f 6651/1/6651 6650/1/6650 6652/1/6652 
f 6652/1/6652 6653/1/6653 6651/1/6651 
f 6652/1/6652 6641/1/6641 6639/1/6639 
f 6639/1/6639 6653/1/6653 6652/1/6652 
f 6653/1/6653 6639/1/6639 6537/1/6537 
f 6537/1/6537 6536/1/6536 6653/1/6653 
f 6653/1/6653 6536/1/6536 6535/1/6535 
f 6535/1/6535 6651/1/6651 6653/1/6653 
f 6654/1/6654 6617/1/6617 6655/1/6655 
f 6656/1/6656 6655/1/6655 6617/1/6617 
f 6616/1/6616 6610/1/6610 6657/1/6657 
f 6657/1/6657 6656/1/6656 6616/1/6616 
f 6658/1/6658 6657/1/6657 6610/1/6610 
f 6609/1/6609 6595/1/6595 6594/1/6594 
f 6659/1/6659 6564/1/6564 6571/1/6571 
f 6660/1/6660 6661/1/6661 6662/1/6662 
f 6662/1/6662 6663/1/6663 6660/1/6660 
f 6663/1/6663 6664/1/6664 6665/1/6665 
f 6665/1/6665 6660/1/6660 6663/1/6663 
f 6660/1/6660 6665/1/6665 6643/1/6643 
f 6643/1/6643 6645/1/6645 6660/1/6660 
f 6645/1/6645 6634/1/6634 6661/1/6661 
f 6661/1/6661 6660/1/6660 6645/1/6645 
f 6666/1/6666 6667/1/6667 6662/1/6662 
f 6662/1/6662 6668/1/6668 6666/1/6666 
f 6669/1/6669 6586/1/6586 6585/1/6585 
f 6585/1/6585 6670/1/6670 6669/1/6669 
f 6670/1/6670 6664/1/6664 6671/1/6671 
f 6671/1/6671 6669/1/6669 6670/1/6670 
f 6669/1/6669 6671/1/6671 6630/1/6630 
f 6630/1/6630 6629/1/6629 6669/1/6669 
f 6586/1/6586 6669/1/6669 6629/1/6629 
f 6629/1/6629 6530/1/6530 6586/1/6586 
f 6672/1/6672 6671/1/6671 6664/1/6664 
f 6664/1/6664 6663/1/6663 6672/1/6672 
f 6663/1/6663 6662/1/6662 6667/1/6667 
f 6667/1/6667 6672/1/6672 6663/1/6663 
f 6632/1/6632 6630/1/6630 6671/1/6671 
f 6671/1/6671 6672/1/6672 6632/1/6632 
f 6670/1/6670 6585/1/6585 6644/1/6644 
f 6644/1/6644 6673/1/6673 6670/1/6670 
f 6673/1/6673 6644/1/6644 6643/1/6643 
f 6643/1/6643 6665/1/6665 6673/1/6673 
f 6673/1/6673 6665/1/6665 6664/1/6664 
f 6664/1/6664 6670/1/6670 6673/1/6673 
f 6674/1/6674 6668/1/6668 6675/1/6675 
f 6668/1/6668 6662/1/6662 6661/1/6661 
f 6661/1/6661 6675/1/6675 6668/1/6668 
f 6675/1/6675 6661/1/6661 6634/1/6634 
f 6634/1/6634 6633/1/6633 6675/1/6675 
f 6633/1/6633 6581/1/6581 6676/1/6676 
f 6677/1/6677 6599/1/6599 6592/1/6592 
f 6592/1/6592 6678/1/6678 6677/1/6677 
f 6678/1/6678 6679/1/6679 6680/1/6680 
f 6677/1/6677 6680/1/6680 6612/1/6612 
f 6612/1/6612 6615/1/6615 6677/1/6677 
f 6615/1/6615 6600/1/6600 6599/1/6599 
f 6599/1/6599 6677/1/6677 6615/1/6615 
f 6681/1/6681 6646/1/6646 6641/1/6641 
f 6641/1/6641 6652/1/6652 6681/1/6681 
f 6681/1/6681 6652/1/6652 6650/1/6650 
f 6650/1/6650 6682/1/6682 6681/1/6681 
f 6682/1/6682 6683/1/6683 6684/1/6684 
f 6684/1/6684 6681/1/6681 6682/1/6682 
f 6684/1/6684 6637/1/6637 6646/1/6646 
f 6646/1/6646 6681/1/6681 6684/1/6684 
f 6685/1/6685 6546/1/6546 6515/1/6515 
f 6515/1/6515 6613/1/6613 6685/1/6685 
f 6613/1/6613 6612/1/6612 6680/1/6680 
f 6680/1/6680 6685/1/6685 6613/1/6613 
f 6685/1/6685 6680/1/6680 6679/1/6679 
f 6679/1/6679 6686/1/6686 6685/1/6685 
f 6686/1/6686 6547/1/6547 6546/1/6546 
f 6546/1/6546 6685/1/6685 6686/1/6686 
f 6687/1/6687 6649/1/6649 6547/1/6547 
f 6686/1/6686 6679/1/6679 6688/1/6688 
f 6688/1/6688 6687/1/6687 6686/1/6686 
f 6687/1/6687 6688/1/6688 6683/1/6683 
f 6682/1/6682 6650/1/6650 6649/1/6649 
f 6649/1/6649 6687/1/6687 6682/1/6682 
f 6689/1/6689 6591/1/6591 6551/1/6551 
f 6690/1/6690 6683/1/6683 6688/1/6688 
f 6688/1/6688 6689/1/6689 6690/1/6690 
f 6689/1/6689 6688/1/6688 6679/1/6679 
f 6679/1/6679 6678/1/6678 6689/1/6689 
f 6678/1/6678 6592/1/6592 6591/1/6591 
f 6591/1/6591 6689/1/6689 6678/1/6678 
f 6691/1/6691 6550/1/6550 6557/1/6557 
f 6557/1/6557 6638/1/6638 6691/1/6691 
f 6691/1/6691 6638/1/6638 6637/1/6637 
f 6637/1/6637 6684/1/6684 6691/1/6691 
f 6691/1/6691 6684/1/6684 6683/1/6683 
f 6683/1/6683 6690/1/6690 6691/1/6691 
f 6690/1/6690 6551/1/6551 6550/1/6550 
f 6550/1/6550 6691/1/6691 6690/1/6690 
f 6692/1/6692 6693/1/6693 6324/1/6324 
f 6324/1/6324 6323/1/6323 6692/1/6692 
f 6323/1/6323 6295/1/6295 6694/1/6694 
f 6692/1/6692 6694/1/6694 5998/1/5998 
f 6043/1/6043 6040/1/6040 6693/1/6693 
f 6695/1/6695 6694/1/6694 6295/1/6295 
f 6295/1/6295 6294/1/6294 6695/1/6695 
f 6294/1/6294 6281/1/6281 6696/1/6696 
f 6696/1/6696 6695/1/6695 6294/1/6294 
f 6695/1/6695 6696/1/6696 5994/1/5994 
f 5994/1/5994 5999/1/5999 6695/1/6695 
f 5999/1/5999 5998/1/5998 6694/1/6694 
f 6694/1/6694 6695/1/6695 5999/1/5999 
f 6697/1/6697 6696/1/6696 6281/1/6281 
f 6281/1/6281 6280/1/6280 6697/1/6697 
f 6280/1/6280 6267/1/6267 6698/1/6698 
f 6698/1/6698 6697/1/6697 6280/1/6280 
f 6697/1/6697 6698/1/6698 5990/1/5990 
f 5990/1/5990 5995/1/5995 6697/1/6697 
f 5995/1/5995 5994/1/5994 6696/1/6696 
f 6696/1/6696 6697/1/6697 5995/1/5995 
f 6698/1/6698 6267/1/6267 6266/1/6266 
f 6699/1/6699 6266/1/6266 6253/1/6253 
f 6700/1/6700 5984/1/5984 5991/1/5991 
f 5991/1/5991 6699/1/6699 6700/1/6700 
f 6699/1/6699 5991/1/5991 5990/1/5990 
f 5990/1/5990 6698/1/6698 6699/1/6699 
f 6700/1/6700 6253/1/6253 6252/1/6252 
f 6252/1/6252 6701/1/6701 6700/1/6700 
f 6701/1/6701 6252/1/6252 6239/1/6239 
f 6239/1/6239 6702/1/6702 6701/1/6701 
f 6702/1/6702 5986/1/5986 5985/1/5985 
f 5985/1/5985 6701/1/6701 6702/1/6702 
f 6701/1/6701 5985/1/5985 5984/1/5984 
f 5984/1/5984 6700/1/6700 6701/1/6701 
f 6702/1/6702 6239/1/6239 6238/1/6238 
f 6238/1/6238 6703/1/6703 6702/1/6702 
f 6703/1/6703 6238/1/6238 6225/1/6225 
f 6225/1/6225 6704/1/6704 6703/1/6703 
f 6704/1/6704 6002/1/6002 6000/1/6000 
f 6000/1/6000 6703/1/6703 6704/1/6704 
f 6703/1/6703 6000/1/6000 5986/1/5986 
f 5986/1/5986 6702/1/6702 6703/1/6703 
f 6704/1/6704 6225/1/6225 6224/1/6224 
f 6224/1/6224 6705/1/6705 6704/1/6704 
f 6705/1/6705 6224/1/6224 6211/1/6211 
f 6211/1/6211 6706/1/6706 6705/1/6705 
f 6706/1/6706 6012/1/6012 6011/1/6011 
f 6011/1/6011 6705/1/6705 6706/1/6706 
f 6705/1/6705 6011/1/6011 6002/1/6002 
f 6002/1/6002 6704/1/6704 6705/1/6705 
f 6706/1/6706 6211/1/6211 6210/1/6210 
f 6210/1/6210 6707/1/6707 6706/1/6706 
f 6707/1/6707 6210/1/6210 6197/1/6197 
f 6708/1/6708 6016/1/6016 6015/1/6015 
f 6015/1/6015 6707/1/6707 6708/1/6708 
f 6707/1/6707 6015/1/6015 6012/1/6012 
f 6012/1/6012 6706/1/6706 6707/1/6707 
f 6708/1/6708 6197/1/6197 6196/1/6196 
f 6196/1/6196 6709/1/6709 6708/1/6708 
f 6709/1/6709 6196/1/6196 6183/1/6183 
f 6183/1/6183 6710/1/6710 6709/1/6709 
f 6710/1/6710 6020/1/6020 6018/1/6018 
f 6018/1/6018 6709/1/6709 6710/1/6710 
f 6709/1/6709 6018/1/6018 6016/1/6016 
f 6016/1/6016 6708/1/6708 6709/1/6709 
f 6710/1/6710 6183/1/6183 6182/1/6182 
f 6182/1/6182 6711/1/6711 6710/1/6710 
f 6711/1/6711 6182/1/6182 6169/1/6169 
f 6169/1/6169 6712/1/6712 6711/1/6711 
f 6712/1/6712 6024/1/6024 6022/1/6022 
f 6022/1/6022 6711/1/6711 6712/1/6712 
f 6711/1/6711 6022/1/6022 6020/1/6020 
f 6020/1/6020 6710/1/6710 6711/1/6711 
f 6712/1/6712 6169/1/6169 6168/1/6168 
f 6168/1/6168 6713/1/6713 6712/1/6712 
f 6713/1/6713 6168/1/6168 6155/1/6155 
f 6155/1/6155 6714/1/6714 6713/1/6713 
f 6714/1/6714 6006/1/6006 6027/1/6027 
f 6027/1/6027 6713/1/6713 6714/1/6714 
f 6713/1/6713 6027/1/6027 6024/1/6024 
f 6024/1/6024 6712/1/6712 6713/1/6713 
f 6714/1/6714 6155/1/6155 6154/1/6154 
f 6154/1/6154 6715/1/6715 6714/1/6714 
f 6715/1/6715 6154/1/6154 6144/1/6144 
f 6144/1/6144 6716/1/6716 6715/1/6715 
f 6715/1/6715 6716/1/6716 6008/1/6008 
f 6008/1/6008 6007/1/6007 6715/1/6715 
f 6715/1/6715 6007/1/6007 6006/1/6006 
f 6006/1/6006 6714/1/6714 6715/1/6715 
f 6717/1/6717 6716/1/6716 6144/1/6144 
f 6144/1/6144 6143/1/6143 6717/1/6717 
f 6143/1/6143 6130/1/6130 6718/1/6718 
f 6717/1/6717 6718/1/6718 6050/1/6050 
f 6050/1/6050 6049/1/6049 6717/1/6717 
f 6049/1/6049 6008/1/6008 6716/1/6716 
f 6716/1/6716 6717/1/6717 6049/1/6049 
f 6719/1/6719 6718/1/6718 6130/1/6130 
f 6130/1/6130 6129/1/6129 6719/1/6719 
f 6129/1/6129 6116/1/6116 6720/1/6720 
f 6720/1/6720 6719/1/6719 6129/1/6129 
f 6719/1/6719 6720/1/6720 6066/1/6066 
f 6066/1/6066 6069/1/6069 6719/1/6719 
f 6069/1/6069 6050/1/6050 6718/1/6718 
f 6721/1/6721 6720/1/6720 6116/1/6116 
f 6116/1/6116 6115/1/6115 6721/1/6721 
f 6115/1/6115 6102/1/6102 6722/1/6722 
f 6722/1/6722 6721/1/6721 6115/1/6115 
f 6721/1/6721 6722/1/6722 6062/1/6062 
f 6062/1/6062 6067/1/6067 6721/1/6721 
f 6067/1/6067 6066/1/6066 6720/1/6720 
f 6720/1/6720 6721/1/6721 6067/1/6067 
f 6723/1/6723 6722/1/6722 6102/1/6102 
f 6102/1/6102 6101/1/6101 6723/1/6723 
f 6101/1/6101 6087/1/6087 6724/1/6724 
f 6724/1/6724 6723/1/6723 6101/1/6101 
f 6723/1/6723 6724/1/6724 6058/1/6058 
f 6058/1/6058 6063/1/6063 6723/1/6723 
f 6063/1/6063 6062/1/6062 6722/1/6722 
f 6722/1/6722 6723/1/6723 6063/1/6063 
f 6725/1/6725 6724/1/6724 6087/1/6087 
f 6087/1/6087 6086/1/6086 6725/1/6725 
f 6086/1/6086 6085/1/6085 6726/1/6726 
f 6726/1/6726 6725/1/6725 6086/1/6086 
f 6725/1/6725 6726/1/6726 6054/1/6054 
f 6054/1/6054 6059/1/6059 6725/1/6725 
f 6059/1/6059 6058/1/6058 6724/1/6724 
f 6724/1/6724 6725/1/6725 6059/1/6059 
f 6727/1/6727 6726/1/6726 6085/1/6085 
f 6085/1/6085 6349/1/6349 6727/1/6727 
f 6349/1/6349 6348/1/6348 6728/1/6728 
f 6728/1/6728 6727/1/6727 6349/1/6349 
f 6727/1/6727 6728/1/6728 6046/1/6046 
f 6046/1/6046 6055/1/6055 6727/1/6727 
f 6055/1/6055 6054/1/6054 6726/1/6726 
f 6726/1/6726 6727/1/6727 6055/1/6055 
f 6729/1/6729 6728/1/6728 6348/1/6348 
f 6363/1/6363 6355/1/6355 6730/1/6730 
f 6730/1/6730 6729/1/6729 6363/1/6363 
f 6729/1/6729 6730/1/6730 6030/1/6030 
f 6030/1/6030 6047/1/6047 6729/1/6729 
f 6047/1/6047 6046/1/6046 6728/1/6728 
f 6731/1/6731 6730/1/6730 6355/1/6355 
f 6355/1/6355 6354/1/6354 6731/1/6731 
f 6354/1/6354 6336/1/6336 6732/1/6732 
f 6732/1/6732 6731/1/6731 6354/1/6354 
f 6731/1/6731 6732/1/6732 6032/1/6032 
f 6032/1/6032 6031/1/6031 6731/1/6731 
f 6031/1/6031 6030/1/6030 6730/1/6730 
f 6730/1/6730 6731/1/6731 6031/1/6031 
f 6733/1/6733 6732/1/6732 6336/1/6336 
f 6335/1/6335 6324/1/6324 6734/1/6734 
f 6733/1/6733 6734/1/6734 6036/1/6036 
f 6036/1/6036 6035/1/6035 6733/1/6733 
f 6035/1/6035 6032/1/6032 6732/1/6732 
f 6732/1/6732 6733/1/6733 6035/1/6035 
f 6734/1/6734 6324/1/6324 6693/1/6693 
f 6735/1/6735 6693/1/6693 6040/1/6040 
f 6040/1/6040 6039/1/6039 6735/1/6735 
f 6039/1/6039 6036/1/6036 6734/1/6734 
f 6734/1/6734 6735/1/6735 6039/1/6039 
f 11/1/11 10/1/10 14/1/14 
f 7/1/7 39/1/39 42/1/42 
f 29/1/29 28/1/28 47/1/47 
f 45/1/45 47/1/47 28/1/28 
f 55/1/55 54/1/54 56/1/56 
f 57/1/57 56/1/56 58/1/58 
f 49/1/49 61/1/61 58/1/58 
f 62/1/62 61/1/61 49/1/49 
f 63/1/63 60/1/60 61/1/61 
f 66/1/66 64/1/64 62/1/62 
f 41/1/41 40/1/40 94/1/94 
f 135/1/135 132/1/132 133/1/133 
f 57/1/57 152/1/152 155/1/155 
f 181/1/181 180/1/180 190/1/190 
f 191/1/191 190/1/190 192/1/192 
f 193/1/193 192/1/192 194/1/194 
f 33/1/33 32/1/32 382/1/382 
f 4/1/4 382/1/382 32/1/32 
f 389/1/389 390/1/390 395/1/395 
f 397/1/397 398/1/398 399/1/399 
f 395/1/395 398/1/398 397/1/397 
f 431/1/431 435/1/435 438/1/438 
f 462/1/462 461/1/461 463/1/463 
f 467/1/467 468/1/468 465/1/465 
f 472/1/472 471/1/471 468/1/468 
f 474/1/474 473/1/473 462/1/462 
f 483/1/483 482/1/482 485/1/485 
f 472/1/472 485/1/485 482/1/482 
f 467/1/467 487/1/487 485/1/485 
f 486/1/486 485/1/485 487/1/487 
f 488/1/488 487/1/487 489/1/489 
f 492/1/492 491/1/491 493/1/493 
f 494/1/494 493/1/493 495/1/495 
f 498/1/498 497/1/497 501/1/501 
f 552/1/552 553/1/553 550/1/550 
f 537/1/537 550/1/550 553/1/553 
f 538/1/538 553/1/553 558/1/558 
f 559/1/559 558/1/558 553/1/553 
f 570/1/570 571/1/571 568/1/568 
f 551/1/551 568/1/568 571/1/571 
f 578/1/578 579/1/579 580/1/580 
f 584/1/584 585/1/585 582/1/582 
f 381/1/381 399/1/399 582/1/582 
f 574/1/574 588/1/588 586/1/586 
f 598/1/598 599/1/599 596/1/596 
f 55/1/55 155/1/155 596/1/596 
f 615/1/615 614/1/614 480/1/480 
f 620/1/620 624/1/624 622/1/622 
f 624/1/624 623/1/623 625/1/625 
f 629/1/629 626/1/626 627/1/627 
f 625/1/625 623/1/623 626/1/626 
f 660/1/660 661/1/661 658/1/658 
f 659/1/659 664/1/664 662/1/662 
f 663/1/663 662/1/662 664/1/664 
f 668/1/668 669/1/669 666/1/666 
f 457/1/457 669/1/669 670/1/670 
f 671/1/671 670/1/670 669/1/669 
f 460/1/460 670/1/670 673/1/673 
f 680/1/680 681/1/681 678/1/678 
f 686/1/686 689/1/689 684/1/684 
f 705/1/705 704/1/704 706/1/706 
f 703/1/703 708/1/708 706/1/706 
f 701/1/701 716/1/716 265/1/265 
f 705/1/705 717/1/717 716/1/716 
f 685/1/685 684/1/684 736/1/736 
f 737/1/737 736/1/736 684/1/684 
f 747/1/747 748/1/748 737/1/737 
f 698/1/698 753/1/753 762/1/762 
f 801/1/801 804/1/804 800/1/800 
f 803/1/803 804/1/804 801/1/801 
f 833/1/833 837/1/837 841/1/841 
f 863/1/863 862/1/862 857/1/857 
f 904/1/904 903/1/903 892/1/892 
f 927/1/927 930/1/930 929/1/929 
f 933/1/933 934/1/934 931/1/931 
f 927/1/927 934/1/934 935/1/935 
f 936/1/936 935/1/935 934/1/934 
f 937/1/937 938/1/938 935/1/935 
f 930/1/930 935/1/935 938/1/938 
f 952/1/952 950/1/950 947/1/947 
f 961/1/961 966/1/966 969/1/969 
f 967/1/967 966/1/966 951/1/951 
f 914/1/914 970/1/970 963/1/963 
f 918/1/918 959/1/959 970/1/970 
f 1050/1/1050 1051/1/1051 1048/1/1048 
f 1192/1/1192 1193/1/1193 1190/1/1190 
f 583/1/583 1207/1/1207 1206/1/1206 
f 1212/1/1212 1213/1/1213 1210/1/1210 
f 1204/1/1204 1213/1/1213 1212/1/1212 
f 1210/1/1210 1213/1/1213 599/1/599 
f 1208/1/1208 1214/1/1214 1217/1/1217 
f 1221/1/1221 1220/1/1220 1206/1/1206 
f 1241/1/1241 1248/1/1248 578/1/578 
f 595/1/595 594/1/594 1254/1/1254 
f 1259/1/1259 1262/1/1262 1263/1/1263 
f 1279/1/1279 1278/1/1278 1290/1/1290 
f 1291/1/1291 1295/1/1295 1296/1/1296 
f 1299/1/1299 1302/1/1302 1193/1/1193 
f 1279/1/1279 1296/1/1296 1306/1/1306 
f 1326/1/1326 1336/1/1336 1332/1/1332 
f 1309/1/1309 1313/1/1313 1340/1/1340 
f 1341/1/1341 1340/1/1340 1313/1/1313 
f 1345/1/1345 1344/1/1344 1343/1/1343 
f 1363/1/1363 1362/1/1362 1361/1/1361 
f 1372/1/1372 1373/1/1373 1370/1/1370 
f 1417/1/1417 1416/1/1416 1418/1/1418 
f 767/1/767 1439/1/1439 1438/1/1438 
f 1441/1/1441 1438/1/1438 1439/1/1439 
f 1451/1/1451 1450/1/1450 1432/1/1432 
f 1456/1/1456 1454/1/1454 825/1/825 
f 1457/1/1457 1458/1/1458 1454/1/1454 
f 1457/1/1457 1456/1/1456 1460/1/1460 
f 861/1/861 1460/1/1460 1456/1/1456 
f 1461/1/1461 1460/1/1460 1462/1/1462 
f 1463/1/1463 1462/1/1462 1464/1/1464 
f 1421/1/1421 1473/1/1473 1470/1/1470 
f 1481/1/1481 1477/1/1477 1476/1/1476 
f 1481/1/1481 1483/1/1483 1482/1/1482 
f 1522/1/1522 1521/1/1521 1528/1/1528 
f 1533/1/1533 1544/1/1544 1529/1/1529 
f 1554/1/1554 1553/1/1553 1564/1/1564 
f 1542/1/1542 1555/1/1555 1568/1/1568 
f 1570/1/1570 1574/1/1574 1572/1/1572 
f 1573/1/1573 1572/1/1572 1574/1/1574 
f 1575/1/1575 1574/1/1574 1580/1/1580 
f 502/1/502 501/1/501 1584/1/1584 
f 1586/1/1586 1584/1/1584 501/1/501 
f 1586/1/1586 1591/1/1591 1590/1/1590 
f 1593/1/1593 1590/1/1590 1591/1/1591 
f 1615/1/1615 1614/1/1614 1613/1/1613 
f 1661/1/1661 1660/1/1660 1664/1/1664 
f 1665/1/1665 1664/1/1664 1666/1/1666 
f 1668/1/1668 1666/1/1666 1664/1/1664 
f 1669/1/1669 1670/1/1670 1666/1/1666 
f 1686/1/1686 1687/1/1687 1684/1/1684 
f 1689/1/1689 1691/1/1691 1690/1/1690 
f 1685/1/1685 1690/1/1690 1695/1/1695 
f 1713/1/1713 1714/1/1714 1711/1/1711 
f 1667/1/1667 1711/1/1711 1714/1/1714 
f 1750/1/1750 1746/1/1746 1745/1/1745 
f 1752/1/1752 1751/1/1751 1753/1/1753 
f 1788/1/1788 1791/1/1791 1781/1/1781 
f 1801/1/1801 1804/1/1804 1789/1/1789 
f 1815/1/1815 1818/1/1818 1817/1/1817 
f 1665/1/1665 1714/1/1714 1818/1/1818 
f 1823/1/1823 1824/1/1824 1803/1/1803 
f 1712/1/1712 1824/1/1824 1823/1/1823 
f 1689/1/1689 1842/1/1842 1841/1/1841 
f 1890/1/1890 1891/1/1891 1888/1/1888 
f 1894/1/1894 1895/1/1895 1892/1/1892 
f 1855/1/1855 1892/1/1892 1895/1/1895 
f 1893/1/1893 1892/1/1892 1891/1/1891 
f 1852/1/1852 1895/1/1895 1897/1/1897 
f 1889/1/1889 1919/1/1919 1910/1/1910 
f 1916/1/1916 1919/1/1919 1889/1/1889 
f 1918/1/1918 1919/1/1919 1916/1/1916 
f 1928/1/1928 1931/1/1931 1927/1/1927 
f 1917/1/1917 1939/1/1939 1938/1/1938 
f 1933/1/1933 1938/1/1938 1939/1/1939 
f 1945/1/1945 1936/1/1936 1935/1/1935 
f 1957/1/1957 1962/1/1962 1960/1/1960 
f 1955/1/1955 1970/1/1970 1335/1/1335 
f 1314/1/1314 1998/1/1998 2001/1/2001 
f 1917/1/1917 1916/1/1916 2005/1/2005 
f 2001/1/2001 2014/1/2014 1880/1/1880 
f 2013/1/2013 2014/1/2014 2001/1/2001 
f 2008/1/2008 2007/1/2007 2014/1/2014 
f 1934/1/1934 1939/1/1939 2017/1/2017 
f 2006/1/2006 2017/1/2017 1939/1/1939 
f 1589/1/1589 2024/1/2024 2022/1/2022 
f 1827/1/1827 2031/1/2031 2030/1/2030 
f 2033/1/2033 2046/1/2046 2044/1/2044 
f 2045/1/2045 2044/1/2044 2046/1/2046 
f 2047/1/2047 2050/1/2050 2049/1/2049 
f 2047/1/2047 2046/1/2046 2052/1/2052 
f 2037/1/2037 2039/1/2039 2056/1/2056 
f 2080/1/2080 2083/1/2083 2082/1/2082 
f 2089/1/2089 2088/1/2088 2079/1/2079 
f 676/1/676 2099/1/2099 2104/1/2104 
f 679/1/679 2104/1/2104 2107/1/2107 
f 2165/1/2165 2169/1/2169 2168/1/2168 
f 2148/1/2148 2170/1/2170 2169/1/2169 
f 2267/1/2267 2266/1/2266 1438/1/1438 
f 710/1/710 2268/1/2268 733/1/733 
f 709/1/709 2270/1/2270 2268/1/2268 
f 2286/1/2286 2287/1/2287 2284/1/2284 
f 1440/1/1440 2284/1/2284 2287/1/2287 
f 1426/1/1426 1445/1/1445 2284/1/2284 
f 2285/1/2285 2284/1/2284 1445/1/1445 
f 2271/1/2271 2270/1/2270 2292/1/2292 
f 2267/1/2267 2292/1/2292 2270/1/2270 
f 1441/1/1441 2294/1/2294 2292/1/2292 
f 2293/1/2293 2292/1/2292 2294/1/2294 
f 2324/1/2324 2335/1/2335 2321/1/2321 
f 1459/1/1459 2335/1/2335 2324/1/2324 
f 2286/1/2286 2291/1/2291 2325/1/2325 
f 2323/1/2323 2325/1/2325 2291/1/2291 
f 2321/1/2321 2327/1/2327 2325/1/2325 
f 2326/1/2326 2325/1/2325 2327/1/2327 
f 2295/1/2295 2294/1/2294 2329/1/2329 
f 2287/1/2287 2329/1/2329 2294/1/2294 
f 2286/1/2286 2326/1/2326 2329/1/2329 
f 2330/1/2330 2329/1/2329 2326/1/2326 
f 2335/1/2335 2333/1/2333 2327/1/2327 
f 1459/1/1459 2336/1/2336 2333/1/2333 
f 1461/1/1461 2341/1/2341 2340/1/2340 
f 1463/1/1463 1493/1/1493 2341/1/2341 
f 1459/1/1459 1458/1/1458 2342/1/2342 
f 2340/1/2340 2342/1/2342 1458/1/1458 
f 2339/1/2339 2338/1/2338 2344/1/2344 
f 2363/1/2363 2362/1/2362 1414/1/1414 
f 1398/1/1398 2376/1/2376 2374/1/2374 
f 2375/1/2375 2374/1/2374 2376/1/2376 
f 2334/1/2334 2378/1/2378 2381/1/2381 
f 2395/1/2395 2394/1/2394 2343/1/2343 
f 2397/1/2397 2394/1/2394 2395/1/2395 
f 2379/1/2379 2394/1/2394 2397/1/2397 
f 2396/1/2396 2395/1/2395 2398/1/2398 
f 2345/1/2345 2398/1/2398 2395/1/2395 
f 2478/1/2478 2479/1/2479 2476/1/2476 
f 2477/1/2477 2476/1/2476 2471/1/2471 
f 2480/1/2480 2483/1/2483 2478/1/2478 
f 2473/1/2473 2480/1/2480 2477/1/2477 
f 1537/1/1537 2579/1/2579 2578/1/2578 
f 2576/1/2576 2579/1/2579 2580/1/2580 
f 2595/1/2595 2594/1/2594 2584/1/2584 
f 2620/1/2620 2621/1/2621 2618/1/2618 
f 2619/1/2619 2618/1/2618 2617/1/2617 
f 2631/1/2631 2627/1/2627 2626/1/2626 
f 2628/1/2628 2627/1/2627 2565/1/2565 
f 2581/1/2581 2580/1/2580 2647/1/2647 
f 2654/1/2654 2653/1/2653 2655/1/2655 
f 1575/1/1575 2625/1/2625 2655/1/2655 
f 2684/1/2684 2685/1/2685 2682/1/2682 
f 2608/1/2608 2685/1/2685 2684/1/2684 
f 2607/1/2607 2621/1/2621 2685/1/2685 
f 2603/1/2603 2684/1/2684 2686/1/2686 
f 2687/1/2687 2686/1/2686 2684/1/2684 
f 2688/1/2688 2687/1/2687 2704/1/2704 
f 2695/1/2695 2704/1/2704 2687/1/2687 
f 2802/1/2802 2803/1/2803 2800/1/2800 
f 2840/1/2840 2841/1/2841 2838/1/2838 
f 2838/1/2838 2824/1/2824 2829/1/2829 
f 2848/1/2848 2849/1/2849 2846/1/2846 
f 2837/1/2837 2845/1/2845 2846/1/2846 
f 2847/1/2847 2846/1/2846 2845/1/2845 
f 2855/1/2855 2856/1/2856 2853/1/2853 
f 2861/1/2861 2859/1/2859 2858/1/2858 
f 2855/1/2855 2870/1/2870 2871/1/2871 
f 2882/1/2882 2881/1/2881 2876/1/2876 
f 2887/1/2887 2888/1/2888 2889/1/2889 
f 2875/1/2875 2887/1/2887 2896/1/2896 
f 2890/1/2890 2897/1/2897 2896/1/2896 
f 2890/1/2890 2889/1/2889 2901/1/2901 
f 2914/1/2914 2913/1/2913 2912/1/2912 
f 2911/1/2911 2917/1/2917 2915/1/2915 
f 2918/1/2918 2917/1/2917 2933/1/2933 
f 2928/1/2928 2933/1/2933 2917/1/2917 
f 2935/1/2935 2933/1/2933 2928/1/2928 
f 2934/1/2934 2933/1/2933 2935/1/2935 
f 1350/1/1350 2946/1/2946 2952/1/2952 
f 1355/1/1355 2952/1/2952 2955/1/2955 
f 1356/1/1356 2955/1/2955 2961/1/2961 
f 2960/1/2960 2964/1/2964 1363/1/1363 
f 2967/1/2967 2966/1/2966 2970/1/2970 
f 2377/1/2377 2376/1/2376 2972/1/2972 
f 2992/1/2992 2987/1/2987 2990/1/2990 
f 2984/1/2984 2992/1/2992 3019/1/3019 
f 3005/1/3005 3024/1/3024 3023/1/3023 
f 3026/1/3026 3023/1/3023 3024/1/3024 
f 3006/1/3006 3023/1/3023 3020/1/3020 
f 3031/1/3031 3035/1/3035 3033/1/3033 
f 3034/1/3034 3033/1/3033 3035/1/3035 
f 3024/1/3024 3039/1/3039 3037/1/3037 
f 3034/1/3034 3039/1/3039 3024/1/3024 
f 3044/1/3044 3041/1/3041 3042/1/3042 
f 3037/1/3037 3041/1/3041 3046/1/3046 
f 3017/1/3017 3072/1/3072 3071/1/3071 
f 3111/1/3111 3112/1/3112 3110/1/3110 
f 3130/1/3130 3129/1/3129 3035/1/3035 
f 3170/1/3170 3167/1/3167 3168/1/3168 
f 3169/1/3169 3172/1/3172 3171/1/3171 
f 3014/1/3014 3360/1/3360 3359/1/3359 
f 3008/1/3008 3359/1/3359 2979/1/2979 
f 3369/1/3369 3367/1/3367 3364/1/3364 
f 3370/1/3370 3369/1/3369 3375/1/3375 
f 3374/1/3374 3375/1/3375 3369/1/3369 
f 3376/1/3376 3375/1/3375 3374/1/3374 
f 3413/1/3413 3412/1/3412 3411/1/3411 
f 3441/1/3441 3438/1/3438 3439/1/3439 
f 3444/1/3444 3445/1/3445 3442/1/3442 
f 3443/1/3443 3448/1/3448 3449/1/3449 
f 3439/1/3439 3450/1/3450 3451/1/3451 
f 3460/1/3460 3463/1/3463 3462/1/3462 
f 3465/1/3465 3462/1/3462 3463/1/3463 
f 3444/1/3444 3449/1/3449 3462/1/3462 
f 3461/1/3461 3462/1/3462 3449/1/3449 
f 3464/1/3464 3467/1/3467 3466/1/3466 
f 3468/1/3468 3471/1/3471 3470/1/3470 
f 3473/1/3473 3470/1/3470 3471/1/3471 
f 3479/1/3479 3474/1/3474 3477/1/3477 
f 3468/1/3468 3467/1/3467 3474/1/3474 
f 3528/1/3528 3527/1/3527 3516/1/3516 
f 3529/1/3529 3530/1/3530 3527/1/3527 
f 3515/1/3515 3524/1/3524 3535/1/3535 
f 3528/1/3528 3535/1/3535 3538/1/3538 
f 3546/1/3546 3545/1/3545 3530/1/3530 
f 3547/1/3547 3548/1/3548 3545/1/3545 
f 3561/1/3561 3562/1/3562 3559/1/3559 
f 3357/1/3357 3548/1/3548 3559/1/3559 
f 3551/1/3551 3554/1/3554 3563/1/3563 
f 3575/1/3575 3576/1/3576 3573/1/3573 
f 3031/1/3031 3027/1/3027 3573/1/3573 
f 3453/1/3453 3591/1/3591 3594/1/3594 
f 3599/1/3599 3600/1/3600 3598/1/3598 
f 3601/1/3601 3602/1/3602 3600/1/3600 
f 3601/1/3601 3604/1/3604 3603/1/3603 
f 3606/1/3606 3603/1/3603 3604/1/3604 
f 3637/1/3637 3638/1/3638 3635/1/3635 
f 3642/1/3642 3639/1/3639 3640/1/3640 
f 3636/1/3636 3635/1/3635 3639/1/3639 
f 3645/1/3645 3646/1/3646 3643/1/3643 
f 3434/1/3434 3437/1/3437 3647/1/3647 
f 3648/1/3648 3647/1/3647 3437/1/3437 
f 3644/1/3644 3647/1/3647 3650/1/3650 
f 3657/1/3657 3658/1/3658 3655/1/3655 
f 3663/1/3663 3664/1/3664 3661/1/3661 
f 3679/1/3679 3685/1/3685 3683/1/3683 
f 3681/1/3681 3680/1/3680 3683/1/3683 
f 3679/1/3679 3678/1/3678 3693/1/3693 
f 3239/1/3239 3693/1/3693 3678/1/3678 
f 3662/1/3662 3672/1/3672 3713/1/3713 
f 3663/1/3663 3713/1/3713 3716/1/3716 
f 3716/1/3716 3725/1/3725 3721/1/3721 
f 3675/1/3675 3682/1/3682 3739/1/3739 
f 3778/1/3778 3779/1/3779 3777/1/3777 
f 3777/1/3777 3779/1/3779 3781/1/3781 
f 3817/1/3817 3814/1/3814 3812/1/3812 
f 3832/1/3832 3839/1/3839 3842/1/3842 
f 3860/1/3860 3871/1/3871 3874/1/3874 
f 3895/1/3895 3894/1/3894 3898/1/3898 
f 3901/1/3901 3902/1/3902 3899/1/3899 
f 3895/1/3895 3897/1/3897 3903/1/3903 
f 3904/1/3904 3903/1/3903 3897/1/3897 
f 3900/1/3900 3903/1/3903 3906/1/3906 
f 3911/1/3911 3914/1/3914 3917/1/3917 
f 3917/1/3917 3918/1/3918 3923/1/3923 
f 3919/1/3919 3934/1/3934 3937/1/3937 
f 3929/1/3929 3934/1/3934 3919/1/3919 
f 3935/1/3935 3934/1/3934 3929/1/3929 
f 3933/1/3933 3938/1/3938 3882/1/3882 
f 4018/1/4018 4019/1/4019 4016/1/4016 
f 4139/1/4139 4140/1/4140 4137/1/4137 
f 4153/1/4153 4154/1/4154 3562/1/3562 
f 4159/1/4159 4160/1/4160 4157/1/4157 
f 3574/1/3574 4160/1/4160 4159/1/4159 
f 4157/1/4157 4160/1/4160 4151/1/4151 
f 4162/1/4162 4161/1/4161 4156/1/4156 
f 4153/1/4153 4167/1/4167 4170/1/4170 
f 3555/1/3555 4195/1/4195 4186/1/4186 
f 3571/1/3571 4184/1/4184 4201/1/4201 
f 4210/1/4210 4209/1/4209 4208/1/4208 
f 4226/1/4226 4238/1/4238 4237/1/4237 
f 4243/1/4243 4242/1/4242 4238/1/4238 
f 4138/1/4138 4249/1/4249 4246/1/4246 
f 4226/1/4226 4254/1/4254 4253/1/4253 
f 4271/1/4271 4270/1/4270 4277/1/4277 
f 4255/1/4255 4284/1/4284 4285/1/4285 
f 4258/1/4258 4285/1/4285 1341/1/1341 
f 4286/1/4286 4287/1/4287 1345/1/1345 
f 4298/1/4298 4301/1/4301 4304/1/4304 
f 4311/1/4311 4312/1/4312 4309/1/4309 
f 4358/1/4358 4355/1/4355 4356/1/4356 
f 4377/1/4377 4380/1/4380 3744/1/3744 
f 4380/1/4380 4377/1/4377 4378/1/4378 
f 4370/1/4370 4392/1/4392 4391/1/4391 
f 4397/1/4397 4398/1/4398 4393/1/4393 
f 3802/1/3802 4393/1/4393 4398/1/4398 
f 4397/1/4397 4400/1/4400 4399/1/4399 
f 4402/1/4402 4399/1/4399 4400/1/4400 
f 4398/1/4398 4399/1/4399 3836/1/3836 
f 4401/1/4401 4405/1/4405 4403/1/4403 
f 4410/1/4410 4411/1/4411 4360/1/4360 
f 4420/1/4420 4416/1/4416 4415/1/4415 
f 4461/1/4461 4468/1/4468 4467/1/4467 
f 4470/1/4470 4483/1/4483 4472/1/4472 
f 4493/1/4493 4504/1/4504 4503/1/4503 
f 4481/1/4481 4498/1/4498 4507/1/4507 
f 4514/1/4514 4511/1/4511 4512/1/4512 
f 4513/1/4513 4520/1/4520 4519/1/4519 
f 3478/1/3478 4524/1/4524 4523/1/4523 
f 4527/1/4527 4528/1/4528 4523/1/4523 
f 3479/1/3479 4523/1/4523 4528/1/4528 
f 4529/1/4529 4530/1/4530 4528/1/4528 
f 4531/1/4531 4532/1/4532 4530/1/4530 
f 4550/1/4550 4553/1/4553 4556/1/4556 
f 4602/1/4602 4599/1/4599 4600/1/4600 
f 4601/1/4601 4606/1/4606 4605/1/4605 
f 4609/1/4609 4610/1/4610 4605/1/4605 
f 4602/1/4602 4605/1/4605 4610/1/4610 
f 4625/1/4625 4626/1/4626 4623/1/4623 
f 4627/1/4627 4628/1/4628 4623/1/4623 
f 4627/1/4627 4626/1/4626 4629/1/4629 
f 4631/1/4631 4629/1/4629 4626/1/4626 
f 4652/1/4652 4653/1/4653 4650/1/4650 
f 4651/1/4651 4650/1/4650 4606/1/4606 
f 4684/1/4684 4685/1/4685 4686/1/4686 
f 4693/1/4693 4690/1/4690 4691/1/4691 
f 4727/1/4727 4743/1/4743 4742/1/4742 
f 4651/1/4651 4757/1/4757 4756/1/4756 
f 4601/1/4601 4600/1/4600 4757/1/4757 
f 4760/1/4760 4762/1/4762 4756/1/4756 
f 4740/1/4740 4763/1/4763 4761/1/4761 
f 4685/1/4685 4763/1/4763 4740/1/4740 
f 4761/1/4761 4763/1/4763 4653/1/4653 
f 4627/1/4627 4630/1/4630 4780/1/4780 
f 4826/1/4826 4827/1/4827 4824/1/4824 
f 4830/1/4830 4831/1/4831 4828/1/4828 
f 4825/1/4825 4828/1/4828 4831/1/4831 
f 4829/1/4829 4828/1/4828 4791/1/4791 
f 4787/1/4787 4786/1/4786 4833/1/4833 
f 4843/1/4843 4846/1/4846 4827/1/4827 
f 4849/1/4849 4846/1/4846 4847/1/4847 
f 4827/1/4827 4846/1/4846 4849/1/4849 
f 1925/1/1925 1930/1/1930 4857/1/4857 
f 4854/1/4854 4857/1/4857 1931/1/1931 
f 4863/1/4863 4862/1/4862 4859/1/4859 
f 4848/1/4848 4847/1/4847 4862/1/4862 
f 1942/1/1942 4866/1/4866 4867/1/4867 
f 1346/1/1346 4288/1/4288 4872/1/4872 
f 1957/1/1957 4879/1/4879 4878/1/4878 
f 4278/1/4278 4887/1/4887 4873/1/4873 
f 4911/1/4911 4910/1/4910 4261/1/4261 
f 4848/1/4848 4917/1/4917 4916/1/4916 
f 4817/1/4817 4924/1/4924 4911/1/4911 
f 4918/1/4918 4925/1/4925 4924/1/4924 
f 4911/1/4911 4924/1/4924 4925/1/4925 
f 4861/1/4861 4871/1/4871 4928/1/4928 
f 4863/1/4863 4928/1/4928 4917/1/4917 
f 4525/1/4525 4524/1/4524 4933/1/4933 
f 4941/1/4941 4944/1/4944 4766/1/4766 
f 4956/1/4956 4953/1/4953 4954/1/4954 
f 4942/1/4942 4941/1/4941 4953/1/4953 
f 4955/1/4955 4954/1/4954 4958/1/4958 
f 4955/1/4955 4962/1/4962 4961/1/4961 
f 4947/1/4947 4964/1/4964 4965/1/4965 
f 4990/1/4990 4989/1/4989 4987/1/4987 
f 4986/1/4986 4992/1/4992 4995/1/4995 
f 3653/1/3653 3658/1/3658 5004/1/5004 
f 5005/1/5005 5004/1/5004 3658/1/3658 
f 5035/1/5035 5052/1/5052 5056/1/5056 
f 2168/1/2168 5056/1/5056 5052/1/5052 
f 4377/1/4377 5128/1/5128 5129/1/5129 
f 3687/1/3687 3684/1/3684 5130/1/5130 
f 3710/1/3710 5130/1/5130 3684/1/3684 
f 5148/1/5148 5149/1/5149 5146/1/5146 
f 4382/1/4382 5146/1/5146 5149/1/5149 
f 4365/1/4365 4379/1/4379 5146/1/5146 
f 5147/1/5147 5146/1/5146 4379/1/4379 
f 5132/1/5132 5155/1/5155 5154/1/5154 
f 5157/1/5157 5154/1/5154 5155/1/5155 
f 4378/1/4378 5129/1/5129 5154/1/5154 
f 5133/1/5133 5154/1/5154 5129/1/5129 
f 5182/1/5182 5187/1/5187 5186/1/5186 
f 4395/1/4395 4394/1/4394 5186/1/5186 
f 5148/1/5148 5189/1/5189 5188/1/5188 
f 5191/1/5191 5188/1/5188 5189/1/5189 
f 5182/1/5182 5185/1/5185 5188/1/5188 
f 5151/1/5151 5188/1/5188 5185/1/5185 
f 5156/1/5156 5193/1/5193 5192/1/5192 
f 5189/1/5189 5192/1/5192 5193/1/5193 
f 5148/1/5148 5147/1/5147 5192/1/5192 
f 5157/1/5157 5192/1/5192 5147/1/5147 
f 4395/1/4395 5187/1/5187 5196/1/5196 
f 5191/1/5191 5196/1/5196 5187/1/5187 
f 4401/1/4401 4400/1/4400 5203/1/5203 
f 5200/1/5200 5203/1/5203 4400/1/4400 
f 4395/1/4395 5199/1/5199 5204/1/5204 
f 4396/1/4396 5204/1/5204 5200/1/5200 
f 5201/1/5201 5207/1/5207 5206/1/5206 
f 5239/1/5239 5236/1/5236 5237/1/5237 
f 4336/1/4336 4342/1/4342 5236/1/5236 
f 5241/1/5241 5240/1/5240 5197/1/5197 
f 5258/1/5258 5259/1/5259 5256/1/5256 
f 5205/1/5205 5259/1/5259 5258/1/5258 
f 5198/1/5198 5243/1/5243 5259/1/5259 
f 5256/1/5256 5259/1/5259 5243/1/5243 
f 5257/1/5257 5261/1/5261 5260/1/5260 
f 5258/1/5258 5260/1/5260 5207/1/5207 
f 5321/1/5321 5322/1/5322 5319/1/5319 
f 5320/1/5320 5325/1/5325 5328/1/5328 
f 5326/1/5326 5325/1/5325 5261/1/5261 
f 5328/1/5328 5329/1/5329 5324/1/5324 
f 5414/1/5414 5412/1/5412 5411/1/5411 
f 5409/1/5409 5412/1/5412 4476/1/4476 
f 5418/1/5418 5427/1/5427 5430/1/5430 
f 5453/1/5453 5454/1/5454 5451/1/5451 
f 5448/1/5448 5451/1/5451 5454/1/5454 
f 5413/1/5413 5481/1/5481 5480/1/5480 
f 5486/1/5486 5489/1/5489 5488/1/5488 
f 4513/1/4513 4512/1/4512 5488/1/5488 
f 5517/1/5517 5518/1/5518 5515/1/5515 
f 5453/1/5453 5452/1/5452 5518/1/5518 
f 5438/1/5438 5437/1/5437 5518/1/5518 
f 5515/1/5515 5518/1/5518 5437/1/5437 
f 5515/1/5515 5519/1/5519 5522/1/5522 
f 5433/1/5433 5432/1/5432 5519/1/5519 
f 5522/1/5522 5537/1/5537 5528/1/5528 
f 5635/1/5635 5636/1/5636 5633/1/5633 
f 5673/1/5673 5674/1/5674 5671/1/5671 
f 5659/1/5659 5657/1/5657 5671/1/5671 
f 5681/1/5681 5682/1/5682 5679/1/5679 
f 5678/1/5678 5679/1/5679 5682/1/5682 
f 5681/1/5681 5684/1/5684 5683/1/5683 
f 5688/1/5688 5689/1/5689 5686/1/5686 
f 5693/1/5693 5695/1/5695 5688/1/5688 
f 5688/1/5688 5695/1/5695 5704/1/5704 
f 5707/1/5707 5714/1/5714 5717/1/5717 
f 5723/1/5723 5721/1/5721 5720/1/5720 
f 5722/1/5722 5720/1/5720 5729/1/5729 
f 5708/1/5708 5717/1/5717 5729/1/5729 
f 5722/1/5722 5735/1/5735 5734/1/5734 
f 5743/1/5743 5746/1/5746 5747/1/5747 
f 5744/1/5744 5747/1/5747 5748/1/5748 
f 5750/1/5750 5767/1/5767 5766/1/5766 
f 5769/1/5769 5766/1/5766 5767/1/5767 
f 5759/1/5759 5766/1/5766 5769/1/5769 
f 5751/1/5751 5766/1/5766 5759/1/5759 
f 4291/1/4291 4296/1/4296 5783/1/5783 
f 5784/1/5784 5783/1/5783 4296/1/4296 
f 4304/1/4304 5793/1/5793 5789/1/5789 
f 2970/1/2970 5795/1/5795 5796/1/5796 
f 5238/1/5238 5799/1/5799 5798/1/5798 
f 5996/1/5996 6042/1/6042 6043/1/6043 
f 6029/1/6029 6045/1/6045 6047/1/6047 
f 6065/1/6065 6064/1/6064 5979/1/5979 
f 6065/1/6065 6068/1/6068 6069/1/6069 
f 6072/1/6072 6073/1/6073 6070/1/6070 
f 6266/1/6266 6265/1/6265 6254/1/6254 
f 6325/1/6325 6326/1/6326 6323/1/6323 
f 6323/1/6323 6326/1/6326 6296/1/6296 
f 6331/1/6331 6325/1/6325 6324/1/6324 
f 6347/1/6347 6346/1/6346 6330/1/6330 
f 6347/1/6347 6362/1/6362 6363/1/6363 
f 6408/1/6408 6415/1/6415 6414/1/6414 
f 6411/1/6411 6419/1/6419 6418/1/6418 
f 6429/1/6429 6428/1/6428 6419/1/6419 
f 6379/1/6379 6433/1/6433 6435/1/6435 
f 6442/1/6442 6443/1/6443 6441/1/6441 
f 6432/1/6432 6441/1/6441 6443/1/6443 
f 6439/1/6439 6444/1/6444 6431/1/6431 
f 6438/1/6438 6445/1/6445 6444/1/6444 
f 6440/1/6440 6444/1/6444 6445/1/6445 
f 6434/1/6434 6447/1/6447 6446/1/6446 
f 6449/1/6449 6446/1/6446 6447/1/6447 
f 6435/1/6435 6446/1/6446 6382/1/6382 
f 6454/1/6454 6455/1/6455 6443/1/6443 
f 6447/1/6447 6455/1/6455 6457/1/6457 
f 6454/1/6454 6458/1/6458 6459/1/6459 
f 6448/1/6448 6457/1/6457 6468/1/6468 
f 6461/1/6461 6468/1/6468 6471/1/6471 
f 6467/1/6467 6472/1/6472 6459/1/6459 
f 6479/1/6479 6483/1/6483 6484/1/6484 
f 6480/1/6480 6484/1/6484 6558/1/6558 
f 6501/1/6501 6504/1/6504 6566/1/6566 
f 6574/1/6574 6736/1/6736 6572/1/6572 
f 6569/1/6569 6572/1/6572 6736/1/6736 
f 6573/1/6573 6575/1/6575 6578/1/6578 
f 6582/1/6582 6583/1/6583 6580/1/6580 
f 6600/1/6600 6615/1/6615 6614/1/6614 
f 6625/1/6625 6624/1/6624 6528/1/6528 
f 6630/1/6630 6631/1/6631 6628/1/6628 
f 6625/1/6625 6628/1/6628 6631/1/6631 
f 6527/1/6527 6531/1/6531 6628/1/6628 
f 6582/1/6582 6636/1/6636 6638/1/6638 
f 6642/1/6642 6647/1/6647 6645/1/6645 
f 6617/1/6617 6616/1/6616 6656/1/6656 
f 6610/1/6610 6609/1/6609 6658/1/6658 
f 6594/1/6594 6658/1/6658 6609/1/6609 
f 6676/1/6676 6675/1/6675 6633/1/6633 
f 6680/1/6680 6677/1/6677 6678/1/6678 
f 6547/1/6547 6686/1/6686 6687/1/6687 
f 6683/1/6683 6682/1/6682 6687/1/6687 
f 6551/1/6551 6690/1/6690 6689/1/6689 
f 6694/1/6694 6692/1/6692 6323/1/6323 
f 5998/1/5998 6043/1/6043 6692/1/6692 
f 6693/1/6693 6692/1/6692 6043/1/6043 
f 6266/1/6266 6699/1/6699 6698/1/6698 
f 6253/1/6253 6700/1/6700 6699/1/6699 
f 6197/1/6197 6708/1/6708 6707/1/6707 
f 6718/1/6718 6717/1/6717 6143/1/6143 
f 6718/1/6718 6719/1/6719 6069/1/6069 
f 6348/1/6348 6363/1/6363 6729/1/6729 
f 6728/1/6728 6729/1/6729 6047/1/6047 
f 6336/1/6336 6335/1/6335 6733/1/6733 
f 6734/1/6734 6733/1/6733 6335/1/6335 
f 6693/1/6693 6735/1/6735 6734/1/6734 
# 13396 faces

