# 3ds Max Wavefront OBJ Exporter v0.99 - (c)2007 guruware
# File Created: 15.03.2025 15:46:36

mtllib piernaDerDel.mtl

#
# object C_rculo_003
#

v  -0.0680 0.0235 -0.4240
v  -0.0654 0.0221 -0.4117
v  -0.0467 0.0301 -0.4142
v  -0.0487 0.0318 -0.4266
v  -0.0279 0.0381 -0.4158
v  -0.0293 0.0400 -0.4282
v  -0.0489 0.0291 -0.4390
v  -0.0688 0.0206 -0.4363
v  -0.0290 0.0376 -0.4406
v  -0.0840 0.0141 -0.4082
v  -0.0794 0.0084 -0.3981
v  -0.0613 0.0162 -0.4015
v  -0.0430 0.0240 -0.4040
v  -0.0246 0.0318 -0.4055
v  -0.0062 0.0396 -0.4060
v  -0.0090 0.0461 -0.4163
v  -0.0099 0.0483 -0.4287
v  -0.0090 0.0461 -0.4411
v  -0.0267 0.0309 -0.4509
v  -0.0062 0.0396 -0.4514
v  -0.0471 0.0222 -0.4492
v  -0.0674 0.0135 -0.4465
v  -0.0876 0.0049 -0.4427
v  -0.0885 0.0122 -0.4326
v  -0.0872 0.0154 -0.4204
v  -0.0409 -0.0400 -0.4240
v  -0.0216 -0.0318 -0.4266
v  -0.0214 -0.0292 -0.4142
v  -0.0402 -0.0372 -0.4117
v  -0.0435 -0.0386 -0.4363
v  -0.0237 -0.0301 -0.4390
v  -0.0022 -0.0235 -0.4282
v  -0.0026 -0.0211 -0.4158
v  -0.0037 -0.0216 -0.4406
v  -0.0588 -0.0451 -0.4082
v  -0.0416 -0.0301 -0.4015
v  -0.0597 -0.0378 -0.3981
v  -0.0601 -0.0482 -0.4204
v  -0.0632 -0.0470 -0.4326
v  -0.0679 -0.0413 -0.4427
v  -0.0477 -0.0327 -0.4465
v  -0.0274 -0.0240 -0.4492
v  -0.0070 -0.0153 -0.4509
v  0.0163 -0.0131 -0.4411
v  0.0135 -0.0066 -0.4514
v  0.0172 -0.0153 -0.4287
v  0.0163 -0.0131 -0.4163
v  -0.0049 -0.0144 -0.4055
v  0.0135 -0.0066 -0.4060
v  -0.0233 -0.0223 -0.4040
v  -0.1163 -0.0722 -0.4035
v  -0.0978 -0.0643 -0.4101
v  -0.0954 -0.0607 -0.3982
v  -0.1133 -0.0684 -0.3918
v  -0.1211 -0.0716 -0.4152
v  -0.1021 -0.0635 -0.4220
v  -0.0791 -0.0563 -0.4158
v  -0.0772 -0.0530 -0.4037
v  -0.0828 -0.0553 -0.4278
v  -0.1129 -0.0605 -0.3821
v  -0.1301 -0.0678 -0.3749
v  -0.1310 -0.0759 -0.3844
v  -0.1344 -0.0799 -0.3959
v  -0.1397 -0.0796 -0.4074
v  -0.1461 -0.0746 -0.4169
v  -0.1270 -0.0665 -0.4249
v  -0.1076 -0.0582 -0.4319
v  -0.0878 -0.0498 -0.4378
v  -0.0777 -0.0455 -0.3937
v  -0.0954 -0.0530 -0.3884
v  -0.1865 -0.1021 -0.3674
v  -0.1696 -0.0949 -0.3778
v  -0.1651 -0.0904 -0.3669
v  -0.1815 -0.0974 -0.3567
v  -0.1933 -0.1024 -0.3781
v  -0.1759 -0.0950 -0.3888
v  -0.1522 -0.0875 -0.3873
v  -0.1482 -0.0832 -0.3761
v  -0.1580 -0.0874 -0.3986
v  -0.1794 -0.0889 -0.3479
v  -0.1950 -0.0955 -0.3372
v  -0.1975 -0.1042 -0.3458
v  -0.2029 -0.1091 -0.3561
v  -0.2102 -0.1097 -0.3664
v  -0.2182 -0.1054 -0.3750
v  -0.2009 -0.0980 -0.3869
v  -0.1831 -0.0904 -0.3979
v  -0.1648 -0.0826 -0.4079
v  -0.1469 -0.0750 -0.3668
v  -0.1634 -0.0820 -0.3578
v  -0.2489 -0.1287 -0.3171
v  -0.2341 -0.1224 -0.3309
v  -0.2278 -0.1172 -0.3213
v  -0.2421 -0.1233 -0.3079
v  -0.2575 -0.1298 -0.3263
v  -0.2423 -0.1234 -0.3405
v  -0.2188 -0.1159 -0.3439
v  -0.2129 -0.1108 -0.3339
v  -0.2265 -0.1166 -0.3539
v  -0.2385 -0.1140 -0.3003
v  -0.2519 -0.1197 -0.2865
v  -0.2558 -0.1291 -0.2937
v  -0.2630 -0.1347 -0.3025
v  -0.2720 -0.1360 -0.3113
v  -0.2666 -0.1260 -0.3340
v  -0.2814 -0.1323 -0.3186
v  -0.2511 -0.1194 -0.3485
v  -0.2350 -0.1125 -0.3622
v  -0.2100 -0.1019 -0.3257
v  -0.2246 -0.1081 -0.3133
v  -0.3010 -0.1509 -0.2546
v  -0.2891 -0.1458 -0.2712
v  -0.2811 -0.1399 -0.2633
v  -0.2928 -0.1449 -0.2471
v  -0.3111 -0.1527 -0.2620
v  -0.2988 -0.1474 -0.2791
v  -0.2764 -0.1404 -0.2872
v  -0.2688 -0.1346 -0.2789
v  -0.2858 -0.1419 -0.2956
v  -0.2879 -0.1351 -0.2410
v  -0.2985 -0.1396 -0.2246
v  -0.3036 -0.1495 -0.2304
v  -0.3122 -0.1557 -0.2373
v  -0.3227 -0.1576 -0.2442
v  -0.3333 -0.1545 -0.2499
v  -0.3215 -0.1494 -0.2681
v  -0.3089 -0.1441 -0.2856
v  -0.2956 -0.1384 -0.3025
v  -0.2646 -0.1252 -0.2720
v  -0.2766 -0.1303 -0.2568
v  -0.3410 -0.1680 -0.1821
v  -0.3322 -0.1642 -0.2010
v  -0.3230 -0.1578 -0.1952
v  -0.3315 -0.1614 -0.1768
v  -0.3522 -0.1702 -0.1874
v  -0.3432 -0.1664 -0.2069
v  -0.3226 -0.1602 -0.2194
v  -0.3137 -0.1538 -0.2130
v  -0.3334 -0.1622 -0.2258
v  -0.3257 -0.1512 -0.1724
v  -0.3332 -0.1544 -0.1541
v  -0.3392 -0.1647 -0.1580
v  -0.3488 -0.1713 -0.1628
v  -0.3603 -0.1737 -0.1676
v  -0.3719 -0.1709 -0.1715
v  -0.3636 -0.1674 -0.1919
v  -0.3544 -0.1634 -0.2117
v  -0.3443 -0.1591 -0.2311
v  -0.3084 -0.1438 -0.2077
v  -0.3175 -0.1477 -0.1903
v  -0.3671 -0.1791 -0.1026
v  -0.3619 -0.1769 -0.1230
v  -0.3519 -0.1701 -0.1194
v  -0.3570 -0.1722 -0.0996
v  -0.3791 -0.1817 -0.1057
v  -0.3738 -0.1794 -0.1266
v  -0.3558 -0.1743 -0.1431
v  -0.3460 -0.1676 -0.1389
v  -0.3675 -0.1767 -0.1473
v  -0.3505 -0.1618 -0.0971
v  -0.3546 -0.1635 -0.0776
v  -0.3611 -0.1740 -0.0796
v  -0.3714 -0.1809 -0.0820
v  -0.3835 -0.1836 -0.0844
v  -0.3956 -0.1810 -0.0864
v  -0.3911 -0.1791 -0.1082
v  -0.3856 -0.1768 -0.1296
v  -0.3792 -0.1740 -0.1507
v  -0.3398 -0.1572 -0.1354
v  -0.3456 -0.1597 -0.1164
v  -0.3785 -0.1840 -0.0191
v  -0.3771 -0.1834 -0.0402
v  -0.3666 -0.1764 -0.0390
v  -0.3680 -0.1769 -0.0185
v  -0.3909 -0.1867 -0.0197
v  -0.3894 -0.1861 -0.0414
v  -0.3747 -0.1824 -0.0612
v  -0.3643 -0.1754 -0.0594
v  -0.3869 -0.1850 -0.0630
v  -0.3613 -0.1664 -0.0180
v  -0.3618 -0.1666 0.0020
v  -0.3685 -0.1771 0.0020
v  -0.3790 -0.1842 0.0020
v  -0.3914 -0.1869 0.0020
v  -0.4031 -0.1842 -0.0202
v  -0.4036 -0.1844 0.0020
v  -0.4016 -0.1836 -0.0424
v  -0.3991 -0.1825 -0.0645
v  -0.3577 -0.1649 -0.0578
v  -0.3600 -0.1658 -0.0380
v  -0.3747 -0.1824 0.0652
v  -0.3771 -0.1834 0.0442
v  -0.3666 -0.1764 0.0430
v  -0.3643 -0.1754 0.0634
v  -0.3869 -0.1850 0.0670
v  -0.3894 -0.1861 0.0455
v  -0.3785 -0.1840 0.0232
v  -0.3680 -0.1769 0.0225
v  -0.3909 -0.1867 0.0238
v  -0.3577 -0.1649 0.0619
v  -0.3546 -0.1635 0.0816
v  -0.3611 -0.1740 0.0836
v  -0.3714 -0.1809 0.0860
v  -0.3835 -0.1836 0.0885
v  -0.3991 -0.1825 0.0686
v  -0.3956 -0.1810 0.0905
v  -0.4016 -0.1836 0.0465
v  -0.4031 -0.1842 0.0243
v  -0.3613 -0.1664 0.0220
v  -0.3600 -0.1658 0.0420
v  -0.3558 -0.1743 0.1471
v  -0.3619 -0.1769 0.1270
v  -0.3519 -0.1701 0.1234
v  -0.3460 -0.1676 0.1429
v  -0.3675 -0.1767 0.1513
v  -0.3738 -0.1794 0.1307
v  -0.3671 -0.1791 0.1067
v  -0.3570 -0.1722 0.1037
v  -0.3791 -0.1817 0.1097
v  -0.3398 -0.1572 0.1395
v  -0.3332 -0.1544 0.1581
v  -0.3392 -0.1647 0.1621
v  -0.3488 -0.1713 0.1668
v  -0.3603 -0.1737 0.1716
v  -0.3792 -0.1740 0.1548
v  -0.3719 -0.1709 0.1755
v  -0.3856 -0.1768 0.1336
v  -0.3911 -0.1791 0.1122
v  -0.3505 -0.1618 0.1011
v  -0.3456 -0.1597 0.1204
v  -0.3226 -0.1602 0.2234
v  -0.3322 -0.1642 0.2051
v  -0.3230 -0.1578 0.1992
v  -0.3137 -0.1538 0.2171
v  -0.3334 -0.1622 0.2298
v  -0.3432 -0.1664 0.2109
v  -0.3410 -0.1680 0.1862
v  -0.3315 -0.1614 0.1809
v  -0.3522 -0.1702 0.1915
v  -0.3084 -0.1438 0.2118
v  -0.2985 -0.1396 0.2287
v  -0.3036 -0.1495 0.2344
v  -0.3122 -0.1557 0.2413
v  -0.3227 -0.1576 0.2482
v  -0.3443 -0.1591 0.2351
v  -0.3333 -0.1545 0.2539
v  -0.3544 -0.1634 0.2158
v  -0.3636 -0.1674 0.1959
v  -0.3257 -0.1512 0.1765
v  -0.3175 -0.1477 0.1943
v  -0.2764 -0.1404 0.2913
v  -0.2891 -0.1458 0.2753
v  -0.2811 -0.1399 0.2674
v  -0.2688 -0.1346 0.2829
v  -0.2858 -0.1419 0.2996
v  -0.2988 -0.1474 0.2831
v  -0.3010 -0.1509 0.2586
v  -0.2928 -0.1449 0.2512
v  -0.3111 -0.1527 0.2660
v  -0.2646 -0.1252 0.2760
v  -0.2519 -0.1197 0.2905
v  -0.2558 -0.1291 0.2978
v  -0.2630 -0.1347 0.3066
v  -0.2720 -0.1360 0.3154
v  -0.2956 -0.1384 0.3065
v  -0.2814 -0.1323 0.3227
v  -0.3089 -0.1441 0.2897
v  -0.3215 -0.1494 0.2721
v  -0.2879 -0.1351 0.2450
v  -0.2766 -0.1303 0.2608
v  -0.2188 -0.1159 0.3480
v  -0.2341 -0.1224 0.3350
v  -0.2278 -0.1172 0.3253
v  -0.2129 -0.1108 0.3380
v  -0.2265 -0.1166 0.3580
v  -0.2423 -0.1234 0.3446
v  -0.2489 -0.1287 0.3212
v  -0.2421 -0.1233 0.3119
v  -0.2575 -0.1298 0.3304
v  -0.2100 -0.1019 0.3297
v  -0.1950 -0.0955 0.3412
v  -0.1975 -0.1042 0.3498
v  -0.2029 -0.1091 0.3601
v  -0.2102 -0.1097 0.3705
v  -0.2350 -0.1125 0.3662
v  -0.2182 -0.1054 0.3790
v  -0.2511 -0.1194 0.3525
v  -0.2666 -0.1260 0.3380
v  -0.2385 -0.1140 0.3043
v  -0.2246 -0.1081 0.3174
v  -0.1522 -0.0875 0.3914
v  -0.1696 -0.0949 0.3819
v  -0.1651 -0.0904 0.3709
v  -0.1482 -0.0832 0.3801
v  -0.1580 -0.0874 0.4026
v  -0.1759 -0.0950 0.3928
v  -0.1865 -0.1021 0.3714
v  -0.1815 -0.0974 0.3608
v  -0.1933 -0.1024 0.3821
v  -0.1469 -0.0750 0.3708
v  -0.1301 -0.0678 0.3789
v  -0.1310 -0.0759 0.3885
v  -0.1344 -0.0799 0.3999
v  -0.1397 -0.0796 0.4114
v  -0.1648 -0.0826 0.4119
v  -0.1461 -0.0746 0.4209
v  -0.1831 -0.0904 0.4019
v  -0.2009 -0.0980 0.3910
v  -0.1794 -0.0889 0.3519
v  -0.1634 -0.0820 0.3618
v  -0.0791 -0.0563 0.4198
v  -0.0978 -0.0643 0.4142
v  -0.0954 -0.0607 0.4023
v  -0.0772 -0.0530 0.4078
v  -0.0828 -0.0553 0.4319
v  -0.1021 -0.0635 0.4261
v  -0.1163 -0.0722 0.4075
v  -0.1133 -0.0684 0.3958
v  -0.1211 -0.0716 0.4193
v  -0.0777 -0.0455 0.3978
v  -0.0597 -0.0378 0.4022
v  -0.0588 -0.0451 0.4123
v  -0.0601 -0.0482 0.4245
v  -0.0632 -0.0470 0.4366
v  -0.0878 -0.0498 0.4419
v  -0.0679 -0.0413 0.4468
v  -0.1076 -0.0582 0.4359
v  -0.1270 -0.0665 0.4290
v  -0.1129 -0.0605 0.3861
v  -0.0954 -0.0530 0.3924
v  -0.0022 -0.0235 0.4322
v  -0.0216 -0.0318 0.4307
v  -0.0214 -0.0292 0.4183
v  -0.0026 -0.0211 0.4198
v  -0.0037 -0.0216 0.4446
v  -0.0237 -0.0301 0.4430
v  -0.0409 -0.0400 0.4281
v  -0.0402 -0.0372 0.4158
v  -0.0435 -0.0386 0.4404
v  -0.0049 -0.0144 0.4095
v  0.0135 -0.0066 0.4100
v  0.0163 -0.0131 0.4203
v  0.0172 -0.0153 0.4327
v  0.0163 -0.0131 0.4452
v  -0.0070 -0.0153 0.4549
v  0.0135 -0.0066 0.4555
v  -0.0274 -0.0240 0.4533
v  -0.0477 -0.0327 0.4506
v  -0.0416 -0.0301 0.4056
v  -0.0233 -0.0223 0.4080
v  0.0753 0.0095 0.4281
v  0.0560 0.0013 0.4307
v  0.0540 0.0030 0.4183
v  0.0727 0.0110 0.4158
v  0.0761 0.0124 0.4404
v  0.0562 0.0039 0.4430
v  0.0366 -0.0070 0.4322
v  0.0352 -0.0050 0.4198
v  0.0363 -0.0046 0.4446
v  0.0686 0.0169 0.4056
v  0.0867 0.0246 0.4022
v  0.0913 0.0189 0.4123
v  0.0945 0.0177 0.4245
v  0.0958 0.0208 0.4366
v  0.0747 0.0195 0.4506
v  0.0949 0.0281 0.4468
v  0.0544 0.0108 0.4533
v  0.0340 0.0021 0.4549
v  0.0319 0.0013 0.4095
v  0.0503 0.0091 0.4080
v  0.1507 0.0417 0.4075
v  0.1322 0.0338 0.4142
v  0.1280 0.0345 0.4023
v  0.1459 0.0422 0.3958
v  0.1536 0.0455 0.4193
v  0.1346 0.0374 0.4261
v  0.1135 0.0258 0.4198
v  0.1098 0.0268 0.4078
v  0.1153 0.0291 0.4319
v  0.1399 0.0473 0.3861
v  0.1571 0.0546 0.3789
v  0.1635 0.0497 0.3885
v  0.1688 0.0494 0.3999
v  0.1723 0.0534 0.4114
v  0.1540 0.0533 0.4290
v  0.1731 0.0615 0.4209
v  0.1346 0.0450 0.4359
v  0.1149 0.0366 0.4419
v  0.1047 0.0323 0.3978
v  0.1224 0.0399 0.3924
v  0.2209 0.0716 0.3714
v  0.2040 0.0644 0.3819
v  0.1977 0.0642 0.3709
v  0.2141 0.0712 0.3608
v  0.2258 0.0763 0.3821
v  0.2084 0.0688 0.3928
v  0.1866 0.0570 0.3914
v  0.1808 0.0570 0.3801
v  0.1906 0.0612 0.4026
v  0.2064 0.0757 0.3519
v  0.2220 0.0823 0.3412
v  0.2300 0.0780 0.3498
v  0.2373 0.0786 0.3601
v  0.2427 0.0835 0.3705
v  0.2279 0.0848 0.3910
v  0.2452 0.0922 0.3790
v  0.2101 0.0772 0.4019
v  0.1918 0.0694 0.4119
v  0.1740 0.0618 0.3708
v  0.1904 0.0688 0.3618
v  0.2833 0.0982 0.3212
v  0.2685 0.0919 0.3350
v  0.2604 0.0910 0.3253
v  0.2747 0.0971 0.3119
v  0.2900 0.1036 0.3304
v  0.2749 0.0972 0.3446
v  0.2532 0.0854 0.3480
v  0.2455 0.0846 0.3380
v  0.2591 0.0904 0.3580
v  0.2655 0.1009 0.3043
v  0.2789 0.1066 0.2905
v  0.2883 0.1029 0.2978
v  0.2974 0.1042 0.3066
v  0.3045 0.1098 0.3154
v  0.2936 0.1128 0.3380
v  0.3084 0.1192 0.3227
v  0.2781 0.1062 0.3525
v  0.2620 0.0994 0.3662
v  0.2371 0.0887 0.3297
v  0.2516 0.0949 0.3174
v  0.3354 0.1204 0.2586
v  0.3235 0.1153 0.2753
v  0.3137 0.1137 0.2674
v  0.3253 0.1187 0.2512
v  0.3437 0.1265 0.2660
v  0.3314 0.1213 0.2831
v  0.3108 0.1099 0.2913
v  0.3014 0.1085 0.2829
v  0.3183 0.1157 0.2996
v  0.3149 0.1219 0.2450
v  0.3255 0.1265 0.2287
v  0.3362 0.1233 0.2344
v  0.3466 0.1252 0.2413
v  0.3552 0.1314 0.2482
v  0.3485 0.1363 0.2721
v  0.3603 0.1413 0.2539
v  0.3359 0.1309 0.2897
v  0.3226 0.1252 0.3065
v  0.2916 0.1120 0.2760
v  0.3036 0.1171 0.2608
v  0.3754 0.1374 0.1862
v  0.3666 0.1337 0.2051
v  0.3556 0.1316 0.1992
v  0.3641 0.1352 0.1809
v  0.3848 0.1440 0.1915
v  0.3758 0.1402 0.2109
v  0.3570 0.1296 0.2234
v  0.3463 0.1276 0.2171
v  0.3659 0.1360 0.2298
v  0.3528 0.1381 0.1765
v  0.3602 0.1412 0.1581
v  0.3718 0.1385 0.1621
v  0.3832 0.1408 0.1668
v  0.3929 0.1475 0.1716
v  0.3906 0.1542 0.1959
v  0.3989 0.1577 0.1755
v  0.3814 0.1503 0.2158
v  0.3713 0.1460 0.2351
v  0.3354 0.1307 0.2118
v  0.3445 0.1345 0.1943
v  0.4015 0.1486 0.1067
v  0.3963 0.1464 0.1270
v  0.3845 0.1439 0.1234
v  0.3895 0.1460 0.1037
v  0.4117 0.1555 0.1097
v  0.4064 0.1532 0.1307
v  0.3902 0.1438 0.1471
v  0.3785 0.1414 0.1429
v  0.4001 0.1506 0.1513
v  0.3775 0.1486 0.1011
v  0.3816 0.1503 0.0816
v  0.3936 0.1478 0.0836
v  0.4058 0.1504 0.0860
v  0.4161 0.1574 0.0885
v  0.4181 0.1659 0.1122
v  0.4226 0.1678 0.0905
v  0.4127 0.1636 0.1336
v  0.4062 0.1609 0.1548
v  0.3669 0.1441 0.1395
v  0.3726 0.1465 0.1204
v  0.4129 0.1535 0.0232
v  0.4115 0.1529 0.0442
v  0.3992 0.1502 0.0430
v  0.4006 0.1508 0.0225
v  0.4234 0.1605 0.0238
v  0.4219 0.1599 0.0455
v  0.4091 0.1518 0.0652
v  0.3969 0.1492 0.0634
v  0.4195 0.1588 0.0670
v  0.3883 0.1532 0.0220
v  0.3888 0.1534 0.0020
v  0.4010 0.1510 0.0020
v  0.4134 0.1537 0.0020
v  0.4239 0.1607 0.0020
v  0.4301 0.1710 0.0243
v  0.4306 0.1713 0.0020
v  0.4286 0.1704 0.0465
v  0.4261 0.1693 0.0686
v  0.3847 0.1517 0.0619
v  0.3870 0.1526 0.0420
v  0.4091 0.1518 -0.0612
v  0.4115 0.1529 -0.0402
v  0.3992 0.1502 -0.0390
v  0.3969 0.1492 -0.0594
v  0.4195 0.1588 -0.0630
v  0.4219 0.1599 -0.0414
v  0.4129 0.1535 -0.0191
v  0.4006 0.1508 -0.0185
v  0.4234 0.1605 -0.0197
v  0.3847 0.1517 -0.0578
v  0.3816 0.1503 -0.0776
v  0.3936 0.1478 -0.0796
v  0.4058 0.1504 -0.0820
v  0.4161 0.1574 -0.0844
v  0.4261 0.1693 -0.0645
v  0.4226 0.1678 -0.0864
v  0.4286 0.1704 -0.0424
v  0.4301 0.1710 -0.0202
v  0.3883 0.1532 -0.0180
v  0.3870 0.1526 -0.0380
v  0.3902 0.1438 -0.1431
v  0.3963 0.1464 -0.1230
v  0.3845 0.1439 -0.1194
v  0.3785 0.1414 -0.1389
v  0.4001 0.1506 -0.1473
v  0.4064 0.1532 -0.1266
v  0.4015 0.1486 -0.1026
v  0.3895 0.1460 -0.0996
v  0.4117 0.1555 -0.1057
v  0.3669 0.1441 -0.1354
v  0.3602 0.1412 -0.1541
v  0.3718 0.1385 -0.1580
v  0.3832 0.1408 -0.1628
v  0.3929 0.1475 -0.1676
v  0.4062 0.1609 -0.1507
v  0.3989 0.1577 -0.1715
v  0.4127 0.1636 -0.1296
v  0.4181 0.1659 -0.1082
v  0.3775 0.1486 -0.0971
v  0.3726 0.1465 -0.1164
v  0.3570 0.1296 -0.2194
v  0.3666 0.1337 -0.2010
v  0.3556 0.1316 -0.1952
v  0.3463 0.1276 -0.2130
v  0.3659 0.1360 -0.2258
v  0.3758 0.1402 -0.2069
v  0.3754 0.1374 -0.1821
v  0.3641 0.1352 -0.1768
v  0.3848 0.1440 -0.1874
v  0.3354 0.1307 -0.2077
v  0.3255 0.1265 -0.2246
v  0.3362 0.1233 -0.2304
v  0.3466 0.1252 -0.2373
v  0.3552 0.1314 -0.2442
v  0.3713 0.1460 -0.2311
v  0.3603 0.1413 -0.2499
v  0.3814 0.1503 -0.2117
v  0.3906 0.1542 -0.1919
v  0.3528 0.1381 -0.1724
v  0.3445 0.1345 -0.1903
v  0.3108 0.1099 -0.2872
v  0.3235 0.1153 -0.2712
v  0.3137 0.1137 -0.2633
v  0.3014 0.1085 -0.2789
v  0.3183 0.1157 -0.2956
v  0.3314 0.1213 -0.2791
v  0.3354 0.1204 -0.2546
v  0.3253 0.1187 -0.2471
v  0.3437 0.1265 -0.2620
v  0.2916 0.1120 -0.2720
v  0.2789 0.1066 -0.2865
v  0.2883 0.1029 -0.2937
v  0.2974 0.1042 -0.3025
v  0.3045 0.1098 -0.3113
v  0.3226 0.1252 -0.3025
v  0.3084 0.1192 -0.3186
v  0.3359 0.1309 -0.2856
v  0.3485 0.1363 -0.2681
v  0.3149 0.1219 -0.2410
v  0.3036 0.1171 -0.2568
v  0.2532 0.0854 -0.3439
v  0.2685 0.0919 -0.3309
v  0.2604 0.0910 -0.3213
v  0.2455 0.0846 -0.3339
v  0.2591 0.0904 -0.3539
v  0.2749 0.0972 -0.3405
v  0.2833 0.0982 -0.3171
v  0.2747 0.0971 -0.3079
v  0.2900 0.1036 -0.3263
v  0.2371 0.0887 -0.3257
v  0.2220 0.0823 -0.3372
v  0.2300 0.0780 -0.3458
v  0.2373 0.0786 -0.3561
v  0.2427 0.0835 -0.3664
v  0.2620 0.0994 -0.3622
v  0.2452 0.0922 -0.3750
v  0.2781 0.1062 -0.3485
v  0.2936 0.1128 -0.3340
v  0.2655 0.1009 -0.3003
v  0.2516 0.0949 -0.3133
v  0.1866 0.0570 -0.3873
v  0.2040 0.0644 -0.3778
v  0.1977 0.0642 -0.3669
v  0.1808 0.0570 -0.3761
v  0.1906 0.0612 -0.3986
v  0.2084 0.0688 -0.3888
v  0.2209 0.0716 -0.3674
v  0.2141 0.0712 -0.3567
v  0.2258 0.0763 -0.3781
v  0.1740 0.0618 -0.3668
v  0.1571 0.0546 -0.3749
v  0.1635 0.0497 -0.3844
v  0.1688 0.0494 -0.3959
v  0.1723 0.0534 -0.4074
v  0.1918 0.0694 -0.4079
v  0.1731 0.0615 -0.4169
v  0.2101 0.0772 -0.3979
v  0.2279 0.0848 -0.3869
v  0.2064 0.0757 -0.3479
v  0.1904 0.0688 -0.3578
v  0.1135 0.0258 -0.4158
v  0.1322 0.0338 -0.4101
v  0.1280 0.0345 -0.3982
v  0.1098 0.0268 -0.4037
v  0.1153 0.0291 -0.4278
v  0.1346 0.0374 -0.4220
v  0.1507 0.0417 -0.4035
v  0.1459 0.0422 -0.3918
v  0.1536 0.0455 -0.4152
v  0.1047 0.0323 -0.3937
v  0.0867 0.0246 -0.3981
v  0.0913 0.0189 -0.4082
v  0.0945 0.0177 -0.4204
v  0.0958 0.0208 -0.4326
v  0.1149 0.0366 -0.4378
v  0.0949 0.0281 -0.4427
v  0.1346 0.0450 -0.4319
v  0.1540 0.0533 -0.4249
v  0.1399 0.0473 -0.3821
v  0.1224 0.0399 -0.3884
v  0.0366 -0.0070 -0.4282
v  0.0560 0.0013 -0.4266
v  0.0540 0.0030 -0.4142
v  0.0352 -0.0050 -0.4158
v  0.0363 -0.0046 -0.4406
v  0.0562 0.0039 -0.4390
v  0.0753 0.0095 -0.4240
v  0.0727 0.0110 -0.4117
v  0.0761 0.0124 -0.4363
v  0.0319 0.0013 -0.4055
v  0.0340 0.0021 -0.4509
v  0.0544 0.0108 -0.4492
v  0.0747 0.0195 -0.4465
v  0.0686 0.0169 -0.4015
v  0.0503 0.0091 -0.4040
v  -0.1207 -0.0015 -0.3982
v  -0.1249 -0.0007 -0.4101
v  -0.1434 -0.0086 -0.4035
v  -0.1386 -0.0091 -0.3918
v  -0.1025 0.0063 -0.4037
v  -0.1062 0.0073 -0.4158
v  -0.1273 -0.0043 -0.4220
v  -0.1463 -0.0124 -0.4152
v  -0.1080 0.0039 -0.4278
v  -0.1326 -0.0143 -0.3821
v  -0.1562 -0.0166 -0.3844
v  -0.1498 -0.0216 -0.3749
v  -0.1151 -0.0068 -0.3884
v  -0.0974 0.0008 -0.3937
v  -0.1076 -0.0036 -0.4378
v  -0.1273 -0.0120 -0.4319
v  -0.1467 -0.0203 -0.4249
v  -0.1658 -0.0284 -0.4169
v  -0.1650 -0.0204 -0.4074
v  -0.1615 -0.0163 -0.3959
v  -0.1904 -0.0312 -0.3669
v  -0.1967 -0.0313 -0.3778
v  -0.2136 -0.0385 -0.3674
v  -0.2068 -0.0382 -0.3567
v  -0.1735 -0.0240 -0.3761
v  -0.1793 -0.0239 -0.3873
v  -0.2011 -0.0358 -0.3888
v  -0.2185 -0.0432 -0.3781
v  -0.1833 -0.0282 -0.3986
v  -0.2227 -0.0450 -0.3458
v  -0.2147 -0.0493 -0.3372
v  -0.1991 -0.0426 -0.3479
v  -0.1831 -0.0358 -0.3578
v  -0.1667 -0.0288 -0.3668
v  -0.1845 -0.0364 -0.4079
v  -0.2028 -0.0442 -0.3979
v  -0.2206 -0.0518 -0.3869
v  -0.2379 -0.0592 -0.3750
v  -0.2354 -0.0504 -0.3664
v  -0.2300 -0.0455 -0.3561
v  -0.2531 -0.0579 -0.3213
v  -0.2612 -0.0589 -0.3309
v  -0.2760 -0.0651 -0.3171
v  -0.2674 -0.0640 -0.3079
v  -0.2382 -0.0516 -0.3339
v  -0.2459 -0.0523 -0.3439
v  -0.2676 -0.0641 -0.3405
v  -0.2827 -0.0706 -0.3263
v  -0.2518 -0.0574 -0.3539
v  -0.2810 -0.0699 -0.2937
v  -0.2716 -0.0735 -0.2865
v  -0.2582 -0.0678 -0.3003
v  -0.2443 -0.0619 -0.3133
v  -0.2298 -0.0557 -0.3257
v  -0.2547 -0.0663 -0.3622
v  -0.2708 -0.0732 -0.3485
v  -0.2863 -0.0798 -0.3340
v  -0.3011 -0.0861 -0.3186
v  -0.2972 -0.0768 -0.3113
v  -0.2901 -0.0711 -0.3025
v  -0.3064 -0.0807 -0.2633
v  -0.3162 -0.0823 -0.2712
v  -0.3281 -0.0874 -0.2546
v  -0.3180 -0.0856 -0.2471
v  -0.2941 -0.0754 -0.2789
v  -0.3035 -0.0769 -0.2872
v  -0.3241 -0.0882 -0.2791
v  -0.3364 -0.0935 -0.2620
v  -0.3110 -0.0826 -0.2956
v  -0.3289 -0.0903 -0.2304
v  -0.3182 -0.0934 -0.2246
v  -0.3076 -0.0889 -0.2410
v  -0.2963 -0.0840 -0.2568
v  -0.2843 -0.0789 -0.2720
v  -0.3153 -0.0921 -0.3025
v  -0.3286 -0.0978 -0.2856
v  -0.3412 -0.1032 -0.2681
v  -0.3530 -0.1082 -0.2499
v  -0.3479 -0.0984 -0.2442
v  -0.3393 -0.0921 -0.2373
v  -0.3483 -0.0985 -0.1952
v  -0.3593 -0.1007 -0.2010
v  -0.3681 -0.1044 -0.1821
v  -0.3568 -0.1022 -0.1768
v  -0.3390 -0.0946 -0.2130
v  -0.3497 -0.0966 -0.2194
v  -0.3685 -0.1071 -0.2069
v  -0.3775 -0.1110 -0.1874
v  -0.3586 -0.1029 -0.2258
v  -0.3645 -0.1054 -0.1580
v  -0.3529 -0.1082 -0.1541
v  -0.3455 -0.1050 -0.1724
v  -0.3372 -0.1015 -0.1903
v  -0.3281 -0.0976 -0.2077
v  -0.3640 -0.1129 -0.2311
v  -0.3741 -0.1172 -0.2117
v  -0.3833 -0.1211 -0.1919
v  -0.3916 -0.1247 -0.1715
v  -0.3856 -0.1144 -0.1676
v  -0.3759 -0.1078 -0.1628
v  -0.3772 -0.1108 -0.1194
v  -0.3890 -0.1133 -0.1230
v  -0.3942 -0.1156 -0.1026
v  -0.3822 -0.1130 -0.0996
v  -0.3712 -0.1083 -0.1389
v  -0.3829 -0.1107 -0.1431
v  -0.3991 -0.1202 -0.1266
v  -0.4044 -0.1225 -0.1057
v  -0.3928 -0.1175 -0.1473
v  -0.3863 -0.1148 -0.0796
v  -0.3743 -0.1173 -0.0776
v  -0.3702 -0.1156 -0.0971
v  -0.3653 -0.1135 -0.1164
v  -0.3596 -0.1110 -0.1354
v  -0.3989 -0.1278 -0.1507
v  -0.4054 -0.1305 -0.1296
v  -0.4108 -0.1329 -0.1082
v  -0.4153 -0.1348 -0.0864
v  -0.4088 -0.1243 -0.0844
v  -0.3985 -0.1174 -0.0820
v  -0.3919 -0.1171 -0.0390
v  -0.4042 -0.1198 -0.0402
v  -0.4056 -0.1204 -0.0191
v  -0.3933 -0.1177 -0.0185
v  -0.3896 -0.1161 -0.0594
v  -0.4018 -0.1188 -0.0612
v  -0.4147 -0.1268 -0.0414
v  -0.4161 -0.1275 -0.0197
v  -0.4122 -0.1258 -0.0630
v  -0.3937 -0.1179 0.0020
v  -0.3815 -0.1204 0.0020
v  -0.3810 -0.1202 -0.0180
v  -0.3797 -0.1196 -0.0380
v  -0.3774 -0.1186 -0.0578
v  -0.4188 -0.1363 -0.0645
v  -0.4213 -0.1373 -0.0424
v  -0.4228 -0.1380 -0.0202
v  -0.4233 -0.1382 0.0020
v  -0.4166 -0.1277 0.0020
v  -0.4061 -0.1206 0.0020
v  -0.3919 -0.1171 0.0430
v  -0.4042 -0.1198 0.0442
v  -0.4018 -0.1188 0.0652
v  -0.3896 -0.1161 0.0634
v  -0.3933 -0.1177 0.0225
v  -0.4056 -0.1204 0.0232
v  -0.4147 -0.1268 0.0455
v  -0.4122 -0.1258 0.0670
v  -0.4161 -0.1275 0.0238
v  -0.3863 -0.1148 0.0836
v  -0.3743 -0.1173 0.0816
v  -0.3774 -0.1186 0.0619
v  -0.3797 -0.1196 0.0420
v  -0.3810 -0.1202 0.0220
v  -0.4228 -0.1380 0.0243
v  -0.4213 -0.1373 0.0465
v  -0.4188 -0.1363 0.0686
v  -0.4153 -0.1348 0.0905
v  -0.4088 -0.1243 0.0885
v  -0.3985 -0.1174 0.0860
v  -0.3772 -0.1108 0.1234
v  -0.3890 -0.1133 0.1270
v  -0.3829 -0.1107 0.1471
v  -0.3712 -0.1083 0.1429
v  -0.3822 -0.1130 0.1037
v  -0.3942 -0.1156 0.1067
v  -0.3991 -0.1202 0.1307
v  -0.3928 -0.1175 0.1513
v  -0.4044 -0.1225 0.1097
v  -0.3645 -0.1054 0.1621
v  -0.3529 -0.1082 0.1581
v  -0.3596 -0.1110 0.1395
v  -0.3653 -0.1135 0.1204
v  -0.3702 -0.1156 0.1011
v  -0.4108 -0.1329 0.1122
v  -0.4054 -0.1305 0.1336
v  -0.3989 -0.1278 0.1548
v  -0.3916 -0.1247 0.1755
v  -0.3856 -0.1144 0.1716
v  -0.3759 -0.1078 0.1668
v  -0.3483 -0.0985 0.1992
v  -0.3593 -0.1007 0.2051
v  -0.3497 -0.0966 0.2234
v  -0.3390 -0.0946 0.2171
v  -0.3568 -0.1022 0.1809
v  -0.3681 -0.1044 0.1862
v  -0.3685 -0.1071 0.2109
v  -0.3586 -0.1029 0.2298
v  -0.3775 -0.1110 0.1915
v  -0.3289 -0.0903 0.2344
v  -0.3182 -0.0934 0.2287
v  -0.3281 -0.0976 0.2118
v  -0.3372 -0.1015 0.1943
v  -0.3455 -0.1050 0.1765
v  -0.3833 -0.1211 0.1959
v  -0.3741 -0.1172 0.2158
v  -0.3640 -0.1129 0.2351
v  -0.3530 -0.1082 0.2539
v  -0.3479 -0.0984 0.2482
v  -0.3393 -0.0921 0.2413
v  -0.3064 -0.0807 0.2674
v  -0.3162 -0.0823 0.2753
v  -0.3035 -0.0769 0.2913
v  -0.2941 -0.0754 0.2829
v  -0.3180 -0.0856 0.2512
v  -0.3281 -0.0874 0.2586
v  -0.3241 -0.0882 0.2831
v  -0.3110 -0.0826 0.2996
v  -0.3364 -0.0935 0.2660
v  -0.2810 -0.0699 0.2978
v  -0.2716 -0.0735 0.2905
v  -0.2843 -0.0789 0.2760
v  -0.2963 -0.0840 0.2608
v  -0.3076 -0.0889 0.2450
v  -0.3412 -0.1032 0.2721
v  -0.3286 -0.0978 0.2897
v  -0.3153 -0.0921 0.3065
v  -0.3011 -0.0861 0.3227
v  -0.2972 -0.0768 0.3154
v  -0.2901 -0.0711 0.3066
v  -0.2531 -0.0579 0.3253
v  -0.2612 -0.0589 0.3350
v  -0.2459 -0.0523 0.3480
v  -0.2382 -0.0516 0.3380
v  -0.2674 -0.0640 0.3119
v  -0.2760 -0.0651 0.3212
v  -0.2676 -0.0641 0.3446
v  -0.2518 -0.0574 0.3580
v  -0.2827 -0.0706 0.3304
v  -0.2227 -0.0450 0.3498
v  -0.2147 -0.0493 0.3412
v  -0.2298 -0.0557 0.3297
v  -0.2443 -0.0619 0.3174
v  -0.2582 -0.0678 0.3043
v  -0.2863 -0.0798 0.3380
v  -0.2708 -0.0732 0.3525
v  -0.2547 -0.0663 0.3662
v  -0.2379 -0.0592 0.3790
v  -0.2354 -0.0504 0.3705
v  -0.2300 -0.0455 0.3601
v  -0.1904 -0.0312 0.3709
v  -0.1967 -0.0313 0.3819
v  -0.1793 -0.0239 0.3914
v  -0.1735 -0.0240 0.3801
v  -0.2068 -0.0382 0.3608
v  -0.2136 -0.0385 0.3714
v  -0.2011 -0.0358 0.3928
v  -0.1833 -0.0282 0.4026
v  -0.2185 -0.0432 0.3821
v  -0.1562 -0.0166 0.3885
v  -0.1498 -0.0216 0.3789
v  -0.1667 -0.0288 0.3708
v  -0.1831 -0.0358 0.3618
v  -0.1991 -0.0426 0.3519
v  -0.2206 -0.0518 0.3910
v  -0.2028 -0.0442 0.4019
v  -0.1845 -0.0364 0.4119
v  -0.1658 -0.0284 0.4209
v  -0.1650 -0.0204 0.4114
v  -0.1615 -0.0163 0.3999
v  -0.1207 -0.0015 0.4023
v  -0.1249 -0.0007 0.4142
v  -0.1062 0.0073 0.4198
v  -0.1025 0.0063 0.4078
v  -0.1386 -0.0091 0.3958
v  -0.1434 -0.0086 0.4075
v  -0.1273 -0.0043 0.4261
v  -0.1080 0.0039 0.4319
v  -0.1463 -0.0124 0.4193
v  -0.0840 0.0141 0.4123
v  -0.0794 0.0084 0.4022
v  -0.0974 0.0008 0.3978
v  -0.1151 -0.0068 0.3924
v  -0.1326 -0.0143 0.3861
v  -0.1467 -0.0203 0.4290
v  -0.1273 -0.0120 0.4359
v  -0.1076 -0.0036 0.4419
v  -0.0876 0.0049 0.4468
v  -0.0885 0.0122 0.4366
v  -0.0872 0.0154 0.4245
v  -0.0467 0.0301 0.4183
v  -0.0487 0.0318 0.4307
v  -0.0293 0.0400 0.4322
v  -0.0279 0.0381 0.4198
v  -0.0654 0.0221 0.4158
v  -0.0680 0.0235 0.4281
v  -0.0489 0.0291 0.4430
v  -0.0290 0.0376 0.4446
v  -0.0688 0.0206 0.4404
v  -0.0090 0.0461 0.4203
v  -0.0062 0.0396 0.4100
v  -0.0246 0.0318 0.4095
v  -0.0430 0.0240 0.4080
v  -0.0613 0.0162 0.4056
v  -0.0674 0.0135 0.4506
v  -0.0471 0.0222 0.4533
v  -0.0267 0.0309 0.4549
v  -0.0062 0.0396 0.4555
v  -0.0090 0.0461 0.4452
v  -0.0099 0.0483 0.4327
v  0.0287 0.0622 0.4183
v  0.0289 0.0649 0.4307
v  0.0482 0.0731 0.4281
v  0.0475 0.0702 0.4158
v  0.0099 0.0542 0.4198
v  0.0095 0.0566 0.4322
v  0.0310 0.0632 0.4430
v  0.0508 0.0716 0.4404
v  0.0110 0.0547 0.4446
v  0.0661 0.0782 0.4123
v  0.0670 0.0709 0.4022
v  0.0489 0.0631 0.4056
v  0.0306 0.0553 0.4080
v  0.0122 0.0475 0.4095
v  0.0143 0.0484 0.4549
v  0.0347 0.0571 0.4533
v  0.0550 0.0657 0.4506
v  0.0752 0.0743 0.4468
v  0.0705 0.0801 0.4366
v  0.0674 0.0813 0.4245
v  0.1027 0.0938 0.4023
v  0.1051 0.0973 0.4142
v  0.1236 0.1052 0.4075
v  0.1206 0.1014 0.3958
v  0.0845 0.0860 0.4078
v  0.0864 0.0894 0.4198
v  0.1094 0.0966 0.4261
v  0.1283 0.1047 0.4193
v  0.0901 0.0884 0.4319
v  0.1383 0.1089 0.3885
v  0.1374 0.1009 0.3789
v  0.1202 0.0935 0.3861
v  0.1027 0.0861 0.3924
v  0.0850 0.0785 0.3978
v  0.0951 0.0829 0.4419
v  0.1149 0.0913 0.4359
v  0.1343 0.0996 0.4290
v  0.1534 0.1077 0.4209
v  0.1470 0.1127 0.4114
v  0.1417 0.1130 0.3999
v  0.1724 0.1235 0.3709
v  0.1769 0.1279 0.3819
v  0.1938 0.1352 0.3714
v  0.1888 0.1305 0.3608
v  0.1555 0.1163 0.3801
v  0.1595 0.1205 0.3914
v  0.1832 0.1281 0.3928
v  0.2006 0.1355 0.3821
v  0.1653 0.1205 0.4026
v  0.2048 0.1373 0.3498
v  0.2023 0.1285 0.3412
v  0.1867 0.1219 0.3519
v  0.1707 0.1151 0.3618
v  0.1542 0.1081 0.3708
v  0.1721 0.1157 0.4119
v  0.1904 0.1235 0.4019
v  0.2082 0.1311 0.3910
v  0.2255 0.1384 0.3790
v  0.2175 0.1427 0.3705
v  0.2102 0.1422 0.3601
v  0.2351 0.1502 0.3253
v  0.2414 0.1555 0.3350
v  0.2562 0.1618 0.3212
v  0.2494 0.1563 0.3119
v  0.2202 0.1439 0.3380
v  0.2261 0.1489 0.3480
v  0.2496 0.1564 0.3446
v  0.2648 0.1629 0.3304
v  0.2338 0.1497 0.3580
v  0.2631 0.1621 0.2978
v  0.2592 0.1528 0.2905
v  0.2458 0.1471 0.3043
v  0.2319 0.1412 0.3174
v  0.2173 0.1350 0.3297
v  0.2423 0.1456 0.3662
v  0.2584 0.1525 0.3525
v  0.2739 0.1591 0.3380
v  0.2887 0.1654 0.3227
v  0.2793 0.1690 0.3154
v  0.2703 0.1678 0.3066
v  0.2884 0.1730 0.2674
v  0.2964 0.1789 0.2753
v  0.3083 0.1840 0.2586
v  0.3001 0.1779 0.2512
v  0.2761 0.1677 0.2829
v  0.2837 0.1735 0.2913
v  0.3061 0.1805 0.2831
v  0.3184 0.1857 0.2660
v  0.2931 0.1749 0.2996
v  0.3109 0.1825 0.2344
v  0.3058 0.1727 0.2287
v  0.2952 0.1682 0.2450
v  0.2839 0.1633 0.2608
v  0.2719 0.1582 0.2760
v  0.3029 0.1714 0.3065
v  0.3162 0.1771 0.2897
v  0.3288 0.1825 0.2721
v  0.3406 0.1875 0.2539
v  0.3300 0.1907 0.2482
v  0.3195 0.1888 0.2413
v  0.3303 0.1908 0.1992
v  0.3395 0.1973 0.2051
v  0.3483 0.2010 0.1862
v  0.3388 0.1944 0.1809
v  0.3210 0.1869 0.2171
v  0.3299 0.1932 0.2234
v  0.3505 0.1994 0.2109
v  0.3595 0.2033 0.1915
v  0.3407 0.1952 0.2298
v  0.3465 0.1977 0.1621
v  0.3405 0.1875 0.1581
v  0.3330 0.1843 0.1765
v  0.3248 0.1808 0.1943
v  0.3157 0.1769 0.2118
v  0.3516 0.1922 0.2351
v  0.3617 0.1965 0.2158
v  0.3709 0.2004 0.1959
v  0.3792 0.2040 0.1755
v  0.3676 0.2067 0.1716
v  0.3561 0.2044 0.1668
v  0.3592 0.2031 0.1234
v  0.3692 0.2100 0.1270
v  0.3744 0.2122 0.1067
v  0.3643 0.2053 0.1037
v  0.3533 0.2006 0.1429
v  0.3631 0.2074 0.1471
v  0.3811 0.2125 0.1307
v  0.3864 0.2147 0.1097
v  0.3748 0.2098 0.1513
v  0.3684 0.2070 0.0836
v  0.3619 0.1966 0.0816
v  0.3578 0.1949 0.1011
v  0.3529 0.1928 0.1204
v  0.3471 0.1903 0.1395
v  0.3865 0.2071 0.1548
v  0.3929 0.2098 0.1336
v  0.3984 0.2122 0.1122
v  0.4029 0.2141 0.0905
v  0.3908 0.2166 0.0885
v  0.3787 0.2140 0.0860
v  0.3739 0.2094 0.0430
v  0.3844 0.2164 0.0442
v  0.3858 0.2170 0.0232
v  0.3753 0.2100 0.0225
v  0.3716 0.2084 0.0634
v  0.3820 0.2154 0.0652
v  0.3967 0.2191 0.0455
v  0.3982 0.2197 0.0238
v  0.3942 0.2181 0.0670
v  0.3758 0.2102 0.0020
v  0.3691 0.1997 0.0020
v  0.3686 0.1995 0.0220
v  0.3673 0.1989 0.0420
v  0.3650 0.1979 0.0619
v  0.4064 0.2156 0.0686
v  0.4089 0.2166 0.0465
v  0.4104 0.2173 0.0243
v  0.4109 0.2175 0.0020
v  0.3987 0.2199 0.0020
v  0.3863 0.2172 0.0020
v  0.3739 0.2094 -0.0390
v  0.3844 0.2164 -0.0402
v  0.3820 0.2154 -0.0612
v  0.3716 0.2084 -0.0594
v  0.3753 0.2100 -0.0185
v  0.3858 0.2170 -0.0191
v  0.3967 0.2191 -0.0414
v  0.3942 0.2181 -0.0630
v  0.3982 0.2197 -0.0197
v  0.3684 0.2070 -0.0796
v  0.3619 0.1966 -0.0776
v  0.3650 0.1979 -0.0578
v  0.3673 0.1989 -0.0380
v  0.3686 0.1995 -0.0180
v  0.4104 0.2173 -0.0202
v  0.4089 0.2166 -0.0424
v  0.4064 0.2156 -0.0645
v  0.4029 0.2141 -0.0864
v  0.3908 0.2166 -0.0844
v  0.3787 0.2140 -0.0820
v  0.3592 0.2031 -0.1194
v  0.3692 0.2100 -0.1230
v  0.3631 0.2074 -0.1431
v  0.3533 0.2006 -0.1389
v  0.3643 0.2053 -0.0996
v  0.3744 0.2122 -0.1026
v  0.3811 0.2125 -0.1266
v  0.3748 0.2098 -0.1473
v  0.3864 0.2147 -0.1057
v  0.3465 0.1977 -0.1580
v  0.3405 0.1875 -0.1541
v  0.3471 0.1903 -0.1354
v  0.3529 0.1928 -0.1164
v  0.3578 0.1949 -0.0971
v  0.3984 0.2122 -0.1082
v  0.3929 0.2098 -0.1296
v  0.3865 0.2071 -0.1507
v  0.3792 0.2040 -0.1715
v  0.3676 0.2067 -0.1676
v  0.3561 0.2044 -0.1628
v  0.3303 0.1908 -0.1952
v  0.3395 0.1973 -0.2010
v  0.3299 0.1932 -0.2194
v  0.3210 0.1869 -0.2130
v  0.3388 0.1944 -0.1768
v  0.3483 0.2010 -0.1821
v  0.3505 0.1994 -0.2069
v  0.3407 0.1952 -0.2258
v  0.3595 0.2033 -0.1874
v  0.3109 0.1825 -0.2304
v  0.3058 0.1727 -0.2246
v  0.3157 0.1769 -0.2077
v  0.3248 0.1808 -0.1903
v  0.3330 0.1843 -0.1724
v  0.3709 0.2004 -0.1919
v  0.3617 0.1965 -0.2117
v  0.3516 0.1922 -0.2311
v  0.3406 0.1875 -0.2499
v  0.3300 0.1907 -0.2442
v  0.3195 0.1888 -0.2373
v  0.2884 0.1730 -0.2633
v  0.2964 0.1789 -0.2712
v  0.2837 0.1735 -0.2872
v  0.2761 0.1677 -0.2789
v  0.3001 0.1779 -0.2471
v  0.3083 0.1840 -0.2546
v  0.3061 0.1805 -0.2791
v  0.2931 0.1749 -0.2956
v  0.3184 0.1857 -0.2620
v  0.2631 0.1621 -0.2937
v  0.2592 0.1528 -0.2865
v  0.2719 0.1582 -0.2720
v  0.2839 0.1633 -0.2568
v  0.2952 0.1682 -0.2410
v  0.3288 0.1825 -0.2681
v  0.3162 0.1771 -0.2856
v  0.3029 0.1714 -0.3025
v  0.2887 0.1654 -0.3186
v  0.2793 0.1690 -0.3113
v  0.2703 0.1678 -0.3025
v  0.2351 0.1502 -0.3213
v  0.2414 0.1555 -0.3309
v  0.2261 0.1489 -0.3439
v  0.2202 0.1439 -0.3339
v  0.2494 0.1563 -0.3079
v  0.2562 0.1618 -0.3171
v  0.2496 0.1564 -0.3405
v  0.2338 0.1497 -0.3539
v  0.2648 0.1629 -0.3263
v  0.2048 0.1373 -0.3458
v  0.2023 0.1285 -0.3372
v  0.2173 0.1350 -0.3257
v  0.2319 0.1412 -0.3133
v  0.2458 0.1471 -0.3003
v  0.2739 0.1591 -0.3340
v  0.2584 0.1525 -0.3485
v  0.2423 0.1456 -0.3622
v  0.2255 0.1384 -0.3750
v  0.2175 0.1427 -0.3664
v  0.2102 0.1422 -0.3561
v  0.1724 0.1235 -0.3669
v  0.1769 0.1279 -0.3778
v  0.1595 0.1205 -0.3873
v  0.1555 0.1163 -0.3761
v  0.1888 0.1305 -0.3567
v  0.1938 0.1352 -0.3674
v  0.1832 0.1281 -0.3888
v  0.1653 0.1205 -0.3986
v  0.2006 0.1355 -0.3781
v  0.1383 0.1089 -0.3844
v  0.1374 0.1009 -0.3749
v  0.1542 0.1081 -0.3668
v  0.1707 0.1151 -0.3578
v  0.1867 0.1219 -0.3479
v  0.2082 0.1311 -0.3869
v  0.1904 0.1235 -0.3979
v  0.1721 0.1157 -0.4079
v  0.1534 0.1077 -0.4169
v  0.1470 0.1127 -0.4074
v  0.1417 0.1130 -0.3959
v  0.1027 0.0938 -0.3982
v  0.1051 0.0973 -0.4101
v  0.0864 0.0894 -0.4158
v  0.0845 0.0860 -0.4037
v  0.1206 0.1014 -0.3918
v  0.1236 0.1052 -0.4035
v  0.1094 0.0966 -0.4220
v  0.0901 0.0884 -0.4278
v  0.1283 0.1047 -0.4152
v  0.0661 0.0782 -0.4082
v  0.0670 0.0709 -0.3981
v  0.0850 0.0785 -0.3937
v  0.1027 0.0861 -0.3884
v  0.1202 0.0935 -0.3821
v  0.1343 0.0996 -0.4249
v  0.1149 0.0913 -0.4319
v  0.0951 0.0829 -0.4378
v  0.0752 0.0743 -0.4427
v  0.0705 0.0801 -0.4326
v  0.0674 0.0813 -0.4204
v  0.0287 0.0622 -0.4142
v  0.0289 0.0649 -0.4266
v  0.0095 0.0566 -0.4282
v  0.0099 0.0542 -0.4158
v  0.0475 0.0702 -0.4117
v  0.0482 0.0731 -0.4240
v  0.0310 0.0632 -0.4390
v  0.0110 0.0547 -0.4406
v  0.0508 0.0716 -0.4363
v  0.0122 0.0475 -0.4055
v  0.0306 0.0553 -0.4040
v  0.0489 0.0631 -0.4015
v  0.0550 0.0657 -0.4465
v  0.0347 0.0571 -0.4492
v  0.0143 0.0484 -0.4509
v  0.4138 0.1765 -0.1315
v  0.4103 0.1899 -0.1321
v  0.4159 0.1923 -0.1102
v  0.4194 0.1788 -0.1097
v  0.4073 0.1737 -0.1529
v  0.4038 0.1871 -0.1536
v  0.4030 0.2018 -0.1315
v  0.4086 0.2041 -0.1097
v  0.3965 0.1990 -0.1529
v  0.4239 0.1808 -0.0877
v  0.3998 0.1705 -0.1740
v  0.3963 0.1839 -0.1748
v  0.3891 0.1958 -0.1740
v  0.4131 0.2061 -0.0877
v  0.4204 0.1942 -0.0881
v  0.0452 0.0193 -0.3976
v  0.0397 0.0319 -0.3955
v  0.0217 0.0242 -0.3969
v  0.0272 0.0116 -0.3991
v  0.0632 0.0270 -0.3952
v  0.0576 0.0395 -0.3931
v  0.0345 0.0446 -0.3976
v  0.0164 0.0369 -0.3991
v  0.0525 0.0523 -0.3952
v  0.0090 0.0039 -0.3996
v  0.0811 0.0346 -0.3918
v  0.0753 0.0471 -0.3898
v  0.0703 0.0599 -0.3918
v  -0.0017 0.0292 -0.3996
v  0.0036 0.0165 -0.3974
v  -0.3167 -0.1350 -0.1873
v  -0.3204 -0.1216 -0.1863
v  -0.3285 -0.1251 -0.1688
v  -0.3249 -0.1385 -0.1697
v  -0.3078 -0.1312 -0.2044
v  -0.3115 -0.1179 -0.2033
v  -0.3275 -0.1097 -0.1873
v  -0.3357 -0.1132 -0.1697
v  -0.3186 -0.1059 -0.2044
v  -0.3322 -0.1416 -0.1517
v  -0.2981 -0.1271 -0.2211
v  -0.3019 -0.1137 -0.2199
v  -0.3089 -0.1018 -0.2211
v  -0.3430 -0.1163 -0.1517
v  -0.3358 -0.1282 -0.1508
v  0.3821 0.1629 -0.2147
v  0.3784 0.1763 -0.2158
v  0.3878 0.1803 -0.1955
v  0.3914 0.1669 -0.1946
v  0.3719 0.1586 -0.2344
v  0.3681 0.1719 -0.2355
v  0.3713 0.1882 -0.2147
v  0.3806 0.1922 -0.1946
v  0.3611 0.1839 -0.2344
v  0.3607 0.1538 -0.2535
v  0.3570 0.1672 -0.2546
v  0.3500 0.1791 -0.2535
v  -0.0324 -0.0138 -0.4556
v  -0.0380 -0.0012 -0.4577
v  -0.0172 0.0076 -0.4594
v  -0.0117 -0.0050 -0.4573
v  -0.0530 -0.0226 -0.4528
v  -0.0587 -0.0101 -0.4549
v  -0.0432 0.0115 -0.4556
v  -0.0225 0.0203 -0.4573
v  -0.0638 0.0027 -0.4528
v  0.0090 0.0039 -0.4578
v  -0.0735 -0.0313 -0.4490
v  -0.0793 -0.0188 -0.4511
v  -0.0843 -0.0060 -0.4490
v  -0.0017 0.0292 -0.4578
v  0.0036 0.0165 -0.4600
v  -0.3445 -0.1468 -0.1146
v  -0.3480 -0.1334 -0.1139
v  -0.3528 -0.1354 -0.0950
v  -0.3493 -0.1489 -0.0956
v  -0.3388 -0.1444 -0.1333
v  -0.3423 -0.1310 -0.1325
v  -0.3552 -0.1216 -0.1146
v  -0.3601 -0.1236 -0.0956
v  -0.3495 -0.1191 -0.1333
v  -0.3533 -0.1506 -0.0763
v  -0.3640 -0.1253 -0.0763
v  -0.3567 -0.1371 -0.0759
v  0.3360 0.1433 -0.2897
v  0.3321 0.1566 -0.2910
v  0.3450 0.1621 -0.2732
v  0.3488 0.1487 -0.2719
v  0.3225 0.1375 -0.3068
v  0.3185 0.1508 -0.3082
v  0.3252 0.1686 -0.2897
v  0.3380 0.1740 -0.2719
v  0.3117 0.1628 -0.3068
v  0.3081 0.1314 -0.3231
v  0.3041 0.1446 -0.3246
v  0.2974 0.1567 -0.3231
v  -0.1137 -0.0485 -0.4380
v  -0.1197 -0.0361 -0.4401
v  -0.0996 -0.0275 -0.4461
v  -0.0937 -0.0399 -0.4440
v  -0.1335 -0.0569 -0.4309
v  -0.1395 -0.0445 -0.4329
v  -0.1245 -0.0232 -0.4380
v  -0.1045 -0.0147 -0.4440
v  -0.1442 -0.0316 -0.4309
v  -0.1528 -0.0651 -0.4228
v  -0.1590 -0.0528 -0.4248
v  -0.1636 -0.0398 -0.4228
v  -0.3586 -0.1529 -0.0373
v  -0.3620 -0.1394 -0.0371
v  -0.3633 -0.1400 -0.0176
v  -0.3599 -0.1534 -0.0177
v  -0.3564 -0.1519 -0.0569
v  -0.3598 -0.1384 -0.0566
v  -0.3694 -0.1276 -0.0373
v  -0.3707 -0.1281 -0.0177
v  -0.3671 -0.1266 -0.0569
v  -0.3604 -0.1536 0.0020
v  -0.3711 -0.1283 0.0020
v  -0.3638 -0.1401 0.0020
v  0.2774 0.1183 -0.3534
v  0.2732 0.1315 -0.3551
v  0.2890 0.1382 -0.3403
v  0.2931 0.1250 -0.3387
v  0.2610 0.1113 -0.3673
v  0.2568 0.1245 -0.3690
v  0.2666 0.1436 -0.3534
v  0.2823 0.1503 -0.3387
v  0.2502 0.1366 -0.3673
v  0.2440 0.1041 -0.3803
v  0.2397 0.1172 -0.3821
v  0.2333 0.1294 -0.3803
v  -0.1904 -0.0811 -0.4035
v  -0.1967 -0.0689 -0.4054
v  -0.1780 -0.0609 -0.4156
v  -0.1718 -0.0732 -0.4137
v  -0.2084 -0.0888 -0.3924
v  -0.2148 -0.0766 -0.3942
v  -0.2011 -0.0559 -0.4035
v  -0.1826 -0.0479 -0.4137
v  -0.2192 -0.0636 -0.3924
v  -0.2260 -0.0963 -0.3803
v  -0.2324 -0.0841 -0.3821
v  -0.2367 -0.0710 -0.3803
v  -0.3586 -0.1529 0.0414
v  -0.3620 -0.1394 0.0412
v  -0.3598 -0.1384 0.0606
v  -0.3564 -0.1519 0.0609
v  -0.3599 -0.1534 0.0217
v  -0.3633 -0.1400 0.0216
v  -0.3694 -0.1276 0.0414
v  -0.3671 -0.1266 0.0609
v  -0.3707 -0.1281 0.0217
v  -0.3533 -0.1506 0.0804
v  -0.3640 -0.1253 0.0804
v  -0.3567 -0.1371 0.0799
v  0.2084 0.0889 -0.4035
v  0.2040 0.1019 -0.4054
v  0.2221 0.1097 -0.3942
v  0.2265 0.0966 -0.3924
v  0.1899 0.0810 -0.4137
v  0.1853 0.0940 -0.4156
v  0.1977 0.1142 -0.4035
v  0.2157 0.1219 -0.3924
v  0.1791 0.1063 -0.4137
v  0.1709 0.0729 -0.4228
v  0.1663 0.0859 -0.4248
v  0.1601 0.0982 -0.4228
v  -0.2593 -0.1105 -0.3534
v  -0.2659 -0.0984 -0.3551
v  -0.2495 -0.0914 -0.3690
v  -0.2429 -0.1036 -0.3673
v  -0.2750 -0.1172 -0.3387
v  -0.2817 -0.1052 -0.3403
v  -0.2701 -0.0852 -0.3534
v  -0.2537 -0.0783 -0.3673
v  -0.2858 -0.0919 -0.3387
v  -0.2901 -0.1236 -0.3231
v  -0.2968 -0.1116 -0.3246
v  -0.3008 -0.0984 -0.3231
v  -0.3445 -0.1468 0.1186
v  -0.3480 -0.1334 0.1180
v  -0.3423 -0.1310 0.1366
v  -0.3388 -0.1444 0.1373
v  -0.3493 -0.1489 0.0996
v  -0.3528 -0.1354 0.0991
v  -0.3552 -0.1216 0.1186
v  -0.3495 -0.1191 0.1373
v  -0.3601 -0.1236 0.0996
v  -0.3322 -0.1416 0.1557
v  -0.3430 -0.1163 0.1557
v  -0.3358 -0.1282 0.1549
v  0.1318 0.0562 -0.4380
v  0.1270 0.0691 -0.4401
v  0.1468 0.0776 -0.4329
v  0.1515 0.0646 -0.4309
v  0.1118 0.0477 -0.4440
v  0.1069 0.0606 -0.4461
v  0.1210 0.0815 -0.4380
v  0.1408 0.0899 -0.4309
v  0.1010 0.0730 -0.4440
v  0.0916 0.0391 -0.4490
v  0.0866 0.0519 -0.4511
v  0.0808 0.0644 -0.4490
v  -0.3179 -0.1355 -0.2897
v  -0.3248 -0.1235 -0.2910
v  -0.3112 -0.1177 -0.3082
v  -0.3044 -0.1297 -0.3068
v  -0.3307 -0.1410 -0.2719
v  -0.3377 -0.1290 -0.2732
v  -0.3287 -0.1102 -0.2897
v  -0.3152 -0.1045 -0.3068
v  -0.3415 -0.1157 -0.2719
v  -0.3427 -0.1461 -0.2535
v  -0.3497 -0.1341 -0.2546
v  -0.3534 -0.1208 -0.2535
v  -0.3167 -0.1350 0.1913
v  -0.3204 -0.1216 0.1903
v  -0.3115 -0.1179 0.2074
v  -0.3078 -0.1312 0.2085
v  -0.3249 -0.1385 0.1737
v  -0.3285 -0.1251 0.1728
v  -0.3275 -0.1097 0.1913
v  -0.3186 -0.1059 0.2085
v  -0.3357 -0.1132 0.1737
v  -0.2981 -0.1271 0.2251
v  -0.3089 -0.1018 0.2251
v  -0.3019 -0.1137 0.2239
v  0.0505 0.0216 -0.4556
v  0.0453 0.0343 -0.4577
v  0.0660 0.0431 -0.4549
v  0.0711 0.0303 -0.4528
v  0.0298 0.0127 -0.4573
v  0.0245 0.0254 -0.4594
v  0.0397 0.0468 -0.4556
v  0.0603 0.0556 -0.4528
v  0.0190 0.0380 -0.4573
v  -0.3640 -0.1552 -0.2147
v  -0.3711 -0.1433 -0.2158
v  -0.3608 -0.1389 -0.2355
v  -0.3538 -0.1508 -0.2344
v  -0.3733 -0.1592 -0.1946
v  -0.3805 -0.1473 -0.1955
v  -0.3748 -0.1299 -0.2147
v  -0.3646 -0.1255 -0.2344
v  -0.3841 -0.1339 -0.1946
v  -0.3818 -0.1627 -0.1740
v  -0.3890 -0.1509 -0.1748
v  -0.3925 -0.1375 -0.1740
v  -0.2765 -0.1179 0.2568
v  -0.2804 -0.1046 0.2554
v  -0.2686 -0.0996 0.2703
v  -0.2647 -0.1128 0.2717
v  -0.2877 -0.1226 0.2412
v  -0.2915 -0.1093 0.2400
v  -0.2873 -0.0926 0.2568
v  -0.2754 -0.0875 0.2717
v  -0.2984 -0.0973 0.2412
v  -0.2522 -0.1075 0.2860
v  -0.2629 -0.0822 0.2860
v  -0.2562 -0.0943 0.2845
v  -0.3957 -0.1687 -0.1315
v  -0.4030 -0.1569 -0.1321
v  -0.3965 -0.1541 -0.1536
v  -0.3892 -0.1659 -0.1529
v  -0.4013 -0.1711 -0.1097
v  -0.4086 -0.1592 -0.1102
v  -0.4065 -0.1434 -0.1315
v  -0.4000 -0.1406 -0.1529
v  -0.4121 -0.1458 -0.1097
v  -0.4058 -0.1730 -0.0877
v  -0.4131 -0.1612 -0.0881
v  -0.4166 -0.1477 -0.0877
v  -0.2253 -0.0960 0.3124
v  -0.2295 -0.0829 0.3108
v  -0.2152 -0.0768 0.3229
v  -0.2110 -0.0899 0.3246
v  -0.2390 -0.1019 0.2996
v  -0.2431 -0.0887 0.2980
v  -0.2361 -0.0707 0.3124
v  -0.2218 -0.0647 0.3246
v  -0.2498 -0.0766 0.2996
v  -0.1962 -0.0836 0.3359
v  -0.2070 -0.0583 0.3359
v  -0.2005 -0.0705 0.3341
v  -0.4119 -0.1756 -0.0431
v  -0.4193 -0.1638 -0.0433
v  -0.4167 -0.1627 -0.0658
v  -0.4094 -0.1745 -0.0655
v  -0.4134 -0.1763 -0.0205
v  -0.4208 -0.1644 -0.0206
v  -0.4227 -0.1503 -0.0431
v  -0.4202 -0.1492 -0.0655
v  -0.4242 -0.1510 -0.0205
v  -0.4140 -0.1765 0.0020
v  -0.4213 -0.1647 0.0020
v  -0.4247 -0.1512 0.0020
v  -0.1651 -0.0704 0.3562
v  -0.1696 -0.0573 0.3543
v  -0.1535 -0.0505 0.3631
v  -0.1489 -0.0635 0.3650
v  -0.1809 -0.0771 0.3465
v  -0.1853 -0.0640 0.3446
v  -0.1759 -0.0451 0.3562
v  -0.1597 -0.0382 0.3650
v  -0.1917 -0.0518 0.3465
v  -0.1323 -0.0564 0.3730
v  -0.1431 -0.0311 0.3730
v  -0.1370 -0.0434 0.3711
v  -0.4119 -0.1756 0.0471
v  -0.4193 -0.1638 0.0473
v  -0.4208 -0.1644 0.0247
v  -0.4134 -0.1763 0.0246
v  -0.4094 -0.1745 0.0695
v  -0.4167 -0.1627 0.0698
v  -0.4227 -0.1503 0.0471
v  -0.4242 -0.1510 0.0246
v  -0.4202 -0.1492 0.0695
v  -0.4058 -0.1730 0.0917
v  -0.4131 -0.1612 0.0921
v  -0.4166 -0.1477 0.0917
v  -0.0982 -0.0418 0.3863
v  -0.1030 -0.0290 0.3843
v  -0.0856 -0.0215 0.3895
v  -0.0807 -0.0344 0.3916
v  -0.1154 -0.0492 0.3801
v  -0.1201 -0.0363 0.3781
v  -0.1090 -0.0166 0.3863
v  -0.0915 -0.0091 0.3916
v  -0.1262 -0.0239 0.3801
v  -0.0630 -0.0268 0.3959
v  -0.0738 -0.0016 0.3959
v  -0.0680 -0.0140 0.3938
v  -0.3957 -0.1687 0.1355
v  -0.4030 -0.1569 0.1361
v  -0.4086 -0.1592 0.1143
v  -0.4013 -0.1711 0.1138
v  -0.3892 -0.1659 0.1569
v  -0.3965 -0.1541 0.1577
v  -0.4065 -0.1434 0.1355
v  -0.4121 -0.1458 0.1138
v  -0.4000 -0.1406 0.1569
v  -0.3818 -0.1627 0.1780
v  -0.3890 -0.1509 0.1788
v  -0.3925 -0.1375 0.1780
v  -0.0272 -0.0116 0.4017
v  -0.0324 0.0012 0.3995
v  -0.0144 0.0088 0.4010
v  -0.0091 -0.0038 0.4031
v  -0.0452 -0.0192 0.3993
v  -0.0503 -0.0065 0.3971
v  -0.0379 0.0137 0.4017
v  -0.0199 0.0214 0.4031
v  -0.0559 0.0061 0.3993
v  0.0090 0.0039 0.4036
v  -0.0017 0.0292 0.4036
v  0.0036 0.0165 0.4015
v  -0.3640 -0.1552 0.2188
v  -0.3711 -0.1433 0.2198
v  -0.3805 -0.1473 0.1995
v  -0.3733 -0.1592 0.1986
v  -0.3538 -0.1508 0.2384
v  -0.3608 -0.1389 0.2395
v  -0.3748 -0.1299 0.2188
v  -0.3841 -0.1339 0.1986
v  -0.3646 -0.1255 0.2384
v  -0.3427 -0.1461 0.2575
v  -0.3497 -0.1341 0.2587
v  -0.3534 -0.1208 0.2575
v  0.0452 0.0193 0.4017
v  0.0397 0.0319 0.3995
v  0.0576 0.0395 0.3971
v  0.0632 0.0270 0.3993
v  0.0272 0.0116 0.4031
v  0.0217 0.0242 0.4010
v  0.0345 0.0446 0.4017
v  0.0525 0.0523 0.3993
v  0.0164 0.0369 0.4031
v  0.0811 0.0346 0.3959
v  0.0703 0.0599 0.3959
v  0.0753 0.0471 0.3938
v  -0.3179 -0.1355 0.2937
v  -0.3248 -0.1235 0.2951
v  -0.3377 -0.1290 0.2772
v  -0.3307 -0.1410 0.2759
v  -0.3044 -0.1297 0.3108
v  -0.3112 -0.1177 0.3123
v  -0.3287 -0.1102 0.2937
v  -0.3415 -0.1157 0.2759
v  -0.3152 -0.1045 0.3108
v  -0.2901 -0.1236 0.3272
v  -0.2968 -0.1116 0.3287
v  -0.3008 -0.0984 0.3272
v  0.1163 0.0496 0.3863
v  0.1103 0.0620 0.3843
v  0.1274 0.0693 0.3781
v  0.1335 0.0569 0.3801
v  0.0988 0.0422 0.3916
v  0.0929 0.0546 0.3895
v  0.1055 0.0749 0.3863
v  0.1227 0.0822 0.3801
v  0.0880 0.0674 0.3916
v  0.1504 0.0642 0.3730
v  0.1396 0.0894 0.3730
v  0.1443 0.0765 0.3711
v  -0.2593 -0.1105 0.3575
v  -0.2659 -0.0984 0.3591
v  -0.2817 -0.1052 0.3443
v  -0.2750 -0.1172 0.3427
v  -0.2429 -0.1036 0.3714
v  -0.2495 -0.0914 0.3731
v  -0.2701 -0.0852 0.3575
v  -0.2858 -0.0919 0.3427
v  -0.2537 -0.0783 0.3714
v  -0.2260 -0.0963 0.3844
v  -0.2324 -0.0841 0.3861
v  -0.2367 -0.0710 0.3844
v  0.1832 0.0781 0.3562
v  0.1769 0.0904 0.3543
v  0.1926 0.0971 0.3446
v  0.1990 0.0849 0.3465
v  0.1670 0.0712 0.3650
v  0.1608 0.0835 0.3631
v  0.1724 0.1034 0.3562
v  0.1882 0.1101 0.3465
v  0.1562 0.0965 0.3650
v  0.2143 0.0914 0.3359
v  0.2035 0.1167 0.3359
v  0.2078 0.1036 0.3341
v  -0.1904 -0.0811 0.4076
v  -0.1967 -0.0689 0.4094
v  -0.2148 -0.0766 0.3983
v  -0.2084 -0.0888 0.3964
v  -0.1718 -0.0732 0.4177
v  -0.1780 -0.0609 0.4196
v  -0.2011 -0.0559 0.4076
v  -0.2192 -0.0636 0.3964
v  -0.1826 -0.0479 0.4177
v  -0.1528 -0.0651 0.4269
v  -0.1590 -0.0528 0.4288
v  -0.1636 -0.0398 0.4269
v  0.2434 0.1038 0.3124
v  0.2368 0.1159 0.3108
v  0.2504 0.1217 0.2980
v  0.2571 0.1097 0.2996
v  0.2291 0.0977 0.3246
v  0.2225 0.1099 0.3229
v  0.2326 0.1291 0.3124
v  0.2463 0.1349 0.2996
v  0.2183 0.1230 0.3246
v  0.2702 0.1153 0.2860
v  0.2595 0.1405 0.2860
v  0.2635 0.1273 0.2845
v  -0.1137 -0.0485 0.4421
v  -0.1197 -0.0361 0.4441
v  -0.1395 -0.0445 0.4370
v  -0.1335 -0.0569 0.4350
v  -0.0937 -0.0399 0.4481
v  -0.0996 -0.0275 0.4501
v  -0.1245 -0.0232 0.4421
v  -0.1442 -0.0316 0.4350
v  -0.1045 -0.0147 0.4481
v  -0.0735 -0.0313 0.4530
v  -0.0793 -0.0188 0.4551
v  -0.0843 -0.0060 0.4530
v  0.2946 0.1256 0.2568
v  0.2877 0.1376 0.2554
v  0.2988 0.1424 0.2400
v  0.3057 0.1304 0.2412
v  0.2827 0.1206 0.2717
v  0.2759 0.1326 0.2703
v  0.2838 0.1509 0.2568
v  0.2950 0.1557 0.2412
v  0.2720 0.1459 0.2717
v  0.3162 0.1348 0.2251
v  0.3054 0.1601 0.2251
v  0.3092 0.1468 0.2239
v  -0.0324 -0.0138 0.4596
v  -0.0380 -0.0012 0.4618
v  -0.0587 -0.0101 0.4590
v  -0.0530 -0.0226 0.4569
v  -0.0117 -0.0050 0.4613
v  -0.0172 0.0076 0.4634
v  -0.0432 0.0115 0.4596
v  -0.0638 0.0027 0.4569
v  -0.0225 0.0203 0.4613
v  0.0090 0.0039 0.4619
v  0.0036 0.0165 0.4640
v  -0.0017 0.0292 0.4619
v  0.3348 0.1428 0.1913
v  0.3277 0.1547 0.1903
v  0.3358 0.1582 0.1728
v  0.3430 0.1463 0.1737
v  0.3259 0.1390 0.2085
v  0.3188 0.1509 0.2074
v  0.3240 0.1681 0.1913
v  0.3322 0.1715 0.1737
v  0.3151 0.1643 0.2085
v  0.3503 0.1494 0.1557
v  0.3395 0.1747 0.1557
v  0.3431 0.1613 0.1549
v  0.0505 0.0216 0.4596
v  0.0453 0.0343 0.4618
v  0.0245 0.0254 0.4634
v  0.0298 0.0127 0.4613
v  0.0711 0.0303 0.4569
v  0.0660 0.0431 0.4590
v  0.0397 0.0468 0.4596
v  0.0190 0.0380 0.4613
v  0.0603 0.0556 0.4569
v  0.0916 0.0391 0.4530
v  0.0866 0.0519 0.4551
v  0.0808 0.0644 0.4530
v  0.3625 0.1546 0.1186
v  0.3553 0.1664 0.1180
v  0.3601 0.1685 0.0991
v  0.3674 0.1567 0.0996
v  0.3568 0.1522 0.1373
v  0.3496 0.1640 0.1366
v  0.3518 0.1799 0.1186
v  0.3566 0.1820 0.0996
v  0.3461 0.1775 0.1373
v  0.3713 0.1584 0.0804
v  0.3606 0.1836 0.0804
v  0.3640 0.1702 0.0799
v  0.1318 0.0562 0.4421
v  0.1270 0.0691 0.4441
v  0.1069 0.0606 0.4501
v  0.1118 0.0477 0.4481
v  0.1515 0.0646 0.4350
v  0.1468 0.0776 0.4370
v  0.1210 0.0815 0.4421
v  0.1010 0.0730 0.4481
v  0.1408 0.0899 0.4350
v  0.1709 0.0729 0.4269
v  0.1663 0.0859 0.4288
v  0.1601 0.0982 0.4269
v  0.3767 0.1606 0.0414
v  0.3693 0.1724 0.0412
v  0.3706 0.1730 0.0216
v  0.3780 0.1612 0.0217
v  0.3744 0.1597 0.0609
v  0.3671 0.1715 0.0606
v  0.3659 0.1859 0.0414
v  0.3672 0.1865 0.0217
v  0.3637 0.1850 0.0609
v  0.3784 0.1614 0.0020
v  0.3677 0.1867 0.0020
v  0.3711 0.1732 0.0020
v  0.2084 0.0889 0.4076
v  0.2040 0.1019 0.4094
v  0.1853 0.0940 0.4196
v  0.1899 0.0810 0.4177
v  0.2265 0.0966 0.3964
v  0.2221 0.1097 0.3983
v  0.1977 0.1142 0.4076
v  0.1791 0.1063 0.4177
v  0.2157 0.1219 0.3964
v  0.2440 0.1041 0.3844
v  0.2397 0.1172 0.3861
v  0.2333 0.1294 0.3844
v  0.3767 0.1606 -0.0373
v  0.3693 0.1724 -0.0371
v  0.3671 0.1715 -0.0566
v  0.3744 0.1597 -0.0569
v  0.3780 0.1612 -0.0177
v  0.3706 0.1730 -0.0176
v  0.3659 0.1859 -0.0373
v  0.3637 0.1850 -0.0569
v  0.3672 0.1865 -0.0177
v  0.3713 0.1584 -0.0763
v  0.3606 0.1836 -0.0763
v  0.3640 0.1702 -0.0759
v  0.2774 0.1183 0.3575
v  0.2732 0.1315 0.3591
v  0.2568 0.1245 0.3731
v  0.2610 0.1113 0.3714
v  0.2931 0.1250 0.3427
v  0.2890 0.1382 0.3443
v  0.2666 0.1436 0.3575
v  0.2502 0.1366 0.3714
v  0.2823 0.1503 0.3427
v  0.3081 0.1314 0.3272
v  0.3041 0.1446 0.3287
v  0.2974 0.1567 0.3272
v  0.3625 0.1546 -0.1146
v  0.3553 0.1664 -0.1139
v  0.3496 0.1640 -0.1325
v  0.3568 0.1522 -0.1333
v  0.3674 0.1567 -0.0956
v  0.3601 0.1685 -0.0950
v  0.3518 0.1799 -0.1146
v  0.3461 0.1775 -0.1333
v  0.3566 0.1820 -0.0956
v  0.3503 0.1494 -0.1517
v  0.3395 0.1747 -0.1517
v  0.3431 0.1613 -0.1508
v  0.3360 0.1433 0.2937
v  0.3321 0.1566 0.2951
v  0.3185 0.1508 0.3123
v  0.3225 0.1375 0.3108
v  0.3488 0.1487 0.2759
v  0.3450 0.1621 0.2772
v  0.3252 0.1686 0.2937
v  0.3117 0.1628 0.3108
v  0.3380 0.1740 0.2759
v  0.3607 0.1538 0.2575
v  0.3570 0.1672 0.2587
v  0.3500 0.1791 0.2575
v  0.3348 0.1428 -0.1873
v  0.3277 0.1547 -0.1863
v  0.3188 0.1509 -0.2033
v  0.3259 0.1390 -0.2044
v  0.3430 0.1463 -0.1697
v  0.3358 0.1582 -0.1688
v  0.3240 0.1681 -0.1873
v  0.3151 0.1643 -0.2044
v  0.3322 0.1715 -0.1697
v  0.3162 0.1348 -0.2211
v  0.3054 0.1601 -0.2211
v  0.3092 0.1468 -0.2199
v  -0.0272 -0.0116 -0.3976
v  -0.0324 0.0012 -0.3955
v  -0.0503 -0.0065 -0.3931
v  -0.0452 -0.0192 -0.3952
v  -0.0091 -0.0038 -0.3991
v  -0.0144 0.0088 -0.3969
v  -0.0379 0.0137 -0.3976
v  -0.0559 0.0061 -0.3952
v  -0.0199 0.0214 -0.3991
v  -0.0630 -0.0268 -0.3918
v  -0.0738 -0.0016 -0.3918
v  -0.0680 -0.0140 -0.3898
v  0.3821 0.1629 0.2188
v  0.3784 0.1763 0.2198
v  0.3681 0.1719 0.2395
v  0.3719 0.1586 0.2384
v  0.3914 0.1669 0.1986
v  0.3878 0.1803 0.1995
v  0.3713 0.1882 0.2188
v  0.3611 0.1839 0.2384
v  0.3806 0.1922 0.1986
v  0.3998 0.1705 0.1780
v  0.3963 0.1839 0.1788
v  0.3891 0.1958 0.1780
v  0.2946 0.1256 -0.2527
v  0.2877 0.1376 -0.2514
v  0.2759 0.1326 -0.2662
v  0.2827 0.1206 -0.2677
v  0.3057 0.1304 -0.2372
v  0.2988 0.1424 -0.2359
v  0.2838 0.1509 -0.2527
v  0.2720 0.1459 -0.2677
v  0.2950 0.1557 -0.2372
v  0.2702 0.1153 -0.2819
v  0.2595 0.1405 -0.2819
v  0.2635 0.1273 -0.2804
v  -0.0982 -0.0418 -0.3823
v  -0.1030 -0.0290 -0.3802
v  -0.1201 -0.0363 -0.3741
v  -0.1154 -0.0492 -0.3761
v  -0.0807 -0.0344 -0.3875
v  -0.0856 -0.0215 -0.3855
v  -0.1090 -0.0166 -0.3823
v  -0.1262 -0.0239 -0.3761
v  -0.0915 -0.0091 -0.3875
v  -0.1323 -0.0564 -0.3690
v  -0.1431 -0.0311 -0.3690
v  -0.1370 -0.0434 -0.3670
v  0.4138 0.1765 0.1355
v  0.4103 0.1899 0.1361
v  0.4038 0.1871 0.1577
v  0.4073 0.1737 0.1569
v  0.4194 0.1788 0.1138
v  0.4159 0.1923 0.1143
v  0.4030 0.2018 0.1355
v  0.3965 0.1990 0.1569
v  0.4086 0.2041 0.1138
v  0.4239 0.1808 0.0917
v  0.4204 0.1942 0.0921
v  0.4131 0.2061 0.0917
v  0.2434 0.1038 -0.3084
v  0.2368 0.1159 -0.3068
v  0.2225 0.1099 -0.3188
v  0.2291 0.0977 -0.3205
v  0.2571 0.1097 -0.2955
v  0.2504 0.1217 -0.2939
v  0.2326 0.1291 -0.3084
v  0.2183 0.1230 -0.3205
v  0.2463 0.1349 -0.2955
v  0.2143 0.0914 -0.3319
v  0.2035 0.1167 -0.3319
v  0.2078 0.1036 -0.3301
v  -0.1651 -0.0704 -0.3521
v  -0.1696 -0.0573 -0.3503
v  -0.1853 -0.0640 -0.3406
v  -0.1809 -0.0771 -0.3424
v  -0.1489 -0.0635 -0.3610
v  -0.1535 -0.0505 -0.3591
v  -0.1759 -0.0451 -0.3521
v  -0.1917 -0.0518 -0.3424
v  -0.1597 -0.0382 -0.3610
v  -0.1962 -0.0836 -0.3319
v  -0.2070 -0.0583 -0.3319
v  -0.2005 -0.0705 -0.3301
v  0.4300 0.1834 0.0471
v  0.4266 0.1968 0.0473
v  0.4240 0.1958 0.0698
v  0.4275 0.1823 0.0695
v  0.4315 0.1840 0.0246
v  0.4281 0.1975 0.0247
v  0.4192 0.2087 0.0471
v  0.4167 0.2076 0.0695
v  0.4207 0.2093 0.0246
v  0.4320 0.1842 0.0020
v  0.4286 0.1977 0.0020
v  0.4213 0.2095 0.0020
v  0.1832 0.0781 -0.3521
v  0.1769 0.0904 -0.3503
v  0.1608 0.0835 -0.3591
v  0.1670 0.0712 -0.3610
v  0.1990 0.0849 -0.3424
v  0.1926 0.0971 -0.3406
v  0.1724 0.1034 -0.3521
v  0.1562 0.0965 -0.3610
v  0.1882 0.1101 -0.3424
v  0.1504 0.0642 -0.3690
v  0.1396 0.0894 -0.3690
v  0.1443 0.0765 -0.3670
v  -0.2253 -0.0960 -0.3084
v  -0.2295 -0.0829 -0.3068
v  -0.2431 -0.0887 -0.2939
v  -0.2390 -0.1019 -0.2955
v  -0.2110 -0.0899 -0.3205
v  -0.2152 -0.0768 -0.3188
v  -0.2361 -0.0707 -0.3084
v  -0.2498 -0.0766 -0.2955
v  -0.2218 -0.0647 -0.3205
v  -0.2522 -0.1075 -0.2819
v  -0.2629 -0.0822 -0.2819
v  -0.2562 -0.0943 -0.2804
v  0.4300 0.1834 -0.0431
v  0.4266 0.1968 -0.0433
v  0.4281 0.1975 -0.0206
v  0.4315 0.1840 -0.0205
v  0.4275 0.1823 -0.0655
v  0.4240 0.1958 -0.0658
v  0.4192 0.2087 -0.0431
v  0.4207 0.2093 -0.0205
v  0.4167 0.2076 -0.0655
v  0.1163 0.0496 -0.3823
v  0.1103 0.0620 -0.3802
v  0.0929 0.0546 -0.3855
v  0.0988 0.0422 -0.3875
v  0.1335 0.0569 -0.3761
v  0.1274 0.0693 -0.3741
v  0.1055 0.0749 -0.3823
v  0.0880 0.0674 -0.3875
v  0.1227 0.0822 -0.3761
v  -0.2765 -0.1179 -0.2527
v  -0.2804 -0.1046 -0.2514
v  -0.2915 -0.1093 -0.2359
v  -0.2877 -0.1226 -0.2372
v  -0.2647 -0.1128 -0.2677
v  -0.2686 -0.0996 -0.2662
v  -0.2873 -0.0926 -0.2527
v  -0.2984 -0.0973 -0.2372
v  -0.2754 -0.0875 -0.2677
v  -0.0036 0.0070 -0.4009
v  0.0683 0.0378 -0.3932
v  0.1374 0.0673 -0.3704
v  0.2011 0.0946 -0.3334
v  0.2570 0.1185 -0.2835
v  0.3028 0.1381 -0.2228
v  0.3369 0.1527 -0.1535
v  0.3578 0.1616 -0.0783
v  0.3649 0.1647 -0.0001
v  0.3578 0.1616 0.0781
v  0.3369 0.1527 0.1533
v  0.3028 0.1381 0.2226
v  0.2570 0.1185 0.2834
v  0.2011 0.0946 0.3332
v  0.1374 0.0673 0.3703
v  0.0683 0.0378 0.3931
v  -0.0036 0.0070 0.4008
v  -0.0755 -0.0238 0.3931
v  -0.1447 -0.0533 0.3703
v  -0.2084 -0.0806 0.3332
v  -0.2642 -0.1045 0.2834
v  -0.3101 -0.1241 0.2226
v  -0.3441 -0.1387 0.1533
v  -0.3651 -0.1476 0.0781
v  -0.3722 -0.1507 -0.0001
v  -0.3651 -0.1476 -0.0783
v  -0.3441 -0.1387 -0.1535
v  -0.3101 -0.1241 -0.2228
v  -0.2642 -0.1045 -0.2835
v  -0.0755 -0.0238 -0.3932
v  -0.2084 -0.0806 -0.3334
v  -0.1447 -0.0533 -0.3704
v  -0.3134 -0.2685 0.0781
v  -0.2668 -0.2877 0.0711
v  -0.2732 -0.2905 -0.0001
v  -0.3204 -0.2716 -0.0001
v  -0.0929 -0.1742 0.3703
v  -0.1567 -0.2015 0.3332
v  0.0481 -0.1139 -0.4009
v  -0.0238 -0.1446 -0.3932
v  0.3087 -0.0024 -0.2835
v  0.3545 0.0172 -0.2228
v  -0.0238 -0.1446 0.3931
v  -0.0929 -0.1742 -0.3704
v  0.2529 -0.0263 -0.3334
v  0.0481 -0.1139 0.4008
v  -0.1567 -0.2015 -0.3334
v  0.1891 -0.0535 -0.3704
v  0.1200 -0.0831 0.3931
v  -0.2125 -0.2254 -0.2835
v  0.1200 -0.0831 -0.3932
v  0.1891 -0.0535 0.3703
v  -0.2583 -0.2450 -0.2228
v  0.2529 -0.0263 0.3332
v  -0.2924 -0.2596 -0.1535
v  0.3087 -0.0024 0.2834
v  -0.3134 -0.2685 -0.0783
v  0.3545 0.0172 0.2226
v  0.3886 0.0318 0.1533
v  0.4096 0.0408 0.0781
v  -0.2924 -0.2596 0.1533
v  0.4166 0.0438 -0.0001
v  -0.2583 -0.2450 0.2226
v  0.4096 0.0408 -0.0783
v  -0.2125 -0.2254 0.2834
v  0.3886 0.0318 -0.1535
v  -0.1750 -0.2484 0.2580
v  -0.1866 -0.2745 0.2789
v  -0.2317 -0.2938 0.2191
v  -0.2167 -0.2663 0.2027
v  0.3913 -0.0062 0.0711
v  0.3722 -0.0143 0.1396
v  -0.2477 -0.2796 0.1396
v  0.3977 -0.0034 -0.0001
v  0.3913 -0.0062 -0.0713
v  0.3722 -0.0143 -0.1397
v  -0.1241 -0.2267 0.3033
v  0.3412 -0.0276 -0.2028
v  -0.0661 -0.2019 0.3371
v  -0.0032 -0.1750 -0.3580
v  0.0622 -0.1470 -0.3650
v  0.2995 -0.0455 -0.2581
v  -0.0032 -0.1750 0.3578
v  -0.0661 -0.2019 -0.3372
v  0.2486 -0.0672 -0.3035
v  0.0622 -0.1470 0.3648
v  -0.1241 -0.2267 -0.3035
v  0.1906 -0.0920 -0.3372
v  0.1277 -0.1189 0.3578
v  -0.1750 -0.2484 -0.2581
v  0.1277 -0.1189 -0.3580
v  0.1906 -0.0920 0.3371
v  -0.2167 -0.2663 -0.2028
v  0.2486 -0.0672 0.3033
v  -0.2477 -0.2796 -0.1397
v  0.2995 -0.0455 0.2580
v  -0.2668 -0.2877 -0.0713
v  0.3412 -0.0276 0.2027
v  -0.0689 -0.2241 0.3644
v  -0.0009 -0.1950 0.3868
v  0.0587 -0.3344 0.3868
v  -0.0093 -0.3635 0.3644
v  0.4049 -0.0214 -0.1510
v  0.4256 -0.0126 -0.0770
v  -0.1316 -0.2510 0.3279
v  0.3714 -0.0358 -0.2192
v  -0.0009 -0.1950 -0.3869
v  0.0699 -0.1648 -0.3945
v  0.3263 -0.0551 -0.2790
v  -0.0689 -0.2241 -0.3645
v  0.2714 -0.0786 -0.3280
v  0.0699 -0.1648 0.3944
v  -0.1316 -0.2510 -0.3280
v  0.2087 -0.1054 -0.3645
v  0.1406 -0.1345 0.3868
v  -0.1866 -0.2745 -0.2790
v  0.1406 -0.1345 -0.3869
v  0.2087 -0.1054 0.3644
v  -0.2317 -0.2938 -0.2192
v  0.2714 -0.0786 0.3279
v  -0.2652 -0.3081 -0.1510
v  0.3263 -0.0551 0.2789
v  -0.2858 -0.3169 -0.0770
v  0.3714 -0.0358 0.2191
v  -0.2928 -0.3199 -0.0001
v  0.4049 -0.0214 0.1509
v  -0.2858 -0.3169 0.0769
v  0.4256 -0.0126 0.0769
v  -0.2652 -0.3081 0.1509
v  0.4325 -0.0096 -0.0001
v  0.2683 -0.2448 0.3644
v  0.2698 -0.2895 0.3254
v  0.2091 -0.3155 0.3454
v  0.2003 -0.2739 0.3868
v  -0.0093 -0.3635 -0.3645
v  0.0587 -0.3344 -0.3869
v  0.3310 -0.2179 -0.3280
v  0.3859 -0.1944 -0.2790
v  0.1295 -0.3041 0.3944
v  -0.0720 -0.3903 -0.3280
v  0.2683 -0.2448 -0.3645
v  -0.1269 -0.4139 -0.2790
v  0.2003 -0.2739 -0.3869
v  -0.1720 -0.4332 -0.2192
v  0.1295 -0.3041 -0.3945
v  0.3310 -0.2179 0.3279
v  -0.2056 -0.4475 -0.1510
v  0.3859 -0.1944 0.2789
v  -0.2262 -0.4563 -0.0770
v  0.4310 -0.1751 0.2191
v  -0.2332 -0.4593 -0.0001
v  0.4646 -0.1608 0.1509
v  -0.2262 -0.4563 0.0769
v  0.4852 -0.1520 0.0769
v  -0.2056 -0.4475 0.1509
v  0.4922 -0.1490 -0.0001
v  -0.1720 -0.4332 0.2191
v  0.4852 -0.1520 -0.0770
v  -0.1269 -0.4139 0.2789
v  0.4646 -0.1608 -0.1510
v  -0.0720 -0.3903 0.3279
v  0.4310 -0.1751 -0.2192
v  0.4152 -0.2273 0.1956
v  0.4660 -0.2590 0.2185
v  0.4210 -0.2782 0.2781
v  0.3749 -0.2445 0.2490
v  -0.1234 -0.4577 -0.1958
v  -0.0831 -0.4405 -0.2492
v  0.2091 -0.3155 -0.3456
v  0.1459 -0.3425 -0.3523
v  0.3258 -0.2655 0.2928
v  -0.1533 -0.4705 -0.1349
v  -0.1717 -0.4784 -0.0688
v  -0.1780 -0.4810 -0.0001
v  0.4451 -0.2145 0.1347
v  -0.1717 -0.4784 0.0687
v  0.4635 -0.2066 0.0687
v  -0.1533 -0.4705 0.1347
v  0.4698 -0.2039 -0.0001
v  -0.1234 -0.4577 0.1956
v  0.4635 -0.2066 -0.0688
v  -0.0831 -0.4405 0.2490
v  0.4451 -0.2145 -0.1349
v  -0.0340 -0.4195 0.2928
v  0.4152 -0.2273 -0.1958
v  0.0220 -0.3955 0.3254
v  0.0827 -0.3695 -0.3456
v  0.3749 -0.2445 -0.2492
v  0.0827 -0.3695 0.3454
v  0.0220 -0.3955 -0.3255
v  0.3258 -0.2655 -0.2930
v  0.1459 -0.3425 0.3522
v  -0.0340 -0.4195 -0.2930
v  0.2698 -0.2895 -0.3255
v  0.5859 -0.3706 -0.0001
v  0.5789 -0.3736 0.0767
v  0.5200 -0.2359 0.0767
v  0.5269 -0.2329 -0.0001
v  -0.1895 -0.5394 -0.0768
v  -0.1965 -0.5424 -0.0001
v  0.4994 -0.2447 0.1505
v  -0.1895 -0.5394 0.0767
v  -0.1690 -0.5306 0.1505
v  -0.1355 -0.5163 0.2185
v  0.5200 -0.2359 -0.0768
v  -0.0905 -0.4971 0.2781
v  0.4994 -0.2447 -0.1506
v  -0.0357 -0.4736 0.3271
v  0.4660 -0.2590 -0.2186
v  0.0268 -0.4469 0.3634
v  0.0947 -0.4178 -0.3859
v  0.1652 -0.3877 -0.3935
v  0.4210 -0.2782 -0.2783
v  0.0947 -0.4178 0.3858
v  0.0268 -0.4469 -0.3635
v  0.3662 -0.3017 -0.3272
v  0.1652 -0.3877 0.3934
v  -0.0357 -0.4736 -0.3272
v  0.3037 -0.3284 -0.3635
v  0.2358 -0.3575 0.3858
v  -0.0905 -0.4971 -0.2783
v  0.2358 -0.3575 -0.3859
v  0.3037 -0.3284 0.3634
v  -0.1355 -0.5163 -0.2186
v  0.3662 -0.3017 0.3271
v  -0.1690 -0.5306 -0.1506
v  0.5249 -0.3967 -0.2186
v  0.5089 -0.4766 -0.1880
v  0.5382 -0.4659 -0.1295
v  0.5583 -0.3824 -0.1506
v  -0.0766 -0.6540 0.2185
v  -0.1100 -0.6683 0.1505
v  0.5789 -0.3736 -0.0768
v  -0.0316 -0.6348 0.2781
v  0.0232 -0.6113 0.3271
v  0.0857 -0.5846 0.3634
v  0.1536 -0.5556 -0.3859
v  0.2241 -0.5254 -0.3935
v  0.4799 -0.4159 -0.2783
v  0.1536 -0.5556 0.3858
v  0.0857 -0.5846 -0.3635
v  0.4251 -0.4394 -0.3272
v  0.2241 -0.5254 0.3934
v  0.0232 -0.6113 -0.3272
v  0.3626 -0.4661 -0.3635
v  0.2947 -0.4952 0.3858
v  -0.0316 -0.6348 -0.2783
v  0.2947 -0.4952 -0.3859
v  0.3626 -0.4661 0.3634
v  -0.0766 -0.6540 -0.2186
v  0.4251 -0.4394 0.3271
v  -0.1100 -0.6683 -0.1506
v  0.4799 -0.4159 0.2781
v  -0.1306 -0.6771 -0.0768
v  0.5249 -0.3967 0.2185
v  -0.1376 -0.6801 -0.0001
v  0.5583 -0.3824 0.1505
v  -0.1306 -0.6771 0.0767
v  0.6176 -0.4807 0.0759
v  0.5968 -0.4884 0.1490
v  0.5382 -0.4659 0.1294
v  0.5563 -0.4593 0.0659
v  0.1232 -0.6181 0.3125
v  0.0682 -0.6382 0.2813
v  0.1828 -0.5962 -0.3319
v  0.2447 -0.5735 -0.3384
v  0.4694 -0.4911 -0.2393
v  0.1828 -0.5962 0.3318
v  0.1232 -0.6181 -0.3127
v  0.4212 -0.5088 -0.2814
v  0.2447 -0.5735 0.3383
v  0.0682 -0.6382 -0.2814
v  0.3663 -0.5289 -0.3127
v  0.3067 -0.5508 0.3318
v  0.0201 -0.6558 -0.2393
v  0.3067 -0.5508 -0.3319
v  0.3663 -0.5289 0.3125
v  -0.0194 -0.6703 -0.1880
v  0.4212 -0.5088 0.2813
v  -0.0488 -0.6811 -0.1295
v  0.4694 -0.4911 0.2392
v  -0.0668 -0.6877 -0.0661
v  0.5089 -0.4766 0.1879
v  -0.0729 -0.6899 -0.0001
v  -0.0668 -0.6877 0.0659
v  -0.0488 -0.6811 0.1294
v  0.5624 -0.4570 -0.0001
v  -0.0194 -0.6703 0.1879
v  0.5563 -0.4593 -0.0661
v  0.0201 -0.6558 0.2392
v  0.5968 -0.4884 -0.1491
v  0.6451 -0.6203 -0.1491
v  0.6659 -0.6126 -0.0760
v  0.6176 -0.4807 -0.0760
v  -0.0789 -0.7361 0.1490
v  -0.0997 -0.7437 0.0759
v  0.6246 -0.4781 -0.0001
v  -0.0451 -0.7237 0.2163
v  0.0004 -0.7070 0.2753
v  0.0558 -0.6867 0.3238
v  0.5630 -0.5007 -0.2164
v  0.1190 -0.6635 0.3598
v  0.1876 -0.6384 -0.3821
v  0.2589 -0.6122 -0.3895
v  0.5175 -0.5174 -0.2755
v  0.1876 -0.6384 0.3819
v  0.1190 -0.6635 -0.3599
v  0.4621 -0.5377 -0.3239
v  0.2589 -0.6122 0.3894
v  0.0558 -0.6867 -0.3239
v  0.3989 -0.5609 -0.3599
v  0.3303 -0.5861 0.3819
v  0.0004 -0.7070 -0.2755
v  0.3303 -0.5861 -0.3821
v  0.3989 -0.5609 0.3598
v  -0.0451 -0.7237 -0.2164
v  0.4621 -0.5377 0.3238
v  -0.0789 -0.7361 -0.1491
v  0.5175 -0.5174 0.2753
v  -0.0997 -0.7437 -0.0760
v  0.5630 -0.5007 0.2163
v  -0.1068 -0.7463 -0.0001
v  0.5535 -0.7318 -0.2359
v  0.5659 -0.6493 -0.2755
v  0.5105 -0.6697 -0.3239
v  0.5051 -0.7464 -0.2773
v  0.1041 -0.8186 0.3238
v  0.0487 -0.8389 0.2753
v  0.6113 -0.6327 -0.2164
v  0.1674 -0.7954 0.3598
v  0.2360 -0.7703 -0.3821
v  0.3073 -0.7441 -0.3895
v  0.2360 -0.7703 0.3819
v  0.1674 -0.7954 -0.3599
v  0.3073 -0.7441 0.3894
v  0.1041 -0.8186 -0.3239
v  0.4472 -0.6928 -0.3599
v  0.3786 -0.7180 0.3819
v  0.0487 -0.8389 -0.2755
v  0.3786 -0.7180 -0.3821
v  0.4472 -0.6928 0.3598
v  0.0032 -0.8556 -0.2164
v  0.5105 -0.6697 0.3238
v  -0.0306 -0.8680 -0.1491
v  0.5659 -0.6493 0.2753
v  -0.0514 -0.8756 -0.0760
v  0.6113 -0.6327 0.2163
v  -0.0584 -0.8782 -0.0001
v  0.6451 -0.6203 0.1490
v  -0.0514 -0.8756 0.0759
v  0.6659 -0.6126 0.0759
v  -0.0306 -0.8680 0.1490
v  0.6730 -0.6101 -0.0001
v  0.0032 -0.8556 0.2163
v  0.3391 -0.8377 -0.3772
v  0.4096 -0.8164 -0.3700
v  0.3900 -0.7811 -0.3271
v  0.3277 -0.7999 -0.3335
v  0.3277 -0.7999 0.3334
v  0.2654 -0.8186 0.3270
v  0.1503 -0.8533 -0.2773
v  0.2055 -0.8367 -0.3081
v  0.4499 -0.7630 -0.3081
v  0.3900 -0.7811 0.3270
v  0.1020 -0.8679 -0.2359
v  0.4499 -0.7630 0.3080
v  0.0623 -0.8799 -0.1853
v  0.5051 -0.7464 0.2772
v  0.0328 -0.8888 -0.1277
v  0.5535 -0.7318 0.2357
v  0.0146 -0.8942 -0.0651
v  0.5932 -0.7199 0.1852
v  0.0084 -0.8961 -0.0001
v  0.6227 -0.7110 0.1275
v  0.0146 -0.8942 0.0650
v  0.6409 -0.7055 0.0650
v  0.0328 -0.8888 0.1275
v  0.6470 -0.7036 -0.0001
v  0.0623 -0.8799 0.1852
v  0.6409 -0.7055 -0.0651
v  0.1020 -0.8679 0.2357
v  0.6227 -0.7110 -0.1277
v  0.1503 -0.8533 0.2772
v  0.5932 -0.7199 -0.1853
v  0.2055 -0.8367 0.3080
v  0.2654 -0.8186 -0.3271
v  0.6727 -0.7371 0.1443
v  0.7100 -0.8608 0.1443
v  0.6766 -0.8709 0.2095
v  0.6394 -0.7472 0.2095
v  0.5397 -0.7772 0.3135
v  0.4773 -0.7960 0.3484
v  0.0389 -0.9282 -0.2096
v  0.0055 -0.9382 -0.1444
v  0.5945 -0.7607 0.2666
v  -0.0150 -0.9444 -0.0736
v  -0.0220 -0.9465 -0.0001
v  -0.0150 -0.9444 0.0735
v  0.6933 -0.7309 0.0735
v  0.0055 -0.9382 0.1443
v  0.7002 -0.7288 -0.0001
v  0.0389 -0.9282 0.2095
v  0.6933 -0.7309 -0.0736
v  0.0838 -0.9146 0.2666
v  0.6727 -0.7371 -0.1444
v  0.1385 -0.8981 0.3135
v  0.6394 -0.7472 -0.2096
v  0.2009 -0.8793 0.3484
v  0.2687 -0.8589 -0.3700
v  0.5945 -0.7607 -0.2667
v  0.2687 -0.8589 0.3698
v  0.2009 -0.8793 -0.3485
v  0.5397 -0.7772 -0.3136
v  0.3391 -0.8377 0.3771
v  0.1385 -0.8981 -0.3136
v  0.4773 -0.7960 -0.3485
v  0.4096 -0.8164 0.3698
v  0.0838 -0.9146 -0.2667
v  0.6986 -0.9402 -0.0001
v  0.7375 -0.8525 -0.0001
v  0.7306 -0.8546 -0.0736
v  0.6927 -0.9415 -0.0616
v  0.0222 -1.0681 0.0735
v  0.0153 -1.0702 -0.0001
v  0.7306 -0.8546 0.0735
v  0.0428 -1.0619 0.1443
v  0.0762 -1.0518 0.2095
v  0.1211 -1.0383 0.2666
v  0.7100 -0.8608 -0.1444
v  0.1758 -1.0218 0.3135
v  0.6766 -0.8709 -0.2096
v  0.2382 -1.0030 0.3484
v  0.3764 -0.9614 -0.3772
v  0.3060 -0.9826 -0.3700
v  0.6317 -0.8844 -0.2667
v  0.3060 -0.9826 0.3698
v  0.2382 -1.0030 -0.3485
v  0.5770 -0.9009 -0.3136
v  0.3764 -0.9614 0.3771
v  0.1758 -1.0218 -0.3136
v  0.5146 -0.9197 -0.3485
v  0.4468 -0.9401 0.3698
v  0.1211 -1.0383 -0.2667
v  0.4468 -0.9401 -0.3700
v  0.5146 -0.9197 0.3484
v  0.0762 -1.0518 -0.2096
v  0.5770 -0.9009 0.3135
v  0.0428 -1.0619 -0.1444
v  0.6317 -0.8844 0.2666
v  0.0222 -1.0681 -0.0736
v  0.3901 -1.0067 -0.3157
v  0.3299 -1.0197 -0.3096
v  0.3329 -1.0793 -0.3577
v  0.4025 -1.0643 -0.3648
v  0.1719 -1.0538 0.2231
v  0.1335 -1.0620 0.1753
v  0.6751 -0.9453 -0.1208
v  0.2187 -1.0437 0.2624
v  0.6466 -0.9514 -0.1754
v  0.2720 -1.0322 0.2915
v  0.6082 -0.9597 -0.2232
v  0.3299 -1.0197 0.3095
v  0.2720 -1.0322 -0.2916
v  0.5615 -0.9698 -0.2625
v  0.3901 -1.0067 0.3155
v  0.2187 -1.0437 -0.2625
v  0.5081 -0.9813 -0.2916
v  0.4503 -0.9938 0.3095
v  0.1719 -1.0538 -0.2232
v  0.4503 -0.9938 -0.3096
v  0.5081 -0.9813 0.2915
v  0.1335 -1.0620 -0.1754
v  0.5615 -0.9698 0.2624
v  0.1050 -1.0682 -0.1208
v  0.6082 -0.9597 0.2231
v  0.0875 -1.0720 -0.0616
v  0.6466 -0.9514 0.1753
v  0.0816 -1.0732 -0.0001
v  0.6751 -0.9453 0.1207
v  0.0875 -1.0720 0.0615
v  0.6927 -0.9415 0.0615
v  0.1050 -1.0682 0.1207
v  0.1504 -1.1186 -0.2579
v  0.1776 -1.2446 -0.2579
v  0.2316 -1.2330 -0.3033
v  0.2044 -1.1070 -0.3033
v  0.6546 -1.0099 -0.2579
v  0.6989 -1.0004 -0.2027
v  0.3329 -1.0793 0.3576
v  0.2661 -1.0937 0.3369
v  0.2661 -1.0937 -0.3370
v  0.6005 -1.0216 -0.3033
v  0.4025 -1.0643 0.3646
v  0.5389 -1.0349 -0.3370
v  0.4720 -1.0493 0.3576
v  0.4720 -1.0493 -0.3577
v  0.5389 -1.0349 0.3369
v  0.1061 -1.1282 -0.2027
v  0.6005 -1.0216 0.3032
v  0.0731 -1.1353 -0.1396
v  0.6546 -1.0099 0.2578
v  0.0528 -1.1397 -0.0712
v  0.6989 -1.0004 0.2025
v  0.0460 -1.1412 -0.0001
v  0.7318 -0.9933 0.1395
v  0.0528 -1.1397 0.0711
v  0.7521 -0.9889 0.0711
v  0.0731 -1.1353 0.1395
v  0.7590 -0.9874 -0.0001
v  0.1061 -1.1282 0.2025
v  0.7521 -0.9889 -0.0712
v  0.1504 -1.1186 0.2578
v  0.7318 -0.9933 -0.1396
v  0.2044 -1.1070 0.3032
v  0.1398 -1.2673 -0.0597
v  0.1569 -1.2643 -0.1170
v  0.1003 -1.2613 -0.1396
v  0.0800 -1.2656 -0.0712
v  0.4992 -1.1753 -0.3577
v  0.5661 -1.1608 -0.3370
v  0.5661 -1.1608 0.3369
v  0.4992 -1.1753 0.3576
v  0.1332 -1.2542 -0.2027
v  0.4296 -1.1903 -0.3648
v  0.6277 -1.1475 0.3032
v  0.6817 -1.1359 0.2578
v  0.7261 -1.1263 0.2025
v  0.0731 -1.2671 -0.0001
v  0.7590 -1.1192 0.1395
v  0.0800 -1.2656 0.0711
v  0.7793 -1.1149 0.0711
v  0.1003 -1.2613 0.1395
v  0.7861 -1.1134 -0.0001
v  0.1332 -1.2542 0.2025
v  0.7793 -1.1149 -0.0712
v  0.1776 -1.2446 0.2578
v  0.7590 -1.1192 -0.1396
v  0.2316 -1.2330 0.3032
v  0.7261 -1.1263 -0.2027
v  0.2932 -1.2197 0.3369
v  0.3601 -1.2052 -0.3577
v  0.6817 -1.1359 -0.2579
v  0.3601 -1.2052 0.3576
v  0.2932 -1.2197 -0.3370
v  0.6277 -1.1475 -0.3033
v  0.4296 -1.1903 0.3646
v  0.1569 -1.2643 0.1169
v  0.1170 -1.3052 0.1361
v  0.0971 -1.3087 0.0693
v  0.1398 -1.2673 0.0596
v  0.6856 -1.1726 0.1698
v  0.6482 -1.1791 0.2161
v  0.1340 -1.2683 -0.0001
v  0.7135 -1.1678 0.1169
v  0.7306 -1.1648 0.0596
v  0.7364 -1.1638 -0.0001
v  0.1848 -1.2595 0.1698
v  0.7306 -1.1648 -0.0597
v  0.2222 -1.2530 0.2161
v  0.7135 -1.1678 -0.1170
v  0.2679 -1.2451 0.2541
v  0.6856 -1.1726 -0.1699
v  0.3199 -1.2360 0.2823
v  0.3764 -1.2262 -0.2999
v  0.4352 -1.2160 -0.3058
v  0.6482 -1.1791 -0.2162
v  0.3764 -1.2262 0.2997
v  0.3199 -1.2360 -0.2825
v  0.6025 -1.1870 -0.2542
v  0.4352 -1.2160 0.3056
v  0.2679 -1.2451 -0.2542
v  0.5505 -1.1961 -0.2825
v  0.4940 -1.2059 0.2997
v  0.2222 -1.2530 -0.2162
v  0.4940 -1.2059 -0.2999
v  0.5505 -1.1961 0.2823
v  0.1848 -1.2595 -0.1699
v  0.6025 -1.1870 0.2541
v  0.2462 -1.2828 0.2958
v  0.2678 -1.4078 0.2958
v  0.2147 -1.4170 0.2515
v  0.1930 -1.2921 0.2515
v  0.7915 -1.1883 -0.0001
v  0.7848 -1.1894 0.0693
v  0.1494 -1.2996 0.1976
v  0.7848 -1.1894 -0.0695
v  0.7648 -1.1929 -0.1362
v  0.7324 -1.1985 -0.1977
v  0.3068 -1.2723 0.3287
v  0.3725 -1.2609 -0.3490
v  0.4409 -1.2491 -0.3559
v  0.6888 -1.2061 -0.2517
v  0.3725 -1.2609 0.3489
v  0.3068 -1.2723 -0.3288
v  0.6357 -1.2153 -0.2959
v  0.4409 -1.2491 0.3557
v  0.2462 -1.2828 -0.2959
v  0.5751 -1.2258 -0.3288
v  0.5093 -1.2372 0.3489
v  0.1930 -1.2921 -0.2517
v  0.5093 -1.2372 -0.3490
v  0.5751 -1.2258 0.3287
v  0.1494 -1.2996 -0.1977
v  0.6357 -1.2153 0.2958
v  0.1170 -1.3052 -0.1362
v  0.6888 -1.2061 0.2515
v  0.0971 -1.3087 -0.0695
v  0.7324 -1.1985 0.1976
v  0.0903 -1.3099 -0.0001
v  0.7648 -1.1929 0.1361
v  0.4626 -1.3740 0.3557
v  0.4710 -1.4227 0.3100
v  0.4107 -1.4262 0.3040
v  0.3942 -1.3858 0.3489
v  0.7541 -1.3234 -0.1977
v  0.7865 -1.3178 -0.1362
v  0.3284 -1.3972 0.3287
v  0.3942 -1.3858 -0.3490
v  0.4626 -1.3740 -0.3559
v  0.7105 -1.3310 -0.2517
v  0.3284 -1.3972 -0.3288
v  0.6574 -1.3402 -0.2959
v  0.2678 -1.4078 -0.2959
v  0.5967 -1.3507 -0.3288
v  0.5310 -1.3621 0.3489
v  0.2147 -1.4170 -0.2517
v  0.5310 -1.3621 -0.3490
v  0.5967 -1.3507 0.3287
v  0.1711 -1.4245 -0.1977
v  0.6574 -1.3402 0.2958
v  0.1387 -1.4301 -0.1362
v  0.7105 -1.3310 0.2515
v  0.1187 -1.4336 -0.0695
v  0.7541 -1.3234 0.1976
v  0.1120 -1.4348 -0.0001
v  0.7865 -1.3178 0.1361
v  0.1187 -1.4336 0.0693
v  0.8064 -1.3144 0.0693
v  0.1387 -1.4301 0.1361
v  0.8132 -1.3132 -0.0001
v  0.1711 -1.4245 0.1976
v  0.8064 -1.3144 -0.0695
v  0.6430 -1.4130 0.2577
v  0.6671 -1.4353 0.2918
v  0.6065 -1.4387 0.3242
v  0.5895 -1.4160 0.2864
v  0.2991 -1.4325 -0.2579
v  0.3526 -1.4295 -0.2865
v  0.5895 -1.4160 -0.2865
v  0.6430 -1.4130 -0.2579
v  0.5314 -1.4193 0.3040
v  0.2522 -1.4352 -0.2193
v  0.5314 -1.4193 -0.3042
v  0.2137 -1.4374 -0.1723
v  0.4710 -1.4227 -0.3101
v  0.1851 -1.4390 -0.1187
v  0.6899 -1.4103 0.2192
v  0.1674 -1.4400 -0.0606
v  0.7284 -1.4081 0.1722
v  0.1615 -1.4404 -0.0001
v  0.7570 -1.4065 0.1186
v  0.1674 -1.4400 0.0604
v  0.7746 -1.4055 0.0604
v  0.1851 -1.4390 0.1186
v  0.7806 -1.4051 -0.0001
v  0.2137 -1.4374 0.1722
v  0.7746 -1.4055 -0.0606
v  0.2522 -1.4352 0.2192
v  0.7570 -1.4065 -0.1187
v  0.2991 -1.4325 0.2577
v  0.7284 -1.4081 -0.1723
v  0.3526 -1.4295 0.2864
v  0.4107 -1.4262 -0.3042
v  0.6899 -1.4103 -0.2193
v  0.7962 -1.4279 0.1343
v  0.8032 -1.5509 0.1343
v  0.7708 -1.5528 0.1950
v  0.7638 -1.4298 0.1950
v  0.1810 -1.4630 -0.1951
v  0.1486 -1.4648 -0.1344
v  0.7202 -1.4323 0.2481
v  0.1287 -1.4659 -0.0685
v  0.1219 -1.4663 -0.0001
v  0.1287 -1.4659 0.0684
v  0.8161 -1.4268 0.0684
v  0.1486 -1.4648 0.1343
v  0.8228 -1.4264 -0.0001
v  0.1810 -1.4630 0.1950
v  0.8161 -1.4268 -0.0685
v  0.2246 -1.4605 0.2481
v  0.7962 -1.4279 -0.1344
v  0.2777 -1.4575 0.2918
v  0.7638 -1.4298 -0.1951
v  0.3383 -1.4540 0.3242
v  0.4040 -1.4503 -0.3443
v  0.4724 -1.4464 -0.3511
v  0.7202 -1.4323 -0.2483
v  0.4040 -1.4503 0.3442
v  0.3383 -1.4540 -0.3244
v  0.6671 -1.4353 -0.2919
v  0.4724 -1.4464 0.3510
v  0.2777 -1.4575 -0.2919
v  0.6065 -1.4387 -0.3244
v  0.5408 -1.4425 0.3442
v  0.2246 -1.4605 -0.2483
v  0.5408 -1.4425 -0.3443
v  0.8231 -1.5498 -0.0685
v  0.7876 -1.6048 -0.0610
v  0.7936 -1.6048 -0.0001
v  0.8299 -1.5494 -0.0001
v  0.1357 -1.5889 0.0684
v  0.1289 -1.5893 -0.0001
v  0.8231 -1.5498 0.0684
v  0.1556 -1.5878 0.1343
v  0.1880 -1.5860 0.1950
v  0.2316 -1.5835 0.2481
v  0.8032 -1.5509 -0.1344
v  0.2847 -1.5805 0.2918
v  0.7708 -1.5528 -0.1951
v  0.3453 -1.5770 0.3242
v  0.4794 -1.5694 -0.3511
v  0.4110 -1.5733 -0.3443
v  0.7272 -1.5553 -0.2483
v  0.4110 -1.5733 0.3442
v  0.3453 -1.5770 -0.3244
v  0.6741 -1.5583 -0.2919
v  0.4794 -1.5694 0.3510
v  0.2847 -1.5805 -0.2919
v  0.6135 -1.5617 -0.3244
v  0.5478 -1.5655 0.3442
v  0.2316 -1.5835 -0.2483
v  0.5478 -1.5655 -0.3443
v  0.6135 -1.5617 0.3242
v  0.1880 -1.5860 -0.1951
v  0.6741 -1.5583 0.2918
v  0.1556 -1.5878 -0.1344
v  0.7272 -1.5553 0.2481
v  0.1357 -1.5889 -0.0685
v  0.6730 -1.6387 0.2865
v  0.6134 -1.6389 0.3183
v  0.6009 -1.6053 0.2883
v  0.6549 -1.6052 0.2595
v  0.2607 -1.6062 0.2207
v  0.2219 -1.6063 0.1734
v  0.7698 -1.6049 -0.1195
v  0.3080 -1.6060 0.2595
v  0.7410 -1.6049 -0.1735
v  0.3620 -1.6059 0.2883
v  0.4206 -1.6058 -0.3062
v  0.4815 -1.6056 -0.3122
v  0.7022 -1.6050 -0.2208
v  0.4206 -1.6058 0.3061
v  0.3620 -1.6059 -0.2885
v  0.6549 -1.6052 -0.2596
v  0.4815 -1.6056 0.3121
v  0.3080 -1.6060 -0.2596
v  0.6009 -1.6053 -0.2885
v  0.5424 -1.6054 0.3061
v  0.2607 -1.6062 -0.2208
v  0.5424 -1.6054 -0.3062
v  0.2219 -1.6063 -0.1735
v  0.1931 -1.6063 -0.1195
v  0.7022 -1.6050 0.2207
v  0.1753 -1.6064 -0.0610
v  0.7410 -1.6049 0.1734
v  0.1693 -1.6064 -0.0001
v  0.7698 -1.6049 0.1194
v  0.1753 -1.6064 0.0608
v  0.7876 -1.6048 0.0608
v  0.1931 -1.6063 0.1194
v  0.7681 -1.6385 0.1914
v  0.7999 -1.6384 0.1318
v  0.8002 -1.7040 0.1318
v  0.7684 -1.7041 0.1914
v  0.1631 -1.6400 -0.1319
v  0.1950 -1.6399 -0.1915
v  0.7252 -1.6386 0.2436
v  0.1435 -1.6401 -0.0673
v  0.1369 -1.6401 -0.0001
v  0.1435 -1.6401 0.0672
v  0.8195 -1.6383 0.0672
v  0.1631 -1.6400 0.1318
v  0.8262 -1.6383 -0.0001
v  0.1950 -1.6399 0.1914
v  0.8195 -1.6383 -0.0673
v  0.2379 -1.6398 0.2436
v  0.7999 -1.6384 -0.1319
v  0.2901 -1.6397 0.2865
v  0.7681 -1.6385 -0.1915
v  0.3497 -1.6395 0.3183
v  0.4143 -1.6394 -0.3381
v  0.4815 -1.6392 -0.3447
v  0.7252 -1.6386 -0.2438
v  0.4143 -1.6394 0.3379
v  0.3497 -1.6395 -0.3185
v  0.6730 -1.6387 -0.2866
v  0.4815 -1.6392 0.3446
v  0.2901 -1.6397 -0.2866
v  0.6134 -1.6389 -0.3185
v  0.5488 -1.6390 0.3379
v  0.2379 -1.6398 -0.2438
v  0.5488 -1.6390 -0.3381
v  0.4146 -1.7050 -0.3381
v  0.3499 -1.7052 -0.3185
v  0.2904 -1.7053 -0.2866
v  0.2381 -1.7055 -0.2438
v  0.1953 -1.7056 -0.1915
v  0.1634 -1.7057 -0.1319
v  0.1438 -1.7057 -0.0673
v  0.1372 -1.7057 -0.0001
v  0.1438 -1.7057 0.0672
v  0.1634 -1.7057 0.1318
v  0.1953 -1.7056 0.1914
v  0.2381 -1.7055 0.2436
v  0.2904 -1.7053 0.2865
v  0.3499 -1.7052 0.3183
v  0.4146 -1.7050 0.3379
v  0.4818 -1.7049 0.3446
v  0.5491 -1.7047 0.3379
v  0.6137 -1.7045 0.3183
v  0.6733 -1.7044 0.2865
v  0.7255 -1.7042 0.2436
v  0.8198 -1.7040 0.0672
v  0.8265 -1.7040 -0.0001
v  0.8198 -1.7040 -0.0673
v  0.8002 -1.7040 -0.1319
v  0.7684 -1.7041 -0.1915
v  0.7255 -1.7042 -0.2438
v  0.6733 -1.7044 -0.2866
v  0.6137 -1.7045 -0.3185
v  0.5491 -1.7047 -0.3381
v  0.4818 -1.7049 -0.3447
v  0.4825 -1.7048 -0.3574
v  0.5523 -1.7048 -0.3505
v  0.6195 -1.7048 -0.3301
v  0.6814 -1.7048 -0.2970
v  0.7357 -1.7048 -0.2525
v  0.7803 -1.7048 -0.1982
v  0.8134 -1.7048 -0.1363
v  0.8337 -1.7048 -0.0691
v  0.8406 -1.7048 0.0008
v  0.8337 -1.7048 0.0706
v  0.8134 -1.7048 0.1378
v  0.7803 -1.7048 0.1998
v  0.7357 -1.7048 0.2540
v  0.6814 -1.7048 0.2986
v  0.6195 -1.7048 0.3317
v  0.5523 -1.7048 0.3521
v  0.4825 -1.7048 0.3589
v  0.4126 -1.7048 0.3521
v  0.3454 -1.7048 0.3317
v  0.2835 -1.7048 0.2986
v  0.2292 -1.7048 0.2540
v  0.1847 -1.7048 0.1998
v  0.1516 -1.7048 0.1378
v  0.1312 -1.7048 0.0706
v  0.1243 -1.7048 0.0008
v  0.1312 -1.7048 -0.0691
v  0.1516 -1.7048 -0.1363
v  0.1847 -1.7048 -0.1982
v  0.2292 -1.7048 -0.2525
v  0.4126 -1.7048 -0.3505
v  0.2835 -1.7048 -0.2970
v  0.3454 -1.7048 -0.3301
v  0.2147 -1.7357 -0.2670
v  0.2147 -1.7705 -0.2670
v  0.2721 -1.7705 -0.3141
v  0.2721 -1.7357 -0.3141
v  0.1038 -1.7357 0.0008
v  0.1111 -1.7357 0.0746
v  0.8538 -1.7357 0.0746
v  0.8323 -1.7357 0.1457
v  0.1326 -1.7357 0.1457
v  0.8611 -1.7357 0.0008
v  0.1676 -1.7357 0.2111
v  0.8538 -1.7357 -0.0731
v  0.2147 -1.7357 0.2685
v  0.8323 -1.7357 -0.1441
v  0.2721 -1.7357 0.3156
v  0.7973 -1.7357 -0.2096
v  0.3376 -1.7357 0.3506
v  0.4825 -1.7357 -0.3779
v  0.4086 -1.7357 -0.3706
v  0.7502 -1.7357 -0.2670
v  0.4086 -1.7357 0.3721
v  0.3376 -1.7357 -0.3491
v  0.6928 -1.7357 -0.3141
v  0.4825 -1.7357 0.3794
v  0.6274 -1.7357 -0.3491
v  0.5563 -1.7357 0.3721
v  0.5563 -1.7357 -0.3706
v  0.6274 -1.7357 0.3506
v  0.1676 -1.7357 -0.2096
v  0.6928 -1.7357 0.3156
v  0.1326 -1.7357 -0.1441
v  0.7502 -1.7357 0.2685
v  0.1111 -1.7357 -0.0731
v  0.7973 -1.7357 0.2111
v  0.4086 -1.7705 -0.3706
v  0.3376 -1.7705 -0.3491
v  0.1676 -1.7705 -0.2096
v  0.1326 -1.7705 -0.1441
v  0.1111 -1.7705 -0.0731
v  0.1038 -1.7705 0.0008
v  0.1111 -1.7705 0.0746
v  0.1326 -1.7705 0.1457
v  0.1676 -1.7705 0.2111
v  0.2147 -1.7705 0.2685
v  0.2721 -1.7705 0.3156
v  0.3376 -1.7705 0.3506
v  0.4086 -1.7705 0.3721
v  0.4825 -1.7705 0.3794
v  0.5563 -1.7705 0.3721
v  0.6274 -1.7705 0.3506
v  0.6928 -1.7705 0.3156
v  0.7502 -1.7705 0.2685
v  0.7973 -1.7705 0.2111
v  0.8323 -1.7705 0.1457
v  0.8538 -1.7705 0.0746
v  0.8611 -1.7705 0.0008
v  0.8538 -1.7705 -0.0731
v  0.8323 -1.7705 -0.1441
v  0.7973 -1.7705 -0.2096
v  0.7502 -1.7705 -0.2670
v  0.6928 -1.7705 -0.3141
v  0.6274 -1.7705 -0.3491
v  0.5563 -1.7705 -0.3706
v  0.4825 -1.7705 -0.3779
v  0.4819 -1.7694 -0.3749
v  0.5555 -1.7694 -0.3677
v  0.6263 -1.7694 -0.3462
v  0.6915 -1.7694 -0.3113
v  0.7487 -1.7694 -0.2644
v  0.7956 -1.7694 -0.2072
v  0.8305 -1.7694 -0.1420
v  0.8520 -1.7694 -0.0712
v  0.8592 -1.7694 0.0024
v  0.8520 -1.7694 0.0761
v  0.8305 -1.7694 0.1469
v  0.7956 -1.7694 0.2121
v  0.7487 -1.7694 0.2693
v  0.6915 -1.7694 0.3162
v  0.6263 -1.7694 0.3511
v  0.5555 -1.7694 0.3726
v  0.4819 -1.7694 0.3798
v  0.4082 -1.7694 0.3726
v  0.3374 -1.7694 0.3511
v  0.2722 -1.7694 0.3162
v  0.2150 -1.7694 0.2693
v  0.1681 -1.7694 0.2121
v  0.1332 -1.7694 0.1469
v  0.1117 -1.7694 0.0761
v  0.1045 -1.7694 0.0024
v  0.1117 -1.7694 -0.0712
v  0.1332 -1.7694 -0.1420
v  0.1681 -1.7694 -0.2072
v  0.2150 -1.7694 -0.2644
v  0.4082 -1.7694 -0.3677
v  0.2722 -1.7694 -0.3113
v  0.3374 -1.7694 -0.3462
v  0.3888 -1.9486 -0.4653
v  0.2994 -1.9486 -0.4381
v  0.2169 -1.9486 -0.3941
v  0.1447 -1.9486 -0.3347
v  0.0854 -1.9486 -0.2625
v  0.0413 -1.9486 -0.1800
v  0.0142 -1.9486 -0.0906
v  0.0050 -1.9486 0.0024
v  0.0142 -1.9486 0.0955
v  0.0413 -1.9486 0.1849
v  0.0854 -1.9486 0.2674
v  0.1447 -1.9486 0.3396
v  0.2169 -1.9486 0.3989
v  0.2994 -1.9486 0.4430
v  0.3888 -1.9486 0.4701
v  0.4819 -1.9486 0.4793
v  0.5749 -1.9486 0.4701
v  0.6643 -1.9486 0.4430
v  0.7468 -1.9486 0.3989
v  0.8190 -1.9486 0.3396
v  0.8784 -1.9486 0.2674
v  0.9224 -1.9486 0.1849
v  0.9496 -1.9486 0.0955
v  0.9587 -1.9486 0.0024
v  0.9496 -1.9486 -0.0906
v  0.9224 -1.9486 -0.1800
v  0.8784 -1.9486 -0.2625
v  0.8190 -1.9486 -0.3347
v  0.7468 -1.9486 -0.3941
v  0.6643 -1.9486 -0.4381
v  0.5749 -1.9486 -0.4653
v  0.4819 -1.9486 -0.4744
v  0.4831 -1.9473 -0.4765
v  0.5766 -1.9473 -0.4673
v  0.6665 -1.9473 -0.4400
v  0.7494 -1.9473 -0.3958
v  0.8220 -1.9473 -0.3361
v  0.8817 -1.9473 -0.2635
v  0.9259 -1.9473 -0.1806
v  0.9532 -1.9473 -0.0907
v  0.9624 -1.9473 0.0028
v  0.9532 -1.9473 0.0963
v  0.9259 -1.9473 0.1862
v  0.8817 -1.9473 0.2691
v  0.8220 -1.9473 0.3418
v  0.7494 -1.9473 0.4014
v  0.6665 -1.9473 0.4457
v  0.5766 -1.9473 0.4729
v  0.4831 -1.9473 0.4821
v  0.3896 -1.9473 0.4729
v  0.2997 -1.9473 0.4457
v  0.2168 -1.9473 0.4014
v  0.1442 -1.9473 0.3418
v  0.0845 -1.9473 0.2691
v  0.0402 -1.9473 0.1862
v  0.0130 -1.9473 0.0963
v  0.0038 -1.9473 0.0028
v  0.0130 -1.9473 -0.0907
v  0.0402 -1.9473 -0.1806
v  0.0845 -1.9473 -0.2635
v  0.1442 -1.9473 -0.3361
v  0.3896 -1.9473 -0.4673
v  0.2168 -1.9473 -0.3958
v  0.2997 -1.9473 -0.4400
v  0.9881 -1.9687 -0.0976
v  0.9881 -2.0695 -0.0976
v  0.9980 -2.0695 0.0028
v  0.9980 -1.9687 0.0028
v  0.6801 -1.9687 -0.4729
v  0.7691 -1.9687 -0.4253
v  0.5835 -1.9687 0.5078
v  0.4831 -1.9687 0.5177
v  0.1190 -1.9687 -0.3613
v  0.1971 -1.9687 -0.4253
v  0.5835 -1.9687 -0.5022
v  0.6801 -1.9687 0.4785
v  0.0550 -1.9687 -0.2832
v  0.4831 -1.9687 -0.5121
v  0.7691 -1.9687 0.4309
v  0.0074 -1.9687 -0.1942
v  0.8472 -1.9687 0.3669
v  -0.0219 -1.9687 -0.0976
v  0.9112 -1.9687 0.2888
v  -0.0318 -1.9687 0.0028
v  0.9588 -1.9687 0.1998
v  -0.0219 -1.9687 0.1032
v  0.9881 -1.9687 0.1032
v  0.0074 -1.9687 0.1998
v  0.0550 -1.9687 0.2888
v  0.1190 -1.9687 0.3669
v  0.9588 -1.9687 -0.1942
v  0.1971 -1.9687 0.4309
v  0.9112 -1.9687 -0.2832
v  0.2861 -1.9687 0.4785
v  0.3827 -1.9687 -0.5022
v  0.8472 -1.9687 -0.3613
v  0.3827 -1.9687 0.5078
v  0.2861 -1.9687 -0.4729
v  0.3827 -2.0695 -0.5022
v  0.2861 -2.0695 -0.4729
v  0.1971 -2.0695 -0.4253
v  0.1190 -2.0695 -0.3613
v  0.0550 -2.0695 -0.2832
v  0.0074 -2.0695 -0.1942
v  -0.0219 -2.0695 -0.0976
v  -0.0318 -2.0695 0.0028
v  -0.0219 -2.0695 0.1032
v  0.0074 -2.0695 0.1998
v  0.0550 -2.0695 0.2888
v  0.1190 -2.0695 0.3669
v  0.1971 -2.0695 0.4309
v  0.2861 -2.0695 0.4785
v  0.3827 -2.0695 0.5078
v  0.4831 -2.0695 0.5177
v  0.5835 -2.0695 0.5078
v  0.6801 -2.0695 0.4785
v  0.7691 -2.0695 0.4309
v  0.8472 -2.0695 0.3669
v  0.9112 -2.0695 0.2888
v  0.9588 -2.0695 0.1998
v  0.9881 -2.0695 0.1032
v  0.9588 -2.0695 -0.1942
v  0.9112 -2.0695 -0.2832
v  0.8472 -2.0695 -0.3613
v  0.7691 -2.0695 -0.4253
v  0.6801 -2.0695 -0.4729
v  0.5835 -2.0695 -0.5022
v  0.4831 -2.0695 -0.5121
v  0.9306 -1.9964 -0.2573
v  0.9345 -1.9964 -0.2588
v  0.9345 -2.0708 -0.2588
v  0.9306 -2.0708 -0.2573
v  0.9386 -1.9964 -0.2595
v  0.9386 -2.0708 -0.2595
v  0.9428 -1.9964 -0.2594
v  0.9428 -2.0708 -0.2594
v  0.9469 -1.9964 -0.2584
v  0.9469 -2.0708 -0.2584
v  0.9507 -1.9964 -0.2567
v  0.9507 -2.0708 -0.2567
v  0.9541 -2.0708 -0.2543
v  0.9541 -1.9964 -0.2543
v  0.9570 -2.0708 -0.2512
v  0.9570 -1.9964 -0.2512
v  0.9592 -1.9964 -0.2477
v  0.9592 -2.0708 -0.2477
v  0.9607 -2.0708 -0.2438
v  0.9607 -1.9964 -0.2438
v  0.9614 -2.0708 -0.2397
v  0.9614 -1.9964 -0.2397
v  0.9613 -2.0708 -0.2355
v  0.9613 -1.9964 -0.2355
v  0.9603 -1.9964 -0.2314
v  0.9603 -2.0708 -0.2314
v  0.9586 -2.0708 -0.2276
v  0.9586 -1.9964 -0.2276
v  0.9562 -2.0708 -0.2242
v  0.9562 -1.9964 -0.2242
v  0.9531 -2.0708 -0.2213
v  0.9531 -1.9964 -0.2213
v  0.9496 -2.0708 -0.2191
v  0.9496 -1.9964 -0.2191
v  0.9457 -2.0708 -0.2176
v  0.9457 -1.9964 -0.2176
v  0.9416 -2.0708 -0.2169
v  0.9416 -1.9964 -0.2169
v  0.9374 -2.0708 -0.2170
v  0.9374 -1.9964 -0.2170
v  0.9333 -1.9964 -0.2180
v  0.9333 -2.0708 -0.2180
v  0.9295 -1.9964 -0.2197
v  0.9295 -2.0708 -0.2197
v  0.9261 -2.0708 -0.2221
v  0.9261 -1.9964 -0.2221
v  0.9232 -2.0708 -0.2252
v  0.9232 -1.9964 -0.2252
v  0.9210 -1.9964 -0.2287
v  0.9210 -2.0708 -0.2287
v  0.9195 -1.9964 -0.2326
v  0.9195 -2.0708 -0.2326
v  0.9188 -2.0708 -0.2367
v  0.9188 -1.9964 -0.2367
v  0.9189 -1.9964 -0.2409
v  0.9189 -2.0708 -0.2409
v  0.9199 -2.0708 -0.2450
v  0.9199 -1.9964 -0.2450
v  0.9216 -2.0708 -0.2488
v  0.9216 -1.9964 -0.2488
v  0.9240 -1.9964 -0.2522
v  0.9240 -2.0708 -0.2522
v  0.9507 -1.9780 -0.2435
v  0.9518 -1.9782 -0.2408
v  0.9271 -1.9964 -0.2551
v  0.9271 -2.0708 -0.2551
v  0.9405 -1.9820 -0.2521
v  0.9261 -1.9712 -0.2450
v  0.9262 -1.9692 -0.2430
v  0.9429 -1.9807 -0.2513
v  0.9421 -1.9904 -0.2240
v  0.9445 -1.9887 -0.2242
v  0.9276 -1.9944 -0.2412
v  0.9278 -1.9952 -0.2384
v  0.9452 -1.9795 -0.2499
v  0.9502 -1.9835 -0.2280
v  0.9514 -1.9820 -0.2301
v  0.9310 -1.9957 -0.2305
v  0.9328 -1.9952 -0.2283
v  0.9335 -1.9869 -0.2515
v  0.9357 -1.9852 -0.2522
v  0.9316 -1.9887 -0.2502
v  0.9524 -1.9787 -0.2380
v  0.9397 -1.9919 -0.2243
v  0.9280 -1.9932 -0.2439
v  0.9474 -1.9787 -0.2481
v  0.9486 -1.9852 -0.2262
v  0.9295 -1.9959 -0.2330
v  0.9381 -1.9835 -0.2525
v  0.9525 -1.9795 -0.2352
v  0.9373 -1.9932 -0.2251
v  0.9287 -1.9919 -0.2463
v  0.9492 -1.9782 -0.2459
v  0.9467 -1.9869 -0.2250
v  0.9284 -1.9957 -0.2356
v  0.9522 -1.9807 -0.2326
v  0.9350 -1.9944 -0.2265
v  0.9300 -1.9904 -0.2484
v  0.9271 -1.9761 -0.2479
v  0.9280 -1.9788 -0.2487
v  0.9292 -1.9814 -0.2490
v  0.9305 -1.9839 -0.2487
v  0.9321 -1.9863 -0.2479
v  0.9337 -1.9883 -0.2467
v  0.9353 -1.9900 -0.2450
v  0.9370 -1.9913 -0.2430
v  0.9385 -1.9920 -0.2406
v  0.9399 -1.9923 -0.2381
v  0.9411 -1.9920 -0.2355
v  0.9420 -1.9913 -0.2328
v  0.9426 -1.9900 -0.2303
v  0.9430 -1.9883 -0.2280
v  0.9430 -1.9863 -0.2259
v  0.9427 -1.9839 -0.2242
v  0.9421 -1.9814 -0.2230
v  0.9411 -1.9788 -0.2222
v  0.9400 -1.9761 -0.2219
v  0.9386 -1.9736 -0.2222
v  0.9371 -1.9712 -0.2230
v  0.9355 -1.9692 -0.2242
v  0.9338 -1.9675 -0.2259
v  0.9322 -1.9662 -0.2279
v  0.9306 -1.9655 -0.2303
v  0.9292 -1.9652 -0.2328
v  0.9281 -1.9655 -0.2355
v  0.9271 -1.9662 -0.2381
v  0.9265 -1.9675 -0.2406
v  0.9265 -1.9736 -0.2467
v  0.9719 -1.9964 0.2008
v  0.9719 -2.0708 0.2008
v  0.9690 -2.0708 0.1978
v  0.9690 -1.9964 0.1978
v  0.9742 -2.0708 0.2043
v  0.9742 -1.9964 0.2043
v  0.9758 -1.9964 0.2082
v  0.9758 -2.0708 0.2082
v  0.9765 -2.0708 0.2123
v  0.9765 -1.9964 0.2123
v  0.9765 -1.9964 0.2165
v  0.9765 -2.0708 0.2165
v  0.9756 -2.0708 0.2205
v  0.9756 -1.9964 0.2205
v  0.9740 -2.0708 0.2244
v  0.9740 -1.9964 0.2244
v  0.9716 -1.9964 0.2278
v  0.9716 -2.0708 0.2278
v  0.9686 -2.0708 0.2308
v  0.9686 -1.9964 0.2308
v  0.9651 -1.9964 0.2331
v  0.9651 -2.0708 0.2331
v  0.9612 -1.9964 0.2346
v  0.9612 -2.0708 0.2346
v  0.9571 -2.0708 0.2354
v  0.9571 -1.9964 0.2354
v  0.9529 -1.9964 0.2353
v  0.9529 -2.0708 0.2353
v  0.9488 -1.9964 0.2345
v  0.9488 -2.0708 0.2345
v  0.9450 -2.0708 0.2328
v  0.9450 -1.9964 0.2328
v  0.9415 -1.9964 0.2305
v  0.9415 -2.0708 0.2305
v  0.9386 -1.9964 0.2275
v  0.9386 -2.0708 0.2275
v  0.9363 -2.0708 0.2240
v  0.9363 -1.9964 0.2240
v  0.9348 -2.0708 0.2201
v  0.9348 -1.9964 0.2201
v  0.9340 -1.9964 0.2160
v  0.9340 -2.0708 0.2160
v  0.9341 -2.0708 0.2118
v  0.9341 -1.9964 0.2118
v  0.9349 -1.9964 0.2077
v  0.9349 -2.0708 0.2077
v  0.9366 -1.9964 0.2039
v  0.9366 -2.0708 0.2039
v  0.9389 -2.0708 0.2004
v  0.9389 -1.9964 0.2004
v  0.9419 -2.0708 0.1975
v  0.9419 -1.9964 0.1975
v  0.9454 -1.9964 0.1952
v  0.9454 -2.0708 0.1952
v  0.9493 -2.0708 0.1936
v  0.9493 -1.9964 0.1936
v  0.9534 -1.9964 0.1929
v  0.9534 -2.0708 0.1929
v  0.9576 -1.9964 0.1929
v  0.9576 -2.0708 0.1929
v  0.9617 -2.0708 0.1938
v  0.9617 -1.9964 0.1938
v  0.9623 -1.9782 0.2238
v  0.9643 -1.9780 0.2217
v  0.9655 -1.9964 0.1954
v  0.9655 -2.0708 0.1954
v  0.9684 -1.9807 0.2115
v  0.9682 -1.9820 0.2089
v  0.9559 -1.9712 0.1986
v  0.9540 -1.9692 0.1994
v  0.9430 -1.9904 0.2217
v  0.9442 -1.9887 0.2238
v  0.9530 -1.9944 0.2015
v  0.9505 -1.9952 0.2028
v  0.9681 -1.9795 0.2141
v  0.9524 -1.9820 0.2278
v  0.9499 -1.9835 0.2275
v  0.9433 -1.9952 0.2114
v  0.9445 -1.9957 0.2089
v  0.9648 -1.9869 0.2028
v  0.9664 -1.9852 0.2045
v  0.9628 -1.9887 0.2015
v  0.9600 -1.9787 0.2255
v  0.9423 -1.9919 0.2193
v  0.9556 -1.9932 0.2007
v  0.9673 -1.9787 0.2168
v  0.9477 -1.9852 0.2267
v  0.9462 -1.9959 0.2065
v  0.9675 -1.9835 0.2066
v  0.9575 -1.9795 0.2267
v  0.9421 -1.9932 0.2168
v  0.9581 -1.9919 0.2005
v  0.9660 -1.9782 0.2194
v  0.9458 -1.9869 0.2255
v  0.9482 -1.9957 0.2045
v  0.9549 -1.9807 0.2275
v  0.9425 -1.9944 0.2141
v  0.9606 -1.9904 0.2008
v  0.9608 -1.9814 0.1998
v  0.9611 -1.9839 0.2011
v  0.9610 -1.9863 0.2029
v  0.9605 -1.9883 0.2048
v  0.9596 -1.9900 0.2070
v  0.9584 -1.9913 0.2093
v  0.9569 -1.9920 0.2117
v  0.9551 -1.9923 0.2140
v  0.9531 -1.9920 0.2161
v  0.9511 -1.9913 0.2180
v  0.9490 -1.9900 0.2196
v  0.9470 -1.9883 0.2209
v  0.9452 -1.9863 0.2217
v  0.9435 -1.9839 0.2221
v  0.9421 -1.9814 0.2220
v  0.9410 -1.9788 0.2215
v  0.9403 -1.9761 0.2205
v  0.9400 -1.9736 0.2192
v  0.9401 -1.9712 0.2175
v  0.9406 -1.9692 0.2155
v  0.9415 -1.9675 0.2133
v  0.9427 -1.9662 0.2110
v  0.9442 -1.9655 0.2086
v  0.9460 -1.9652 0.2063
v  0.9479 -1.9655 0.2042
v  0.9500 -1.9662 0.2023
v  0.9520 -1.9675 0.2007
v  0.9576 -1.9736 0.1982
v  0.9600 -1.9788 0.1988
v  0.9590 -1.9761 0.1983
v  1.0036 -1.9964 -0.0375
v  1.0036 -2.0708 -0.0375
v  0.9994 -2.0708 -0.0377
v  0.9994 -1.9964 -0.0377
v  1.0076 -2.0708 -0.0364
v  1.0076 -1.9964 -0.0364
v  1.0114 -1.9964 -0.0346
v  1.0114 -2.0708 -0.0346
v  1.0147 -1.9964 -0.0320
v  1.0147 -2.0708 -0.0320
v  1.0175 -2.0708 -0.0289
v  1.0175 -1.9964 -0.0289
v  1.0196 -1.9964 -0.0253
v  1.0196 -2.0708 -0.0253
v  1.0210 -1.9964 -0.0213
v  1.0210 -2.0708 -0.0213
v  1.0215 -2.0708 -0.0172
v  1.0215 -1.9964 -0.0172
v  1.0213 -1.9964 -0.0130
v  1.0213 -2.0708 -0.0130
v  1.0202 -1.9964 -0.0090
v  1.0202 -2.0708 -0.0090
v  1.0184 -2.0708 -0.0052
v  1.0184 -1.9964 -0.0052
v  1.0158 -1.9964 -0.0019
v  1.0158 -2.0708 -0.0019
v  1.0127 -1.9964 0.0009
v  1.0127 -2.0708 0.0009
v  1.0091 -2.0708 0.0030
v  1.0091 -1.9964 0.0030
v  1.0051 -2.0708 0.0044
v  1.0051 -1.9964 0.0044
v  1.0010 -1.9964 0.0049
v  1.0010 -2.0708 0.0049
v  0.9968 -2.0708 0.0047
v  0.9968 -1.9964 0.0047
v  0.9928 -2.0708 0.0036
v  0.9928 -1.9964 0.0036
v  0.9890 -1.9964 0.0018
v  0.9890 -2.0708 0.0018
v  0.9857 -2.0708 -0.0007
v  0.9857 -1.9964 -0.0007
v  0.9829 -1.9964 -0.0039
v  0.9829 -2.0708 -0.0039
v  0.9808 -1.9964 -0.0075
v  0.9808 -2.0708 -0.0075
v  0.9794 -2.0708 -0.0114
v  0.9794 -1.9964 -0.0114
v  0.9789 -2.0708 -0.0156
v  0.9789 -1.9964 -0.0156
v  0.9791 -1.9964 -0.0198
v  0.9791 -2.0708 -0.0198
v  0.9802 -2.0708 -0.0238
v  0.9802 -1.9964 -0.0238
v  0.9820 -1.9964 -0.0276
v  0.9820 -2.0708 -0.0276
v  0.9845 -1.9964 -0.0309
v  0.9845 -2.0708 -0.0309
v  0.9877 -2.0708 -0.0337
v  0.9877 -1.9964 -0.0337
v  0.9913 -1.9964 -0.0358
v  0.9913 -2.0708 -0.0358
v  1.0120 -1.9780 -0.0168
v  1.0119 -1.9782 -0.0139
v  0.9952 -1.9964 -0.0371
v  0.9952 -2.0708 -0.0371
v  1.0063 -1.9820 -0.0289
v  0.9903 -1.9712 -0.0283
v  0.9894 -1.9692 -0.0264
v  1.0081 -1.9807 -0.0272
v  0.9962 -1.9904 -0.0026
v  0.9984 -1.9887 -0.0018
v  0.9901 -1.9944 -0.0242
v  0.9891 -1.9952 -0.0216
v  1.0097 -1.9795 -0.0250
v  1.0072 -1.9820 -0.0043
v  1.0052 -1.9835 -0.0029
v  0.9895 -1.9952 -0.0103
v  0.9887 -1.9957 -0.0131
v  1.0019 -1.9852 -0.0310
v  0.9996 -1.9869 -0.0312
v  0.9973 -1.9887 -0.0308
v  1.0113 -1.9787 -0.0111
v  0.9941 -1.9919 -0.0038
v  0.9914 -1.9932 -0.0265
v  1.0109 -1.9787 -0.0225
v  1.0030 -1.9852 -0.0020
v  0.9884 -1.9959 -0.0159
v  1.0042 -1.9835 -0.0302
v  1.0103 -1.9795 -0.0085
v  0.9922 -1.9932 -0.0056
v  0.9932 -1.9919 -0.0284
v  1.0117 -1.9782 -0.0197
v  1.0008 -1.9869 -0.0016
v  0.9885 -1.9957 -0.0188
v  1.0089 -1.9807 -0.0062
v  0.9907 -1.9944 -0.0078
v  0.9952 -1.9904 -0.0299
v  0.9923 -1.9761 -0.0306
v  0.9935 -1.9788 -0.0309
v  0.9946 -1.9814 -0.0307
v  0.9958 -1.9839 -0.0299
v  0.9969 -1.9863 -0.0286
v  0.9978 -1.9883 -0.0268
v  0.9986 -1.9900 -0.0245
v  0.9993 -1.9913 -0.0220
v  0.9997 -1.9920 -0.0193
v  1.0000 -1.9923 -0.0164
v  1.0000 -1.9920 -0.0135
v  0.9997 -1.9913 -0.0107
v  0.9993 -1.9900 -0.0081
v  0.9986 -1.9883 -0.0059
v  0.9978 -1.9863 -0.0040
v  0.9968 -1.9839 -0.0026
v  0.9957 -1.9814 -0.0017
v  0.9946 -1.9788 -0.0014
v  0.9934 -1.9761 -0.0016
v  0.9923 -1.9736 -0.0024
v  0.9912 -1.9712 -0.0037
v  0.9902 -1.9692 -0.0055
v  0.9894 -1.9675 -0.0078
v  0.9888 -1.9662 -0.0103
v  0.9883 -1.9655 -0.0130
v  0.9881 -1.9652 -0.0159
v  0.9881 -1.9655 -0.0188
v  0.9883 -1.9662 -0.0216
v  0.9888 -1.9675 -0.0242
v  0.9912 -1.9736 -0.0297
# 3520 vertices

vn -0.3644 0.9127 0.1848
vn -0.3727 0.9092 0.1857
vn -0.4063 0.8948 -0.1848
vn -0.3980 0.8984 -0.1857
vn -0.2344 0.7964 0.5575
vn -0.2597 0.7856 0.5616
vn -0.2851 0.7748 0.5643
vn -0.3106 0.7639 0.5657
vn -0.3105 0.7639 0.5657
vn -0.3811 0.9056 0.1862
vn -0.3896 0.9020 -0.1862
vn -0.3362 0.7530 -0.5657
vn -0.3617 0.7421 -0.5643
vn -0.3871 0.7313 -0.5616
vn -0.4122 0.7206 -0.5575
vn -0.4122 0.7205 -0.5576
vn -0.4146 0.8913 -0.1835
vn -0.3561 0.9163 0.1835
vn 0.4063 -0.8949 0.1848
vn 0.3644 -0.9127 -0.1849
vn 0.3644 -0.9127 -0.1848
vn 0.3981 -0.8984 0.1857
vn 0.3980 -0.8984 0.1857
vn 0.3727 -0.9092 -0.1857
vn 0.4124 -0.7205 0.5575
vn 0.4123 -0.7205 0.5575
vn 0.4146 -0.8913 0.1835
vn 0.3561 -0.9163 -0.1835
vn 0.2344 -0.7964 -0.5575
vn 0.2344 -0.7963 -0.5576
vn 0.2597 -0.7856 -0.5616
vn 0.2852 -0.7748 -0.5643
vn 0.2851 -0.7748 -0.5643
vn 0.3106 -0.7639 -0.5657
vn 0.3811 -0.9056 -0.1862
vn 0.3896 -0.9020 0.1862
vn 0.3895 -0.9020 0.1862
vn 0.3362 -0.7530 0.5657
vn 0.3617 -0.7421 0.5643
vn 0.3871 -0.7313 0.5616
vn 0.4391 -0.8809 0.1767
vn 0.4391 -0.8809 0.1768
vn 0.3316 -0.9267 -0.1768
vn 0.3316 -0.9267 -0.1769
vn 0.4310 -0.8843 0.1795
vn 0.3397 -0.9233 -0.1795
vn 0.5107 -0.6786 0.5279
vn 0.4470 -0.8775 0.1738
vn 0.3237 -0.9301 -0.1737
vn 0.1361 -0.8383 -0.5279
vn 0.1601 -0.8281 -0.5373
vn 0.1845 -0.8177 -0.5453
vn 0.2093 -0.8071 -0.5521
vn 0.2092 -0.8071 -0.5522
vn 0.3478 -0.9198 -0.1817
vn 0.4229 -0.8878 0.1817
vn 0.4374 -0.7098 0.5521
vn 0.4375 -0.7098 0.5521
vn 0.4622 -0.6993 0.5453
vn 0.4866 -0.6888 0.5373
vn 0.4698 -0.8678 0.1620
vn 0.4697 -0.8678 0.1620
vn 0.3009 -0.9398 -0.1620
vn 0.4624 -0.8709 0.1664
vn 0.3083 -0.9366 -0.1664
vn 0.3084 -0.9366 -0.1664
vn 0.6018 -0.6397 0.4781
vn 0.4770 -0.8647 0.1573
vn 0.2937 -0.9429 -0.1573
vn 0.0449 -0.8772 -0.4781
vn 0.0668 -0.8678 -0.4923
vn 0.0668 -0.8679 -0.4922
vn 0.0893 -0.8582 -0.5054
vn 0.0894 -0.8583 -0.5054
vn 0.1124 -0.8484 -0.5173
vn 0.3161 -0.9333 -0.1705
vn 0.3161 -0.9334 -0.1700
vn 0.4548 -0.8742 0.1702
vn 0.5343 -0.6685 0.5173
vn 0.5574 -0.6587 0.5054
vn 0.5799 -0.6491 0.4923
vn 0.4972 -0.8561 0.1410
vn 0.2735 -0.9515 -0.1410
vn 0.4907 -0.8588 0.1469
vn 0.4907 -0.8589 0.1468
vn 0.2800 -0.9487 -0.1468
vn 0.6823 -0.6054 0.4098
vn 0.5035 -0.8534 0.1349
vn 0.2673 -0.9541 -0.1349
vn 0.2671 -0.9542 -0.1349
vn -0.0355 -0.9115 -0.4098
vn -0.0166 -0.9034 -0.4285
vn 0.0031 -0.8950 -0.4461
vn 0.0237 -0.8862 -0.4626
vn 0.0237 -0.8862 -0.4627
vn 0.2867 -0.9458 -0.1524
vn 0.2867 -0.9458 -0.1523
vn 0.4841 -0.8617 0.1523
vn 0.6231 -0.6307 0.4626
vn 0.6436 -0.6219 0.4461
vn 0.6634 -0.6135 0.4285
vn 0.5204 -0.8462 0.1146
vn 0.2503 -0.9614 -0.1145
vn 0.5150 -0.8485 0.1217
vn 0.5151 -0.8485 0.1216
vn 0.2556 -0.9591 -0.1216
vn 0.7489 -0.5772 0.3257
vn 0.7492 -0.5767 0.3257
vn 0.5254 -0.8441 0.1072
vn 0.2453 -0.9635 -0.1072
vn -0.1022 -0.9399 -0.3258
vn -0.0869 -0.9334 -0.3481
vn -0.0708 -0.9265 -0.3696
vn -0.0536 -0.9192 -0.3902
vn 0.2613 -0.9567 -0.1284
vn 0.5094 -0.8509 0.1284
vn 0.5093 -0.8509 0.1284
vn 0.7004 -0.5977 0.3901
vn 0.7175 -0.5904 0.3696
vn 0.7337 -0.5835 0.3482
vn 0.7337 -0.5835 0.3481
vn 0.5384 -0.8385 0.0837
vn 0.2323 -0.9690 -0.0837
vn 0.5344 -0.8402 0.0918
vn 0.2363 -0.9673 -0.0918
vn 0.7992 -0.5556 0.2293
vn 0.5420 -0.8370 0.0755
vn 0.2287 -0.9706 -0.0755
vn -0.1525 -0.9613 -0.2293
vn -0.1415 -0.9567 -0.2544
vn -0.1295 -0.9515 -0.2789
vn -0.1164 -0.9460 -0.3027
vn 0.2406 -0.9655 -0.0996
vn 0.5301 -0.8421 0.0996
vn 0.7631 -0.5709 0.3027
vn 0.7632 -0.5709 0.3027
vn 0.7762 -0.5654 0.2789
vn 0.7763 -0.5654 0.2789
vn 0.7883 -0.5602 0.2544
vn 0.5503 -0.8335 0.0497
vn 0.5504 -0.8334 0.0497
vn 0.2203 -0.9742 -0.0498
vn 0.2203 -0.9742 -0.0497
vn 0.5481 -0.8344 0.0584
vn 0.5480 -0.8345 0.0584
vn 0.2227 -0.9731 -0.0584
vn 0.8312 -0.5419 0.1240
vn 0.5525 -0.8325 0.0408
vn 0.2182 -0.9750 -0.0408
vn -0.1845 -0.9750 -0.1240
vn -0.1783 -0.9723 -0.1509
vn -0.1708 -0.9692 -0.1775
vn -0.1622 -0.9655 -0.2036
vn 0.2255 -0.9719 -0.0670
vn 0.5452 -0.8357 0.0670
vn 0.5452 -0.8356 0.0670
vn 0.8090 -0.5514 0.2036
vn 0.8178 -0.5473 0.1776
vn 0.8177 -0.5476 0.1775
vn 0.8250 -0.5446 0.1509
vn 0.5562 -0.8309 0.0137
vn 0.2145 -0.9766 -0.0137
vn 0.5554 -0.8313 0.0227
vn 0.5554 -0.8313 0.0228
vn 0.2153 -0.9763 -0.0228
vn 0.8437 -0.5366 0.0139
vn 0.8437 -0.5367 0.0140
vn 0.5566 -0.8308 0.0046
vn 0.2139 -0.9768 -0.0045
vn 0.2141 -0.9768 -0.0046
vn -0.1970 -0.9803 -0.0139
vn -0.1957 -0.9798 -0.0416
vn -0.1932 -0.9787 -0.0693
vn -0.1895 -0.9771 -0.0967
vn 0.2166 -0.9757 -0.0318
vn 0.5541 -0.8318 0.0318
vn 0.8362 -0.5398 0.0967
vn 0.8400 -0.5382 0.0692
vn 0.8425 -0.5371 0.0416
vn 0.5553 -0.8313 -0.0228
vn 0.5554 -0.8313 -0.0227
vn 0.2153 -0.9763 0.0228
vn 0.5563 -0.8309 -0.0137
vn 0.5562 -0.8309 -0.0137
vn 0.2145 -0.9766 0.0137
vn 0.8362 -0.5398 -0.0967
vn 0.5541 -0.8318 -0.0318
vn 0.2166 -0.9757 0.0318
vn -0.1895 -0.9771 0.0967
vn -0.1932 -0.9787 0.0692
vn -0.1957 -0.9798 0.0417
vn -0.1970 -0.9803 0.0139
vn 0.2140 -0.9768 0.0046
vn 0.5566 -0.8308 -0.0046
vn 0.8437 -0.5366 -0.0139
vn 0.8437 -0.5367 -0.0139
vn 0.8425 -0.5371 -0.0416
vn 0.8400 -0.5382 -0.0692
vn 0.5480 -0.8344 -0.0584
vn 0.2227 -0.9731 0.0584
vn 0.5504 -0.8334 -0.0497
vn 0.2203 -0.9742 0.0498
vn 0.2203 -0.9742 0.0497
vn 0.8090 -0.5514 -0.2036
vn 0.8089 -0.5515 -0.2036
vn 0.5452 -0.8356 -0.0670
vn 0.2255 -0.9719 0.0670
vn -0.1622 -0.9655 0.2036
vn -0.1709 -0.9692 0.1775
vn -0.1708 -0.9692 0.1775
vn -0.1782 -0.9724 0.1508
vn -0.1783 -0.9723 0.1509
vn -0.1845 -0.9750 0.1240
vn 0.2182 -0.9750 0.0408
vn 0.5525 -0.8325 -0.0408
vn 0.8312 -0.5419 -0.1240
vn 0.8250 -0.5446 -0.1509
vn 0.8176 -0.5477 -0.1775
vn 0.8177 -0.5477 -0.1775
vn 0.5344 -0.8402 -0.0918
vn 0.2363 -0.9673 0.0918
vn 0.5384 -0.8385 -0.0836
vn 0.5384 -0.8385 -0.0837
vn 0.2323 -0.9690 0.0837
vn 0.7631 -0.5710 -0.3027
vn 0.5300 -0.8421 -0.0996
vn 0.5301 -0.8421 -0.0996
vn 0.2406 -0.9655 0.0996
vn -0.1164 -0.9460 0.3027
vn -0.1295 -0.9516 0.2789
vn -0.1295 -0.9515 0.2789
vn -0.1415 -0.9567 0.2544
vn -0.1525 -0.9613 0.2293
vn 0.2287 -0.9706 0.0755
vn 0.5420 -0.8370 -0.0755
vn 0.7992 -0.5556 -0.2293
vn 0.7883 -0.5602 -0.2544
vn 0.7763 -0.5654 -0.2789
vn 0.5151 -0.8485 -0.1216
vn 0.2556 -0.9591 0.1216
vn 0.5204 -0.8462 -0.1146
vn 0.2503 -0.9614 0.1146
vn 0.7004 -0.5977 -0.3901
vn 0.5094 -0.8509 -0.1284
vn 0.2613 -0.9567 0.1284
vn -0.0536 -0.9192 0.3901
vn -0.0536 -0.9192 0.3902
vn -0.0708 -0.9265 0.3696
vn -0.0869 -0.9334 0.3481
vn -0.1022 -0.9399 0.3258
vn 0.2453 -0.9635 0.1072
vn 0.5254 -0.8441 -0.1072
vn 0.7489 -0.5770 -0.3258
vn 0.7337 -0.5835 -0.3481
vn 0.7175 -0.5904 -0.3695
vn 0.7176 -0.5904 -0.3695
vn 0.4907 -0.8589 -0.1468
vn 0.2800 -0.9487 0.1468
vn 0.4972 -0.8561 -0.1410
vn 0.2735 -0.9515 0.1410
vn 0.6231 -0.6307 -0.4626
vn 0.4840 -0.8617 -0.1523
vn 0.2867 -0.9458 0.1522
vn 0.0237 -0.8862 0.4626
vn 0.0031 -0.8950 0.4461
vn -0.0166 -0.9034 0.4285
vn -0.0355 -0.9115 0.4098
vn 0.2671 -0.9542 0.1349
vn 0.2672 -0.9541 0.1349
vn 0.5035 -0.8534 -0.1349
vn 0.6823 -0.6054 -0.4098
vn 0.6634 -0.6135 -0.4285
vn 0.6436 -0.6219 -0.4461
vn 0.4624 -0.8709 -0.1663
vn 0.4624 -0.8709 -0.1664
vn 0.3083 -0.9366 0.1663
vn 0.4698 -0.8678 -0.1620
vn 0.4697 -0.8678 -0.1619
vn 0.3009 -0.9398 0.1620
vn 0.5343 -0.6685 -0.5173
vn 0.4548 -0.8742 -0.1701
vn 0.4548 -0.8742 -0.1702
vn 0.3159 -0.9334 0.1704
vn 0.3161 -0.9334 0.1700
vn 0.1124 -0.8484 0.5173
vn 0.0893 -0.8582 0.5054
vn 0.0893 -0.8583 0.5054
vn 0.0668 -0.8678 0.4924
vn 0.0449 -0.8772 0.4781
vn 0.2937 -0.9429 0.1573
vn 0.4770 -0.8647 -0.1573
vn 0.6018 -0.6397 -0.4781
vn 0.5799 -0.6491 -0.4923
vn 0.5574 -0.6587 -0.5054
vn 0.4311 -0.8843 -0.1796
vn 0.4310 -0.8843 -0.1795
vn 0.3397 -0.9233 0.1795
vn 0.3397 -0.9232 0.1795
vn 0.4391 -0.8809 -0.1768
vn 0.3316 -0.9267 0.1768
vn 0.4374 -0.7098 -0.5521
vn 0.4229 -0.8878 -0.1817
vn 0.3477 -0.9198 0.1818
vn 0.3478 -0.9198 0.1817
vn 0.2093 -0.8071 0.5521
vn 0.1845 -0.8177 0.5453
vn 0.1601 -0.8280 0.5373
vn 0.1361 -0.8383 0.5280
vn 0.3237 -0.9301 0.1737
vn 0.4470 -0.8775 -0.1738
vn 0.5107 -0.6786 -0.5279
vn 0.4866 -0.6888 -0.5373
vn 0.4867 -0.6888 -0.5373
vn 0.4622 -0.6993 -0.5453
vn 0.4622 -0.6993 -0.5454
vn 0.3980 -0.8984 -0.1857
vn 0.3727 -0.9092 0.1857
vn 0.4063 -0.8949 -0.1848
vn 0.4063 -0.8948 -0.1848
vn 0.3644 -0.9127 0.1848
vn 0.3361 -0.7530 -0.5657
vn 0.3896 -0.9020 -0.1862
vn 0.3811 -0.9056 0.1862
vn 0.3106 -0.7639 0.5657
vn 0.2850 -0.7748 0.5643
vn 0.2851 -0.7748 0.5643
vn 0.2597 -0.7856 0.5616
vn 0.2344 -0.7964 0.5575
vn 0.3561 -0.9163 0.1835
vn 0.3561 -0.9162 0.1835
vn 0.4146 -0.8913 -0.1835
vn 0.4123 -0.7205 -0.5575
vn 0.4125 -0.7205 -0.5575
vn 0.3871 -0.7313 -0.5616
vn 0.3617 -0.7421 -0.5643
vn 0.4063 -0.8948 0.1848
vn 0.3560 -0.9163 -0.1835
vn 0.3872 -0.7313 0.5615
vn 0.3362 -0.7529 0.5657
vn 0.3895 -0.9020 0.1863
vn 0.3811 -0.9056 -0.1861
vn 0.3396 -0.9233 -0.1795
vn 0.4310 -0.8843 0.1794
vn 0.1361 -0.8383 -0.5280
vn 0.4470 -0.8775 0.1737
vn 0.4866 -0.6889 0.5373
vn 0.3479 -0.9197 -0.1817
vn 0.1845 -0.8176 -0.5454
vn 0.3083 -0.9366 -0.1663
vn 0.4624 -0.8709 0.1663
vn 0.0448 -0.8771 -0.4781
vn 0.5799 -0.6491 0.4924
vn 0.3159 -0.9334 -0.1702
vn 0.2733 -0.9515 -0.1411
vn 0.2734 -0.9515 -0.1410
vn 0.4973 -0.8561 0.1410
vn 0.4907 -0.8588 0.1468
vn 0.2669 -0.9542 -0.1351
vn 0.2672 -0.9541 -0.1350
vn 0.5033 -0.8535 0.1349
vn 0.6825 -0.6054 0.4095
vn 0.6632 -0.6136 0.4286
vn 0.6633 -0.6135 0.4285
vn 0.6436 -0.6220 0.4460
vn 0.4840 -0.8617 0.1523
vn 0.2867 -0.9458 -0.1522
vn 0.2867 -0.9459 -0.1522
vn 0.0032 -0.8950 -0.4461
vn 0.0030 -0.8950 -0.4461
vn 0.2502 -0.9614 -0.1149
vn 0.2503 -0.9614 -0.1146
vn 0.2453 -0.9635 -0.1071
vn 0.5254 -0.8441 0.1071
vn 0.7489 -0.5770 0.3258
vn 0.7338 -0.5835 0.3480
vn -0.0536 -0.9192 -0.3901
vn 0.5344 -0.8402 0.0919
vn 0.2287 -0.9706 -0.0756
vn 0.7631 -0.5710 0.3027
vn -0.1295 -0.9516 -0.2789
vn 0.2204 -0.9742 -0.0496
vn 0.5503 -0.8335 0.0498
vn 0.5480 -0.8344 0.0584
vn 0.5482 -0.8343 0.0585
vn -0.1845 -0.9750 -0.1238
vn 0.2182 -0.9751 -0.0408
vn 0.8313 -0.5418 0.1240
vn 0.8176 -0.5477 0.1775
vn 0.5454 -0.8355 0.0668
vn -0.1623 -0.9655 -0.2036
vn -0.1709 -0.9692 -0.1775
vn 0.2154 -0.9763 -0.0228
vn 0.2140 -0.9768 -0.0047
vn 0.2142 -0.9768 -0.0045
vn 0.8437 -0.5367 0.0139
vn 0.8360 -0.5402 0.0966
vn 0.5543 -0.8317 0.0320
vn 0.2165 -0.9758 -0.0318
vn -0.1932 -0.9787 -0.0692
vn -0.1957 -0.9798 -0.0417
vn 0.5554 -0.8313 -0.0228
vn 0.2146 -0.9766 0.0137
vn 0.5562 -0.8309 -0.0138
vn 0.5543 -0.8317 -0.0320
vn 0.8362 -0.5399 -0.0967
vn 0.2144 -0.9767 0.0044
vn -0.1931 -0.9787 0.0692
vn 0.5482 -0.8343 -0.0585
vn 0.5503 -0.8335 -0.0497
vn -0.1623 -0.9655 0.2036
vn 0.5456 -0.8354 -0.0666
vn 0.8251 -0.5445 -0.1508
vn 0.8312 -0.5420 -0.1239
vn 0.8313 -0.5418 -0.1242
vn 0.2363 -0.9673 0.0917
vn 0.7632 -0.5710 -0.3027
vn 0.7631 -0.5709 -0.3027
vn 0.7762 -0.5654 -0.2789
vn 0.7881 -0.5604 -0.2546
vn 0.7991 -0.5556 -0.2294
vn 0.2503 -0.9613 0.1147
vn 0.5204 -0.8462 -0.1145
vn -0.0537 -0.9192 0.3900
vn 0.2613 -0.9567 0.1285
vn 0.7004 -0.5978 -0.3901
vn 0.7175 -0.5904 -0.3696
vn 0.5254 -0.8441 -0.1071
vn 0.5253 -0.8441 -0.1071
vn 0.4907 -0.8588 -0.1468
vn 0.4971 -0.8562 -0.1410
vn 0.0237 -0.8863 0.4626
vn 0.2867 -0.9458 0.1523
vn 0.6633 -0.6135 -0.4285
vn 0.4624 -0.8710 -0.1663
vn 0.3009 -0.9398 0.1621
vn 0.3159 -0.9334 0.1702
vn 0.5574 -0.6588 -0.5054
vn 0.5799 -0.6491 -0.4924
vn 0.0667 -0.8679 0.4923
vn 0.0893 -0.8582 0.5055
vn 0.0890 -0.8583 0.5053
vn 0.3396 -0.9233 0.1795
vn 0.3317 -0.9267 0.1767
vn 0.4392 -0.8808 -0.1769
vn 0.2094 -0.8071 0.5521
vn 0.3480 -0.9197 0.1817
vn 0.3478 -0.9197 0.1819
vn 0.4866 -0.6889 -0.5373
vn 0.4470 -0.8775 -0.1737
vn 0.3235 -0.9302 0.1733
vn 0.1361 -0.8383 0.5279
vn 0.1601 -0.8281 0.5373
vn 0.3106 -0.7639 0.5656
vn 0.3362 -0.7530 -0.5657
vn 0.3870 -0.7313 -0.5616
vn 0.4120 -0.7207 -0.5576
vn 0.3562 -0.9162 0.1835
vn -0.3316 0.9267 0.1768
vn -0.3397 0.9232 0.1795
vn -0.4391 0.8808 -0.1770
vn -0.4393 0.8807 -0.1771
vn -0.4310 0.8843 -0.1795
vn -0.4309 0.8843 -0.1796
vn -0.1361 0.8383 0.5279
vn -0.1601 0.8281 0.5373
vn -0.1845 0.8177 0.5453
vn -0.2093 0.8071 0.5521
vn -0.3478 0.9198 0.1817
vn -0.4229 0.8878 -0.1817
vn -0.4375 0.7098 -0.5521
vn -0.4374 0.7098 -0.5521
vn -0.4622 0.6993 -0.5453
vn -0.4866 0.6888 -0.5373
vn -0.4866 0.6888 -0.5374
vn -0.5107 0.6786 -0.5279
vn -0.4470 0.8775 -0.1737
vn -0.4469 0.8775 -0.1739
vn -0.3237 0.9301 0.1737
vn -0.3237 0.9301 0.1738
vn -0.3009 0.9398 0.1620
vn -0.3009 0.9398 0.1619
vn -0.3083 0.9366 0.1664
vn -0.4698 0.8678 -0.1620
vn -0.4624 0.8709 -0.1663
vn -0.0449 0.8772 0.4781
vn -0.0450 0.8771 0.4781
vn -0.0668 0.8679 0.4923
vn -0.0890 0.8583 0.5053
vn -0.0893 0.8582 0.5055
vn -0.1124 0.8484 0.5173
vn -0.3159 0.9334 0.1702
vn -0.3159 0.9334 0.1703
vn -0.4548 0.8742 -0.1701
vn -0.4548 0.8742 -0.1702
vn -0.5342 0.6685 -0.5174
vn -0.5343 0.6685 -0.5173
vn -0.5574 0.6587 -0.5054
vn -0.5799 0.6491 -0.4923
vn -0.5800 0.6491 -0.4922
vn -0.6018 0.6397 -0.4781
vn -0.4770 0.8647 -0.1573
vn -0.2937 0.9429 0.1573
vn -0.2735 0.9515 0.1410
vn -0.2735 0.9515 0.1409
vn -0.2800 0.9487 0.1468
vn -0.4972 0.8561 -0.1410
vn -0.4907 0.8589 -0.1468
vn 0.0354 0.9115 0.4098
vn 0.0355 0.9115 0.4098
vn 0.0166 0.9034 0.4285
vn -0.0031 0.8950 0.4461
vn -0.0237 0.8862 0.4626
vn -0.2867 0.9459 0.1522
vn -0.2867 0.9458 0.1522
vn -0.4840 0.8618 -0.1521
vn -0.4840 0.8617 -0.1522
vn -0.6231 0.6307 -0.4626
vn -0.6436 0.6219 -0.4460
vn -0.6633 0.6135 -0.4285
vn -0.6823 0.6054 -0.4098
vn -0.5035 0.8534 -0.1349
vn -0.2672 0.9541 0.1349
vn -0.2503 0.9614 0.1147
vn -0.2503 0.9614 0.1145
vn -0.2556 0.9591 0.1216
vn -0.5204 0.8462 -0.1146
vn -0.5204 0.8462 -0.1145
vn -0.5151 0.8485 -0.1216
vn 0.1021 0.9399 0.3259
vn 0.0869 0.9334 0.3481
vn 0.0708 0.9265 0.3696
vn 0.0537 0.9192 0.3901
vn 0.0536 0.9192 0.3901
vn -0.2613 0.9567 0.1284
vn -0.5094 0.8509 -0.1284
vn -0.7004 0.5977 -0.3902
vn -0.7175 0.5904 -0.3696
vn -0.7337 0.5835 -0.3481
vn -0.7490 0.5770 -0.3258
vn -0.7489 0.5770 -0.3258
vn -0.5252 0.8443 -0.1069
vn -0.5254 0.8441 -0.1072
vn -0.2453 0.9635 0.1072
vn -0.2323 0.9690 0.0837
vn -0.2363 0.9673 0.0919
vn -0.2363 0.9673 0.0918
vn -0.5384 0.8385 -0.0838
vn -0.5344 0.8402 -0.0918
vn 0.1525 0.9613 0.2293
vn 0.1415 0.9567 0.2544
vn 0.1295 0.9516 0.2789
vn 0.1164 0.9460 0.3027
vn -0.2406 0.9655 0.0996
vn -0.5301 0.8421 -0.0996
vn -0.7631 0.5710 -0.3027
vn -0.7631 0.5711 -0.3027
vn -0.7763 0.5653 -0.2789
vn -0.7883 0.5602 -0.2544
vn -0.7992 0.5556 -0.2293
vn -0.5420 0.8370 -0.0755
vn -0.2287 0.9706 0.0755
vn -0.2203 0.9742 0.0497
vn -0.2227 0.9731 0.0584
vn -0.5505 0.8334 -0.0497
vn -0.5482 0.8343 -0.0585
vn -0.5480 0.8344 -0.0584
vn 0.1845 0.9750 0.1240
vn 0.1783 0.9723 0.1509
vn 0.1709 0.9692 0.1775
vn 0.1623 0.9655 0.2036
vn -0.2255 0.9719 0.0670
vn -0.5453 0.8356 -0.0669
vn -0.5452 0.8356 -0.0670
vn -0.8090 0.5514 -0.2036
vn -0.8176 0.5477 -0.1775
vn -0.8250 0.5446 -0.1509
vn -0.8313 0.5419 -0.1240
vn -0.8312 0.5419 -0.1240
vn -0.5525 0.8325 -0.0408
vn -0.2182 0.9751 0.0408
vn -0.2145 0.9766 0.0137
vn -0.2146 0.9766 0.0137
vn -0.2153 0.9763 0.0228
vn -0.5562 0.8309 -0.0137
vn -0.5554 0.8313 -0.0228
vn 0.1970 0.9803 0.0139
vn 0.1957 0.9798 0.0417
vn 0.1958 0.9798 0.0417
vn 0.1932 0.9787 0.0692
vn 0.1895 0.9771 0.0967
vn -0.2166 0.9757 0.0318
vn -0.5541 0.8318 -0.0318
vn -0.8362 0.5398 -0.0967
vn -0.8364 0.5395 -0.0967
vn -0.8400 0.5382 -0.0692
vn -0.8425 0.5371 -0.0416
vn -0.8437 0.5367 -0.0139
vn -0.8437 0.5366 -0.0139
vn -0.5566 0.8308 -0.0046
vn -0.2140 0.9768 0.0046
vn -0.2141 0.9768 0.0047
vn -0.2153 0.9763 -0.0228
vn -0.2146 0.9766 -0.0137
vn -0.2145 0.9766 -0.0137
vn -0.5554 0.8313 0.0228
vn -0.5554 0.8313 0.0227
vn -0.5562 0.8309 0.0137
vn 0.1895 0.9771 -0.0967
vn 0.1932 0.9787 -0.0692
vn 0.1932 0.9787 -0.0691
vn 0.1958 0.9798 -0.0417
vn 0.1957 0.9798 -0.0417
vn 0.1970 0.9803 -0.0139
vn -0.2141 0.9768 -0.0046
vn -0.2143 0.9768 -0.0045
vn -0.5566 0.8308 0.0046
vn -0.8437 0.5367 0.0139
vn -0.8437 0.5366 0.0139
vn -0.8425 0.5371 0.0416
vn -0.8400 0.5382 0.0693
vn -0.8362 0.5398 0.0967
vn -0.8362 0.5398 0.0966
vn -0.5541 0.8318 0.0318
vn -0.2165 0.9758 -0.0318
vn -0.2166 0.9757 -0.0318
vn -0.2227 0.9731 -0.0584
vn -0.2203 0.9742 -0.0497
vn -0.5484 0.8341 0.0584
vn -0.5482 0.8343 0.0585
vn -0.5504 0.8334 0.0497
vn 0.1623 0.9655 -0.2036
vn 0.1709 0.9692 -0.1775
vn 0.1783 0.9723 -0.1509
vn 0.1845 0.9750 -0.1241
vn 0.1845 0.9750 -0.1240
vn -0.2182 0.9751 -0.0408
vn -0.2182 0.9750 -0.0408
vn -0.5525 0.8325 0.0408
vn -0.8312 0.5419 0.1240
vn -0.8312 0.5419 0.1241
vn -0.8250 0.5446 0.1508
vn -0.8176 0.5477 0.1775
vn -0.8176 0.5478 0.1775
vn -0.8090 0.5514 0.2036
vn -0.5452 0.8356 0.0670
vn -0.2255 0.9719 -0.0670
vn -0.2363 0.9673 -0.0918
vn -0.2323 0.9690 -0.0837
vn -0.5344 0.8402 0.0918
vn -0.5384 0.8385 0.0838
vn -0.5384 0.8385 0.0837
vn 0.1164 0.9460 -0.3027
vn 0.1164 0.9459 -0.3027
vn 0.1295 0.9515 -0.2789
vn 0.1295 0.9516 -0.2789
vn 0.1415 0.9567 -0.2544
vn 0.1525 0.9613 -0.2293
vn 0.1526 0.9613 -0.2293
vn -0.2287 0.9706 -0.0755
vn -0.5420 0.8370 0.0756
vn -0.5420 0.8370 0.0755
vn -0.7992 0.5556 0.2293
vn -0.7883 0.5602 0.2544
vn -0.7762 0.5654 0.2789
vn -0.7631 0.5711 0.3027
vn -0.7630 0.5711 0.3027
vn -0.5301 0.8421 0.0996
vn -0.2406 0.9655 -0.0996
vn -0.2556 0.9591 -0.1216
vn -0.2503 0.9614 -0.1146
vn -0.5151 0.8485 0.1217
vn -0.5151 0.8485 0.1216
vn -0.5204 0.8462 0.1145
vn -0.5204 0.8462 0.1146
vn 0.0536 0.9192 -0.3902
vn 0.0707 0.9265 -0.3696
vn 0.0869 0.9334 -0.3481
vn 0.1022 0.9399 -0.3259
vn -0.2453 0.9635 -0.1072
vn -0.5252 0.8443 0.1069
vn -0.5254 0.8441 0.1072
vn -0.7489 0.5770 0.3258
vn -0.7337 0.5835 0.3481
vn -0.7338 0.5834 0.3481
vn -0.7175 0.5904 0.3696
vn -0.7176 0.5904 0.3694
vn -0.7004 0.5977 0.3902
vn -0.5094 0.8509 0.1284
vn -0.2613 0.9567 -0.1284
vn -0.2800 0.9487 -0.1468
vn -0.2735 0.9515 -0.1410
vn -0.4907 0.8589 0.1468
vn -0.4972 0.8561 0.1410
vn -0.0237 0.8862 -0.4626
vn -0.0031 0.8950 -0.4461
vn 0.0166 0.9034 -0.4285
vn 0.0355 0.9115 -0.4098
vn -0.2672 0.9541 -0.1349
vn -0.2672 0.9542 -0.1348
vn -0.5035 0.8534 0.1349
vn -0.6823 0.6054 0.4098
vn -0.6633 0.6135 0.4285
vn -0.6436 0.6219 0.4461
vn -0.6231 0.6307 0.4626
vn -0.6231 0.6307 0.4625
vn -0.4840 0.8617 0.1522
vn -0.2867 0.9458 -0.1523
vn -0.2867 0.9458 -0.1524
vn -0.3084 0.9366 -0.1663
vn -0.3083 0.9366 -0.1665
vn -0.3009 0.9398 -0.1620
vn -0.3009 0.9398 -0.1619
vn -0.4624 0.8709 0.1663
vn -0.4698 0.8678 0.1620
vn -0.1125 0.8484 -0.5173
vn -0.1123 0.8484 -0.5173
vn -0.0893 0.8582 -0.5054
vn -0.0895 0.8582 -0.5055
vn -0.0668 0.8679 -0.4923
vn -0.0668 0.8678 -0.4923
vn -0.0449 0.8772 -0.4781
vn -0.2937 0.9429 -0.1573
vn -0.4770 0.8647 0.1573
vn -0.6018 0.6397 0.4781
vn -0.5799 0.6491 0.4924
vn -0.5574 0.6587 0.5054
vn -0.5342 0.6686 0.5173
vn -0.5343 0.6685 0.5173
vn -0.4548 0.8741 0.1704
vn -0.4548 0.8742 0.1703
vn -0.3159 0.9334 -0.1703
vn -0.3159 0.9334 -0.1702
vn -0.3396 0.9233 -0.1795
vn -0.3316 0.9267 -0.1767
vn -0.3316 0.9267 -0.1768
vn -0.4309 0.8843 0.1796
vn -0.4310 0.8843 0.1795
vn -0.4391 0.8809 0.1768
vn -0.4391 0.8809 0.1767
vn -0.2093 0.8071 -0.5521
vn -0.1844 0.8176 -0.5454
vn -0.1845 0.8176 -0.5454
vn -0.1601 0.8281 -0.5373
vn -0.1361 0.8383 -0.5279
vn -0.1361 0.8383 -0.5280
vn -0.3237 0.9301 -0.1737
vn -0.4470 0.8775 0.1737
vn -0.5107 0.6786 0.5280
vn -0.4866 0.6888 0.5373
vn -0.4866 0.6888 0.5374
vn -0.4622 0.6993 0.5453
vn -0.4375 0.7098 0.5521
vn -0.4229 0.8878 0.1817
vn -0.3478 0.9198 -0.1817
vn -0.3727 0.9092 -0.1857
vn -0.3644 0.9127 -0.1848
vn -0.3645 0.9127 -0.1848
vn -0.3980 0.8984 0.1857
vn -0.4063 0.8948 0.1848
vn -0.4063 0.8949 0.1848
vn -0.3106 0.7639 -0.5657
vn -0.2851 0.7748 -0.5643
vn -0.2597 0.7856 -0.5616
vn -0.2344 0.7964 -0.5575
vn -0.3561 0.9163 -0.1835
vn -0.4146 0.8913 0.1835
vn -0.4123 0.7205 0.5575
vn -0.4124 0.7205 0.5575
vn -0.3871 0.7313 0.5616
vn -0.3617 0.7421 0.5643
vn -0.3362 0.7529 0.5657
vn -0.3363 0.7530 0.5656
vn -0.3896 0.9020 0.1861
vn -0.3897 0.9019 0.1862
vn -0.3811 0.9056 -0.1862
vn -0.3980 0.8984 -0.1858
vn -0.4123 0.7205 -0.5575
vn -0.3616 0.7422 -0.5643
vn -0.3896 0.9019 -0.1862
vn -0.3106 0.7638 0.5657
vn -0.2850 0.7748 0.5643
vn -0.4391 0.8809 -0.1768
vn -0.3397 0.9233 0.1795
vn -0.4866 0.6889 -0.5373
vn -0.4622 0.6992 -0.5453
vn -0.4374 0.7098 -0.5522
vn -0.1600 0.8281 0.5372
vn -0.4470 0.8775 -0.1738
vn -0.4697 0.8678 -0.1619
vn -0.3083 0.9366 0.1663
vn -0.0893 0.8582 0.5054
vn -0.0668 0.8678 0.4924
vn -0.4770 0.8647 -0.1574
vn -0.4972 0.8561 -0.1411
vn -0.4907 0.8588 -0.1468
vn -0.6436 0.6219 -0.4461
vn -0.0032 0.8950 0.4460
vn -0.0030 0.8950 0.4460
vn -0.5035 0.8534 -0.1350
vn -0.5150 0.8485 -0.1216
vn -0.2503 0.9614 0.1146
vn 0.0707 0.9265 0.3696
vn 0.1022 0.9399 0.3259
vn -0.5384 0.8385 -0.0837
vn 0.1295 0.9515 0.2789
vn -0.5419 0.8370 -0.0755
vn -0.5419 0.8371 -0.0755
vn -0.5504 0.8334 -0.0497
vn -0.2255 0.9719 0.0671
vn 0.1622 0.9655 0.2036
vn 0.1708 0.9692 0.1775
vn 0.1782 0.9724 0.1509
vn 0.1782 0.9723 0.1509
vn -0.2182 0.9750 0.0408
vn -0.2182 0.9751 0.0407
vn -0.8362 0.5398 -0.0966
vn -0.5543 0.8317 -0.0320
vn -0.2141 0.9768 0.0046
vn -0.2144 0.9766 -0.0137
vn -0.8362 0.5399 0.0966
vn -0.8400 0.5382 0.0692
vn -0.8437 0.5367 0.0140
vn -0.2140 0.9768 -0.0046
vn 0.1957 0.9798 -0.0416
vn -0.2164 0.9758 -0.0317
vn -0.5480 0.8344 0.0584
vn -0.2226 0.9731 -0.0584
vn -0.2202 0.9742 -0.0497
vn -0.8250 0.5446 0.1509
vn 0.1622 0.9655 -0.2036
vn 0.1622 0.9655 -0.2037
vn -0.5453 0.8356 0.0670
vn -0.5345 0.8402 0.0918
vn -0.5384 0.8386 0.0837
vn -0.7631 0.5710 0.3027
vn -0.7763 0.5653 0.2789
vn -0.7763 0.5654 0.2788
vn -0.5419 0.8370 0.0755
vn 0.1415 0.9567 -0.2545
vn -0.2503 0.9614 -0.1145
vn -0.7004 0.5977 0.3901
vn 0.1022 0.9399 -0.3258
vn 0.0708 0.9265 -0.3696
vn 0.0536 0.9192 -0.3901
vn -0.2613 0.9567 -0.1285
vn -0.4908 0.8588 0.1468
vn -0.6822 0.6055 0.4099
vn -0.2672 0.9542 -0.1349
vn 0.0165 0.9034 -0.4285
vn -0.0237 0.8863 -0.4626
vn -0.2867 0.9459 -0.1522
vn -0.2867 0.9458 -0.1522
vn -0.4840 0.8617 0.1523
vn -0.3083 0.9366 -0.1663
vn -0.5799 0.6491 0.4922
vn -0.5799 0.6491 0.4923
vn -0.4771 0.8647 0.1572
vn -0.0449 0.8772 -0.4780
vn -0.0668 0.8679 -0.4922
vn -0.0893 0.8583 -0.5054
vn -0.1124 0.8484 -0.5173
vn -0.1124 0.8484 -0.5174
vn -0.4311 0.8843 0.1795
vn -0.3397 0.9233 -0.1795
vn -0.4374 0.7098 0.5521
vn -0.5107 0.6786 0.5279
vn -0.4470 0.8775 0.1738
vn -0.1845 0.8177 -0.5453
vn -0.3980 0.8984 0.1858
vn -0.3362 0.7530 0.5657
vn -0.3561 0.9162 -0.1835
vn -0.2344 0.7963 -0.5576
vn 0.9362 0.2326 -0.2635
vn 0.9232 0.2271 -0.3099
vn 0.9233 0.2271 -0.3099
vn 0.8160 0.5144 -0.2636
vn 0.8160 0.5145 -0.2636
vn 0.8031 0.5090 -0.3099
vn 0.9746 -0.1165 -0.1910
vn 0.9746 -0.1166 -0.1911
vn 0.9651 -0.1207 -0.2326
vn 0.9536 -0.1255 -0.2735
vn 0.9404 -0.1312 -0.3138
vn 0.9082 0.2207 -0.3556
vn 0.7880 0.5026 -0.3556
vn 0.5564 0.7694 -0.3138
vn 0.5697 0.7750 -0.2735
vn 0.5811 0.7799 -0.2326
vn 0.5906 0.7840 -0.1910
vn 0.5906 0.7840 -0.1911
vn 0.8268 0.5192 -0.2166
vn 0.8268 0.5191 -0.2166
vn 0.9470 0.2372 -0.2166
vn -0.0068 -0.1695 0.9855
vn -0.0512 -0.1884 0.9808
vn -0.1270 0.1124 0.9855
vn -0.1270 0.1125 0.9855
vn -0.1713 0.0935 0.9808
vn 0.1723 -0.4587 0.8717
vn 0.1330 -0.4755 0.8696
vn 0.0938 -0.4921 0.8655
vn 0.0550 -0.5088 0.8591
vn 0.0549 -0.5087 0.8592
vn -0.0953 -0.2072 0.9736
vn -0.2155 0.0747 0.9736
vn -0.3291 0.3918 0.8592
vn -0.2902 0.4084 0.8654
vn -0.2510 0.4251 0.8696
vn -0.2117 0.4419 0.8717
vn -0.2119 0.4420 0.8716
vn -0.0824 0.1314 0.9879
vn 0.0377 -0.1505 0.9879
vn 0.8720 0.2053 0.4443
vn 0.8720 0.2053 0.4444
vn 0.8510 0.1963 0.4871
vn 0.7518 0.4871 0.4443
vn 0.7518 0.4872 0.4443
vn 0.7308 0.4782 0.4871
vn 0.9253 -0.1376 0.3534
vn 0.9085 -0.1448 0.3921
vn 0.8899 -0.1527 0.4298
vn 0.8697 -0.1613 0.4665
vn 0.8281 0.1865 0.5286
vn 0.7079 0.4684 0.5286
vn 0.7079 0.4685 0.5286
vn 0.4857 0.7393 0.4665
vn 0.5059 0.7479 0.4298
vn 0.5245 0.7558 0.3920
vn 0.5245 0.7558 0.3921
vn 0.5412 0.7630 0.3533
vn 0.5413 0.7630 0.3533
vn 0.7709 0.4953 0.4005
vn 0.8911 0.2134 0.4005
vn 0.8721 0.2052 -0.4443
vn 0.8721 0.2051 -0.4443
vn 0.8510 0.1963 -0.4871
vn 0.7519 0.4871 -0.4443
vn 0.7518 0.4872 -0.4443
vn 0.7308 0.4782 -0.4871
vn 0.9253 -0.1377 -0.3534
vn 0.9085 -0.1448 -0.3921
vn 0.8899 -0.1527 -0.4298
vn 0.8899 -0.1528 -0.4298
vn 0.8697 -0.1614 -0.4665
vn 0.8281 0.1865 -0.5286
vn 0.7079 0.4684 -0.5286
vn 0.4857 0.7392 -0.4665
vn 0.5059 0.7479 -0.4298
vn 0.5245 0.7558 -0.3921
vn 0.5413 0.7629 -0.3534
vn 0.7709 0.4953 -0.4005
vn 0.8911 0.2134 -0.4005
vn -0.0068 -0.1695 -0.9855
vn -0.0512 -0.1884 -0.9808
vn -0.1270 0.1124 -0.9855
vn -0.1270 0.1123 -0.9855
vn -0.1713 0.0934 -0.9808
vn -0.1713 0.0935 -0.9808
vn 0.1723 -0.4587 -0.8717
vn 0.1330 -0.4755 -0.8696
vn 0.0937 -0.4921 -0.8655
vn 0.0938 -0.4921 -0.8654
vn 0.0549 -0.5088 -0.8591
vn 0.0549 -0.5087 -0.8592
vn -0.0953 -0.2072 -0.9736
vn -0.2155 0.0747 -0.9736
vn -0.3291 0.3918 -0.8592
vn -0.2902 0.4084 -0.8654
vn -0.2510 0.4251 -0.8696
vn -0.2117 0.4419 -0.8717
vn -0.2116 0.4420 -0.8717
vn -0.0824 0.1314 -0.9879
vn 0.0377 -0.1505 -0.9879
vn 0.9362 0.2326 0.2636
vn 0.9232 0.2271 0.3099
vn 0.8160 0.5144 0.2636
vn 0.8160 0.5145 0.2636
vn 0.8030 0.5090 0.3100
vn 0.9746 -0.1166 0.1911
vn 0.9651 -0.1207 0.2326
vn 0.9536 -0.1256 0.2735
vn 0.9404 -0.1312 0.3138
vn 0.9082 0.2207 0.3556
vn 0.7880 0.5026 0.3556
vn 0.5564 0.7694 0.3138
vn 0.5697 0.7750 0.2735
vn 0.5811 0.7799 0.2326
vn 0.5906 0.7840 0.1911
vn 0.8268 0.5191 0.2166
vn 0.9470 0.2372 0.2166
vn 0.9470 0.2372 0.2165
vn 0.7767 0.1646 -0.6080
vn 0.7484 0.1526 -0.6454
vn 0.6565 0.4465 -0.6080
vn 0.6282 0.4344 -0.6454
vn 0.6283 0.4344 -0.6454
vn 0.8478 -0.1707 -0.5021
vn 0.8243 -0.1807 -0.5365
vn 0.7994 -0.1913 -0.5695
vn 0.7729 -0.2026 -0.6013
vn 0.7730 -0.2026 -0.6012
vn 0.7184 0.1398 -0.6814
vn 0.7185 0.1398 -0.6814
vn 0.5983 0.4217 -0.6814
vn 0.3889 0.6980 -0.6013
vn 0.4154 0.7093 -0.5694
vn 0.4154 0.7093 -0.5695
vn 0.4403 0.7199 -0.5365
vn 0.4638 0.7299 -0.5021
vn 0.4638 0.7299 -0.5022
vn 0.6831 0.4578 -0.5690
vn 0.8033 0.1759 -0.5690
vn -0.1824 -0.2443 -0.9524
vn -0.2250 -0.2625 -0.9383
vn -0.3026 0.0376 -0.9524
vn -0.3454 0.0194 -0.9383
vn -0.3452 0.0194 -0.9383
vn 0.0162 -0.5252 -0.8508
vn -0.0219 -0.5415 -0.8404
vn -0.0220 -0.5415 -0.8404
vn -0.0597 -0.5577 -0.8279
vn -0.0966 -0.5733 -0.8136
vn -0.0967 -0.5733 -0.8136
vn -0.2670 -0.2804 -0.9220
vn -0.3872 0.0015 -0.9220
vn -0.4807 0.3272 -0.8136
vn -0.4436 0.3429 -0.8280
vn -0.4436 0.3430 -0.8280
vn -0.4060 0.3591 -0.8404
vn -0.3678 0.3754 -0.8508
vn -0.2593 0.0560 -0.9642
vn -0.1391 -0.2259 -0.9642
vn 0.9667 0.2456 0.0727
vn 0.9666 0.2456 0.0726
vn 0.9623 0.2437 0.1209
vn 0.9623 0.2436 0.1209
vn 0.8465 0.5275 0.0727
vn 0.8465 0.5274 0.0727
vn 0.8421 0.5256 0.1209
vn 0.9939 -0.1084 0.0214
vn 0.9919 -0.1093 0.0642
vn 0.9919 -0.1092 0.0642
vn 0.9881 -0.1109 0.1067
vn 0.9823 -0.1133 0.1490
vn 0.9557 0.2409 0.1689
vn 0.8356 0.5227 0.1689
vn 0.8357 0.5227 0.1686
vn 0.5983 0.7873 0.1490
vn 0.6041 0.7897 0.1067
vn 0.6079 0.7914 0.0642
vn 0.6080 0.7914 0.0642
vn 0.6099 0.7922 0.0214
vn 0.8486 0.5284 0.0243
vn 0.9688 0.2465 0.0243
vn 0.6538 0.1121 -0.7483
vn 0.6538 0.1122 -0.7483
vn 0.6194 0.0975 -0.7790
vn 0.5336 0.3941 -0.7483
vn 0.5336 0.3939 -0.7484
vn 0.4992 0.3794 -0.7790
vn 0.7451 -0.2145 -0.6316
vn 0.7159 -0.2268 -0.6604
vn 0.7159 -0.2269 -0.6603
vn 0.6855 -0.2398 -0.6875
vn 0.6855 -0.2399 -0.6874
vn 0.6539 -0.2534 -0.7129
vn 0.5835 0.0822 -0.8079
vn 0.4634 0.3641 -0.8079
vn 0.2699 0.6472 -0.7129
vn 0.3015 0.6607 -0.6874
vn 0.3319 0.6737 -0.6603
vn 0.3611 0.6861 -0.6316
vn 0.5667 0.4082 -0.7157
vn 0.6869 0.1263 -0.7157
vn -0.3486 -0.3152 -0.8827
vn -0.3879 -0.3320 -0.8598
vn -0.4688 -0.0333 -0.8827
vn -0.4687 -0.0334 -0.8827
vn -0.5081 -0.0501 -0.8598
vn -0.1331 -0.5889 -0.7972
vn -0.1687 -0.6041 -0.7789
vn -0.2035 -0.6189 -0.7587
vn -0.2034 -0.6189 -0.7587
vn -0.2371 -0.6333 -0.7367
vn -0.4262 -0.3483 -0.8349
vn -0.5464 -0.0664 -0.8349
vn -0.6211 0.2673 -0.7367
vn -0.5873 0.2817 -0.7587
vn -0.5527 0.2965 -0.7789
vn -0.5171 0.3117 -0.7972
vn -0.4285 -0.0161 -0.9034
vn -0.3083 -0.2980 -0.9034
vn 0.9623 0.2437 -0.1209
vn 0.9667 0.2455 -0.0726
vn 0.9666 0.2456 -0.0727
vn 0.8421 0.5256 -0.1209
vn 0.8465 0.5275 -0.0727
vn 0.8464 0.5275 -0.0727
vn 0.9823 -0.1133 -0.1490
vn 0.9823 -0.1132 -0.1489
vn 0.9881 -0.1109 -0.1067
vn 0.9919 -0.1092 -0.0642
vn 0.9939 -0.1084 -0.0214
vn 0.9688 0.2465 -0.0243
vn 0.8486 0.5284 -0.0243
vn 0.8487 0.5284 -0.0243
vn 0.6099 0.7922 -0.0214
vn 0.6079 0.7914 -0.0642
vn 0.6080 0.7914 -0.0642
vn 0.6041 0.7897 -0.1067
vn 0.5983 0.7873 -0.1490
vn 0.8356 0.5228 -0.1689
vn 0.9557 0.2409 -0.1689
vn 0.5081 0.0501 -0.8598
vn 0.4688 0.0333 -0.8827
vn 0.3879 0.3320 -0.8598
vn 0.3487 0.3152 -0.8826
vn 0.3486 0.3152 -0.8827
vn 0.6211 -0.2673 -0.7367
vn 0.5874 -0.2817 -0.7587
vn 0.5873 -0.2817 -0.7587
vn 0.5527 -0.2965 -0.7789
vn 0.5171 -0.3117 -0.7972
vn 0.4285 0.0161 -0.9034
vn 0.3083 0.2980 -0.9034
vn 0.1331 0.5889 -0.7972
vn 0.1687 0.6041 -0.7789
vn 0.2033 0.6189 -0.7587
vn 0.2371 0.6333 -0.7367
vn 0.2370 0.6333 -0.7367
vn 0.4262 0.3483 -0.8349
vn 0.5464 0.0664 -0.8349
vn -0.4992 -0.3794 -0.7790
vn -0.5336 -0.3941 -0.7483
vn -0.6194 -0.0975 -0.7790
vn -0.6193 -0.0975 -0.7790
vn -0.6538 -0.1123 -0.7483
vn -0.6538 -0.1122 -0.7483
vn -0.2699 -0.6472 -0.7130
vn -0.2699 -0.6472 -0.7129
vn -0.3015 -0.6607 -0.6874
vn -0.3319 -0.6737 -0.6603
vn -0.3611 -0.6861 -0.6316
vn -0.5667 -0.4082 -0.7157
vn -0.6869 -0.1263 -0.7157
vn -0.7451 0.2145 -0.6316
vn -0.7451 0.2145 -0.6315
vn -0.7155 0.2271 -0.6607
vn -0.7159 0.2270 -0.6603
vn -0.6855 0.2399 -0.6874
vn -0.6539 0.2534 -0.7129
vn -0.5834 -0.0821 -0.8081
vn -0.5835 -0.0822 -0.8079
vn -0.4634 -0.3641 -0.8079
vn 0.9362 0.2326 -0.2636
vn 0.8030 0.5090 -0.3099
vn 0.8160 0.5144 -0.2635
vn 0.9536 -0.1256 -0.2735
vn 0.3452 -0.0194 -0.9383
vn 0.3026 -0.0376 -0.9524
vn 0.2250 0.2625 -0.9383
vn 0.1824 0.2443 -0.9524
vn 0.4806 -0.3272 -0.8136
vn 0.4436 -0.3430 -0.8280
vn 0.4060 -0.3591 -0.8404
vn 0.3678 -0.3753 -0.8508
vn 0.3678 -0.3754 -0.8508
vn 0.2593 -0.0560 -0.9642
vn 0.1391 0.2259 -0.9642
vn -0.0162 0.5252 -0.8508
vn 0.0220 0.5415 -0.8404
vn 0.0596 0.5576 -0.8280
vn 0.0967 0.5734 -0.8136
vn 0.2671 0.2805 -0.9220
vn 0.2670 0.2804 -0.9220
vn 0.3872 -0.0015 -0.9220
vn -0.6282 -0.4344 -0.6454
vn -0.6283 -0.4344 -0.6454
vn -0.6565 -0.4465 -0.6080
vn -0.7484 -0.1525 -0.6454
vn -0.7767 -0.1646 -0.6080
vn -0.3890 -0.6980 -0.6012
vn -0.4155 -0.7093 -0.5695
vn -0.4154 -0.7093 -0.5695
vn -0.4403 -0.7199 -0.5365
vn -0.4404 -0.7199 -0.5365
vn -0.4638 -0.7299 -0.5021
vn -0.6831 -0.4578 -0.5691
vn -0.8033 -0.1759 -0.5690
vn -0.8033 -0.1760 -0.5690
vn -0.8478 0.1707 -0.5021
vn -0.8243 0.1807 -0.5365
vn -0.7994 0.1913 -0.5695
vn -0.7730 0.2026 -0.6012
vn -0.7185 -0.1398 -0.6814
vn -0.5983 -0.4217 -0.6814
vn 0.8510 0.1963 -0.4872
vn 0.8720 0.2053 -0.4443
vn 0.8697 -0.1613 -0.4665
vn 0.9253 -0.1376 -0.3534
vn 0.5413 0.7630 -0.3534
vn 0.4857 0.7393 -0.4665
vn 0.7079 0.4683 -0.5287
vn 0.7079 0.4684 -0.5287
vn 0.1713 -0.0936 -0.9808
vn 0.1713 -0.0935 -0.9808
vn 0.1270 -0.1124 -0.9855
vn 0.0511 0.1884 -0.9808
vn 0.0510 0.1884 -0.9808
vn 0.0068 0.1695 -0.9855
vn 0.3291 -0.3918 -0.8592
vn 0.3290 -0.3918 -0.8592
vn 0.2901 -0.4082 -0.8656
vn 0.2900 -0.4082 -0.8656
vn 0.2510 -0.4251 -0.8696
vn 0.2117 -0.4419 -0.8717
vn 0.0824 -0.1314 -0.9879
vn -0.0377 0.1505 -0.9879
vn -0.1723 0.4587 -0.8717
vn -0.1330 0.4755 -0.8696
vn -0.0938 0.4922 -0.8654
vn -0.0549 0.5087 -0.8592
vn 0.0953 0.2072 -0.9736
vn 0.2155 -0.0747 -0.9736
vn -0.7308 -0.4782 -0.4871
vn -0.7518 -0.4872 -0.4443
vn -0.7518 -0.4871 -0.4443
vn -0.8511 -0.1963 -0.4870
vn -0.8510 -0.1963 -0.4870
vn -0.8720 -0.2053 -0.4443
vn -0.8721 -0.2052 -0.4443
vn -0.4857 -0.7392 -0.4665
vn -0.5059 -0.7479 -0.4298
vn -0.5245 -0.7558 -0.3921
vn -0.5413 -0.7630 -0.3534
vn -0.7709 -0.4953 -0.4005
vn -0.8911 -0.2134 -0.4005
vn -0.9253 0.1376 -0.3534
vn -0.9085 0.1448 -0.3921
vn -0.8899 0.1527 -0.4298
vn -0.8697 0.1613 -0.4665
vn -0.8281 -0.1865 -0.5286
vn -0.7079 -0.4684 -0.5286
vn 0.7484 0.1525 -0.6454
vn 0.7484 0.1525 -0.6455
vn 0.7995 -0.1912 -0.5695
vn 0.7995 -0.1913 -0.5695
vn 0.8243 -0.1807 -0.5366
vn 0.8033 0.1760 -0.5689
vn 0.3890 0.6980 -0.6012
vn 0.3890 0.6981 -0.6011
vn -0.8031 -0.5090 -0.3099
vn -0.8030 -0.5090 -0.3099
vn -0.8160 -0.5145 -0.2636
vn -0.9232 -0.2272 -0.3099
vn -0.9232 -0.2271 -0.3099
vn -0.9362 -0.2326 -0.2636
vn -0.5564 -0.7694 -0.3138
vn -0.5697 -0.7750 -0.2735
vn -0.5697 -0.7750 -0.2736
vn -0.5811 -0.7799 -0.2326
vn -0.5906 -0.7840 -0.1911
vn -0.8268 -0.5191 -0.2166
vn -0.9470 -0.2372 -0.2166
vn -0.9746 0.1166 -0.1911
vn -0.9651 0.1207 -0.2326
vn -0.9536 0.1256 -0.2735
vn -0.9404 0.1312 -0.3138
vn -0.9082 -0.2207 -0.3556
vn -0.7880 -0.5026 -0.3556
vn 0.7160 -0.2269 -0.6602
vn 0.7450 -0.2145 -0.6316
vn 0.2699 0.6473 -0.7129
vn 0.5835 0.0823 -0.8079
vn -0.8421 -0.5256 -0.1209
vn -0.8465 -0.5275 -0.0727
vn -0.9623 -0.2437 -0.1209
vn -0.9666 -0.2456 -0.0727
vn -0.5983 -0.7873 -0.1489
vn -0.6041 -0.7897 -0.1067
vn -0.6079 -0.7914 -0.0642
vn -0.6080 -0.7914 -0.0642
vn -0.6099 -0.7922 -0.0214
vn -0.8486 -0.5284 -0.0243
vn -0.9688 -0.2465 -0.0243
vn -0.9939 0.1084 -0.0214
vn -0.9939 0.1085 -0.0214
vn -0.9920 0.1091 -0.0641
vn -0.9919 0.1092 -0.0642
vn -0.9881 0.1109 -0.1067
vn -0.9823 0.1134 -0.1490
vn -0.9823 0.1133 -0.1490
vn -0.9557 -0.2409 -0.1689
vn -0.8355 -0.5228 -0.1689
vn 0.4686 0.0329 -0.8828
vn 0.5081 0.0501 -0.8599
vn 0.3485 0.3152 -0.8827
vn 0.5171 -0.3117 -0.7971
vn 0.5173 -0.3117 -0.7970
vn 0.5873 -0.2817 -0.7588
vn 0.2033 0.6188 -0.7587
vn 0.2033 0.6188 -0.7588
vn -0.8464 -0.5275 0.0727
vn -0.8421 -0.5256 0.1209
vn -0.9666 -0.2456 0.0727
vn -0.9623 -0.2437 0.1209
vn -0.6099 -0.7922 0.0214
vn -0.6080 -0.7914 0.0642
vn -0.6041 -0.7897 0.1067
vn -0.6041 -0.7897 0.1068
vn -0.5983 -0.7873 0.1489
vn -0.5983 -0.7873 0.1490
vn -0.8355 -0.5228 0.1689
vn -0.9557 -0.2409 0.1689
vn -0.9823 0.1133 0.1490
vn -0.9881 0.1109 0.1067
vn -0.9919 0.1092 0.0642
vn -0.9939 0.1084 0.0214
vn -0.9689 -0.2464 0.0243
vn -0.9688 -0.2465 0.0243
vn -0.8486 -0.5284 0.0243
vn 0.2251 0.2625 -0.9383
vn 0.3679 -0.3753 -0.8508
vn 0.4060 -0.3590 -0.8404
vn 0.4807 -0.3272 -0.8136
vn 0.3873 -0.0015 -0.9220
vn 0.0966 0.5734 -0.8136
vn 0.0221 0.5415 -0.8404
vn -0.8160 -0.5145 0.2636
vn -0.8030 -0.5090 0.3099
vn -0.8030 -0.5091 0.3099
vn -0.9362 -0.2326 0.2636
vn -0.9232 -0.2271 0.3099
vn -0.5906 -0.7840 0.1911
vn -0.5811 -0.7799 0.2326
vn -0.5697 -0.7750 0.2735
vn -0.5564 -0.7694 0.3138
vn -0.7880 -0.5026 0.3556
vn -0.9082 -0.2207 0.3556
vn -0.9404 0.1312 0.3137
vn -0.9404 0.1312 0.3138
vn -0.9536 0.1256 0.2735
vn -0.9651 0.1207 0.2326
vn -0.9746 0.1166 0.1911
vn -0.9470 -0.2372 0.2166
vn -0.8268 -0.5191 0.2166
vn 0.1269 -0.1124 -0.9855
vn 0.2117 -0.4420 -0.8717
vn 0.2902 -0.4084 -0.8654
vn -0.0549 0.5088 -0.8591
vn -0.0549 0.5088 -0.8592
vn -0.0938 0.4921 -0.8655
vn -0.1331 0.4755 -0.8696
vn -0.1724 0.4587 -0.8717
vn -0.7518 -0.4871 0.4443
vn -0.7518 -0.4872 0.4443
vn -0.7308 -0.4782 0.4871
vn -0.7308 -0.4783 0.4871
vn -0.8720 -0.2053 0.4443
vn -0.8721 -0.2051 0.4443
vn -0.8510 -0.1962 0.4871
vn -0.8510 -0.1963 0.4871
vn -0.5413 -0.7630 0.3534
vn -0.5245 -0.7558 0.3921
vn -0.5059 -0.7479 0.4298
vn -0.4857 -0.7393 0.4665
vn -0.4857 -0.7392 0.4665
vn -0.7080 -0.4684 0.5286
vn -0.7079 -0.4684 0.5286
vn -0.8281 -0.1865 0.5286
vn -0.8697 0.1614 0.4665
vn -0.8697 0.1613 0.4665
vn -0.8899 0.1527 0.4298
vn -0.8899 0.1526 0.4298
vn -0.9085 0.1448 0.3921
vn -0.9253 0.1376 0.3534
vn -0.8911 -0.2134 0.4005
vn -0.7709 -0.4953 0.4005
vn -0.0511 -0.1884 -0.9808
vn -0.1712 0.0935 -0.9808
vn 0.0549 -0.5088 -0.8592
vn 0.0938 -0.4922 -0.8654
vn 0.0938 -0.4921 -0.8655
vn -0.2118 0.4419 -0.8717
vn -0.2509 0.4249 -0.8698
vn -0.2902 0.4085 -0.8654
vn -0.3292 0.3917 -0.8592
vn -0.6565 -0.4465 0.6080
vn -0.6282 -0.4345 0.6454
vn -0.7767 -0.1646 0.6080
vn -0.7484 -0.1525 0.6454
vn -0.7485 -0.1525 0.6454
vn -0.4638 -0.7299 0.5021
vn -0.4404 -0.7199 0.5364
vn -0.4404 -0.7199 0.5365
vn -0.4154 -0.7093 0.5695
vn -0.3890 -0.6980 0.6012
vn -0.5983 -0.4217 0.6814
vn -0.7185 -0.1398 0.6813
vn -0.7185 -0.1398 0.6814
vn -0.7730 0.2026 0.6012
vn -0.7995 0.1913 0.5694
vn -0.7994 0.1913 0.5695
vn -0.8243 0.1807 0.5365
vn -0.8243 0.1808 0.5365
vn -0.8477 0.1706 0.5023
vn -0.8478 0.1707 0.5021
vn -0.8033 -0.1759 0.5690
vn -0.6831 -0.4578 0.5690
vn -0.2251 -0.2625 -0.9383
vn -0.3453 0.0194 -0.9383
vn -0.0967 -0.5734 -0.8136
vn -0.0966 -0.5734 -0.8136
vn -0.0596 -0.5576 -0.8280
vn -0.0221 -0.5415 -0.8404
vn 0.0161 -0.5252 -0.8509
vn -0.1391 -0.2260 -0.9641
vn -0.2593 0.0561 -0.9642
vn -0.3678 0.3753 -0.8508
vn -0.4806 0.3272 -0.8136
vn -0.2671 -0.2805 -0.9220
vn -0.5336 -0.3941 0.7483
vn -0.4992 -0.3794 0.7790
vn -0.6538 -0.1122 0.7483
vn -0.6538 -0.1121 0.7483
vn -0.6194 -0.0975 0.7790
vn -0.3611 -0.6861 0.6316
vn -0.3319 -0.6737 0.6603
vn -0.3015 -0.6607 0.6874
vn -0.3016 -0.6607 0.6874
vn -0.2699 -0.6472 0.7129
vn -0.4634 -0.3641 0.8079
vn -0.5835 -0.0822 0.8079
vn -0.6539 0.2534 0.7129
vn -0.6856 0.2399 0.6874
vn -0.6855 0.2399 0.6874
vn -0.7159 0.2269 0.6603
vn -0.7451 0.2145 0.6316
vn -0.7453 0.2144 0.6313
vn -0.6869 -0.1263 0.7157
vn -0.5667 -0.4082 0.7157
vn -0.3880 -0.3320 -0.8598
vn -0.4684 -0.0331 -0.8829
vn -0.2371 -0.6332 -0.7367
vn -0.5171 0.3116 -0.7972
vn -0.5527 0.2965 -0.7788
vn -0.3879 -0.3320 0.8598
vn -0.3486 -0.3151 0.8827
vn -0.3486 -0.3152 0.8827
vn -0.5081 -0.0501 0.8598
vn -0.4688 -0.0333 0.8827
vn -0.4687 -0.0334 0.8827
vn -0.2371 -0.6332 0.7368
vn -0.2033 -0.6189 0.7587
vn -0.1687 -0.6041 0.7789
vn -0.1331 -0.5889 0.7972
vn -0.3083 -0.2980 0.9034
vn -0.4285 -0.0161 0.9034
vn -0.5171 0.3117 0.7972
vn -0.5527 0.2965 0.7789
vn -0.5873 0.2817 0.7588
vn -0.5873 0.2817 0.7587
vn -0.6211 0.2673 0.7367
vn -0.5464 -0.0664 0.8349
vn -0.4262 -0.3483 0.8349
vn -0.5836 -0.0822 -0.8079
vn -0.7159 0.2269 -0.6603
vn -0.7450 0.2145 -0.6316
vn -0.2250 -0.2625 0.9383
vn -0.1824 -0.2443 0.9524
vn -0.1824 -0.2442 0.9524
vn -0.3452 0.0193 0.9383
vn -0.3451 0.0195 0.9384
vn -0.3026 0.0376 0.9524
vn -0.0966 -0.5734 0.8136
vn -0.0596 -0.5576 0.8280
vn -0.0220 -0.5415 0.8404
vn 0.0162 -0.5252 0.8508
vn -0.1391 -0.2258 0.9642
vn -0.1391 -0.2259 0.9642
vn -0.2593 0.0560 0.9642
vn -0.3678 0.3753 0.8508
vn -0.3678 0.3752 0.8508
vn -0.4060 0.3591 0.8404
vn -0.4436 0.3430 0.8280
vn -0.4806 0.3272 0.8136
vn -0.3872 0.0015 0.9220
vn -0.2670 -0.2804 0.9220
vn -0.7485 -0.1526 -0.6454
vn -0.7729 0.2026 -0.6013
vn -0.7994 0.1912 -0.5695
vn -0.6831 -0.4578 -0.5690
vn 0.0549 -0.5088 0.8591
vn 0.0938 -0.4922 0.8654
vn 0.1723 -0.4587 0.8718
vn -0.2118 0.4419 0.8717
vn -0.2901 0.4082 0.8656
vn -0.0952 -0.2072 0.9737
vn -0.0953 -0.2072 0.9737
vn -0.7519 -0.4871 -0.4444
vn -0.8720 -0.2054 -0.4443
vn -0.8510 -0.1963 -0.4871
vn -0.8510 -0.1962 -0.4871
vn -0.5413 -0.7629 -0.3534
vn 0.1270 -0.1124 0.9855
vn 0.1713 -0.0935 0.9808
vn 0.0068 0.1695 0.9855
vn 0.0512 0.1884 0.9808
vn 0.2118 -0.4418 0.8717
vn 0.2118 -0.4419 0.8717
vn 0.2510 -0.4251 0.8696
vn 0.2902 -0.4084 0.8654
vn 0.2901 -0.4082 0.8656
vn 0.3291 -0.3918 0.8592
vn 0.2155 -0.0747 0.9736
vn 0.0950 0.2072 0.9737
vn 0.0953 0.2072 0.9737
vn -0.0549 0.5087 0.8592
vn -0.0938 0.4921 0.8655
vn -0.1330 0.4755 0.8696
vn -0.1723 0.4587 0.8717
vn -0.0377 0.1505 0.9879
vn 0.0824 -0.1314 0.9879
vn -0.8030 -0.5090 -0.3100
vn -0.9361 -0.2329 -0.2636
vn -0.5811 -0.7799 -0.2325
vn -0.9536 0.1255 -0.2735
vn 0.3026 -0.0375 0.9524
vn 0.3450 -0.0197 0.9384
vn 0.3452 -0.0193 0.9383
vn 0.1824 0.2443 0.9524
vn 0.2250 0.2625 0.9383
vn 0.2249 0.2624 0.9384
vn 0.3678 -0.3753 0.8508
vn 0.4060 -0.3591 0.8404
vn 0.4436 -0.3430 0.8280
vn 0.4806 -0.3272 0.8136
vn 0.3872 -0.0015 0.9220
vn 0.2670 0.2804 0.9220
vn 0.0967 0.5734 0.8136
vn 0.0596 0.5576 0.8280
vn 0.0220 0.5415 0.8404
vn -0.0162 0.5252 0.8508
vn 0.1391 0.2259 0.9642
vn 0.1392 0.2259 0.9642
vn 0.2593 -0.0560 0.9642
vn -0.9667 -0.2456 -0.0727
vn -0.9623 -0.2436 -0.1209
vn -0.6099 -0.7922 -0.0215
vn -0.5983 -0.7873 -0.1490
vn -0.5983 -0.7873 -0.1491
vn 0.4688 0.0333 0.8827
vn 0.5081 0.0501 0.8598
vn 0.3486 0.3152 0.8827
vn 0.3879 0.3320 0.8598
vn 0.5171 -0.3117 0.7972
vn 0.5527 -0.2964 0.7789
vn 0.5527 -0.2965 0.7789
vn 0.5873 -0.2817 0.7587
vn 0.5873 -0.2817 0.7588
vn 0.6211 -0.2673 0.7367
vn 0.5464 0.0664 0.8349
vn 0.4262 0.3483 0.8349
vn 0.2371 0.6333 0.7367
vn 0.2033 0.6189 0.7587
vn 0.1687 0.6041 0.7789
vn 0.1331 0.5889 0.7972
vn 0.3083 0.2980 0.9034
vn 0.4285 0.0161 0.9034
vn -0.8465 -0.5275 0.0727
vn -0.5983 -0.7874 0.1488
vn -0.6041 -0.7897 0.1065
vn -0.6080 -0.7913 0.0642
vn -0.8487 -0.5284 0.0243
vn -0.9823 0.1134 0.1492
vn -0.8356 -0.5228 0.1689
vn 0.6194 0.0975 0.7790
vn 0.6535 0.1123 0.7485
vn 0.6538 0.1122 0.7483
vn 0.4992 0.3794 0.7790
vn 0.5336 0.3941 0.7483
vn 0.5336 0.3940 0.7484
vn 0.6539 -0.2534 0.7129
vn 0.6855 -0.2399 0.6874
vn 0.7159 -0.2269 0.6603
vn 0.7451 -0.2145 0.6316
vn 0.7449 -0.2146 0.6317
vn 0.6869 0.1263 0.7157
vn 0.5669 0.4081 0.7156
vn 0.5667 0.4082 0.7157
vn 0.3611 0.6861 0.6316
vn 0.3319 0.6737 0.6603
vn 0.3015 0.6607 0.6874
vn 0.3015 0.6608 0.6874
vn 0.2699 0.6472 0.7129
vn 0.4634 0.3641 0.8079
vn 0.5835 0.0822 0.8079
vn -0.8030 -0.5090 0.3100
vn -0.9362 -0.2325 0.2635
vn -0.9470 -0.2371 0.2166
vn -0.9536 0.1255 0.2735
vn 0.7484 0.1526 0.6454
vn 0.7767 0.1646 0.6080
vn 0.6282 0.4344 0.6454
vn 0.6565 0.4465 0.6080
vn 0.7730 -0.2026 0.6012
vn 0.7994 -0.1913 0.5694
vn 0.7994 -0.1913 0.5695
vn 0.8243 -0.1807 0.5366
vn 0.8243 -0.1807 0.5365
vn 0.8478 -0.1707 0.5021
vn 0.8479 -0.1708 0.5020
vn 0.8033 0.1759 0.5690
vn 0.6831 0.4578 0.5690
vn 0.4638 0.7299 0.5021
vn 0.4403 0.7199 0.5365
vn 0.4154 0.7092 0.5696
vn 0.4154 0.7093 0.5696
vn 0.3890 0.6981 0.6011
vn 0.3890 0.6980 0.6012
vn 0.5983 0.4217 0.6814
vn 0.7185 0.1398 0.6813
vn 0.7185 0.1398 0.6814
vn -0.7519 -0.4871 0.4443
vn -0.8510 -0.1963 0.4870
vn -0.8720 -0.2053 0.4444
vn -0.5413 -0.7630 0.3533
vn -0.8911 -0.2133 0.4006
vn -0.8281 -0.1865 0.5287
vn -0.7079 -0.4685 0.5286
vn 0.1714 -0.0935 0.9808
vn 0.0511 0.1884 0.9808
vn 0.2117 -0.4419 0.8717
vn -0.1723 0.4588 0.8717
vn -0.1329 0.4755 0.8696
vn -0.0939 0.4921 0.8654
vn -0.0938 0.4921 0.8654
vn 0.0953 0.2072 0.9736
vn 0.2155 -0.0747 0.9737
vn 0.8510 0.1963 0.4870
vn 0.8721 0.2052 0.4443
vn 0.7309 0.4782 0.4870
vn 0.7308 0.4782 0.4870
vn 0.7519 0.4871 0.4443
vn 0.8697 -0.1614 0.4665
vn 0.9084 -0.1448 0.3921
vn 0.8911 0.2133 0.4005
vn 0.5413 0.7629 0.3534
vn 0.5058 0.7479 0.4298
vn 0.4857 0.7392 0.4665
vn -0.6282 -0.4344 0.6454
vn -0.7484 -0.1526 0.6454
vn -0.4403 -0.7199 0.5365
vn -0.4637 -0.7299 0.5022
vn -0.6831 -0.4578 0.5691
vn -0.7184 -0.1398 0.6814
vn 0.3452 -0.0194 0.9383
vn 0.3453 -0.0194 0.9383
vn 0.3026 -0.0376 0.9524
vn 0.4059 -0.3591 0.8404
vn 0.3679 -0.3753 0.8508
vn 0.3678 -0.3754 0.8508
vn -0.0161 0.5252 0.8508
vn -0.0162 0.5253 0.8508
vn 0.0595 0.5575 0.8281
vn 0.0966 0.5733 0.8136
vn 0.0966 0.5734 0.8136
vn 0.2671 0.2804 0.9220
vn 0.3874 -0.0015 0.9219
vn 0.3873 -0.0015 0.9220
vn 0.9232 0.2271 0.3100
vn 0.8031 0.5089 0.3100
vn 0.8031 0.5090 0.3099
vn 0.8160 0.5145 0.2635
vn 0.9536 -0.1255 0.2735
vn 0.5811 0.7799 0.2327
vn -0.7450 0.2146 0.6316
vn -0.6855 0.2400 0.6874
vn -0.4633 -0.3642 0.8079
vn 0.5526 -0.2965 0.7789
vn 0.5171 -0.3117 0.7971
vn 0.4284 0.0163 0.9034
vn 0.3083 0.2981 0.9034
vn 0.1332 0.5889 0.7972
vn 0.1687 0.6041 0.7788
vn 0.2034 0.6189 0.7587
vn 0.2371 0.6334 0.7366
vn 0.9666 0.2456 0.0727
vn 0.9667 0.2456 0.0726
vn 0.8464 0.5275 0.0727
vn 0.9823 -0.1132 0.1490
vn 0.9920 -0.1091 0.0642
vn 0.9939 -0.1085 0.0214
vn 0.9939 -0.1085 0.0215
vn 0.6041 0.7897 0.1066
vn 0.5983 0.7873 0.1489
vn 0.8355 0.5228 0.1689
vn 0.9557 0.2410 0.1689
vn -0.3880 -0.3320 0.8598
vn -0.2034 -0.6188 0.7588
vn -0.2034 -0.6189 0.7587
vn -0.2371 -0.6332 0.7367
vn -0.2371 -0.6333 0.7367
vn -0.6212 0.2673 0.7367
vn -0.5171 0.3116 0.7972
vn 0.6855 -0.2400 0.6874
vn 0.5836 0.0822 0.8079
vn 0.3318 0.6738 0.6603
vn 0.8464 0.5276 -0.0727
vn 0.8421 0.5255 -0.1209
vn 0.9939 -0.1085 -0.0215
vn 0.9920 -0.1090 -0.0642
vn 0.8355 0.5228 -0.1689
vn 0.8486 0.5285 -0.0243
vn -0.3454 0.0194 0.9383
vn -0.3452 0.0194 0.9383
vn -0.0219 -0.5415 0.8404
vn -0.0597 -0.5576 0.8280
vn -0.2669 -0.2804 0.9220
vn -0.3873 0.0015 0.9220
vn -0.4435 0.3429 0.8281
vn -0.4059 0.3591 0.8404
vn -0.3678 0.3754 0.8508
vn -0.3677 0.3754 0.8508
vn 0.7484 0.1525 0.6454
vn 0.6282 0.4344 0.6455
vn 0.7995 -0.1913 0.5694
vn 0.7729 -0.2026 0.6013
vn 0.4154 0.7093 0.5695
vn 0.6830 0.4579 0.5691
vn 0.3933 -0.9194 -0.0000
vn 0.3934 -0.9194 -0.0001
vn 0.3933 -0.9194 -0.0002
vn 0.3933 -0.9194 0.0001
vn 0.3934 -0.9194 0.0001
vn 0.3933 -0.9194 -0.0001
vn 0.3934 -0.9194 -0.0000
vn 0.3710 0.9260 -0.0698
vn 0.3713 0.9259 -0.0694
vn 0.4334 0.1852 -0.8819
vn 0.4334 0.1854 -0.8819
vn 0.0901 0.0385 0.9952
vn 0.0901 0.0386 0.9952
vn -0.7107 -0.3039 0.6344
vn 0.2668 0.1142 -0.9570
vn 0.2671 0.1142 -0.9569
vn 0.2671 0.1143 0.9569
vn 0.2670 0.1141 0.9569
vn -0.5833 -0.2495 0.7730
vn 0.0901 0.0385 -0.9952
vn 0.4335 0.1854 0.8819
vn -0.4335 -0.1854 0.8819
vn -0.4334 -0.1854 0.8819
vn -0.0901 -0.0385 -0.9952
vn 0.5834 0.2495 0.7729
vn -0.2669 -0.1141 0.9570
vn -0.2670 -0.1143 0.9569
vn -0.2668 -0.1142 -0.9570
vn -0.2670 -0.1142 -0.9569
vn 0.7107 0.3041 0.6344
vn 0.7106 0.3041 0.6345
vn -0.0901 -0.0385 0.9952
vn -0.4334 -0.1853 -0.8819
vn -0.4334 -0.1854 -0.8819
vn 0.8109 0.3469 0.4713
vn 0.8108 0.3469 0.4714
vn -0.5832 -0.2494 -0.7731
vn -0.5832 -0.2495 -0.7730
vn 0.8799 0.3763 0.2902
vn -0.7108 -0.3041 -0.6343
vn -0.7106 -0.3041 -0.6344
vn 0.9150 0.3914 0.0979
vn 0.9150 0.3914 0.0980
vn -0.8108 -0.3469 -0.4714
vn -0.8108 -0.3469 -0.4715
vn 0.9150 0.3914 -0.0980
vn 0.9150 0.3914 -0.0979
vn -0.8798 -0.3764 -0.2903
vn 0.8799 0.3763 -0.2902
vn 0.8797 0.3765 -0.2904
vn -0.9150 -0.3914 -0.0979
vn -0.9150 -0.3914 -0.0980
vn 0.8108 0.3469 -0.4714
vn -0.9150 -0.3915 0.0979
vn -0.9150 -0.3913 0.0983
vn 0.7108 0.3041 -0.6343
vn 0.7105 0.3044 -0.6345
vn -0.8798 -0.3764 0.2904
vn 0.5832 0.2494 -0.7731
vn -0.8108 -0.3469 0.4714
vn -0.8108 -0.3469 0.4713
vn 0.7196 -0.6003 -0.3491
vn 0.7196 -0.6004 -0.3490
vn -0.9012 0.3817 -0.2056
vn -0.9012 0.3814 -0.2056
vn 0.3463 0.9153 -0.2059
vn 0.3463 0.9153 -0.2057
vn -0.9261 0.3709 -0.0694
vn -0.9261 0.3709 -0.0696
vn 0.2975 0.8943 -0.3343
vn 0.2974 0.8943 -0.3343
vn -0.9261 0.3709 0.0694
vn -0.9261 0.3709 0.0693
vn 0.2264 0.8640 -0.4497
vn 0.2265 0.8640 -0.4497
vn -0.9011 0.3816 0.2058
vn -0.9011 0.3815 0.2060
vn 0.1359 0.8254 -0.5480
vn 0.1361 0.8253 -0.5480
vn -0.8523 0.4024 0.3342
vn -0.8521 0.4027 0.3342
vn 0.0298 0.7799 -0.6252
vn 0.0297 0.7800 -0.6250
vn -0.2135 0.6758 0.7055
vn -0.7813 0.4329 0.4497
vn -0.7813 0.4330 0.4496
vn -0.0882 0.7294 -0.6784
vn -0.0882 0.7294 0.6784
vn -0.6909 0.4715 0.5480
vn -0.2135 0.6758 -0.7055
vn -0.2134 0.6758 -0.7055
vn 0.0300 0.7798 0.6253
vn 0.0300 0.7798 0.6254
vn 0.0298 0.7799 0.6252
vn -0.5845 0.5167 0.6256
vn -0.5847 0.5170 0.6252
vn -0.3413 0.6211 -0.7056
vn -0.3414 0.6212 -0.7054
vn 0.1361 0.8254 0.5479
vn 0.1361 0.8253 0.5481
vn -0.4665 0.5677 0.6783
vn -0.4666 0.5676 0.6784
vn -0.4666 0.5675 -0.6784
vn -0.4667 0.5676 -0.6783
vn 0.2264 0.8640 0.4497
vn 0.2262 0.8641 0.4496
vn -0.3413 0.6211 0.7055
vn -0.3412 0.6212 0.7055
vn -0.5847 0.5170 -0.6251
vn -0.5846 0.5170 -0.6252
vn 0.2972 0.8944 0.3343
vn 0.2974 0.8944 0.3342
vn -0.6909 0.4715 -0.5480
vn 0.3463 0.9153 0.2058
vn 0.3463 0.9153 0.2059
vn -0.7813 0.4328 -0.4497
vn -0.7813 0.4329 -0.4497
vn 0.3711 0.9260 0.0696
vn 0.3712 0.9259 0.0695
vn -0.8524 0.4025 -0.3339
vn -0.8522 0.4025 -0.3342
vn 0.2671 0.1143 -0.9569
vn 0.2669 0.1142 -0.9569
vn -0.1560 -0.9748 0.1597
vn -0.1556 -0.9749 0.1594
vn 0.6494 -0.6304 -0.4254
vn -0.1177 -0.9586 0.2594
vn 0.5669 -0.6657 -0.4853
vn 0.5670 -0.6657 -0.4852
vn 0.3781 -0.7464 0.5476
vn 0.3780 -0.7465 0.5476
vn -0.0627 -0.9350 0.3491
vn -0.0626 -0.9350 0.3491
vn 0.4753 -0.7048 -0.5266
vn 0.4753 -0.7049 -0.5266
vn 0.4753 -0.7049 0.5266
vn 0.4752 -0.7048 0.5267
vn 0.0075 -0.9050 0.4254
vn 0.3780 -0.7465 -0.5476
vn 0.5669 -0.6657 0.4853
vn 0.5669 -0.6657 0.4852
vn 0.0899 -0.8697 0.4853
vn 0.0900 -0.8697 0.4854
vn 0.2789 -0.7888 -0.5477
vn 0.2789 -0.7889 -0.5476
vn 0.6494 -0.6304 0.4254
vn 0.6494 -0.6304 0.4253
vn 0.1816 -0.8305 0.5266
vn 0.1816 -0.8305 -0.5265
vn 0.7195 -0.6005 0.3488
vn 0.7196 -0.6003 0.3491
vn 0.2789 -0.7889 0.5476
vn 0.0899 -0.8697 -0.4853
vn 0.0900 -0.8697 -0.4853
vn 0.7746 -0.5768 0.2594
vn 0.7746 -0.5768 0.2593
vn 0.0076 -0.9049 -0.4255
vn 0.0075 -0.9050 -0.4254
vn 0.8127 -0.5604 0.1597
vn 0.8125 -0.5606 0.1597
vn -0.0626 -0.9350 -0.3491
vn 0.8318 -0.5524 0.0539
vn 0.8319 -0.5523 0.0539
vn -0.1177 -0.9586 -0.2594
vn 0.8320 -0.5521 -0.0541
vn 0.8319 -0.5523 -0.0539
vn -0.1556 -0.9748 -0.1597
vn -0.1557 -0.9748 -0.1597
vn 0.8125 -0.5607 -0.1596
vn 0.8125 -0.5606 -0.1598
vn -0.1751 -0.9831 -0.0540
vn -0.1749 -0.9831 -0.0539
vn 0.7744 -0.5771 -0.2594
vn 0.7746 -0.5768 -0.2594
vn -0.1749 -0.9831 0.0539
vn -0.1750 -0.9831 0.0539
vn -0.4672 0.5718 -0.6744
vn -0.4673 0.5718 -0.6743
vn 0.2670 0.1142 0.9569
vn 0.2670 0.1143 0.9569
vn -0.5832 -0.2495 0.7731
vn -0.5836 -0.2495 0.7728
vn 0.0900 0.0386 -0.9952
vn 0.0903 0.0386 -0.9952
vn 0.4334 0.1854 0.8820
vn 0.4333 0.1854 0.8820
vn -0.0901 -0.0386 -0.9952
vn -0.0900 -0.0386 -0.9952
vn 0.5833 0.2495 0.7730
vn -0.2669 -0.1142 0.9569
vn -0.2669 -0.1142 -0.9569
vn 0.7107 0.3040 0.6345
vn 0.7107 0.3044 0.6342
vn -0.0901 -0.0386 0.9952
vn -0.0900 -0.0386 0.9952
vn 0.8108 0.3470 0.4713
vn -0.5832 -0.2495 -0.7731
vn -0.5835 -0.2495 -0.7729
vn 0.8798 0.3764 0.2902
vn 0.8799 0.3764 0.2902
vn -0.7108 -0.3041 -0.6342
vn 0.9150 0.3914 0.0981
vn 0.9150 0.3915 0.0980
vn -0.8109 -0.3468 -0.4714
vn 0.9150 0.3914 -0.0981
vn -0.8798 -0.3763 -0.2904
vn 0.8799 0.3764 -0.2902
vn 0.8798 0.3764 -0.2902
vn -0.9150 -0.3912 -0.0984
vn 0.8108 0.3468 -0.4715
vn -0.9150 -0.3914 0.0979
vn -0.9150 -0.3915 0.0981
vn 0.7107 0.3041 -0.6344
vn -0.8799 -0.3764 0.2902
vn -0.8798 -0.3764 0.2903
vn 0.5832 0.2495 -0.7730
vn 0.5830 0.2494 -0.7733
vn -0.8108 -0.3469 0.4715
vn -0.8109 -0.3469 0.4713
vn 0.0903 0.0386 0.9952
vn 0.0900 0.0386 0.9952
vn -0.7108 -0.3041 0.6342
vn -0.2939 -0.8223 -0.4872
vn -0.2939 -0.8224 -0.4871
vn 0.2218 0.8667 0.4469
vn 0.2216 0.8667 0.4470
vn -0.3426 0.6252 0.7012
vn -0.3426 0.6252 0.7013
vn -0.5844 0.5217 -0.6215
vn -0.5845 0.5217 -0.6214
vn 0.2923 0.8969 0.3320
vn 0.2922 0.8969 0.3320
vn -0.6899 0.4766 -0.5449
vn -0.6901 0.4765 -0.5447
vn 0.3412 0.9174 0.2046
vn 0.3409 0.9176 0.2046
vn -0.7799 0.4380 -0.4471
vn -0.7800 0.4380 -0.4469
vn 0.3655 0.9282 0.0690
vn 0.3657 0.9281 0.0692
vn -0.8505 0.4078 -0.3322
vn -0.8504 0.4079 -0.3322
vn 0.3657 0.9282 -0.0691
vn 0.3656 0.9282 -0.0691
vn -0.8991 0.3871 -0.2046
vn 0.3410 0.9175 -0.2047
vn 0.3409 0.9176 -0.2045
vn -0.9238 0.3765 -0.0690
vn -0.9238 0.3766 -0.0691
vn 0.2921 0.8969 -0.3321
vn 0.2922 0.8968 -0.3321
vn -0.9238 0.3765 0.0691
vn -0.9238 0.3766 0.0691
vn 0.2217 0.8666 -0.4470
vn -0.8991 0.3871 0.2046
vn -0.8991 0.3870 0.2047
vn 0.1318 0.8282 -0.5447
vn 0.1319 0.8282 -0.5447
vn -0.8504 0.4079 0.3322
vn 0.0262 0.7830 -0.6215
vn -0.2156 0.6795 0.7013
vn -0.2156 0.6794 0.7014
vn -0.7799 0.4381 0.4470
vn -0.7799 0.4382 0.4470
vn -0.0911 0.7328 -0.6743
vn -0.0910 0.7328 -0.6743
vn -0.0910 0.7328 0.6743
vn -0.0910 0.7328 0.6744
vn -0.6901 0.4765 0.5448
vn -0.6901 0.4764 0.5448
vn -0.2156 0.6795 -0.7013
vn 0.0264 0.7830 0.6215
vn 0.0263 0.7830 0.6215
vn -0.5845 0.5217 0.6214
vn -0.5845 0.5217 0.6215
vn -0.3426 0.6250 -0.7015
vn -0.3427 0.6252 -0.7012
vn 0.1319 0.8282 0.5447
vn -0.4671 0.5719 0.6743
vn -0.4672 0.5719 0.6743
vn -0.9150 -0.3915 -0.0979
vn 0.9546 -0.2881 0.0753
vn 0.9546 -0.2881 0.0754
vn -0.3705 -0.8555 -0.3619
vn -0.3707 -0.8554 -0.3618
vn 0.9546 -0.2882 -0.0754
vn 0.9546 -0.2881 -0.0752
vn -0.4239 -0.8779 -0.2229
vn -0.4237 -0.8779 -0.2230
vn 0.9276 -0.2997 -0.2229
vn 0.9276 -0.2999 -0.2227
vn -0.4509 -0.8894 -0.0753
vn -0.4508 -0.8894 -0.0753
vn 0.8746 -0.3224 -0.3620
vn 0.8748 -0.3220 -0.3618
vn -0.4506 -0.8895 0.0753
vn -0.4509 -0.8894 0.0754
vn 0.7977 -0.3553 -0.4872
vn -0.4237 -0.8779 0.2229
vn -0.4238 -0.8779 0.2230
vn 0.6999 -0.3971 -0.5937
vn -0.3708 -0.8553 0.3620
vn -0.3710 -0.8552 0.3619
vn 0.5848 -0.4464 -0.6773
vn 0.3211 -0.5592 0.7643
vn 0.3212 -0.5594 0.7642
vn -0.2939 -0.8223 0.4872
vn -0.2940 -0.8223 0.4872
vn 0.4569 -0.5011 -0.7350
vn 0.4568 -0.5009 -0.7352
vn 0.4568 -0.5011 0.7350
vn 0.4569 -0.5011 0.7350
vn -0.1961 -0.7804 0.5937
vn -0.1961 -0.7805 0.5937
vn 0.3212 -0.5594 -0.7642
vn 0.5848 -0.4464 0.6773
vn 0.5849 -0.4464 0.6772
vn -0.0809 -0.7313 0.6772
vn -0.0810 -0.7312 0.6774
vn 0.1827 -0.6184 -0.7643
vn 0.1827 -0.6184 -0.7644
vn 0.7000 -0.3968 0.5938
vn 0.6997 -0.3974 0.5938
vn 0.0469 -0.6764 0.7350
vn 0.0469 -0.6766 0.7349
vn 0.0469 -0.6765 -0.7350
vn 0.0472 -0.6765 -0.7349
vn 0.7977 -0.3552 0.4874
vn 0.7978 -0.3551 0.4873
vn 0.1827 -0.6184 0.7643
vn -0.0810 -0.7313 -0.6773
vn -0.0810 -0.7312 -0.6773
vn 0.8746 -0.3224 0.3621
vn -0.1962 -0.7804 -0.5937
vn -0.1961 -0.7804 -0.5937
vn 0.9277 -0.2997 0.2227
vn 0.9276 -0.2999 0.2227
vn -0.8745 0.3110 0.3723
vn 0.8107 0.3470 -0.4716
vn 0.8109 0.3469 -0.4714
vn -0.9150 -0.3914 0.0980
vn 0.7106 0.3040 -0.6345
vn -0.8798 -0.3763 0.2905
vn -0.8798 -0.3765 0.2902
vn 0.5834 0.2495 -0.7729
vn 0.5833 0.2495 -0.7730
vn -0.8107 -0.3470 0.4716
vn -0.8107 -0.3469 0.4715
vn 0.4335 0.1855 -0.8818
vn -0.7107 -0.3041 0.6344
vn 0.2671 0.1145 -0.9569
vn 0.2669 0.1142 0.9569
vn -0.5834 -0.2495 0.7729
vn -0.5830 -0.2494 0.7732
vn 0.0901 0.0386 -0.9952
vn 0.4334 0.1854 0.8819
vn 0.4332 0.1853 0.8821
vn -0.4332 -0.1853 0.8821
vn -0.0902 -0.0386 -0.9952
vn 0.5830 0.2494 0.7732
vn -0.2671 -0.1143 0.9569
vn -0.2672 -0.1144 -0.9568
vn -0.2672 -0.1145 -0.9568
vn 0.7108 0.3041 0.6343
vn -0.4332 -0.1853 -0.8821
vn 0.8108 0.3469 0.4715
vn 0.8108 0.3468 0.4714
vn -0.5833 -0.2495 -0.7730
vn -0.5834 -0.2495 -0.7729
vn 0.8798 0.3763 0.2905
vn -0.7106 -0.3040 -0.6345
vn -0.8109 -0.3469 -0.4713
vn -0.8107 -0.3469 -0.4715
vn 0.8797 0.3766 -0.2904
vn 0.8798 0.3764 -0.2903
vn -0.2983 -0.9367 -0.1832
vn -0.2983 -0.9368 -0.1828
vn -0.0225 0.8395 -0.5429
vn -0.2115 0.7087 0.6731
vn -0.7921 0.3575 0.4948
vn -0.1085 0.7781 -0.6187
vn -0.1085 0.7781 0.6187
vn -0.6898 0.4161 0.5925
vn -0.2115 0.7087 -0.6731
vn -0.0225 0.8395 0.5429
vn -0.5737 0.4840 0.6608
vn -0.3274 0.6340 -0.7006
vn -0.3274 0.6340 -0.7005
vn 0.0445 0.8906 0.4525
vn -0.4505 0.5579 0.6970
vn -0.4505 0.5579 -0.6970
vn 0.0930 0.9306 0.3539
vn -0.3274 0.6340 0.7006
vn -0.5737 0.4840 -0.6608
vn 0.1251 0.9596 0.2522
vn -0.6898 0.4161 -0.5925
vn 0.1440 0.9781 0.1505
vn -0.7921 0.3575 -0.4948
vn 0.1526 0.9870 0.0500
vn -0.8744 0.3110 -0.3723
vn -0.8745 0.3110 -0.3723
vn 0.1526 0.9870 -0.0500
vn -0.9321 0.2788 -0.2312
vn 0.1440 0.9781 -0.1505
vn -0.9618 0.2623 -0.0784
vn -0.9618 0.2624 -0.0783
vn 0.1251 0.9596 -0.2522
vn -0.9618 0.2622 0.0783
vn -0.9618 0.2623 0.0784
vn 0.0930 0.9306 -0.3539
vn -0.9321 0.2788 0.2312
vn 0.0445 0.8906 -0.4525
vn 0.0445 0.8907 -0.4525
vn -0.8986 -0.3290 0.2903
vn 0.8331 -0.5220 -0.1828
vn -0.3211 -0.9451 -0.0617
vn -0.3210 -0.9451 -0.0617
vn 0.7888 -0.5382 -0.2968
vn 0.7888 -0.5383 -0.2968
vn -0.3210 -0.9451 0.0617
vn 0.7244 -0.5617 -0.3996
vn 0.7244 -0.5618 -0.3995
vn -0.2982 -0.9368 0.1827
vn -0.2983 -0.9367 0.1832
vn 0.6424 -0.5919 -0.4868
vn 0.6425 -0.5919 -0.4868
vn -0.2541 -0.9205 0.2968
vn -0.2541 -0.9205 0.2967
vn 0.5461 -0.6272 -0.5553
vn 0.3255 -0.7082 0.6265
vn 0.3253 -0.7081 0.6267
vn -0.1897 -0.8969 0.3995
vn -0.1897 -0.8968 0.3996
vn 0.4389 -0.6664 -0.6027
vn 0.4390 -0.6664 -0.6026
vn 0.4389 -0.6668 0.6023
vn 0.4390 -0.6666 0.6024
vn -0.1076 -0.8669 0.4868
vn 0.3254 -0.7081 -0.6267
vn 0.3253 -0.7080 -0.6268
vn 0.5462 -0.6271 0.5554
vn 0.5461 -0.6272 0.5553
vn -0.0114 -0.8313 0.5557
vn -0.0113 -0.8316 0.5553
vn 0.2095 -0.7506 -0.6267
vn 0.2093 -0.7505 -0.6268
vn 0.6425 -0.5919 0.4868
vn 0.6424 -0.5919 0.4867
vn 0.0957 -0.7923 0.6026
vn 0.0958 -0.7923 0.6026
vn 0.0958 -0.7923 -0.6026
vn 0.7245 -0.5617 0.3995
vn 0.7244 -0.5618 0.3995
vn 0.2095 -0.7508 0.6264
vn 0.2096 -0.7505 0.6267
vn -0.0113 -0.8316 -0.5553
vn -0.0110 -0.8317 -0.5551
vn 0.7888 -0.5383 0.2967
vn 0.7888 -0.5382 0.2968
vn -0.1077 -0.8669 -0.4868
vn 0.8332 -0.5218 0.1828
vn 0.8333 -0.5218 0.1827
vn -0.1895 -0.8967 -0.4000
vn -0.1898 -0.8968 -0.3996
vn 0.8558 -0.5137 0.0618
vn 0.8557 -0.5138 0.0618
vn -0.2541 -0.9206 -0.2966
vn -0.2541 -0.9205 -0.2967
vn 0.8558 -0.5137 -0.0617
vn 0.8557 -0.5138 -0.0618
vn -0.6722 0.4089 0.6172
vn 0.5957 0.2184 -0.7730
vn 0.5956 0.2184 -0.7730
vn -0.8281 -0.3034 0.4714
vn -0.8280 -0.3037 0.4713
vn 0.4422 0.1623 -0.8821
vn 0.4428 0.1621 -0.8818
vn 0.0920 0.0337 0.9952
vn 0.0919 0.0337 0.9952
vn -0.7257 -0.2661 0.6344
vn -0.7258 -0.2661 0.6344
vn 0.2724 0.0999 -0.9570
vn 0.2726 0.0999 -0.9569
vn 0.2726 0.0999 0.9569
vn -0.5956 -0.2184 0.7730
vn -0.5957 -0.2184 0.7730
vn 0.0922 0.0338 -0.9952
vn 0.4427 0.1624 0.8818
vn 0.4423 0.1620 0.8821
vn -0.4428 -0.1621 0.8818
vn -0.4424 -0.1622 0.8820
vn -0.0920 -0.0337 -0.9952
vn -0.0922 -0.0338 -0.9952
vn 0.5955 0.2181 0.7731
vn -0.2726 -0.0999 0.9569
vn -0.2729 -0.0999 0.9568
vn -0.2725 -0.0999 -0.9569
vn -0.2724 -0.0998 -0.9570
vn 0.7259 0.2660 0.6343
vn -0.0920 -0.0337 0.9952
vn -0.0921 -0.0337 0.9952
vn -0.4428 -0.1621 -0.8818
vn -0.4424 -0.1622 -0.8820
vn 0.8280 0.3036 0.4714
vn -0.5956 -0.2184 -0.7730
vn -0.5957 -0.2184 -0.7729
vn 0.8985 0.3293 0.2902
vn 0.8987 0.3291 0.2899
vn -0.7258 -0.2661 -0.6344
vn -0.7258 -0.2661 -0.6343
vn 0.9344 0.3425 0.0980
vn -0.8280 -0.3036 -0.4714
vn 0.9344 0.3425 -0.0981
vn 0.9344 0.3426 -0.0980
vn -0.8986 -0.3290 -0.2903
vn -0.8985 -0.3294 -0.2903
vn 0.8985 0.3293 -0.2902
vn 0.8987 0.3291 -0.2899
vn -0.9344 -0.3426 -0.0978
vn -0.9344 -0.3425 -0.0981
vn 0.8280 0.3037 -0.4714
vn 0.8280 0.3036 -0.4714
vn -0.9344 -0.3426 0.0979
vn -0.9344 -0.3425 0.0981
vn 0.7257 0.2660 -0.6345
vn 0.1505 -0.7276 0.6693
vn 0.1504 -0.7276 0.6693
vn -0.1561 0.6844 -0.7122
vn 0.0545 0.8123 0.5807
vn -0.5482 0.4720 0.6904
vn -0.2828 0.6131 -0.7377
vn 0.1312 0.8636 0.4867
vn -0.4159 0.5411 0.7309
vn -0.4159 0.5411 -0.7309
vn 0.1880 0.9046 0.3827
vn -0.2828 0.6131 0.7377
vn -0.5482 0.4720 -0.6904
vn 0.2266 0.9347 0.2739
vn -0.6722 0.4089 -0.6172
vn -0.6721 0.4089 -0.6173
vn 0.2499 0.9543 0.1640
vn -0.7807 0.3549 -0.5143
vn 0.2606 0.9639 0.0546
vn -0.8679 0.3122 -0.3864
vn 0.2606 0.9639 -0.0546
vn -0.9288 0.2828 -0.2396
vn 0.2499 0.9543 -0.1640
vn -0.9601 0.2677 -0.0812
vn 0.2266 0.9347 -0.2739
vn -0.9601 0.2677 0.0812
vn -0.9601 0.2676 0.0812
vn 0.1880 0.9045 -0.3827
vn 0.1880 0.9046 -0.3827
vn -0.9288 0.2828 0.2396
vn 0.1313 0.8636 -0.4867
vn -0.8679 0.3122 0.3864
vn 0.0545 0.8123 -0.5807
vn -0.1561 0.6844 0.7122
vn -0.7807 0.3549 0.5143
vn -0.0421 0.7518 -0.6580
vn -0.0421 0.7518 0.6580
vn -0.8443 -0.2545 -0.4716
vn -0.8444 -0.2545 -0.4714
vn -0.0900 -0.8001 -0.5931
vn 0.7814 -0.5375 0.3170
vn 0.7814 -0.5376 0.3170
vn -0.1945 -0.8318 -0.5199
vn -0.1949 -0.8317 -0.5199
vn 0.8298 -0.5229 0.1951
vn 0.8297 -0.5229 0.1952
vn -0.2842 -0.8586 -0.4266
vn -0.2842 -0.8587 -0.4266
vn 0.8544 -0.5154 0.0662
vn 0.8544 -0.5154 0.0661
vn -0.3544 -0.8797 -0.3170
vn -0.3543 -0.8798 -0.3170
vn 0.8544 -0.5154 -0.0660
vn 0.8544 -0.5155 -0.0659
vn -0.4026 -0.8943 -0.1952
vn 0.8297 -0.5230 -0.1952
vn 0.8297 -0.5229 -0.1953
vn -0.4271 -0.9018 -0.0660
vn -0.4272 -0.9018 -0.0658
vn 0.7813 -0.5376 -0.3171
vn 0.7814 -0.5374 -0.3170
vn -0.4269 -0.9019 0.0659
vn -0.4272 -0.9017 0.0661
vn 0.7113 -0.5587 -0.4266
vn 0.7113 -0.5586 -0.4266
vn -0.4025 -0.8944 0.1952
vn -0.4025 -0.8943 0.1952
vn 0.6223 -0.5852 -0.5199
vn 0.6221 -0.5855 -0.5198
vn -0.3542 -0.8798 0.3170
vn -0.3544 -0.8797 0.3170
vn 0.5171 -0.6171 -0.5931
vn 0.5170 -0.6171 -0.5932
vn 0.2766 -0.6896 0.6693
vn 0.2766 -0.6896 0.6692
vn -0.2843 -0.8586 0.4266
vn -0.2842 -0.8586 0.4266
vn 0.4005 -0.6523 -0.6435
vn 0.4005 -0.6523 -0.6436
vn 0.4005 -0.6523 0.6435
vn 0.4006 -0.6522 0.6435
vn -0.1947 -0.8316 0.5201
vn -0.1949 -0.8317 0.5199
vn 0.2768 -0.6897 -0.6691
vn 0.2766 -0.6895 -0.6693
vn 0.5171 -0.6172 0.5931
vn 0.5172 -0.6170 0.5931
vn -0.0902 -0.8002 0.5929
vn -0.0900 -0.8001 0.5930
vn 0.1505 -0.7275 -0.6694
vn 0.1504 -0.7276 -0.6693
vn 0.6222 -0.5853 0.5198
vn 0.6222 -0.5854 0.5199
vn 0.0267 -0.7649 0.6436
vn 0.0271 -0.7651 0.6433
vn 0.0271 -0.7651 -0.6434
vn 0.0267 -0.7649 -0.6436
vn 0.7113 -0.5586 0.4267
vn 0.7114 -0.5586 0.4265
vn -0.9107 0.4059 0.0766
vn 0.9528 0.2872 -0.0981
vn 0.9529 0.2871 -0.0981
vn -0.9163 -0.2761 -0.2902
vn -0.9162 -0.2761 -0.2903
vn 0.9162 0.2761 -0.2903
vn 0.9162 0.2761 -0.2904
vn -0.9529 -0.2873 -0.0975
vn -0.9528 -0.2872 -0.0981
vn 0.8443 0.2545 -0.4715
vn 0.8443 0.2546 -0.4716
vn -0.9528 -0.2873 0.0977
vn 0.7401 0.2231 -0.6344
vn 0.7401 0.2231 -0.6345
vn -0.9163 -0.2761 0.2902
vn -0.9162 -0.2761 0.2904
vn 0.6075 0.1832 -0.7729
vn -0.8444 -0.2545 0.4714
vn -0.8444 -0.2545 0.4715
vn 0.4514 0.1361 -0.8819
vn 0.0939 0.0283 0.9952
vn -0.7401 -0.2231 0.6344
vn 0.2778 0.0838 -0.9570
vn 0.2780 0.0838 -0.9569
vn 0.2782 0.0839 0.9569
vn -0.6075 -0.1832 0.7729
vn -0.6073 -0.1830 0.7731
vn 0.0937 0.0283 -0.9952
vn 0.4515 0.1361 0.8818
vn -0.4514 -0.1360 0.8819
vn -0.0937 -0.0283 -0.9952
vn -0.0938 -0.0283 -0.9952
vn 0.6075 0.1832 0.7729
vn -0.2778 -0.0838 0.9570
vn -0.2780 -0.0838 0.9569
vn -0.2779 -0.0838 -0.9569
vn -0.2778 -0.0838 -0.9570
vn 0.7399 0.2233 0.6346
vn 0.7401 0.2231 0.6345
vn -0.0939 -0.0283 0.9952
vn -0.0937 -0.0283 0.9952
vn -0.4514 -0.1361 -0.8819
vn 0.8443 0.2545 0.4716
vn 0.8444 0.2545 0.4714
vn -0.6076 -0.1827 -0.7729
vn -0.6072 -0.1831 -0.7732
vn 0.9162 0.2761 0.2904
vn 0.9162 0.2761 0.2903
vn -0.7401 -0.2230 -0.6344
vn -0.7401 -0.2232 -0.6344
vn 0.9528 0.2872 0.0980
vn 0.2084 -0.6081 0.7660
vn 0.2083 -0.6081 0.7660
vn 0.0542 0.9682 -0.2441
vn -0.8790 0.4202 0.2255
vn 0.0372 0.9417 -0.3343
vn -0.8175 0.4482 0.3617
vn -0.0003 0.9040 -0.4275
vn -0.1490 0.7969 0.5854
vn -0.7300 0.4889 0.4776
vn -0.0625 0.8552 -0.5145
vn -0.0625 0.8552 0.5146
vn -0.6223 0.5404 0.5663
vn -0.1490 0.7969 -0.5854
vn -0.0003 0.9040 0.4275
vn -0.5016 0.6003 0.6229
vn -0.2561 0.7324 -0.6309
vn 0.0372 0.9417 0.3343
vn -0.3765 0.6655 0.6444
vn -0.3765 0.6655 -0.6444
vn 0.0542 0.9682 0.2441
vn -0.2561 0.7324 0.6309
vn -0.5016 0.6003 -0.6229
vn 0.0571 0.9850 0.1627
vn -0.6223 0.5404 -0.5663
vn 0.0535 0.9943 0.0920
vn -0.7300 0.4889 -0.4776
vn 0.0499 0.9983 0.0296
vn -0.8175 0.4482 -0.3617
vn 0.0499 0.9983 -0.0296
vn -0.8790 0.4202 -0.2255
vn 0.0535 0.9943 -0.0920
vn -0.9107 0.4059 -0.0766
vn 0.0571 0.9850 -0.1627
vn 0.6201 0.1337 0.7731
vn -0.4471 -0.7494 0.4883
vn -0.4471 -0.7494 0.4884
vn 0.3529 -0.5770 -0.7366
vn 0.3531 -0.5770 -0.7364
vn 0.3530 -0.5770 0.7366
vn 0.3529 -0.5770 0.7366
vn -0.3428 -0.7270 0.5950
vn -0.3430 -0.7270 0.5949
vn 0.2081 -0.6082 -0.7660
vn 0.2083 -0.6081 -0.7660
vn 0.4889 -0.5480 0.6788
vn 0.4891 -0.5478 0.6788
vn -0.2201 -0.7005 0.6788
vn 0.0608 -0.6399 -0.7660
vn 0.0606 -0.6398 -0.7661
vn 0.6119 -0.5211 0.5950
vn -0.0835 -0.6711 0.7367
vn -0.0839 -0.6713 0.7364
vn -0.0838 -0.6712 -0.7366
vn -0.0842 -0.6712 -0.7365
vn 0.7161 -0.4986 0.4884
vn 0.7162 -0.4986 0.4883
vn 0.0608 -0.6399 0.7660
vn -0.2202 -0.7005 -0.6789
vn -0.2201 -0.7005 -0.6788
vn 0.7982 -0.4810 0.3628
vn 0.7981 -0.4810 0.3628
vn -0.3425 -0.7268 -0.5954
vn -0.3428 -0.7270 -0.5949
vn 0.8545 -0.4689 0.2234
vn 0.8546 -0.4688 0.2233
vn -0.4472 -0.7494 -0.4883
vn -0.4470 -0.7495 -0.4883
vn 0.8833 -0.4627 0.0754
vn 0.8833 -0.4626 0.0754
vn -0.5291 -0.7671 -0.3628
vn -0.5290 -0.7672 -0.3628
vn 0.8833 -0.4627 -0.0753
vn 0.8834 -0.4625 -0.0756
vn -0.5855 -0.7793 -0.2235
vn -0.5855 -0.7793 -0.2234
vn 0.8545 -0.4689 -0.2235
vn 0.8546 -0.4688 -0.2234
vn -0.6142 -0.7855 -0.0756
vn -0.6145 -0.7853 -0.0754
vn 0.7981 -0.4810 -0.3629
vn 0.7981 -0.4811 -0.3628
vn -0.6143 -0.7855 0.0753
vn -0.6140 -0.7857 0.0755
vn 0.7162 -0.4986 -0.4882
vn 0.7162 -0.4986 -0.4883
vn -0.5855 -0.7793 0.2234
vn -0.5855 -0.7793 0.2235
vn 0.6119 -0.5213 -0.5948
vn 0.6119 -0.5211 -0.5950
vn -0.5290 -0.7671 0.3628
vn 0.4888 -0.5480 -0.6788
vn 0.4889 -0.5480 -0.6788
vn 0.0211 0.9977 0.0645
vn -0.2838 -0.0612 0.9569
vn -0.2838 -0.0612 -0.9569
vn 0.7556 0.1629 0.6345
vn 0.7554 0.1631 0.6346
vn -0.0958 -0.0207 0.9952
vn -0.4609 -0.0996 -0.8818
vn -0.4608 -0.0993 -0.8819
vn 0.8621 0.1857 0.4715
vn 0.8621 0.1859 0.4714
vn -0.6201 -0.1337 -0.7730
vn -0.6199 -0.1339 -0.7732
vn 0.9355 0.2016 0.2903
vn 0.9355 0.2016 0.2902
vn -0.7556 -0.1628 -0.6345
vn -0.7557 -0.1630 -0.6343
vn 0.9728 0.2097 0.0981
vn 0.9728 0.2098 0.0979
vn -0.8621 -0.1863 -0.4712
vn -0.8621 -0.1860 -0.4714
vn 0.9728 0.2096 -0.0982
vn 0.9728 0.2098 -0.0978
vn -0.9355 -0.2016 -0.2903
vn -0.9355 -0.2016 -0.2902
vn 0.9354 0.2019 -0.2903
vn 0.9354 0.2017 -0.2903
vn -0.9728 -0.2097 -0.0979
vn -0.9728 -0.2097 -0.0981
vn 0.8621 0.1859 -0.4714
vn 0.8621 0.1859 -0.4715
vn -0.9728 -0.2098 0.0979
vn -0.9728 -0.2097 0.0981
vn 0.7557 0.1630 -0.6344
vn 0.7557 0.1630 -0.6343
vn -0.9355 -0.2016 0.2903
vn -0.9353 -0.2019 0.2906
vn 0.6201 0.1337 -0.7731
vn -0.8622 -0.1860 0.4713
vn -0.8621 -0.1859 0.4714
vn 0.4610 0.0992 -0.8818
vn 0.4604 0.0994 -0.8821
vn 0.0958 0.0207 0.9952
vn 0.0957 0.0207 0.9952
vn -0.7556 -0.1629 0.6345
vn -0.7555 -0.1632 0.6344
vn 0.2838 0.0612 -0.9569
vn 0.2837 0.0612 -0.9570
vn 0.2838 0.0612 0.9569
vn 0.2837 0.0611 0.9570
vn -0.6201 -0.1337 0.7730
vn -0.6201 -0.1336 0.7731
vn 0.0958 0.0206 -0.9952
vn 0.0960 0.0207 -0.9952
vn 0.4610 0.0992 0.8818
vn 0.4604 0.0994 0.8821
vn -0.4609 -0.0996 0.8818
vn -0.0956 -0.0206 -0.9952
vn -0.0958 -0.0206 -0.9952
vn 0.6677 -0.7266 -0.1618
vn 0.6677 -0.7266 -0.1617
vn -0.5675 0.7507 -0.3383
vn 0.0211 0.9996 0.0210
vn -0.6358 0.7273 -0.2585
vn 0.0211 0.9996 -0.0210
vn -0.6844 0.7108 -0.1622
vn 0.0211 0.9977 -0.0645
vn -0.7097 0.7023 -0.0553
vn 0.0191 0.9935 -0.1123
vn -0.7097 0.7023 0.0553
vn 0.0120 0.9861 -0.1655
vn -0.6844 0.7108 0.1622
vn -0.0042 0.9747 -0.2236
vn -0.6358 0.7273 0.2585
vn -0.0335 0.9583 -0.2838
vn -0.1394 0.9100 0.3904
vn -0.5675 0.7507 0.3383
vn -0.0783 0.9367 -0.3413
vn -0.0783 0.9367 0.3413
vn -0.4847 0.7796 0.3966
vn -0.1394 0.9100 -0.3904
vn -0.0335 0.9583 0.2838
vn -0.3940 0.8120 0.4306
vn -0.2152 0.8793 -0.4249
vn -0.0042 0.9747 0.2236
vn -0.3019 0.8460 0.4395
vn -0.3019 0.8460 -0.4395
vn 0.0120 0.9861 0.1655
vn -0.2152 0.8793 0.4249
vn -0.3940 0.8120 -0.4306
vn 0.0191 0.9935 0.1123
vn -0.4847 0.7796 -0.3966
vn 0.6251 0.1084 -0.7730
vn 0.6252 0.1083 -0.7729
vn -0.4051 -0.9126 -0.0547
vn 0.6264 -0.7338 -0.2629
vn 0.6265 -0.7338 -0.2629
vn -0.4051 -0.9126 0.0547
vn -0.4052 -0.9126 0.0547
vn 0.5666 -0.7442 -0.3539
vn 0.5666 -0.7442 -0.3537
vn -0.3841 -0.9090 0.1619
vn 0.4904 -0.7574 -0.4310
vn 0.4904 -0.7574 -0.4311
vn -0.3430 -0.9018 0.2628
vn -0.3429 -0.9019 0.2627
vn 0.4009 -0.7729 -0.4919
vn 0.1957 -0.8085 0.5550
vn -0.2832 -0.8913 0.3541
vn -0.2831 -0.8914 0.3539
vn 0.3012 -0.7903 -0.5335
vn 0.3013 -0.7903 -0.5336
vn 0.3013 -0.7901 0.5338
vn 0.3014 -0.7901 0.5338
vn -0.2069 -0.8782 0.4313
vn -0.2068 -0.8782 0.4313
vn 0.1957 -0.8085 -0.5550
vn 0.1959 -0.8086 -0.5548
vn 0.4009 -0.7729 0.4919
vn 0.4008 -0.7729 0.4919
vn -0.1172 -0.8628 0.4918
vn -0.1171 -0.8627 0.4920
vn 0.0880 -0.8272 -0.5549
vn 0.0880 -0.8272 -0.5550
vn 0.4904 -0.7575 0.4309
vn 0.4905 -0.7574 0.4311
vn -0.0173 -0.8455 0.5336
vn -0.0176 -0.8456 0.5335
vn -0.0177 -0.8455 -0.5336
vn -0.0176 -0.8456 -0.5336
vn 0.5666 -0.7442 0.3538
vn 0.0880 -0.8273 0.5548
vn 0.0880 -0.8272 0.5550
vn -0.1176 -0.8627 -0.4919
vn -0.1172 -0.8627 -0.4919
vn 0.6265 -0.7337 0.2629
vn 0.6264 -0.7338 0.2629
vn -0.2068 -0.8783 -0.4311
vn -0.2069 -0.8782 -0.4312
vn 0.6677 -0.7266 0.1617
vn 0.6677 -0.7266 0.1619
vn -0.2829 -0.8914 -0.3540
vn -0.2831 -0.8915 -0.3538
vn 0.6885 -0.7231 0.0550
vn 0.6884 -0.7232 0.0549
vn -0.3429 -0.9019 -0.2628
vn -0.3427 -0.9019 -0.2629
vn 0.6886 -0.7231 -0.0550
vn 0.6885 -0.7232 -0.0548
vn -0.3840 -0.9090 -0.1622
vn -0.3839 -0.9090 -0.1621
vn -0.0146 0.7110 -0.7030
vn -0.8689 -0.1510 0.4715
vn -0.8690 -0.1507 0.4714
vn 0.4644 0.0806 -0.8819
vn 0.0966 0.0167 0.9952
vn -0.7617 -0.1322 0.6343
vn 0.2856 0.0496 -0.9571
vn 0.2860 0.0496 -0.9570
vn 0.2856 0.0496 0.9571
vn 0.2859 0.0496 0.9570
vn -0.6252 -0.1084 0.7729
vn -0.6250 -0.1084 0.7730
vn 0.0964 0.0167 -0.9952
vn 0.4644 0.0806 0.8819
vn 0.4648 0.0803 0.8818
vn -0.4648 -0.0804 0.8818
vn -0.4646 -0.0805 0.8819
vn -0.0967 -0.0167 -0.9952
vn -0.0966 -0.0167 -0.9952
vn 0.6250 0.1084 0.7730
vn 0.6251 0.1084 0.7730
vn -0.2860 -0.0496 0.9570
vn -0.2856 -0.0496 0.9571
vn -0.2859 -0.0496 -0.9570
vn -0.2856 -0.0496 -0.9571
vn 0.7616 0.1321 0.6344
vn -0.0966 -0.0167 0.9952
vn -0.4648 -0.0804 -0.8818
vn -0.4641 -0.0806 -0.8821
vn 0.8689 0.1510 0.4715
vn 0.8690 0.1507 0.4714
vn -0.6250 -0.1084 -0.7730
vn 0.9429 0.1635 0.2903
vn 0.9429 0.1638 0.2899
vn -0.7614 -0.1323 -0.6346
vn 0.9806 0.1700 0.0980
vn 0.9806 0.1700 0.0979
vn -0.8690 -0.1507 -0.4714
vn -0.8689 -0.1510 -0.4715
vn 0.9806 0.1700 -0.0980
vn -0.9429 -0.1635 -0.2903
vn -0.9428 -0.1636 -0.2904
vn 0.9429 0.1635 -0.2903
vn 0.9428 0.1635 -0.2903
vn -0.9806 -0.1700 -0.0980
vn 0.8690 0.1505 -0.4713
vn 0.8690 0.1507 -0.4714
vn -0.9806 -0.1699 0.0981
vn -0.9806 -0.1700 0.0980
vn 0.7617 0.1319 -0.6344
vn 0.7616 0.1323 -0.6344
vn -0.9429 -0.1635 0.2903
vn -0.1871 -0.8769 -0.4427
vn 0.1644 0.8543 0.4931
vn -0.4563 0.4998 0.7362
vn -0.1507 0.6353 -0.7574
vn 0.1948 0.9100 0.3659
vn -0.3022 0.5638 0.7687
vn -0.3022 0.5638 -0.7687
vn 0.1909 0.9500 0.2471
vn -0.1507 0.6353 0.7574
vn -0.4563 0.4998 -0.7362
vn 0.1663 0.9747 0.1495
vn -0.6018 0.4452 -0.6631
vn 0.1377 0.9875 0.0767
vn -0.7292 0.4010 -0.5545
vn 0.1194 0.9926 0.0232
vn -0.8311 0.3677 -0.4173
vn 0.1194 0.9926 -0.0232
vn -0.9020 0.3454 -0.2589
vn 0.1377 0.9875 -0.0767
vn -0.9384 0.3342 -0.0877
vn -0.9384 0.3343 -0.0877
vn 0.1663 0.9747 -0.1495
vn -0.9384 0.3342 0.0877
vn 0.1909 0.9500 -0.2471
vn -0.9020 0.3454 0.2589
vn 0.1948 0.9100 -0.3659
vn -0.8311 0.3677 0.4173
vn 0.1644 0.8543 -0.4931
vn -0.0146 0.7110 0.7030
vn -0.7292 0.4010 0.5545
vn 0.0936 0.7861 -0.6110
vn 0.0936 0.7861 0.6110
vn -0.6018 0.4452 0.6631
vn -0.8804 -0.0501 -0.4715
vn 0.4910 -0.8383 0.2370
vn 0.4912 -0.8383 0.2366
vn -0.2689 -0.8816 -0.3880
vn -0.2688 -0.8816 -0.3880
vn 0.5288 -0.8362 0.1457
vn 0.5288 -0.8362 0.1456
vn -0.3382 -0.8856 -0.3184
vn -0.3381 -0.8856 -0.3185
vn 0.5479 -0.8351 0.0492
vn 0.5479 -0.8351 0.0491
vn -0.3928 -0.8887 -0.2366
vn 0.5479 -0.8351 -0.0492
vn 0.5480 -0.8350 -0.0493
vn -0.4304 -0.8908 -0.1457
vn -0.4303 -0.8908 -0.1457
vn 0.5285 -0.8363 -0.1456
vn 0.5287 -0.8362 -0.1458
vn -0.4495 -0.8919 -0.0492
vn -0.4500 -0.8916 -0.0492
vn 0.4912 -0.8383 -0.2366
vn 0.4913 -0.8382 -0.2365
vn -0.4496 -0.8919 0.0492
vn -0.4496 -0.8919 0.0493
vn 0.4367 -0.8414 -0.3184
vn 0.4366 -0.8414 -0.3184
vn -0.4304 -0.8908 0.1457
vn -0.4302 -0.8909 0.1456
vn 0.3672 -0.8453 -0.3881
vn 0.3671 -0.8454 -0.3880
vn -0.3928 -0.8887 0.2366
vn 0.2858 -0.8499 -0.4427
vn 0.2854 -0.8500 -0.4428
vn 0.0983 -0.8607 0.4996
vn -0.3382 -0.8856 0.3184
vn 0.1945 -0.8551 -0.4806
vn 0.1944 -0.8553 -0.4803
vn 0.1947 -0.8552 0.4804
vn 0.1947 -0.8551 0.4804
vn -0.2687 -0.8817 0.3879
vn -0.2687 -0.8816 0.3881
vn 0.0983 -0.8607 -0.4996
vn 0.0984 -0.8607 -0.4996
vn 0.2853 -0.8501 0.4427
vn 0.2854 -0.8500 0.4427
vn -0.1871 -0.8769 0.4427
vn -0.1871 -0.8769 0.4428
vn 0.0000 -0.8663 -0.4996
vn 0.3669 -0.8454 0.3882
vn 0.3671 -0.8454 0.3880
vn -0.0963 -0.8718 0.4804
vn -0.0961 -0.8717 -0.4806
vn -0.0958 -0.8718 -0.4804
vn 0.4367 -0.8414 0.3184
vn 0.0000 -0.8663 0.4996
vn 0.0000 -0.8662 0.4996
vn -0.8332 0.5471 0.0803
vn -0.8333 0.5470 0.0802
vn 0.9936 0.0566 -0.0980
vn -0.9554 -0.0544 -0.2904
vn 0.9554 0.0544 -0.2904
vn -0.9936 -0.0566 -0.0981
vn -0.9936 -0.0566 -0.0980
vn 0.8805 0.0501 -0.4715
vn -0.9936 -0.0566 0.0981
vn -0.9936 -0.0567 0.0980
vn 0.7717 0.0439 -0.6345
vn 0.7718 0.0439 -0.6344
vn -0.9554 -0.0544 0.2904
vn 0.6338 0.0361 -0.7726
vn 0.6336 0.0361 -0.7728
vn -0.8806 -0.0501 0.4712
vn -0.8804 -0.0501 0.4715
vn 0.4701 0.0268 -0.8822
vn 0.4705 0.0268 -0.8820
vn 0.0980 0.0056 0.9952
vn 0.0979 0.0056 0.9952
vn -0.7717 -0.0439 0.6345
vn 0.2899 0.0165 -0.9569
vn 0.2897 0.0165 -0.9570
vn 0.2898 0.0165 0.9569
vn -0.6333 -0.0361 0.7730
vn 0.0980 0.0056 -0.9952
vn 0.4707 0.0268 0.8819
vn -0.4707 -0.0268 0.8819
vn -0.0979 -0.0056 -0.9952
vn -0.0980 -0.0056 -0.9952
vn 0.6333 0.0361 0.7730
vn -0.2898 -0.0165 0.9569
vn -0.2898 -0.0165 -0.9570
vn 0.7717 0.0439 0.6345
vn -0.0983 -0.0056 0.9951
vn -0.0980 -0.0056 0.9952
vn -0.4705 -0.0268 -0.8820
vn -0.4702 -0.0268 -0.8822
vn 0.8805 0.0501 0.4715
vn -0.6338 -0.0361 -0.7726
vn -0.6336 -0.0361 -0.7728
vn 0.9554 0.0544 0.2904
vn -0.7718 -0.0439 -0.6344
vn -0.7718 -0.0439 -0.6343
vn 0.9936 0.0566 0.0981
vn -0.3380 -0.6941 -0.6356
vn 0.3555 0.8803 -0.3141
vn -0.7985 0.5534 0.2368
vn 0.3135 0.8544 -0.4143
vn -0.7311 0.5660 0.3810
vn 0.2478 0.8228 -0.5114
vn 0.0418 0.7486 0.6617
vn -0.6346 0.5847 0.5054
vn 0.1566 0.7869 -0.5969
vn 0.1566 0.7869 0.5969
vn -0.5147 0.6091 0.6034
vn 0.0418 0.7486 -0.6617
vn 0.2478 0.8228 0.5114
vn -0.3784 0.6387 0.6699
vn -0.0911 0.7099 -0.6984
vn 0.3135 0.8544 0.4143
vn -0.2342 0.6727 0.7018
vn -0.2342 0.6727 -0.7018
vn -0.2342 0.6728 -0.7018
vn 0.3555 0.8803 0.3141
vn -0.0911 0.7099 0.6984
vn -0.3784 0.6387 -0.6699
vn 0.3785 0.8998 0.2172
vn -0.5147 0.6091 -0.6034
vn 0.3889 0.9125 0.1265
vn -0.6346 0.5847 -0.5054
vn 0.3924 0.9189 0.0414
vn -0.7311 0.5660 -0.3810
vn 0.3924 0.9189 -0.0414
vn -0.7985 0.5535 -0.2368
vn 0.3889 0.9125 -0.1265
vn -0.8332 0.5472 -0.0803
vn -0.8332 0.5471 -0.0803
vn 0.3785 0.8998 -0.2172
vn -0.8820 -0.0039 -0.4712
vn -0.8819 -0.0039 -0.4714
vn 0.6373 -0.6917 0.3397
vn 0.6370 -0.6920 0.3398
vn -0.4554 -0.6944 -0.5571
vn 0.6914 -0.6916 0.2091
vn 0.6914 -0.6915 0.2092
vn -0.5553 -0.6947 -0.4572
vn 0.7191 -0.6913 0.0706
vn 0.7191 -0.6913 0.0705
vn -0.6338 -0.6949 -0.3397
vn -0.6338 -0.6949 -0.3396
vn 0.7190 -0.6914 -0.0706
vn 0.7190 -0.6914 -0.0705
vn -0.6878 -0.6950 -0.2097
vn -0.6879 -0.6950 -0.2092
vn 0.6914 -0.6916 -0.2091
vn 0.6914 -0.6915 -0.2092
vn -0.7153 -0.6952 -0.0706
vn -0.7154 -0.6951 -0.0708
vn 0.6370 -0.6920 -0.3398
vn 0.6372 -0.6918 -0.3397
vn -0.7154 -0.6952 0.0706
vn -0.7155 -0.6950 0.0706
vn 0.5587 -0.6919 -0.4573
vn 0.5589 -0.6918 -0.4572
vn -0.6879 -0.6950 0.2092
vn -0.6878 -0.6951 0.2093
vn 0.4591 -0.6920 -0.5571
vn -0.6337 -0.6950 0.3397
vn -0.6338 -0.6949 0.3397
vn 0.3415 -0.6924 -0.6356
vn 0.0725 -0.6934 0.7169
vn 0.0724 -0.6931 0.7172
vn -0.5553 -0.6947 0.4572
vn -0.5554 -0.6946 0.4572
vn 0.2111 -0.6926 -0.6897
vn 0.2110 -0.6927 -0.6897
vn 0.2109 -0.6927 0.6897
vn 0.2107 -0.6928 0.6897
vn -0.4554 -0.6944 0.5571
vn -0.4554 -0.6944 0.5572
vn 0.0725 -0.6931 -0.7171
vn 0.0724 -0.6931 -0.7172
vn 0.3415 -0.6924 0.6356
vn 0.3416 -0.6924 0.6355
vn -0.3379 -0.6942 0.6355
vn -0.3379 -0.6941 0.6356
vn -0.0689 -0.6934 -0.7172
vn 0.4590 -0.6921 0.5571
vn -0.2075 -0.6937 0.6897
vn -0.2074 -0.6940 0.6894
vn -0.2074 -0.6938 -0.6897
vn -0.2075 -0.6937 -0.6897
vn 0.5589 -0.6919 0.4572
vn 0.5588 -0.6920 0.4570
vn -0.0688 -0.6935 0.7172
vn -0.0026 1.0000 -0.0000
vn -0.0027 1.0000 -0.0000
vn -0.0027 1.0000 0.0003
vn -0.0025 1.0000 -0.0000
vn -0.0026 1.0000 -0.0001
vn -0.0025 1.0000 -0.0001
vn -0.0027 1.0000 -0.0003
vn -0.0026 1.0000 -0.0003
vn 0.9952 0.0044 -0.0980
vn 0.9952 0.0044 -0.0979
vn -0.9569 -0.0044 -0.2903
vn 0.9569 0.0044 -0.2903
vn -0.9952 -0.0044 -0.0982
vn -0.9952 -0.0044 -0.0980
vn 0.8819 0.0039 -0.4715
vn 0.8818 0.0040 -0.4716
vn -0.9952 -0.0044 0.0980
vn 0.7730 0.0035 -0.6344
vn 0.7731 0.0034 -0.6343
vn -0.9569 -0.0044 0.2903
vn 0.6342 0.0029 -0.7732
vn 0.6344 0.0028 -0.7730
vn -0.8819 -0.0039 0.4713
vn -0.8820 -0.0039 0.4713
vn 0.4713 0.0021 -0.8820
vn 0.4714 0.0020 -0.8819
vn 0.0981 0.0004 0.9952
vn 0.0977 0.0004 0.9952
vn -0.7732 -0.0035 0.6342
vn 0.2901 0.0011 -0.9570
vn 0.2903 0.0013 -0.9569
vn 0.2902 0.0013 0.9570
vn 0.2903 0.0012 0.9569
vn -0.6344 -0.0028 0.7730
vn 0.0980 0.0004 -0.9952
vn 0.0979 0.0004 -0.9952
vn 0.4714 0.0021 0.8819
vn -0.4715 -0.0021 0.8819
vn -0.0979 -0.0004 -0.9952
vn -0.0981 -0.0004 -0.9952
vn 0.6345 0.0028 0.7729
vn 0.6344 0.0028 0.7730
vn -0.2903 -0.0013 0.9569
vn -0.2903 -0.0013 -0.9569
vn 0.7730 0.0034 0.6344
vn 0.7732 0.0035 0.6342
vn -0.0979 -0.0004 0.9952
vn -0.4715 -0.0021 -0.8819
vn 0.8819 0.0039 0.4715
vn -0.6343 -0.0028 -0.7730
vn -0.6346 -0.0028 -0.7729
vn 0.9569 0.0044 0.2903
vn -0.7730 -0.0034 -0.6344
vn -0.7729 -0.0034 -0.6346
vn 0.9952 0.0046 0.0977
vn 0.0000 -1.0000 -0.0000
vn 0.6343 0.0000 0.7731
vn 0.8307 -0.5506 -0.0819
vn 0.8307 -0.5507 -0.0820
vn -0.7989 -0.5505 -0.2423
vn 0.7989 -0.5505 -0.2423
vn 0.7989 -0.5505 -0.2422
vn -0.8308 -0.5506 -0.0818
vn 0.7361 -0.5507 -0.3936
vn 0.7362 -0.5506 -0.3935
vn -0.8308 -0.5505 0.0818
vn -0.8308 -0.5506 0.0818
vn 0.6452 -0.5507 -0.5295
vn 0.6455 -0.5504 -0.5296
vn -0.7989 -0.5505 0.2423
vn 0.5296 -0.5505 -0.6454
vn 0.5296 -0.5505 -0.6453
vn -0.7362 -0.5506 0.3935
vn -0.7362 -0.5505 0.3935
vn 0.3935 -0.5504 -0.7363
vn 0.3937 -0.5503 -0.7363
vn 0.0818 -0.5506 0.8308
vn 0.0818 -0.5505 0.8308
vn -0.6453 -0.5505 0.5296
vn -0.6454 -0.5505 0.5295
vn 0.2423 -0.5505 -0.7989
vn 0.2423 -0.5505 0.7989
vn -0.5296 -0.5506 0.6453
vn -0.5296 -0.5505 0.6453
vn 0.0819 -0.5507 -0.8307
vn 0.0818 -0.5505 -0.8308
vn 0.3935 -0.5506 0.7362
vn -0.3935 -0.5506 0.7362
vn -0.3935 -0.5505 0.7363
vn -0.0818 -0.5505 -0.8308
vn -0.0817 -0.5506 -0.8308
vn 0.5295 -0.5507 0.6453
vn 0.5296 -0.5505 0.6453
vn -0.2421 -0.5506 0.7989
vn -0.2423 -0.5505 0.7989
vn -0.2423 -0.5505 -0.7989
vn 0.6453 -0.5505 0.5296
vn -0.0819 -0.5507 0.8307
vn -0.0819 -0.5506 0.8308
vn -0.3935 -0.5505 -0.7362
vn -0.3935 -0.5506 -0.7362
vn 0.7362 -0.5506 0.3935
vn -0.5296 -0.5506 -0.6453
vn -0.5299 -0.5504 -0.6452
vn 0.7989 -0.5506 0.2422
vn 0.7989 -0.5504 0.2423
vn -0.6453 -0.5505 -0.5296
vn 0.8307 -0.5506 0.0819
vn 0.8308 -0.5505 0.0818
vn -0.7362 -0.5506 -0.3936
vn -0.7363 -0.5505 -0.3935
vn 0.0000 1.0000 -0.0000
vn -0.2902 0.0000 0.9570
vn -0.2903 0.0000 0.9569
vn -0.2902 0.0000 -0.9570
vn -0.2903 0.0000 -0.9569
vn 0.7731 0.0000 0.6343
vn -0.0981 0.0000 0.9952
vn -0.0980 0.0000 0.9952
vn -0.4718 0.0000 -0.8817
vn -0.4714 0.0000 -0.8819
vn 0.8820 0.0000 0.4713
vn -0.6343 0.0000 -0.7731
vn 0.9570 0.0000 0.2901
vn -0.7731 0.0000 -0.6343
vn 0.9952 0.0000 0.0980
vn -0.8818 0.0000 -0.4716
vn -0.8817 0.0000 -0.4718
vn 0.9952 0.0000 -0.0981
vn 0.9952 0.0000 -0.0980
vn -0.9569 0.0000 -0.2903
vn 0.9570 0.0000 -0.2902
vn 0.9569 0.0000 -0.2903
vn -0.9952 0.0000 -0.0980
vn -0.9952 0.0000 -0.0981
vn 0.8817 0.0000 -0.4718
vn -0.9952 0.0000 0.0980
vn 0.7731 0.0000 -0.6343
vn -0.9569 0.0000 0.2903
vn -0.9571 0.0000 0.2898
vn 0.6343 0.0000 -0.7731
vn -0.8820 0.0000 0.4713
vn 0.4713 0.0000 -0.8820
vn 0.0983 0.0000 0.9952
vn -0.7731 0.0000 0.6343
vn 0.2903 0.0000 -0.9569
vn 0.2903 0.0000 0.9569
vn -0.6343 0.0000 0.7731
vn 0.0983 0.0000 -0.9952
vn 0.4713 0.0000 0.8820
vn -0.4718 0.0000 0.8817
vn -0.4714 0.0000 0.8819
vn -0.0980 0.0000 -0.9952
vn -0.0981 0.0000 -0.9952
vn 0.8376 -0.4836 0.2541
vn 0.8376 -0.4837 0.2539
vn -0.6766 -0.4836 -0.5553
vn -0.6767 -0.4835 -0.5552
vn 0.8711 -0.4836 0.0857
vn 0.8711 -0.4836 0.0858
vn -0.7720 -0.4836 -0.4125
vn -0.7718 -0.4837 -0.4127
vn 0.8711 -0.4836 -0.0858
vn 0.8711 -0.4835 -0.0859
vn -0.8376 -0.4836 -0.2540
vn -0.8376 -0.4837 -0.2539
vn 0.8376 -0.4837 -0.2539
vn 0.8375 -0.4837 -0.2541
vn -0.8711 -0.4836 -0.0859
vn -0.8711 -0.4836 -0.0858
vn 0.7719 -0.4836 -0.4126
vn 0.7719 -0.4836 -0.4127
vn -0.8711 -0.4836 0.0857
vn 0.6766 -0.4836 -0.5552
vn 0.6766 -0.4836 -0.5553
vn -0.8376 -0.4836 0.2541
vn -0.8375 -0.4837 0.2543
vn 0.5552 -0.4836 -0.6767
vn 0.5553 -0.4836 -0.6766
vn -0.7719 -0.4836 0.4127
vn -0.7719 -0.4836 0.4126
vn 0.4127 -0.4834 -0.7720
vn 0.4126 -0.4836 -0.7719
vn 0.0859 -0.4836 0.8711
vn 0.0858 -0.4836 0.8711
vn -0.6766 -0.4836 0.5553
vn -0.6766 -0.4836 0.5552
vn 0.2541 -0.4837 -0.8375
vn 0.2544 -0.4835 -0.8376
vn 0.2543 -0.4837 0.8375
vn 0.2541 -0.4836 0.8376
vn -0.5553 -0.4836 0.6766
vn 0.0861 -0.4836 -0.8710
vn 0.0859 -0.4836 -0.8711
vn 0.4127 -0.4836 0.7719
vn 0.4126 -0.4836 0.7719
vn -0.4126 -0.4836 0.7719
vn -0.4126 -0.4836 0.7720
vn -0.0858 -0.4836 -0.8711
vn -0.0857 -0.4836 -0.8711
vn 0.5554 -0.4837 0.6765
vn 0.5553 -0.4836 0.6766
vn -0.2541 -0.4836 0.8376
vn -0.2539 -0.4837 0.8376
vn -0.2539 -0.4835 -0.8377
vn -0.2541 -0.4836 -0.8376
vn 0.6764 -0.4836 0.5555
vn 0.6766 -0.4836 0.5553
vn -0.0858 -0.4836 0.8711
vn -0.4126 -0.4836 -0.7719
vn -0.4127 -0.4836 -0.7719
vn 0.7719 -0.4836 0.4126
vn 0.7719 -0.4835 0.4128
vn -0.5552 -0.4836 -0.6766
vn -0.5553 -0.4836 -0.6766
vn -0.9952 0.0000 0.0981
vn -0.2440 -0.8557 0.4563
vn -0.2440 -0.8557 0.4564
vn -0.0508 -0.8558 -0.5147
vn -0.0507 -0.8557 -0.5149
vn 0.3283 -0.8557 0.4000
vn 0.3284 -0.8555 0.4003
vn -0.1502 -0.8556 0.4953
vn -0.1502 -0.8557 0.4952
vn -0.1502 -0.8557 -0.4953
vn -0.1503 -0.8556 -0.4953
vn 0.4001 -0.8556 0.3283
vn 0.4001 -0.8557 0.3283
vn -0.0507 -0.8557 0.5150
vn -0.0508 -0.8558 0.5147
vn -0.2441 -0.8556 -0.4565
vn -0.2441 -0.8556 -0.4566
vn 0.4565 -0.8556 0.2441
vn 0.4565 -0.8556 0.2440
vn -0.3280 -0.8557 -0.4003
vn -0.3284 -0.8556 -0.4002
vn 0.4951 -0.8558 0.1502
vn 0.4952 -0.8557 0.1502
vn -0.4000 -0.8557 -0.3283
vn -0.4002 -0.8556 -0.3283
vn 0.5147 -0.8558 0.0508
vn 0.5151 -0.8556 0.0507
vn -0.4560 -0.8559 -0.2439
vn -0.4565 -0.8556 -0.2440
vn 0.5150 -0.8557 -0.0507
vn 0.5147 -0.8558 -0.0508
vn -0.4951 -0.8558 -0.1502
vn -0.4952 -0.8557 -0.1502
vn 0.4954 -0.8556 -0.1501
vn 0.4951 -0.8558 -0.1502
vn -0.5149 -0.8557 -0.0507
vn -0.5148 -0.8558 -0.0507
vn 0.4565 -0.8556 -0.2441
vn 0.4566 -0.8556 -0.2441
vn -0.5147 -0.8558 0.0508
vn -0.5150 -0.8557 0.0507
vn 0.4001 -0.8556 -0.3284
vn 0.4001 -0.8557 -0.3282
vn -0.4952 -0.8557 0.1502
vn -0.4950 -0.8558 0.1503
vn 0.3283 -0.8557 -0.4001
vn 0.3283 -0.8557 -0.3999
vn -0.4564 -0.8557 0.2440
vn -0.4564 -0.8557 0.2439
vn 0.2443 -0.8554 -0.4568
vn 0.2440 -0.8556 -0.4564
vn 0.0507 -0.8557 0.5149
vn 0.0507 -0.8557 0.5150
vn -0.4001 -0.8557 0.3283
vn -0.4001 -0.8557 0.3282
vn 0.1502 -0.8558 -0.4951
vn 0.1502 -0.8557 -0.4953
vn 0.1502 -0.8556 0.4953
vn 0.1502 -0.8557 0.4951
vn -0.3283 -0.8556 0.4001
vn -0.3283 -0.8557 0.4000
vn 0.0507 -0.8557 -0.5149
vn 0.0506 -0.8558 -0.5148
vn 0.2439 -0.8557 0.4564
vn 0.2441 -0.8556 0.4565
vn 0.7730 0.0000 -0.6343
vn 0.6343 0.0000 -0.7730
vn 0.6344 0.0000 -0.7730
vn -0.8818 0.0000 0.4716
vn 0.4716 0.0000 -0.8818
vn 0.0981 0.0000 0.9952
vn 0.0978 0.0000 0.9952
vn -0.7730 0.0000 0.6343
vn -0.6344 0.0000 0.7730
vn 0.0981 0.0000 -0.9952
vn 0.0978 0.0000 -0.9952
vn 0.4716 0.0000 0.8818
vn -0.4716 0.0000 0.8818
vn -0.0978 0.0000 -0.9952
vn 0.6343 0.0000 0.7730
vn 0.6345 0.0000 0.7729
vn 0.7730 0.0000 0.6343
vn -0.0978 0.0000 0.9952
vn -0.4716 0.0000 -0.8818
vn 0.8818 0.0000 0.4716
vn -0.6344 0.0000 -0.7730
vn 0.9569 0.0000 0.2903
vn -0.7729 0.0000 -0.6345
vn 0.9952 0.0000 0.0981
vn 0.8818 0.0000 -0.4716
vn -0.3549 0.0000 -0.9349
vn -0.1657 0.0000 -0.9862
vn 0.0299 0.0000 -0.9996
vn 0.2243 0.0000 -0.9745
vn 0.4101 0.0000 -0.9121
vn 0.5802 0.0000 -0.8145
vn 0.7279 0.0000 -0.6857
vn 0.8477 0.0000 -0.5305
vn 0.8476 0.0000 -0.5306
vn 0.9349 0.0000 -0.3549
vn 0.9862 0.0000 -0.1657
vn 0.9996 0.0000 0.0299
vn 0.9745 0.0000 0.2243
vn 0.9121 0.0000 0.4101
vn 0.8145 0.0000 0.5802
vn 0.6857 0.0000 0.7279
vn 0.5305 0.0000 0.8477
vn 0.3549 0.0000 0.9349
vn 0.1657 0.0000 0.9862
vn -0.0299 0.0000 0.9996
vn -0.2243 0.0000 0.9745
vn -0.4101 0.0000 0.9121
vn -0.5802 0.0000 0.8145
vn -0.7279 0.0000 0.6857
vn -0.8477 0.0000 0.5305
vn -0.9349 0.0000 0.3549
vn -0.9862 0.0000 0.1657
vn -0.9996 0.0000 -0.0299
vn -0.9745 0.0000 -0.2243
vn -0.9120 0.0000 -0.4101
vn -0.9121 0.0000 -0.4101
vn -0.8145 0.0000 -0.5802
vn 0.8312 0.4607 -0.3113
vn -0.6857 0.0000 -0.7279
vn -0.5306 0.0000 -0.8476
vn -0.5305 0.0000 -0.8477
vn 0.0579 0.6232 -0.7799
vn -0.0799 0.7021 0.7075
vn -0.0799 0.7022 0.7075
vn -0.0799 0.7021 0.7076
vn -0.1629 0.9797 0.1167
vn 0.3330 0.4516 -0.8277
vn 0.6770 0.4608 0.5738
vn -0.1180 0.9930 0.0100
vn -0.4226 0.5301 -0.7351
vn -0.5559 0.6037 -0.5715
vn 0.8784 0.4584 -0.1349
vn -0.2241 0.8075 0.5457
vn -0.2940 0.9504 0.1014
vn 0.4980 0.4548 -0.7383
vn 0.5216 0.4843 0.7024
vn -0.0647 0.9978 0.0115
vn -0.2446 0.4843 -0.8400
vn 0.8892 0.4548 0.0493
vn -0.2814 0.8946 0.3473
vn -0.2814 0.8945 0.3473
vn -0.4467 0.8946 0.0144
vn 0.6383 0.4584 -0.6184
vn 0.3304 0.5300 0.7810
vn -0.0482 0.9978 0.0446
vn -0.0482 0.4608 -0.8862
vn 0.8607 0.4517 0.2348
vn -0.2584 0.9504 0.1730
vn -0.5702 0.8075 -0.1511
vn -0.5713 0.8065 -0.1525
vn 0.7503 0.4606 -0.4742
vn 0.1195 0.6037 0.7882
vn -0.0792 0.9930 0.0880
vn 0.1484 0.4521 -0.8796
vn 0.1484 0.4521 -0.8795
vn 0.7905 0.4521 0.4132
vn -0.1914 0.9797 0.0593
vn -0.6121 0.7021 -0.3638
vn -0.8203 -0.4015 0.4074
vn -0.9366 -0.1056 -0.3342
vn -0.9366 -0.1056 -0.3341
vn -0.9366 -0.1055 -0.3341
vn -0.2997 -0.1056 0.9482
vn -0.2997 -0.1055 0.9482
vn 0.1544 0.7314 -0.6643
vn -0.5748 -0.0878 -0.8136
vn -0.5747 -0.0878 -0.8136
vn -0.5748 -0.0878 -0.8135
vn -0.8931 0.3342 0.3011
vn 0.2405 0.8072 -0.5390
vn -0.7743 0.6270 -0.0857
vn 0.3184 0.8550 -0.4094
vn -0.6107 0.7775 -0.1501
vn 0.3901 0.8780 -0.2773
vn -0.4802 0.8702 -0.1105
vn 0.4567 0.8780 -0.1432
vn -0.3773 0.9256 -0.0287
vn 0.5185 0.8550 -0.0064
vn -0.2976 0.9518 0.0749
vn 0.5748 0.8072 0.1341
vn -0.2395 0.9518 0.1918
vn 0.6226 0.7314 0.2783
vn -0.2052 0.9256 0.3180
vn 0.6564 0.6232 0.4251
vn -0.2021 0.8702 0.4494
vn 0.6664 0.4793 0.5711
vn -0.3422 0.0998 -0.9343
vn -0.2494 0.7775 0.5773
vn 0.6363 0.3010 0.7103
vn -0.1816 0.3010 -0.9362
vn -0.3996 0.6269 0.6688
vn 0.5377 0.0998 0.8372
vn -0.0525 0.4793 -0.8761
vn -0.7796 0.3342 0.5297
vn 0.3010 -0.0878 0.9496
vn 0.7148 0.0000 -0.6994
vn 0.8375 0.0000 -0.5465
vn 0.9280 0.0000 -0.3726
vn 0.9829 0.0000 -0.1844
vn 0.9999 0.0000 0.0109
vn 0.9786 0.0000 0.2057
vn 0.9196 0.0000 0.3927
vn 0.9197 0.0000 0.3927
vn 0.8254 0.0000 0.5646
vn 0.6993 0.0000 0.7148
vn 0.5465 0.0000 0.8375
vn 0.3726 0.0000 0.9280
vn 0.1844 0.0000 0.9829
vn -0.0109 0.0000 0.9999
vn -0.2058 0.0000 0.9786
vn -0.3927 0.0000 0.9197
vn -0.5646 0.0000 0.8254
vn -0.7148 0.0000 0.6994
vn -0.8375 0.0000 0.5465
vn -0.9280 0.0000 0.3726
vn -0.9829 0.0000 0.1844
vn -0.9999 0.0000 -0.0109
vn -0.9786 0.0000 -0.2058
vn -0.9197 0.0000 -0.3927
vn -0.8254 0.0000 -0.5646
vn -0.6993 0.0000 -0.7148
vn -0.5465 0.0000 -0.8375
vn -0.3726 0.0000 -0.9280
vn -0.1844 0.0000 -0.9829
vn 0.0109 0.0000 -0.9999
vn 0.2058 0.0000 -0.9786
vn 0.6179 0.4606 0.6372
vn 0.3927 0.0000 -0.9197
vn 0.5647 0.0000 -0.8253
vn 0.5646 0.0000 -0.8254
vn 0.7379 0.6232 -0.2590
vn -0.6804 0.7021 0.2099
vn -0.1721 0.9797 -0.1026
vn 0.8918 0.4517 -0.0260
vn -0.2550 0.4607 0.8501
vn -0.0563 0.9930 -0.1042
vn 0.5046 0.5300 -0.6815
vn 0.3013 0.6037 -0.7381
vn 0.4751 0.4584 0.7511
vn -0.5897 0.8075 0.0129
vn -0.2105 0.9504 -0.2289
vn 0.8759 0.4548 0.1610
vn -0.4350 0.4843 0.7591
vn -0.0364 0.9978 -0.0547
vn 0.6720 0.4843 -0.5603
vn 0.3106 0.4548 0.8347
vn -0.4308 0.8946 -0.1189
vn -0.1919 0.8946 -0.4037
vn -0.1919 0.8945 -0.4037
vn 0.8222 0.4584 0.3375
vn 0.8222 0.4583 0.3375
vn -0.5835 0.5301 0.6153
vn -0.0602 0.9978 -0.0263
vn 0.7929 0.4608 -0.3987
vn 0.1293 0.4517 0.8828
vn -0.2619 0.9504 -0.1676
vn -0.0897 0.8075 -0.5830
vn 0.7348 0.4606 0.4979
vn 0.7348 0.4606 0.4978
vn -0.6745 0.6037 0.4249
vn -0.1124 0.9930 -0.0374
vn 0.8654 0.4521 -0.2160
vn -0.0624 0.4521 0.8898
vn -0.1309 0.9797 -0.1517
vn 0.0885 0.7021 -0.7065
vn -0.7016 -0.4014 -0.5887
vn -0.7016 -0.4016 -0.5887
vn -0.0687 -0.1055 -0.9920
vn -0.0687 -0.1056 -0.9920
vn -0.9889 -0.1055 0.1047
vn -0.9889 -0.1055 0.1045
vn -0.9889 -0.1054 0.1047
vn -0.9889 -0.1055 0.1046
vn 0.6706 0.7314 -0.1242
vn 0.5157 -0.0879 -0.8523
vn -0.6333 0.3342 -0.6980
vn 0.5902 0.8072 0.0047
vn -0.2313 0.6269 -0.7440
vn 0.5026 0.8550 0.1280
vn -0.1068 0.7775 -0.6197
vn 0.4102 0.8780 0.2465
vn 0.4102 0.8781 0.2464
vn -0.0908 0.8702 -0.4843
vn 0.3140 0.8780 0.3612
vn -0.1247 0.9256 -0.3573
vn 0.2133 0.8550 0.4727
vn -0.1877 0.9518 -0.2427
vn 0.1071 0.8072 0.5804
vn -0.2716 0.9518 -0.1427
vn -0.0059 0.7314 0.6820
vn -0.3735 0.9256 -0.0608
vn -0.1270 0.6232 0.7717
vn -0.4927 0.8702 -0.0053
vn -0.2568 0.4794 0.8392
vn 0.7193 0.0998 -0.6875
vn -0.6288 0.7776 0.0024
vn -0.3964 0.3009 0.8674
vn -0.3964 0.3009 0.8673
vn 0.7853 0.3010 -0.5410
vn -0.7728 0.6269 -0.0986
vn -0.5522 0.0998 0.8277
vn 0.7819 0.4793 -0.3986
vn -0.7974 0.3343 -0.5024
vn -0.7498 -0.0878 0.6559
vn -0.7498 -0.0878 0.6558
vn -0.7497 -0.0879 0.6559
vn 0.0602 0.0000 -0.9982
vn 0.2538 0.0000 -0.9673
vn 0.4376 0.0000 -0.8992
vn 0.6046 0.0000 -0.7965
vn 0.7484 0.0000 -0.6633
vn 0.8634 0.0000 -0.5044
vn 0.8634 0.0000 -0.5045
vn 0.9452 0.0000 -0.3264
vn 0.9908 0.0000 -0.1357
vn 0.9982 0.0000 0.0602
vn 0.9673 0.0000 0.2538
vn 0.8992 0.0000 0.4376
vn 0.7965 0.0000 0.6046
vn 0.6633 0.0000 0.7484
vn 0.5045 0.0000 0.8634
vn 0.5044 0.0000 0.8634
vn 0.3264 0.0000 0.9452
vn 0.1357 0.0000 0.9908
vn 0.1357 0.0000 0.9907
vn -0.0602 0.0000 0.9982
vn -0.2538 0.0000 0.9673
vn -0.4376 0.0000 0.8992
vn -0.6046 0.0000 0.7966
vn -0.6046 0.0000 0.7965
vn -0.7484 0.0000 0.6633
vn -0.8634 0.0000 0.5045
vn -0.9452 0.0000 0.3264
vn -0.9907 0.0000 0.1357
vn -0.9982 0.0000 -0.0602
vn -0.9673 0.0000 -0.2538
vn -0.8992 0.0000 -0.4376
vn -0.7966 0.0000 -0.6045
vn -0.6633 0.0000 -0.7484
vn -0.5045 0.0000 -0.8634
vn -0.5044 0.0000 -0.8634
vn 0.8857 0.4606 0.0574
vn -0.3264 0.0000 -0.9452
vn -0.1357 0.0000 -0.9908
vn 0.3730 0.6232 -0.6874
vn -0.3633 0.7021 0.6124
vn -0.1964 0.9797 0.0395
vn 0.6435 0.4517 -0.6180
vn 0.3818 0.4608 0.8012
vn -0.1117 0.9930 -0.0394
vn -0.0836 0.5300 -0.8439
vn -0.2722 0.6037 -0.7493
vn 0.8564 0.4584 0.2376
vn -0.4284 0.8075 0.4055
vn -0.3097 0.9504 -0.0283
vn 0.7572 0.4548 -0.4688
vn 0.1872 0.4843 0.8547
vn 0.1872 0.4843 0.8546
vn -0.0637 0.9978 -0.0161
vn 0.1219 0.4843 -0.8664
vn 0.7906 0.4548 0.4100
vn -0.3992 0.8945 0.2011
vn -0.4133 0.8946 -0.1703
vn -0.4133 0.8945 -0.1703
vn 0.8359 0.4584 -0.3019
vn -0.0194 0.5301 0.8477
vn -0.0623 0.9978 0.0209
vn 0.3199 0.4608 -0.8279
vn 0.6885 0.4516 0.5675
vn -0.3066 0.9504 0.0517
vn -0.4579 0.8075 -0.3719
vn 0.8788 0.4606 -0.1244
vn -0.2146 0.6037 0.7678
vn -0.1084 0.9930 0.0477
vn 0.4964 0.4521 -0.7411
vn 0.5511 0.4521 0.7013
vn -0.1989 0.9797 -0.0245
vn -0.4088 0.7021 -0.5831
vn -0.9152 -0.4015 0.0347
vn -0.9152 -0.4014 0.0345
vn -0.7169 -0.1056 -0.6891
vn -0.7169 -0.1056 -0.6892
vn -0.6626 -0.1056 0.7415
vn -0.6625 -0.1056 0.7415
vn -0.6626 -0.1057 0.7415
vn 0.4135 0.7314 -0.5423
vn -0.1901 -0.0877 -0.9778
vn -0.9380 0.3342 -0.0921
vn 0.4406 0.8072 -0.3928
vn -0.6709 0.6269 -0.3960
vn 0.4584 0.8550 -0.2426
vn -0.4953 0.7775 -0.3875
vn -0.4952 0.7775 -0.3875
vn 0.4695 0.8780 -0.0927
vn 0.4695 0.8781 -0.0926
vn -0.3925 0.8702 -0.2979
vn 0.4752 0.8780 0.0569
vn 0.4752 0.8780 0.0570
vn -0.3323 0.9256 -0.1810
vn 0.4755 0.8550 0.2071
vn -0.3021 0.9518 -0.0539
vn 0.4691 0.8072 0.3582
vn -0.2971 0.9518 0.0766
vn 0.4535 0.7314 0.5094
vn -0.3176 0.9256 0.2057
vn 0.4240 0.6232 0.6572
vn -0.3687 0.8702 0.3268
vn 0.3731 0.4794 0.7943
vn 0.0715 0.0998 -0.9924
vn -0.4644 0.7775 0.4240
vn 0.2886 0.3010 0.9089
vn 0.2188 0.3010 -0.9282
vn -0.6389 0.6269 0.4458
vn -0.6389 0.6270 0.4458
vn 0.1465 0.0998 0.9842
vn 0.3118 0.4794 -0.8203
vn -0.9283 0.3342 0.1630
vn -0.9283 0.3341 0.1630
vn -0.1154 -0.0878 0.9894
# 3563 vertex normals

vt 0.0000 0.0000 0.0000
vt 1.0000 1.0000 0.0000
vt 0.9688 1.0000 0.0000
vt 0.9688 0.5000 0.0000
vt 1.0000 0.5000 0.0000
vt 0.9375 1.0000 0.0000
vt 0.9375 0.5000 0.0000
vt 0.9062 1.0000 0.0000
vt 0.9062 0.5000 0.0000
vt 0.8750 1.0000 0.0000
vt 0.8750 0.5000 0.0000
vt 0.8438 1.0000 0.0000
vt 0.8438 0.5000 0.0000
vt 0.8125 0.5000 0.0000
vt 0.8125 1.0000 0.0000
vt 0.7812 0.5000 0.0000
vt 0.7812 1.0000 0.0000
vt 0.7500 1.0000 0.0000
vt 0.7500 0.5000 0.0000
vt 0.7188 0.5000 0.0000
vt 0.7188 1.0000 0.0000
vt 0.6875 0.5000 0.0000
vt 0.6875 1.0000 0.0000
vt 0.6562 0.5000 0.0000
vt 0.6562 1.0000 0.0000
vt 0.6250 1.0000 0.0000
vt 0.6250 0.5000 0.0000
vt 0.5938 0.5000 0.0000
vt 0.5938 1.0000 0.0000
vt 0.5625 0.5000 0.0000
vt 0.5625 1.0000 0.0000
vt 0.5312 0.5000 0.0000
vt 0.5312 1.0000 0.0000
vt 0.5000 0.5000 0.0000
vt 0.5000 1.0000 0.0000
vt 0.4688 0.5000 0.0000
vt 0.4688 1.0000 0.0000
vt 0.4375 0.5000 0.0000
vt 0.4375 1.0000 0.0000
vt 0.4062 0.5000 0.0000
vt 0.4062 1.0000 0.0000
vt 0.3750 1.0000 0.0000
vt 0.3750 0.5000 0.0000
vt 0.3438 1.0000 0.0000
vt 0.3438 0.5000 0.0000
vt 0.3125 0.5000 0.0000
vt 0.3125 1.0000 0.0000
vt 0.2812 0.5000 0.0000
vt 0.2812 1.0000 0.0000
vt 0.2500 1.0000 0.0000
vt 0.2500 0.5000 0.0000
vt 0.2188 1.0000 0.0000
vt 0.2188 0.5000 0.0000
vt 0.1875 0.5000 0.0000
vt 0.1875 1.0000 0.0000
vt 0.1562 1.0000 0.0000
vt 0.1562 0.5000 0.0000
vt 0.1250 0.5000 0.0000
vt 0.1250 1.0000 0.0000
vt 0.0938 0.5000 0.0000
vt 0.0938 1.0000 0.0000
vt 0.0625 1.0000 0.0000
vt 0.0625 0.5000 0.0000
vt 0.0312 1.0000 0.0000
vt 0.0312 0.5000 0.0000
vt 0.0000 1.0000 0.0000
vt 0.0000 0.5000 0.0000
vt 0.7968 0.4854 0.0000
vt 0.8418 0.4717 0.0000
vt 0.8833 0.4496 0.0000
vt 0.9197 0.4197 0.0000
vt 0.9496 0.3833 0.0000
vt 0.9717 0.3418 0.0000
vt 0.9854 0.2968 0.0000
vt 0.9900 0.2500 0.0000
vt 0.9854 0.2032 0.0000
vt 0.9717 0.1582 0.0000
vt 0.9496 0.1167 0.0000
vt 0.9197 0.0803 0.0000
vt 0.8833 0.0504 0.0000
vt 0.8418 0.0283 0.0000
vt 0.7968 0.0146 0.0000
vt 0.7500 0.0100 0.0000
vt 0.7032 0.0146 0.0000
vt 0.6582 0.0283 0.0000
vt 0.6167 0.0504 0.0000
vt 0.5803 0.0803 0.0000
vt 0.5504 0.1167 0.0000
vt 0.5283 0.1582 0.0000
vt 0.5146 0.2032 0.0000
vt 0.5100 0.2500 0.0000
vt 0.5146 0.2968 0.0000
vt 0.5283 0.3418 0.0000
vt 0.5504 0.3833 0.0000
vt 0.5803 0.4197 0.0000
vt 0.6167 0.4496 0.0000
vt 0.6582 0.4717 0.0000
vt 0.7500 0.4900 0.0000
vt 0.7032 0.4854 0.0000
vt 0.2968 0.4854 0.0000
vt 0.2500 0.4900 0.0000
vt 0.2032 0.4854 0.0000
vt 0.1582 0.4717 0.0000
vt 0.1167 0.4496 0.0000
vt 0.0803 0.4197 0.0000
vt 0.0504 0.3833 0.0000
vt 0.0283 0.3418 0.0000
vt 0.0146 0.2968 0.0000
vt 0.0100 0.2500 0.0000
vt 0.0146 0.2032 0.0000
vt 0.0283 0.1582 0.0000
vt 0.0504 0.1167 0.0000
vt 0.0803 0.0803 0.0000
vt 0.1167 0.0504 0.0000
vt 0.1582 0.0283 0.0000
vt 0.2032 0.0146 0.0000
vt 0.2500 0.0100 0.0000
vt 0.2968 0.0146 0.0000
vt 0.3418 0.0283 0.0000
vt 0.3833 0.0504 0.0000
vt 0.4197 0.0803 0.0000
vt 0.4496 0.1167 0.0000
vt 0.4717 0.1582 0.0000
vt 0.4854 0.2032 0.0000
vt 0.4900 0.2500 0.0000
vt 0.4854 0.2968 0.0000
vt 0.4717 0.3418 0.0000
vt 0.4496 0.3833 0.0000
vt 0.4197 0.4197 0.0000
vt 0.3833 0.4496 0.0000
vt 0.3418 0.4717 0.0000
# 131 texture coords

o C_rculo_003
g C_rculo_003
usemtl goddard_base_Goddard_None
s off
f 1/1/1 2/1/1 3/1/1 
f 3/1/1 4/1/1 1/1/1 
f 4/1/2 3/1/2 5/1/2 
f 5/1/2 6/1/2 4/1/2 
f 4/1/3 7/1/3 8/1/3 
f 8/1/3 1/1/3 4/1/3 
f 9/1/4 7/1/4 4/1/4 
f 4/1/4 6/1/4 9/1/4 
f 10/1/5 11/1/5 12/1/5 
f 12/1/5 2/1/5 10/1/5 
f 13/1/6 3/1/6 2/1/6 
f 2/1/6 12/1/6 13/1/6 
f 13/1/7 14/1/7 5/1/7 
f 5/1/7 3/1/7 13/1/7 
f 5/1/8 14/1/8 15/1/8 
f 15/1/9 16/1/9 5/1/9 
f 17/1/10 6/1/10 5/1/10 
f 5/1/10 16/1/10 17/1/10 
f 17/1/11 18/1/11 9/1/11 
f 9/1/11 6/1/11 17/1/11 
f 19/1/12 9/1/12 18/1/12 
f 18/1/12 20/1/12 19/1/12 
f 9/1/13 19/1/13 21/1/13 
f 21/1/13 7/1/13 9/1/13 
f 7/1/14 21/1/14 22/1/14 
f 22/1/14 8/1/14 7/1/14 
f 22/1/15 23/1/15 24/1/15 
f 24/1/16 8/1/16 22/1/16 
f 1/1/17 8/1/17 24/1/17 
f 24/1/17 25/1/17 1/1/17 
f 10/1/18 2/1/18 1/1/18 
f 1/1/18 25/1/18 10/1/18 
f 26/1/19 27/1/19 28/1/19 
f 28/1/19 29/1/19 26/1/19 
f 30/1/20 31/1/20 27/1/20 
f 27/1/21 26/1/21 30/1/21 
f 27/1/22 32/1/22 33/1/22 
f 33/1/23 28/1/23 27/1/23 
f 27/1/24 31/1/24 34/1/24 
f 34/1/24 32/1/24 27/1/24 
f 35/1/25 29/1/25 36/1/25 
f 36/1/26 37/1/26 35/1/26 
f 26/1/27 29/1/27 35/1/27 
f 35/1/27 38/1/27 26/1/27 
f 39/1/28 30/1/28 26/1/28 
f 26/1/28 38/1/28 39/1/28 
f 30/1/29 39/1/29 40/1/29 
f 40/1/30 41/1/30 30/1/30 
f 42/1/31 31/1/31 30/1/31 
f 30/1/31 41/1/31 42/1/31 
f 43/1/32 34/1/32 31/1/32 
f 31/1/33 42/1/33 43/1/33 
f 44/1/34 34/1/34 43/1/34 
f 43/1/34 45/1/34 44/1/34 
f 44/1/35 46/1/35 32/1/35 
f 32/1/35 34/1/35 44/1/35 
f 32/1/36 46/1/36 47/1/36 
f 47/1/36 33/1/37 32/1/37 
f 48/1/38 33/1/38 47/1/38 
f 47/1/38 49/1/38 48/1/38 
f 28/1/39 33/1/39 48/1/39 
f 48/1/39 50/1/39 28/1/39 
f 29/1/40 28/1/40 50/1/40 
f 50/1/40 36/1/40 29/1/40 
f 51/1/41 52/1/41 53/1/41 
f 53/1/42 54/1/42 51/1/42 
f 55/1/43 56/1/44 52/1/43 
f 52/1/43 51/1/43 55/1/43 
f 52/1/45 57/1/45 58/1/45 
f 58/1/45 53/1/45 52/1/45 
f 52/1/46 56/1/46 59/1/46 
f 59/1/46 57/1/46 52/1/46 
f 54/1/47 60/1/47 61/1/47 
f 61/1/47 62/1/47 54/1/47 
f 62/1/48 63/1/48 51/1/48 
f 51/1/48 54/1/48 62/1/48 
f 55/1/49 51/1/49 63/1/49 
f 63/1/49 64/1/49 55/1/49 
f 64/1/50 65/1/50 66/1/50 
f 66/1/50 55/1/50 64/1/50 
f 67/1/51 56/1/51 55/1/51 
f 55/1/51 66/1/51 67/1/51 
f 68/1/52 59/1/52 56/1/52 
f 56/1/52 67/1/52 68/1/52 
f 39/1/53 59/1/53 68/1/53 
f 68/1/54 40/1/54 39/1/54 
f 38/1/55 57/1/55 59/1/55 
f 59/1/55 39/1/55 38/1/55 
f 38/1/56 35/1/56 58/1/56 
f 58/1/56 57/1/56 38/1/56 
f 35/1/57 37/1/57 69/1/57 
f 69/1/58 58/1/58 35/1/58 
f 53/1/59 58/1/59 69/1/59 
f 69/1/59 70/1/59 53/1/59 
f 54/1/60 53/1/60 70/1/60 
f 70/1/60 60/1/60 54/1/60 
f 71/1/61 72/1/61 73/1/61 
f 73/1/62 74/1/62 71/1/62 
f 75/1/63 76/1/63 72/1/63 
f 72/1/63 71/1/63 75/1/63 
f 72/1/64 77/1/64 78/1/64 
f 78/1/64 73/1/64 72/1/64 
f 72/1/65 76/1/65 79/1/65 
f 79/1/66 77/1/66 72/1/66 
f 80/1/67 81/1/67 82/1/67 
f 82/1/67 74/1/67 80/1/67 
f 71/1/68 74/1/68 82/1/68 
f 82/1/68 83/1/68 71/1/68 
f 75/1/69 71/1/69 83/1/69 
f 83/1/69 84/1/69 75/1/69 
f 84/1/70 85/1/70 86/1/70 
f 86/1/70 75/1/70 84/1/70 
f 87/1/71 76/1/71 75/1/71 
f 75/1/72 86/1/72 87/1/72 
f 88/1/73 79/1/73 76/1/73 
f 76/1/74 87/1/74 88/1/74 
f 65/1/75 64/1/75 79/1/75 
f 79/1/75 88/1/75 65/1/75 
f 63/1/76 77/1/76 79/1/76 
f 79/1/77 64/1/77 63/1/77 
f 63/1/78 62/1/78 78/1/78 
f 78/1/78 77/1/78 63/1/78 
f 62/1/79 61/1/79 89/1/79 
f 89/1/79 78/1/79 62/1/79 
f 78/1/80 89/1/80 90/1/80 
f 90/1/80 73/1/80 78/1/80 
f 74/1/81 73/1/81 90/1/81 
f 90/1/81 80/1/81 74/1/81 
f 91/1/82 92/1/82 93/1/82 
f 93/1/82 94/1/82 91/1/82 
f 95/1/83 96/1/83 92/1/83 
f 92/1/83 91/1/83 95/1/83 
f 92/1/84 97/1/84 98/1/84 
f 98/1/85 93/1/85 92/1/85 
f 92/1/86 96/1/86 99/1/86 
f 99/1/86 97/1/86 92/1/86 
f 94/1/87 100/1/87 101/1/87 
f 101/1/87 102/1/87 94/1/87 
f 94/1/88 102/1/88 103/1/88 
f 103/1/88 91/1/88 94/1/88 
f 103/1/89 104/1/89 95/1/89 
f 95/1/90 91/1/90 103/1/90 
f 105/1/91 95/1/91 104/1/91 
f 104/1/91 106/1/91 105/1/91 
f 96/1/92 95/1/92 105/1/92 
f 105/1/92 107/1/92 96/1/92 
f 108/1/93 99/1/93 96/1/93 
f 96/1/93 107/1/93 108/1/93 
f 85/1/94 84/1/94 99/1/94 
f 99/1/95 108/1/95 85/1/95 
f 83/1/96 97/1/96 99/1/96 
f 99/1/97 84/1/97 83/1/97 
f 83/1/98 82/1/98 98/1/98 
f 98/1/98 97/1/98 83/1/98 
f 82/1/99 81/1/99 109/1/99 
f 109/1/99 98/1/99 82/1/99 
f 98/1/100 109/1/100 110/1/100 
f 110/1/100 93/1/100 98/1/100 
f 100/1/101 94/1/101 93/1/101 
f 93/1/101 110/1/101 100/1/101 
f 111/1/102 112/1/102 113/1/102 
f 113/1/102 114/1/102 111/1/102 
f 115/1/103 116/1/103 112/1/103 
f 112/1/103 111/1/103 115/1/103 
f 112/1/104 117/1/104 118/1/104 
f 118/1/105 113/1/105 112/1/105 
f 112/1/106 116/1/106 119/1/106 
f 119/1/106 117/1/106 112/1/106 
f 114/1/107 120/1/107 121/1/107 
f 121/1/108 122/1/108 114/1/108 
f 114/1/109 122/1/109 123/1/109 
f 123/1/109 111/1/109 114/1/109 
f 115/1/110 111/1/110 123/1/110 
f 123/1/110 124/1/110 115/1/110 
f 124/1/111 125/1/111 126/1/111 
f 126/1/111 115/1/111 124/1/111 
f 116/1/112 115/1/112 126/1/112 
f 126/1/112 127/1/112 116/1/112 
f 128/1/113 119/1/113 116/1/113 
f 116/1/113 127/1/113 128/1/113 
f 104/1/114 119/1/114 128/1/114 
f 128/1/114 106/1/114 104/1/114 
f 117/1/115 119/1/115 104/1/115 
f 104/1/115 103/1/115 117/1/115 
f 103/1/116 102/1/116 118/1/116 
f 118/1/117 117/1/117 103/1/117 
f 102/1/118 101/1/118 129/1/118 
f 129/1/118 118/1/118 102/1/118 
f 118/1/119 129/1/119 130/1/119 
f 130/1/119 113/1/119 118/1/119 
f 120/1/120 114/1/120 113/1/120 
f 113/1/121 130/1/121 120/1/121 
f 131/1/122 132/1/122 133/1/122 
f 133/1/122 134/1/122 131/1/122 
f 135/1/123 136/1/123 132/1/123 
f 132/1/123 131/1/123 135/1/123 
f 132/1/124 137/1/124 138/1/124 
f 138/1/124 133/1/124 132/1/124 
f 132/1/125 136/1/125 139/1/125 
f 139/1/125 137/1/125 132/1/125 
f 134/1/126 140/1/126 141/1/126 
f 141/1/126 142/1/126 134/1/126 
f 134/1/127 142/1/127 143/1/127 
f 143/1/127 131/1/127 134/1/127 
f 135/1/128 131/1/128 143/1/128 
f 143/1/128 144/1/128 135/1/128 
f 144/1/129 145/1/129 146/1/129 
f 146/1/129 135/1/129 144/1/129 
f 136/1/130 135/1/130 146/1/130 
f 146/1/130 147/1/130 136/1/130 
f 148/1/131 139/1/131 136/1/131 
f 136/1/131 147/1/131 148/1/131 
f 124/1/132 139/1/132 148/1/132 
f 148/1/132 125/1/132 124/1/132 
f 123/1/133 137/1/133 139/1/133 
f 139/1/133 124/1/133 123/1/133 
f 123/1/134 122/1/134 138/1/134 
f 138/1/134 137/1/134 123/1/134 
f 122/1/135 121/1/135 149/1/135 
f 149/1/136 138/1/136 122/1/136 
f 138/1/137 149/1/137 150/1/137 
f 150/1/138 133/1/138 138/1/138 
f 140/1/139 134/1/139 133/1/139 
f 133/1/139 150/1/139 140/1/139 
f 151/1/140 152/1/140 153/1/140 
f 153/1/141 154/1/141 151/1/141 
f 155/1/142 156/1/142 152/1/142 
f 152/1/143 151/1/143 155/1/143 
f 152/1/144 157/1/144 158/1/144 
f 158/1/145 153/1/145 152/1/145 
f 152/1/146 156/1/146 159/1/146 
f 159/1/146 157/1/146 152/1/146 
f 154/1/147 160/1/147 161/1/147 
f 161/1/147 162/1/147 154/1/147 
f 154/1/148 162/1/148 163/1/148 
f 163/1/148 151/1/148 154/1/148 
f 155/1/149 151/1/149 163/1/149 
f 163/1/149 164/1/149 155/1/149 
f 164/1/150 165/1/150 166/1/150 
f 166/1/150 155/1/150 164/1/150 
f 156/1/151 155/1/151 166/1/151 
f 166/1/151 167/1/151 156/1/151 
f 168/1/152 159/1/152 156/1/152 
f 156/1/152 167/1/152 168/1/152 
f 144/1/153 159/1/153 168/1/153 
f 168/1/153 145/1/153 144/1/153 
f 143/1/154 157/1/154 159/1/154 
f 159/1/154 144/1/154 143/1/154 
f 143/1/155 142/1/155 158/1/155 
f 158/1/156 157/1/156 143/1/156 
f 142/1/157 141/1/157 169/1/157 
f 169/1/157 158/1/157 142/1/157 
f 158/1/158 169/1/158 170/1/158 
f 170/1/159 153/1/159 158/1/159 
f 160/1/160 154/1/160 153/1/160 
f 153/1/160 170/1/160 160/1/160 
f 171/1/161 172/1/161 173/1/161 
f 173/1/161 174/1/161 171/1/161 
f 175/1/162 176/1/162 172/1/162 
f 172/1/162 171/1/162 175/1/162 
f 172/1/163 177/1/163 178/1/163 
f 178/1/164 173/1/164 172/1/164 
f 172/1/165 176/1/165 179/1/165 
f 179/1/165 177/1/165 172/1/165 
f 174/1/166 180/1/166 181/1/166 
f 181/1/167 182/1/167 174/1/167 
f 174/1/168 182/1/168 183/1/168 
f 183/1/168 171/1/168 174/1/168 
f 175/1/169 171/1/169 183/1/169 
f 183/1/170 184/1/170 175/1/170 
f 185/1/171 175/1/171 184/1/171 
f 184/1/171 186/1/171 185/1/171 
f 176/1/172 175/1/172 185/1/172 
f 185/1/172 187/1/172 176/1/172 
f 188/1/173 179/1/173 176/1/173 
f 176/1/173 187/1/173 188/1/173 
f 164/1/174 179/1/174 188/1/174 
f 188/1/174 165/1/174 164/1/174 
f 163/1/175 177/1/175 179/1/175 
f 179/1/175 164/1/175 163/1/175 
f 163/1/176 162/1/176 178/1/176 
f 178/1/176 177/1/176 163/1/176 
f 162/1/177 161/1/177 189/1/177 
f 189/1/177 178/1/177 162/1/177 
f 178/1/178 189/1/178 190/1/178 
f 190/1/178 173/1/178 178/1/178 
f 180/1/179 174/1/179 173/1/179 
f 173/1/179 190/1/179 180/1/179 
f 191/1/180 192/1/180 193/1/180 
f 193/1/181 194/1/181 191/1/181 
f 195/1/182 196/1/182 192/1/182 
f 192/1/182 191/1/182 195/1/182 
f 192/1/183 197/1/183 198/1/183 
f 198/1/184 193/1/184 192/1/184 
f 192/1/185 196/1/185 199/1/185 
f 199/1/185 197/1/185 192/1/185 
f 194/1/186 200/1/186 201/1/186 
f 201/1/186 202/1/186 194/1/186 
f 194/1/187 202/1/187 203/1/187 
f 203/1/187 191/1/187 194/1/187 
f 195/1/188 191/1/188 203/1/188 
f 203/1/188 204/1/188 195/1/188 
f 205/1/189 195/1/189 204/1/189 
f 204/1/189 206/1/189 205/1/189 
f 196/1/190 195/1/190 205/1/190 
f 205/1/190 207/1/190 196/1/190 
f 208/1/191 199/1/191 196/1/191 
f 196/1/191 207/1/191 208/1/191 
f 186/1/192 184/1/192 199/1/192 
f 199/1/192 208/1/192 186/1/192 
f 183/1/193 197/1/193 199/1/193 
f 199/1/193 184/1/193 183/1/193 
f 183/1/194 182/1/194 198/1/194 
f 198/1/194 197/1/194 183/1/194 
f 182/1/195 181/1/195 209/1/195 
f 209/1/196 198/1/196 182/1/196 
f 198/1/197 209/1/197 210/1/197 
f 210/1/197 193/1/197 198/1/197 
f 200/1/198 194/1/198 193/1/198 
f 193/1/198 210/1/198 200/1/198 
f 211/1/199 212/1/199 213/1/199 
f 213/1/199 214/1/199 211/1/199 
f 215/1/200 216/1/200 212/1/200 
f 212/1/200 211/1/200 215/1/200 
f 212/1/201 217/1/201 218/1/201 
f 218/1/201 213/1/201 212/1/201 
f 212/1/202 216/1/202 219/1/202 
f 219/1/203 217/1/203 212/1/203 
f 214/1/204 220/1/204 221/1/204 
f 221/1/205 222/1/205 214/1/205 
f 214/1/206 222/1/206 223/1/206 
f 223/1/206 211/1/206 214/1/206 
f 215/1/207 211/1/207 223/1/207 
f 223/1/207 224/1/207 215/1/207 
f 225/1/208 215/1/208 224/1/208 
f 224/1/208 226/1/208 225/1/208 
f 216/1/209 215/1/209 225/1/209 
f 225/1/210 227/1/210 216/1/210 
f 228/1/211 219/1/211 216/1/211 
f 216/1/212 227/1/212 228/1/212 
f 206/1/213 204/1/213 219/1/213 
f 219/1/213 228/1/213 206/1/213 
f 203/1/214 217/1/214 219/1/214 
f 219/1/214 204/1/214 203/1/214 
f 203/1/215 202/1/215 218/1/215 
f 218/1/215 217/1/215 203/1/215 
f 202/1/216 201/1/216 229/1/216 
f 229/1/216 218/1/216 202/1/216 
f 218/1/217 229/1/217 230/1/217 
f 230/1/217 213/1/217 218/1/217 
f 220/1/218 214/1/218 213/1/218 
f 213/1/219 230/1/219 220/1/219 
f 231/1/220 232/1/220 233/1/220 
f 233/1/220 234/1/220 231/1/220 
f 235/1/221 236/1/221 232/1/221 
f 232/1/221 231/1/221 235/1/221 
f 232/1/222 237/1/222 238/1/222 
f 238/1/223 233/1/223 232/1/223 
f 232/1/224 236/1/224 239/1/224 
f 239/1/224 237/1/224 232/1/224 
f 234/1/225 240/1/225 241/1/225 
f 241/1/225 242/1/225 234/1/225 
f 234/1/226 242/1/226 243/1/226 
f 243/1/227 231/1/227 234/1/227 
f 235/1/228 231/1/228 243/1/228 
f 243/1/228 244/1/228 235/1/228 
f 245/1/229 235/1/229 244/1/229 
f 244/1/229 246/1/229 245/1/229 
f 236/1/230 235/1/230 245/1/230 
f 245/1/231 247/1/231 236/1/231 
f 248/1/232 239/1/232 236/1/232 
f 236/1/232 247/1/232 248/1/232 
f 226/1/233 224/1/233 239/1/233 
f 239/1/233 248/1/233 226/1/233 
f 223/1/234 237/1/234 239/1/234 
f 239/1/234 224/1/234 223/1/234 
f 223/1/235 222/1/235 238/1/235 
f 238/1/235 237/1/235 223/1/235 
f 222/1/236 221/1/236 249/1/236 
f 249/1/236 238/1/236 222/1/236 
f 238/1/237 249/1/237 250/1/237 
f 250/1/237 233/1/237 238/1/237 
f 240/1/238 234/1/238 233/1/238 
f 233/1/238 250/1/238 240/1/238 
f 251/1/239 252/1/239 253/1/239 
f 253/1/239 254/1/239 251/1/239 
f 255/1/240 256/1/240 252/1/240 
f 252/1/240 251/1/240 255/1/240 
f 252/1/241 257/1/241 258/1/241 
f 258/1/241 253/1/241 252/1/241 
f 252/1/242 256/1/242 259/1/242 
f 259/1/242 257/1/242 252/1/242 
f 254/1/243 260/1/243 261/1/243 
f 261/1/243 262/1/243 254/1/243 
f 254/1/244 262/1/244 263/1/244 
f 263/1/244 251/1/244 254/1/244 
f 255/1/245 251/1/245 263/1/245 
f 263/1/245 264/1/245 255/1/245 
f 265/1/246 255/1/246 264/1/246 
f 264/1/247 266/1/247 265/1/247 
f 256/1/248 255/1/248 265/1/248 
f 265/1/248 267/1/248 256/1/248 
f 268/1/249 259/1/249 256/1/249 
f 256/1/249 267/1/249 268/1/249 
f 246/1/250 244/1/250 259/1/250 
f 259/1/250 268/1/250 246/1/250 
f 243/1/251 257/1/251 259/1/251 
f 259/1/251 244/1/251 243/1/251 
f 243/1/252 242/1/252 258/1/252 
f 258/1/252 257/1/252 243/1/252 
f 242/1/253 241/1/253 269/1/253 
f 269/1/253 258/1/253 242/1/253 
f 258/1/254 269/1/254 270/1/254 
f 270/1/254 253/1/254 258/1/254 
f 260/1/255 254/1/255 253/1/255 
f 253/1/256 270/1/256 260/1/256 
f 271/1/257 272/1/257 273/1/257 
f 273/1/257 274/1/257 271/1/257 
f 275/1/258 276/1/258 272/1/258 
f 272/1/258 271/1/258 275/1/258 
f 272/1/259 277/1/259 278/1/259 
f 278/1/259 273/1/259 272/1/259 
f 272/1/260 276/1/260 279/1/260 
f 279/1/260 277/1/260 272/1/260 
f 274/1/261 280/1/261 281/1/261 
f 281/1/261 282/1/261 274/1/261 
f 274/1/262 282/1/262 283/1/262 
f 283/1/262 271/1/262 274/1/262 
f 275/1/263 271/1/263 283/1/263 
f 283/1/263 284/1/263 275/1/263 
f 285/1/264 275/1/264 284/1/264 
f 284/1/264 286/1/264 285/1/264 
f 276/1/265 275/1/265 285/1/265 
f 285/1/265 287/1/265 276/1/265 
f 288/1/266 279/1/266 276/1/266 
f 276/1/266 287/1/266 288/1/266 
f 266/1/267 264/1/267 279/1/267 
f 279/1/267 288/1/267 266/1/267 
f 263/1/268 277/1/268 279/1/268 
f 279/1/269 264/1/269 263/1/269 
f 263/1/270 262/1/270 278/1/270 
f 278/1/270 277/1/270 263/1/270 
f 262/1/271 261/1/271 289/1/271 
f 289/1/271 278/1/271 262/1/271 
f 278/1/272 289/1/272 290/1/272 
f 290/1/272 273/1/272 278/1/272 
f 280/1/273 274/1/273 273/1/273 
f 273/1/273 290/1/273 280/1/273 
f 291/1/274 292/1/274 293/1/274 
f 293/1/275 294/1/275 291/1/275 
f 295/1/276 296/1/276 292/1/276 
f 292/1/276 291/1/276 295/1/276 
f 292/1/277 297/1/277 298/1/277 
f 298/1/278 293/1/278 292/1/278 
f 292/1/279 296/1/279 299/1/279 
f 299/1/279 297/1/279 292/1/279 
f 294/1/280 300/1/280 301/1/280 
f 301/1/280 302/1/280 294/1/280 
f 294/1/281 302/1/281 303/1/281 
f 303/1/282 291/1/282 294/1/282 
f 295/1/283 291/1/283 303/1/283 
f 303/1/284 304/1/284 295/1/284 
f 305/1/285 295/1/285 304/1/285 
f 304/1/285 306/1/285 305/1/285 
f 296/1/286 295/1/286 305/1/286 
f 305/1/287 307/1/287 296/1/287 
f 308/1/288 299/1/288 296/1/288 
f 296/1/288 307/1/288 308/1/288 
f 286/1/289 284/1/289 299/1/289 
f 299/1/289 308/1/289 286/1/289 
f 283/1/290 297/1/290 299/1/290 
f 299/1/290 284/1/290 283/1/290 
f 283/1/291 282/1/291 298/1/291 
f 298/1/291 297/1/291 283/1/291 
f 282/1/292 281/1/292 309/1/292 
f 309/1/292 298/1/292 282/1/292 
f 298/1/293 309/1/293 310/1/293 
f 310/1/293 293/1/293 298/1/293 
f 300/1/294 294/1/294 293/1/294 
f 293/1/294 310/1/294 300/1/294 
f 311/1/295 312/1/295 313/1/295 
f 313/1/296 314/1/296 311/1/296 
f 315/1/297 316/1/297 312/1/297 
f 312/1/298 311/1/298 315/1/298 
f 312/1/299 317/1/299 318/1/299 
f 318/1/299 313/1/299 312/1/299 
f 312/1/300 316/1/300 319/1/300 
f 319/1/300 317/1/300 312/1/300 
f 314/1/301 320/1/301 321/1/301 
f 321/1/301 322/1/301 314/1/301 
f 314/1/302 322/1/302 323/1/302 
f 323/1/302 311/1/302 314/1/302 
f 315/1/303 311/1/303 323/1/303 
f 323/1/304 324/1/304 315/1/304 
f 325/1/305 315/1/305 324/1/305 
f 324/1/305 326/1/305 325/1/305 
f 316/1/306 315/1/306 325/1/306 
f 325/1/306 327/1/306 316/1/306 
f 328/1/307 319/1/307 316/1/307 
f 316/1/307 327/1/307 328/1/307 
f 306/1/308 304/1/308 319/1/308 
f 319/1/308 328/1/308 306/1/308 
f 303/1/309 317/1/309 319/1/309 
f 319/1/309 304/1/309 303/1/309 
f 303/1/310 302/1/310 318/1/310 
f 318/1/310 317/1/310 303/1/310 
f 302/1/311 301/1/311 329/1/311 
f 329/1/311 318/1/311 302/1/311 
f 318/1/312 329/1/312 330/1/312 
f 330/1/313 313/1/313 318/1/313 
f 320/1/314 314/1/314 313/1/314 
f 313/1/315 330/1/315 320/1/315 
f 331/1/316 332/1/316 333/1/316 
f 333/1/316 334/1/316 331/1/316 
f 335/1/317 336/1/317 332/1/317 
f 332/1/317 331/1/317 335/1/317 
f 332/1/318 337/1/318 338/1/318 
f 338/1/319 333/1/319 332/1/319 
f 332/1/320 336/1/320 339/1/320 
f 339/1/320 337/1/320 332/1/320 
f 334/1/321 340/1/321 341/1/321 
f 341/1/321 342/1/321 334/1/321 
f 334/1/322 342/1/322 343/1/322 
f 343/1/322 331/1/322 334/1/322 
f 335/1/323 331/1/323 343/1/323 
f 343/1/323 344/1/323 335/1/323 
f 345/1/324 335/1/324 344/1/324 
f 344/1/324 346/1/324 345/1/324 
f 336/1/325 335/1/325 345/1/325 
f 345/1/326 347/1/326 336/1/326 
f 348/1/327 339/1/327 336/1/327 
f 336/1/327 347/1/327 348/1/327 
f 326/1/328 324/1/328 339/1/328 
f 339/1/328 348/1/328 326/1/328 
f 323/1/329 337/1/329 339/1/329 
f 339/1/330 324/1/330 323/1/330 
f 323/1/331 322/1/331 338/1/331 
f 338/1/331 337/1/331 323/1/331 
f 322/1/332 321/1/332 349/1/332 
f 349/1/333 338/1/333 322/1/333 
f 338/1/334 349/1/334 350/1/334 
f 350/1/334 333/1/334 338/1/334 
f 340/1/335 334/1/335 333/1/335 
f 333/1/335 350/1/335 340/1/335 
f 351/1/21 352/1/21 353/1/21 
f 353/1/21 354/1/21 351/1/21 
f 355/1/336 356/1/336 352/1/336 
f 352/1/336 351/1/336 355/1/336 
f 352/1/24 357/1/24 358/1/24 
f 358/1/24 353/1/24 352/1/24 
f 352/1/23 356/1/23 359/1/23 
f 359/1/23 357/1/23 352/1/23 
f 354/1/29 360/1/29 361/1/29 
f 361/1/29 362/1/29 354/1/29 
f 354/1/337 362/1/337 363/1/337 
f 363/1/28 351/1/28 354/1/28 
f 355/1/27 351/1/27 363/1/27 
f 363/1/27 364/1/27 355/1/27 
f 365/1/26 355/1/26 364/1/26 
f 364/1/26 366/1/26 365/1/26 
f 356/1/338 355/1/338 365/1/338 
f 365/1/40 367/1/40 356/1/40 
f 368/1/39 359/1/39 356/1/39 
f 356/1/39 367/1/39 368/1/39 
f 346/1/339 344/1/339 359/1/339 
f 359/1/38 368/1/38 346/1/38 
f 343/1/36 357/1/36 359/1/36 
f 359/1/340 344/1/340 343/1/340 
f 343/1/35 342/1/35 358/1/35 
f 358/1/341 357/1/341 343/1/341 
f 342/1/34 341/1/34 369/1/34 
f 369/1/34 358/1/34 342/1/34 
f 358/1/33 369/1/33 370/1/33 
f 370/1/33 353/1/33 358/1/33 
f 360/1/31 354/1/31 353/1/31 
f 353/1/31 370/1/31 360/1/31 
f 371/1/43 372/1/43 373/1/43 
f 373/1/43 374/1/43 371/1/43 
f 375/1/42 376/1/42 372/1/42 
f 372/1/42 371/1/42 375/1/42 
f 372/1/342 377/1/342 378/1/342 
f 378/1/342 373/1/342 372/1/342 
f 372/1/45 376/1/45 379/1/45 
f 379/1/343 377/1/343 372/1/343 
f 374/1/344 380/1/344 381/1/344 
f 381/1/50 382/1/50 374/1/50 
f 374/1/49 382/1/49 383/1/49 
f 383/1/49 371/1/49 374/1/49 
f 375/1/345 371/1/345 383/1/345 
f 383/1/345 384/1/345 375/1/345 
f 385/1/47 375/1/47 384/1/47 
f 384/1/47 386/1/47 385/1/47 
f 376/1/60 375/1/60 385/1/60 
f 385/1/346 387/1/346 376/1/346 
f 388/1/59 379/1/59 376/1/59 
f 376/1/59 387/1/59 388/1/59 
f 366/1/57 364/1/57 379/1/57 
f 379/1/57 388/1/57 366/1/57 
f 363/1/56 377/1/56 379/1/56 
f 379/1/56 364/1/56 363/1/56 
f 363/1/347 362/1/347 378/1/347 
f 378/1/55 377/1/55 363/1/55 
f 362/1/53 361/1/53 389/1/53 
f 389/1/53 378/1/53 362/1/53 
f 378/1/348 389/1/348 390/1/348 
f 390/1/52 373/1/52 378/1/52 
f 380/1/51 374/1/51 373/1/51 
f 373/1/51 390/1/51 380/1/51 
f 391/1/63 392/1/63 393/1/63 
f 393/1/63 394/1/63 391/1/63 
f 395/1/61 396/1/61 392/1/61 
f 392/1/61 391/1/61 395/1/61 
f 392/1/349 397/1/349 398/1/349 
f 398/1/349 393/1/349 392/1/349 
f 392/1/350 396/1/350 399/1/350 
f 399/1/350 397/1/350 392/1/350 
f 394/1/70 400/1/70 401/1/70 
f 401/1/351 402/1/351 394/1/351 
f 394/1/69 402/1/69 403/1/69 
f 403/1/69 391/1/69 394/1/69 
f 395/1/68 391/1/68 403/1/68 
f 403/1/68 404/1/68 395/1/68 
f 405/1/67 395/1/67 404/1/67 
f 404/1/67 406/1/67 405/1/67 
f 396/1/352 395/1/352 405/1/352 
f 405/1/352 407/1/352 396/1/352 
f 408/1/80 399/1/80 396/1/80 
f 396/1/80 407/1/80 408/1/80 
f 386/1/79 384/1/79 399/1/79 
f 399/1/79 408/1/79 386/1/79 
f 383/1/78 397/1/78 399/1/78 
f 399/1/78 384/1/78 383/1/78 
f 383/1/353 382/1/353 398/1/353 
f 398/1/353 397/1/353 383/1/353 
f 382/1/75 381/1/75 409/1/75 
f 409/1/75 398/1/75 382/1/75 
f 398/1/73 409/1/73 410/1/73 
f 410/1/73 393/1/73 398/1/73 
f 400/1/71 394/1/71 393/1/71 
f 393/1/71 410/1/71 400/1/71 
f 411/1/354 412/1/354 413/1/354 
f 413/1/355 414/1/355 411/1/355 
f 415/1/82 416/1/82 412/1/82 
f 412/1/356 411/1/356 415/1/356 
f 412/1/86 417/1/86 418/1/86 
f 418/1/86 413/1/86 412/1/86 
f 412/1/357 416/1/357 419/1/357 
f 419/1/85 417/1/85 412/1/85 
f 414/1/91 420/1/91 421/1/91 
f 421/1/91 422/1/91 414/1/91 
f 414/1/358 422/1/358 423/1/358 
f 423/1/359 411/1/359 414/1/359 
f 415/1/360 411/1/360 423/1/360 
f 423/1/88 424/1/88 415/1/88 
f 425/1/361 415/1/361 424/1/361 
f 424/1/87 426/1/87 425/1/87 
f 416/1/362 415/1/362 425/1/362 
f 425/1/363 427/1/363 416/1/363 
f 428/1/364 419/1/364 416/1/364 
f 416/1/100 427/1/100 428/1/100 
f 406/1/99 404/1/99 419/1/99 
f 419/1/99 428/1/99 406/1/99 
f 403/1/365 417/1/365 419/1/365 
f 419/1/365 404/1/365 403/1/365 
f 403/1/366 402/1/366 418/1/366 
f 418/1/367 417/1/367 403/1/367 
f 402/1/94 401/1/94 429/1/94 
f 429/1/94 418/1/94 402/1/94 
f 418/1/368 429/1/368 430/1/368 
f 430/1/369 413/1/369 418/1/369 
f 420/1/92 414/1/92 413/1/92 
f 413/1/92 430/1/92 420/1/92 
f 431/1/370 432/1/370 433/1/370 
f 433/1/371 434/1/371 431/1/371 
f 435/1/102 436/1/102 432/1/102 
f 432/1/102 431/1/102 435/1/102 
f 432/1/106 437/1/106 438/1/106 
f 438/1/106 433/1/106 432/1/106 
f 432/1/105 436/1/105 439/1/105 
f 439/1/105 437/1/105 432/1/105 
f 434/1/111 440/1/111 441/1/111 
f 441/1/111 442/1/111 434/1/111 
f 434/1/372 442/1/372 443/1/372 
f 443/1/110 431/1/110 434/1/110 
f 435/1/373 431/1/373 443/1/373 
f 443/1/109 444/1/109 435/1/109 
f 445/1/374 435/1/374 444/1/374 
f 444/1/374 446/1/374 445/1/374 
f 436/1/121 435/1/121 445/1/121 
f 445/1/375 447/1/375 436/1/375 
f 448/1/119 439/1/119 436/1/119 
f 436/1/119 447/1/119 448/1/119 
f 426/1/118 424/1/118 439/1/118 
f 439/1/118 448/1/118 426/1/118 
f 423/1/116 437/1/116 439/1/116 
f 439/1/116 424/1/116 423/1/116 
f 423/1/115 422/1/115 438/1/115 
f 438/1/115 437/1/115 423/1/115 
f 422/1/376 421/1/376 449/1/376 
f 449/1/114 438/1/114 422/1/114 
f 438/1/113 449/1/113 450/1/113 
f 450/1/113 433/1/113 438/1/113 
f 440/1/112 434/1/112 433/1/112 
f 433/1/112 450/1/112 440/1/112 
f 451/1/123 452/1/123 453/1/123 
f 453/1/123 454/1/123 451/1/123 
f 455/1/122 456/1/122 452/1/122 
f 452/1/122 451/1/122 455/1/122 
f 452/1/125 457/1/125 458/1/125 
f 458/1/125 453/1/125 452/1/125 
f 452/1/377 456/1/377 459/1/377 
f 459/1/124 457/1/124 452/1/124 
f 454/1/129 460/1/129 461/1/129 
f 461/1/129 462/1/129 454/1/129 
f 454/1/378 462/1/378 463/1/378 
f 463/1/128 451/1/128 454/1/128 
f 455/1/127 451/1/127 463/1/127 
f 463/1/127 464/1/127 455/1/127 
f 465/1/126 455/1/126 464/1/126 
f 464/1/126 466/1/126 465/1/126 
f 456/1/139 455/1/139 465/1/139 
f 465/1/139 467/1/139 456/1/139 
f 468/1/138 459/1/138 456/1/138 
f 456/1/137 467/1/137 468/1/137 
f 446/1/379 444/1/379 459/1/379 
f 459/1/136 468/1/136 446/1/136 
f 443/1/134 457/1/134 459/1/134 
f 459/1/134 444/1/134 443/1/134 
f 443/1/133 442/1/133 458/1/133 
f 458/1/133 457/1/133 443/1/133 
f 442/1/132 441/1/132 469/1/132 
f 469/1/132 458/1/132 442/1/132 
f 458/1/380 469/1/380 470/1/380 
f 470/1/380 453/1/380 458/1/380 
f 460/1/130 454/1/130 453/1/130 
f 453/1/130 470/1/130 460/1/130 
f 471/1/381 472/1/381 473/1/381 
f 473/1/143 474/1/143 471/1/143 
f 475/1/141 476/1/141 472/1/141 
f 472/1/382 471/1/382 475/1/382 
f 472/1/146 477/1/146 478/1/146 
f 478/1/146 473/1/146 472/1/146 
f 472/1/383 476/1/383 479/1/383 
f 479/1/384 477/1/384 472/1/384 
f 474/1/385 480/1/385 481/1/385 
f 481/1/150 482/1/150 474/1/150 
f 474/1/386 482/1/386 483/1/386 
f 483/1/149 471/1/149 474/1/149 
f 475/1/148 471/1/148 483/1/148 
f 483/1/148 484/1/148 475/1/148 
f 485/1/387 475/1/387 484/1/387 
f 484/1/147 486/1/147 485/1/147 
f 476/1/160 475/1/160 485/1/160 
f 485/1/160 487/1/160 476/1/160 
f 488/1/388 479/1/388 476/1/388 
f 476/1/388 487/1/388 488/1/388 
f 466/1/157 464/1/157 479/1/157 
f 479/1/157 488/1/157 466/1/157 
f 463/1/389 477/1/389 479/1/389 
f 479/1/156 464/1/156 463/1/156 
f 463/1/154 462/1/154 478/1/154 
f 478/1/154 477/1/154 463/1/154 
f 462/1/390 461/1/390 489/1/390 
f 489/1/153 478/1/153 462/1/153 
f 478/1/391 489/1/391 490/1/391 
f 490/1/391 473/1/391 478/1/391 
f 480/1/151 474/1/151 473/1/151 
f 473/1/151 490/1/151 480/1/151 
f 491/1/162 492/1/162 493/1/162 
f 493/1/162 494/1/162 491/1/162 
f 495/1/161 496/1/161 492/1/161 
f 492/1/161 491/1/161 495/1/161 
f 492/1/165 497/1/165 498/1/165 
f 498/1/392 493/1/392 492/1/392 
f 492/1/164 496/1/164 499/1/164 
f 499/1/164 497/1/164 492/1/164 
f 494/1/171 500/1/171 501/1/171 
f 501/1/171 502/1/171 494/1/171 
f 494/1/393 502/1/393 503/1/393 
f 503/1/394 491/1/394 494/1/394 
f 495/1/168 491/1/168 503/1/168 
f 503/1/168 504/1/168 495/1/168 
f 505/1/395 495/1/395 504/1/395 
f 504/1/166 506/1/166 505/1/166 
f 496/1/179 495/1/179 505/1/179 
f 505/1/179 507/1/179 496/1/179 
f 508/1/178 499/1/178 496/1/178 
f 496/1/178 507/1/178 508/1/178 
f 486/1/177 484/1/177 499/1/177 
f 499/1/396 508/1/396 486/1/396 
f 483/1/397 497/1/397 499/1/397 
f 499/1/176 484/1/176 483/1/176 
f 483/1/398 482/1/398 498/1/398 
f 498/1/175 497/1/175 483/1/175 
f 482/1/174 481/1/174 509/1/174 
f 509/1/174 498/1/174 482/1/174 
f 498/1/399 509/1/399 510/1/399 
f 510/1/399 493/1/399 498/1/399 
f 500/1/400 494/1/400 493/1/400 
f 493/1/400 510/1/400 500/1/400 
f 511/1/182 512/1/182 513/1/182 
f 513/1/182 514/1/182 511/1/182 
f 515/1/401 516/1/401 512/1/401 
f 512/1/401 511/1/401 515/1/401 
f 512/1/402 517/1/402 518/1/402 
f 518/1/185 513/1/185 512/1/185 
f 512/1/403 516/1/403 519/1/403 
f 519/1/184 517/1/184 512/1/184 
f 514/1/189 520/1/189 521/1/189 
f 521/1/189 522/1/189 514/1/189 
f 514/1/188 522/1/188 523/1/188 
f 523/1/188 511/1/188 514/1/188 
f 515/1/404 511/1/404 523/1/404 
f 523/1/187 524/1/187 515/1/187 
f 525/1/186 515/1/186 524/1/186 
f 524/1/405 526/1/405 525/1/405 
f 516/1/198 515/1/198 525/1/198 
f 525/1/198 527/1/198 516/1/198 
f 528/1/197 519/1/197 516/1/197 
f 516/1/197 527/1/197 528/1/197 
f 506/1/195 504/1/195 519/1/195 
f 519/1/195 528/1/195 506/1/195 
f 503/1/194 517/1/194 519/1/194 
f 519/1/194 504/1/194 503/1/194 
f 503/1/193 502/1/193 518/1/193 
f 518/1/406 517/1/406 503/1/406 
f 502/1/192 501/1/192 529/1/192 
f 529/1/192 518/1/192 502/1/192 
f 518/1/191 529/1/191 530/1/191 
f 530/1/191 513/1/191 518/1/191 
f 520/1/407 514/1/407 513/1/407 
f 513/1/190 530/1/190 520/1/190 
f 531/1/200 532/1/200 533/1/200 
f 533/1/200 534/1/200 531/1/200 
f 535/1/199 536/1/199 532/1/199 
f 532/1/408 531/1/408 535/1/408 
f 532/1/203 537/1/203 538/1/203 
f 538/1/203 533/1/203 532/1/203 
f 532/1/201 536/1/201 539/1/201 
f 539/1/409 537/1/409 532/1/409 
f 534/1/410 540/1/410 541/1/410 
f 541/1/410 542/1/410 534/1/410 
f 534/1/207 542/1/207 543/1/207 
f 543/1/207 531/1/207 534/1/207 
f 535/1/411 531/1/411 543/1/411 
f 543/1/206 544/1/206 535/1/206 
f 545/1/204 535/1/204 544/1/204 
f 544/1/204 546/1/204 545/1/204 
f 536/1/218 535/1/218 545/1/218 
f 545/1/218 547/1/218 536/1/218 
f 548/1/217 539/1/217 536/1/217 
f 536/1/412 547/1/412 548/1/412 
f 526/1/413 524/1/413 539/1/413 
f 539/1/414 548/1/414 526/1/414 
f 523/1/215 537/1/215 539/1/215 
f 539/1/215 524/1/215 523/1/215 
f 523/1/214 522/1/214 538/1/214 
f 538/1/214 537/1/214 523/1/214 
f 522/1/213 521/1/213 549/1/213 
f 549/1/213 538/1/213 522/1/213 
f 538/1/212 549/1/212 550/1/212 
f 550/1/212 533/1/212 538/1/212 
f 540/1/210 534/1/210 533/1/210 
f 533/1/209 550/1/209 540/1/209 
f 551/1/221 552/1/221 553/1/221 
f 553/1/415 554/1/415 551/1/415 
f 555/1/220 556/1/220 552/1/220 
f 552/1/220 551/1/220 555/1/220 
f 552/1/224 557/1/224 558/1/224 
f 558/1/224 553/1/224 552/1/224 
f 552/1/223 556/1/223 559/1/223 
f 559/1/223 557/1/223 552/1/223 
f 554/1/229 560/1/229 561/1/229 
f 561/1/229 562/1/229 554/1/229 
f 554/1/228 562/1/228 563/1/228 
f 563/1/228 551/1/228 554/1/228 
f 555/1/227 551/1/227 563/1/227 
f 563/1/227 564/1/227 555/1/227 
f 565/1/416 555/1/416 564/1/416 
f 564/1/417 566/1/417 565/1/417 
f 556/1/418 555/1/418 565/1/418 
f 565/1/238 567/1/238 556/1/238 
f 568/1/419 559/1/419 556/1/419 
f 556/1/237 567/1/237 568/1/237 
f 546/1/236 544/1/236 559/1/236 
f 559/1/420 568/1/420 546/1/420 
f 543/1/235 557/1/235 559/1/235 
f 559/1/235 544/1/235 543/1/235 
f 543/1/234 542/1/234 558/1/234 
f 558/1/234 557/1/234 543/1/234 
f 542/1/233 541/1/233 569/1/233 
f 569/1/233 558/1/233 542/1/233 
f 558/1/232 569/1/232 570/1/232 
f 570/1/232 553/1/232 558/1/232 
f 560/1/230 554/1/230 553/1/230 
f 553/1/230 570/1/230 560/1/230 
f 571/1/240 572/1/240 573/1/240 
f 573/1/240 574/1/240 571/1/240 
f 575/1/239 576/1/239 572/1/239 
f 572/1/239 571/1/239 575/1/239 
f 572/1/242 577/1/242 578/1/242 
f 578/1/421 573/1/421 572/1/421 
f 572/1/241 576/1/241 579/1/241 
f 579/1/422 577/1/422 572/1/422 
f 574/1/423 580/1/423 581/1/423 
f 581/1/246 582/1/246 574/1/246 
f 574/1/424 582/1/424 583/1/424 
f 583/1/245 571/1/245 574/1/245 
f 575/1/244 571/1/244 583/1/244 
f 583/1/244 584/1/244 575/1/244 
f 585/1/425 575/1/425 584/1/425 
f 584/1/243 586/1/243 585/1/243 
f 576/1/426 575/1/426 585/1/426 
f 585/1/426 587/1/426 576/1/426 
f 588/1/254 579/1/254 576/1/254 
f 576/1/254 587/1/254 588/1/254 
f 566/1/253 564/1/253 579/1/253 
f 579/1/253 588/1/253 566/1/253 
f 563/1/427 577/1/427 579/1/427 
f 579/1/428 564/1/428 563/1/428 
f 563/1/251 562/1/251 578/1/251 
f 578/1/251 577/1/251 563/1/251 
f 562/1/250 561/1/250 589/1/250 
f 589/1/250 578/1/250 562/1/250 
f 578/1/249 589/1/249 590/1/249 
f 590/1/249 573/1/249 578/1/249 
f 580/1/248 574/1/248 573/1/248 
f 573/1/248 590/1/248 580/1/248 
f 591/1/258 592/1/258 593/1/258 
f 593/1/258 594/1/258 591/1/258 
f 595/1/429 596/1/429 592/1/429 
f 592/1/257 591/1/257 595/1/257 
f 592/1/260 597/1/260 598/1/260 
f 598/1/260 593/1/260 592/1/260 
f 592/1/259 596/1/259 599/1/259 
f 599/1/430 597/1/430 592/1/430 
f 594/1/431 600/1/431 601/1/431 
f 601/1/431 602/1/431 594/1/431 
f 594/1/432 602/1/432 603/1/432 
f 603/1/432 591/1/432 594/1/432 
f 595/1/262 591/1/262 603/1/262 
f 603/1/262 604/1/262 595/1/262 
f 605/1/261 595/1/261 604/1/261 
f 604/1/261 606/1/261 605/1/261 
f 596/1/273 595/1/273 605/1/273 
f 605/1/273 607/1/273 596/1/273 
f 608/1/433 599/1/433 596/1/433 
f 596/1/433 607/1/433 608/1/433 
f 586/1/271 584/1/271 599/1/271 
f 599/1/271 608/1/271 586/1/271 
f 583/1/270 597/1/270 599/1/270 
f 599/1/270 584/1/270 583/1/270 
f 583/1/269 582/1/269 598/1/269 
f 598/1/268 597/1/268 583/1/268 
f 582/1/267 581/1/267 609/1/267 
f 609/1/267 598/1/267 582/1/267 
f 598/1/266 609/1/266 610/1/266 
f 610/1/266 593/1/266 598/1/266 
f 600/1/265 594/1/265 593/1/265 
f 593/1/265 610/1/265 600/1/265 
f 611/1/276 612/1/276 613/1/276 
f 613/1/276 614/1/276 611/1/276 
f 615/1/274 616/1/274 612/1/274 
f 612/1/434 611/1/434 615/1/434 
f 612/1/435 617/1/435 618/1/435 
f 618/1/435 613/1/435 612/1/435 
f 612/1/277 616/1/277 619/1/277 
f 619/1/277 617/1/277 612/1/277 
f 614/1/285 620/1/285 621/1/285 
f 621/1/285 622/1/285 614/1/285 
f 614/1/436 622/1/436 623/1/436 
f 623/1/436 611/1/436 614/1/436 
f 615/1/282 611/1/282 623/1/282 
f 623/1/282 624/1/282 615/1/282 
f 625/1/280 615/1/280 624/1/280 
f 624/1/280 626/1/280 625/1/280 
f 616/1/294 615/1/294 625/1/294 
f 625/1/437 627/1/437 616/1/437 
f 628/1/293 619/1/293 616/1/293 
f 616/1/438 627/1/438 628/1/438 
f 606/1/292 604/1/292 619/1/292 
f 619/1/292 628/1/292 606/1/292 
f 603/1/291 617/1/291 619/1/291 
f 619/1/291 604/1/291 603/1/291 
f 603/1/290 602/1/290 618/1/290 
f 618/1/290 617/1/290 603/1/290 
f 602/1/289 601/1/289 629/1/289 
f 629/1/289 618/1/289 602/1/289 
f 618/1/288 629/1/288 630/1/288 
f 630/1/439 613/1/439 618/1/439 
f 620/1/440 614/1/440 613/1/440 
f 613/1/441 630/1/441 620/1/441 
f 631/1/297 632/1/297 633/1/297 
f 633/1/442 634/1/442 631/1/442 
f 635/1/296 636/1/296 632/1/296 
f 632/1/296 631/1/296 635/1/296 
f 632/1/443 637/1/443 638/1/443 
f 638/1/300 633/1/300 632/1/300 
f 632/1/299 636/1/299 639/1/299 
f 639/1/444 637/1/444 632/1/444 
f 634/1/445 640/1/445 641/1/445 
f 641/1/305 642/1/305 634/1/305 
f 634/1/446 642/1/446 643/1/446 
f 643/1/447 631/1/447 634/1/447 
f 635/1/302 631/1/302 643/1/302 
f 643/1/302 644/1/302 635/1/302 
f 645/1/301 635/1/301 644/1/301 
f 644/1/301 646/1/301 645/1/301 
f 636/1/314 635/1/314 645/1/314 
f 645/1/314 647/1/314 636/1/314 
f 648/1/448 639/1/448 636/1/448 
f 636/1/312 647/1/312 648/1/312 
f 626/1/311 624/1/311 639/1/311 
f 639/1/311 648/1/311 626/1/311 
f 623/1/449 637/1/449 639/1/449 
f 639/1/449 624/1/449 623/1/449 
f 623/1/450 622/1/450 638/1/450 
f 638/1/309 637/1/309 623/1/309 
f 622/1/451 621/1/451 649/1/451 
f 649/1/451 638/1/451 622/1/451 
f 638/1/452 649/1/452 650/1/452 
f 650/1/452 633/1/452 638/1/452 
f 640/1/306 634/1/306 633/1/306 
f 633/1/306 650/1/306 640/1/306 
f 651/1/317 652/1/317 653/1/317 
f 653/1/317 654/1/317 651/1/317 
f 655/1/316 656/1/316 652/1/316 
f 652/1/316 651/1/316 655/1/316 
f 652/1/320 657/1/320 658/1/320 
f 658/1/320 653/1/320 652/1/320 
f 652/1/318 656/1/318 659/1/318 
f 659/1/319 657/1/319 652/1/319 
f 654/1/453 660/1/453 49/1/453 
f 49/1/453 47/1/453 654/1/453 
f 651/1/323 654/1/323 47/1/323 
f 47/1/323 46/1/323 651/1/323 
f 651/1/322 46/1/322 44/1/322 
f 44/1/322 655/1/322 651/1/322 
f 44/1/454 45/1/454 661/1/454 
f 661/1/321 655/1/321 44/1/321 
f 656/1/335 655/1/335 661/1/335 
f 661/1/335 662/1/335 656/1/335 
f 663/1/455 659/1/455 656/1/455 
f 656/1/334 662/1/334 663/1/334 
f 646/1/456 644/1/456 659/1/456 
f 659/1/332 663/1/332 646/1/332 
f 643/1/331 657/1/331 659/1/331 
f 659/1/331 644/1/331 643/1/331 
f 643/1/457 642/1/457 658/1/457 
f 658/1/329 657/1/329 643/1/329 
f 642/1/328 641/1/328 664/1/328 
f 664/1/328 658/1/328 642/1/328 
f 658/1/327 664/1/327 665/1/327 
f 665/1/327 653/1/327 658/1/327 
f 660/1/326 654/1/326 653/1/326 
f 653/1/326 665/1/326 660/1/326 
f 666/1/458 667/1/458 668/1/458 
f 668/1/458 669/1/458 666/1/458 
f 670/1/459 671/1/459 667/1/459 
f 667/1/459 666/1/459 670/1/459 
f 667/1/460 672/1/460 673/1/460 
f 673/1/461 668/1/461 667/1/461 
f 667/1/462 671/1/462 674/1/462 
f 674/1/463 672/1/463 667/1/463 
f 675/1/464 669/1/464 676/1/464 
f 676/1/464 677/1/464 675/1/464 
f 678/1/465 666/1/465 669/1/465 
f 669/1/465 675/1/465 678/1/465 
f 666/1/466 678/1/466 679/1/466 
f 679/1/466 670/1/466 666/1/466 
f 10/1/467 670/1/467 679/1/467 
f 679/1/467 11/1/467 10/1/467 
f 10/1/468 25/1/468 671/1/468 
f 671/1/468 670/1/468 10/1/468 
f 24/1/469 674/1/469 671/1/469 
f 671/1/469 25/1/469 24/1/469 
f 674/1/470 24/1/470 23/1/470 
f 23/1/471 680/1/471 674/1/471 
f 680/1/472 681/1/472 672/1/472 
f 672/1/472 674/1/472 680/1/472 
f 672/1/473 681/1/473 682/1/473 
f 682/1/474 673/1/474 672/1/474 
f 682/1/475 683/1/475 684/1/475 
f 684/1/475 673/1/475 682/1/475 
f 673/1/476 684/1/476 685/1/476 
f 685/1/477 668/1/477 673/1/477 
f 669/1/478 668/1/478 685/1/478 
f 685/1/479 676/1/479 669/1/479 
f 686/1/480 687/1/480 688/1/480 
f 688/1/481 689/1/481 686/1/481 
f 690/1/482 691/1/482 687/1/482 
f 687/1/482 686/1/482 690/1/482 
f 687/1/483 692/1/483 693/1/483 
f 693/1/483 688/1/483 687/1/483 
f 687/1/484 691/1/484 694/1/484 
f 694/1/484 692/1/484 687/1/484 
f 695/1/485 696/1/485 697/1/485 
f 697/1/486 689/1/486 695/1/486 
f 697/1/487 698/1/487 686/1/487 
f 686/1/487 689/1/487 697/1/487 
f 686/1/488 698/1/488 699/1/488 
f 699/1/489 690/1/489 686/1/489 
f 676/1/490 690/1/490 699/1/490 
f 699/1/490 677/1/490 676/1/490 
f 690/1/491 676/1/491 685/1/491 
f 685/1/492 691/1/492 690/1/492 
f 684/1/493 694/1/493 691/1/493 
f 691/1/494 685/1/494 684/1/494 
f 694/1/495 684/1/495 683/1/495 
f 683/1/496 700/1/496 694/1/496 
f 700/1/497 701/1/497 692/1/497 
f 692/1/497 694/1/497 700/1/497 
f 702/1/498 693/1/498 692/1/498 
f 692/1/499 701/1/499 702/1/499 
f 702/1/500 703/1/500 704/1/500 
f 704/1/500 693/1/500 702/1/500 
f 688/1/501 693/1/501 704/1/501 
f 704/1/501 705/1/501 688/1/501 
f 705/1/502 695/1/502 689/1/502 
f 689/1/502 688/1/502 705/1/502 
f 706/1/503 707/1/503 708/1/503 
f 708/1/504 709/1/504 706/1/504 
f 710/1/505 711/1/505 707/1/505 
f 707/1/505 706/1/505 710/1/505 
f 707/1/506 712/1/506 713/1/506 
f 713/1/506 708/1/506 707/1/506 
f 707/1/507 711/1/507 714/1/507 
f 714/1/507 712/1/507 707/1/507 
f 715/1/508 716/1/508 717/1/508 
f 717/1/509 709/1/509 715/1/509 
f 706/1/510 709/1/510 717/1/510 
f 717/1/510 718/1/510 706/1/510 
f 706/1/511 718/1/511 719/1/511 
f 719/1/511 710/1/511 706/1/511 
f 695/1/512 710/1/512 719/1/512 
f 719/1/512 696/1/512 695/1/512 
f 710/1/513 695/1/513 705/1/513 
f 705/1/514 711/1/514 710/1/514 
f 704/1/515 714/1/515 711/1/515 
f 711/1/516 705/1/516 704/1/516 
f 714/1/517 704/1/517 703/1/517 
f 703/1/517 720/1/517 714/1/517 
f 720/1/518 721/1/518 712/1/518 
f 712/1/518 714/1/518 720/1/518 
f 721/1/519 722/1/519 713/1/519 
f 713/1/519 712/1/519 721/1/519 
f 722/1/520 723/1/520 724/1/520 
f 724/1/520 713/1/520 722/1/520 
f 713/1/521 724/1/521 725/1/521 
f 725/1/521 708/1/521 713/1/521 
f 708/1/522 725/1/522 715/1/522 
f 715/1/522 709/1/522 708/1/522 
f 726/1/523 727/1/523 728/1/523 
f 728/1/524 729/1/524 726/1/524 
f 730/1/525 731/1/525 727/1/525 
f 727/1/525 726/1/525 730/1/525 
f 727/1/526 732/1/526 733/1/526 
f 733/1/527 728/1/527 727/1/527 
f 727/1/528 731/1/528 734/1/528 
f 734/1/528 732/1/528 727/1/528 
f 735/1/529 736/1/529 737/1/529 
f 737/1/529 729/1/529 735/1/529 
f 726/1/530 729/1/530 737/1/530 
f 737/1/530 738/1/530 726/1/530 
f 726/1/531 738/1/531 739/1/531 
f 739/1/531 730/1/531 726/1/531 
f 715/1/532 730/1/532 739/1/532 
f 739/1/533 716/1/533 715/1/533 
f 730/1/534 715/1/534 725/1/534 
f 725/1/534 731/1/534 730/1/534 
f 731/1/535 725/1/535 724/1/535 
f 724/1/535 734/1/535 731/1/535 
f 734/1/536 724/1/536 723/1/536 
f 723/1/536 740/1/536 734/1/536 
f 740/1/537 741/1/537 732/1/537 
f 732/1/537 734/1/537 740/1/537 
f 741/1/538 742/1/538 733/1/538 
f 733/1/538 732/1/538 741/1/538 
f 742/1/539 743/1/539 744/1/539 
f 744/1/540 733/1/540 742/1/540 
f 728/1/541 733/1/541 744/1/541 
f 744/1/542 745/1/542 728/1/542 
f 728/1/543 745/1/543 735/1/543 
f 735/1/543 729/1/543 728/1/543 
f 746/1/544 747/1/544 748/1/544 
f 748/1/544 749/1/544 746/1/544 
f 750/1/545 751/1/545 747/1/545 
f 747/1/546 746/1/546 750/1/546 
f 747/1/547 752/1/547 753/1/547 
f 753/1/547 748/1/547 747/1/547 
f 747/1/548 751/1/548 754/1/548 
f 754/1/548 752/1/548 747/1/548 
f 755/1/549 756/1/549 757/1/549 
f 757/1/549 749/1/549 755/1/549 
f 746/1/550 749/1/550 757/1/550 
f 757/1/550 758/1/550 746/1/550 
f 746/1/551 758/1/551 759/1/551 
f 759/1/551 750/1/551 746/1/551 
f 735/1/552 750/1/552 759/1/552 
f 759/1/552 736/1/552 735/1/552 
f 750/1/553 735/1/553 745/1/553 
f 745/1/553 751/1/553 750/1/553 
f 744/1/554 754/1/554 751/1/554 
f 751/1/554 745/1/554 744/1/554 
f 754/1/555 744/1/555 743/1/555 
f 743/1/556 760/1/556 754/1/556 
f 760/1/557 761/1/557 752/1/557 
f 752/1/557 754/1/557 760/1/557 
f 761/1/558 762/1/558 753/1/558 
f 753/1/558 752/1/558 761/1/558 
f 762/1/559 763/1/559 764/1/559 
f 764/1/559 753/1/559 762/1/559 
f 748/1/560 753/1/560 764/1/560 
f 764/1/560 765/1/560 748/1/560 
f 748/1/561 765/1/561 755/1/561 
f 755/1/561 749/1/561 748/1/561 
f 766/1/562 767/1/562 768/1/562 
f 768/1/562 769/1/562 766/1/562 
f 770/1/563 771/1/563 767/1/563 
f 767/1/563 766/1/563 770/1/563 
f 767/1/564 772/1/564 773/1/564 
f 773/1/564 768/1/564 767/1/564 
f 767/1/565 771/1/565 774/1/565 
f 774/1/566 772/1/566 767/1/566 
f 775/1/567 776/1/567 777/1/567 
f 777/1/567 769/1/567 775/1/567 
f 766/1/568 769/1/568 777/1/568 
f 777/1/568 778/1/568 766/1/568 
f 766/1/569 778/1/569 779/1/569 
f 779/1/569 770/1/569 766/1/569 
f 755/1/570 770/1/570 779/1/570 
f 779/1/570 756/1/570 755/1/570 
f 770/1/571 755/1/571 765/1/571 
f 765/1/571 771/1/571 770/1/571 
f 764/1/572 774/1/572 771/1/572 
f 771/1/573 765/1/573 764/1/573 
f 774/1/574 764/1/574 763/1/574 
f 763/1/574 780/1/574 774/1/574 
f 780/1/575 781/1/575 772/1/575 
f 772/1/575 774/1/575 780/1/575 
f 781/1/576 782/1/576 773/1/576 
f 773/1/576 772/1/576 781/1/576 
f 782/1/577 783/1/577 784/1/577 
f 784/1/578 773/1/578 782/1/578 
f 768/1/579 773/1/579 784/1/579 
f 784/1/579 785/1/579 768/1/579 
f 768/1/580 785/1/580 775/1/580 
f 775/1/580 769/1/580 768/1/580 
f 786/1/581 787/1/581 788/1/581 
f 788/1/582 789/1/582 786/1/582 
f 790/1/583 791/1/583 787/1/583 
f 787/1/583 786/1/583 790/1/583 
f 787/1/584 792/1/584 793/1/584 
f 793/1/584 788/1/584 787/1/584 
f 787/1/585 791/1/585 794/1/585 
f 794/1/585 792/1/585 787/1/585 
f 795/1/586 796/1/586 797/1/586 
f 797/1/586 789/1/586 795/1/586 
f 786/1/587 789/1/587 797/1/587 
f 797/1/588 798/1/588 786/1/588 
f 786/1/589 798/1/589 799/1/589 
f 799/1/589 790/1/589 786/1/589 
f 775/1/590 790/1/590 799/1/590 
f 799/1/590 776/1/590 775/1/590 
f 790/1/591 775/1/591 785/1/591 
f 785/1/591 791/1/591 790/1/591 
f 784/1/592 794/1/592 791/1/592 
f 791/1/592 785/1/592 784/1/592 
f 794/1/593 784/1/593 783/1/593 
f 783/1/594 800/1/594 794/1/594 
f 800/1/595 801/1/595 792/1/595 
f 792/1/595 794/1/595 800/1/595 
f 801/1/596 802/1/596 793/1/596 
f 793/1/596 792/1/596 801/1/596 
f 802/1/597 803/1/597 804/1/597 
f 804/1/598 793/1/598 802/1/598 
f 788/1/599 793/1/599 804/1/599 
f 804/1/599 805/1/599 788/1/599 
f 788/1/600 805/1/600 795/1/600 
f 795/1/601 789/1/601 788/1/601 
f 806/1/602 807/1/602 808/1/602 
f 808/1/602 809/1/602 806/1/602 
f 810/1/603 811/1/603 807/1/603 
f 807/1/604 806/1/604 810/1/604 
f 807/1/605 812/1/605 813/1/605 
f 813/1/606 808/1/606 807/1/606 
f 807/1/607 811/1/607 814/1/607 
f 814/1/607 812/1/607 807/1/607 
f 815/1/608 816/1/608 817/1/608 
f 817/1/608 809/1/608 815/1/608 
f 806/1/609 809/1/609 817/1/609 
f 817/1/610 818/1/610 806/1/610 
f 806/1/611 818/1/611 819/1/611 
f 819/1/612 810/1/612 806/1/612 
f 795/1/613 810/1/613 819/1/613 
f 819/1/613 796/1/613 795/1/613 
f 810/1/614 795/1/614 805/1/614 
f 805/1/615 811/1/615 810/1/615 
f 804/1/616 814/1/616 811/1/616 
f 811/1/616 805/1/616 804/1/616 
f 820/1/617 814/1/617 804/1/617 
f 804/1/618 803/1/618 820/1/618 
f 820/1/619 821/1/619 812/1/619 
f 812/1/619 814/1/619 820/1/619 
f 821/1/620 822/1/620 813/1/620 
f 813/1/620 812/1/620 821/1/620 
f 822/1/621 823/1/621 824/1/621 
f 824/1/622 813/1/622 822/1/622 
f 808/1/623 813/1/623 824/1/623 
f 824/1/623 825/1/623 808/1/623 
f 808/1/624 825/1/624 815/1/624 
f 815/1/625 809/1/625 808/1/625 
f 826/1/626 827/1/626 828/1/626 
f 828/1/626 829/1/626 826/1/626 
f 830/1/627 831/1/627 827/1/627 
f 827/1/627 826/1/627 830/1/627 
f 827/1/628 832/1/628 833/1/628 
f 833/1/629 828/1/629 827/1/629 
f 827/1/630 831/1/630 834/1/630 
f 834/1/630 832/1/630 827/1/630 
f 835/1/631 836/1/631 837/1/631 
f 837/1/631 829/1/631 835/1/631 
f 826/1/632 829/1/632 837/1/632 
f 837/1/632 838/1/632 826/1/632 
f 826/1/633 838/1/633 839/1/633 
f 839/1/633 830/1/633 826/1/633 
f 815/1/634 830/1/634 839/1/634 
f 839/1/635 816/1/635 815/1/635 
f 830/1/636 815/1/636 825/1/636 
f 825/1/637 831/1/637 830/1/637 
f 824/1/638 834/1/638 831/1/638 
f 831/1/638 825/1/638 824/1/638 
f 834/1/639 824/1/639 823/1/639 
f 823/1/640 840/1/640 834/1/640 
f 840/1/641 841/1/641 832/1/641 
f 832/1/641 834/1/641 840/1/641 
f 841/1/642 842/1/642 833/1/642 
f 833/1/643 832/1/643 841/1/643 
f 842/1/644 843/1/644 844/1/644 
f 844/1/644 833/1/644 842/1/644 
f 828/1/645 833/1/645 844/1/645 
f 844/1/645 845/1/645 828/1/645 
f 828/1/646 845/1/646 835/1/646 
f 835/1/646 829/1/646 828/1/646 
f 846/1/647 847/1/647 848/1/647 
f 848/1/647 849/1/647 846/1/647 
f 850/1/648 851/1/648 847/1/648 
f 847/1/648 846/1/648 850/1/648 
f 847/1/649 852/1/649 853/1/649 
f 853/1/649 848/1/649 847/1/649 
f 847/1/650 851/1/650 854/1/650 
f 854/1/651 852/1/651 847/1/651 
f 855/1/652 856/1/652 857/1/652 
f 857/1/653 849/1/653 855/1/653 
f 846/1/654 849/1/654 857/1/654 
f 857/1/655 858/1/655 846/1/655 
f 846/1/656 858/1/656 859/1/656 
f 859/1/656 850/1/656 846/1/656 
f 835/1/657 850/1/657 859/1/657 
f 859/1/658 836/1/658 835/1/658 
f 850/1/659 835/1/659 845/1/659 
f 845/1/659 851/1/659 850/1/659 
f 844/1/660 854/1/660 851/1/660 
f 851/1/661 845/1/661 844/1/661 
f 854/1/662 844/1/662 843/1/662 
f 843/1/662 860/1/662 854/1/662 
f 860/1/663 861/1/663 852/1/663 
f 852/1/663 854/1/663 860/1/663 
f 861/1/664 862/1/664 853/1/664 
f 853/1/664 852/1/664 861/1/664 
f 862/1/665 863/1/665 864/1/665 
f 864/1/666 853/1/666 862/1/666 
f 848/1/667 853/1/667 864/1/667 
f 864/1/667 865/1/667 848/1/667 
f 848/1/668 865/1/668 855/1/668 
f 855/1/668 849/1/668 848/1/668 
f 866/1/669 867/1/669 868/1/669 
f 868/1/669 869/1/669 866/1/669 
f 870/1/670 871/1/670 867/1/670 
f 867/1/670 866/1/670 870/1/670 
f 867/1/671 872/1/671 873/1/671 
f 873/1/672 868/1/672 867/1/672 
f 867/1/673 871/1/673 874/1/673 
f 874/1/674 872/1/674 867/1/674 
f 875/1/675 876/1/675 877/1/675 
f 877/1/675 869/1/675 875/1/675 
f 866/1/676 869/1/676 877/1/676 
f 877/1/676 878/1/676 866/1/676 
f 866/1/677 878/1/677 879/1/677 
f 879/1/677 870/1/677 866/1/677 
f 855/1/678 870/1/678 879/1/678 
f 879/1/678 856/1/678 855/1/678 
f 870/1/679 855/1/679 865/1/679 
f 865/1/679 871/1/679 870/1/679 
f 864/1/680 874/1/680 871/1/680 
f 871/1/681 865/1/681 864/1/681 
f 874/1/682 864/1/682 863/1/682 
f 863/1/682 880/1/682 874/1/682 
f 880/1/683 881/1/683 872/1/683 
f 872/1/684 874/1/684 880/1/684 
f 881/1/685 882/1/685 873/1/685 
f 873/1/686 872/1/686 881/1/686 
f 882/1/687 883/1/687 884/1/687 
f 884/1/687 873/1/687 882/1/687 
f 868/1/688 873/1/688 884/1/688 
f 884/1/688 885/1/688 868/1/688 
f 868/1/689 885/1/689 875/1/689 
f 875/1/689 869/1/689 868/1/689 
f 886/1/690 887/1/690 888/1/690 
f 888/1/690 889/1/690 886/1/690 
f 890/1/691 891/1/691 887/1/691 
f 887/1/691 886/1/691 890/1/691 
f 887/1/692 892/1/692 893/1/692 
f 893/1/692 888/1/692 887/1/692 
f 887/1/693 891/1/693 894/1/693 
f 894/1/693 892/1/693 887/1/693 
f 895/1/694 896/1/694 897/1/694 
f 897/1/694 889/1/694 895/1/694 
f 886/1/695 889/1/695 897/1/695 
f 897/1/695 898/1/695 886/1/695 
f 886/1/696 898/1/696 899/1/696 
f 899/1/696 890/1/696 886/1/696 
f 875/1/697 890/1/697 899/1/697 
f 899/1/697 876/1/697 875/1/697 
f 890/1/698 875/1/698 885/1/698 
f 885/1/699 891/1/699 890/1/699 
f 884/1/700 894/1/700 891/1/700 
f 891/1/700 885/1/700 884/1/700 
f 894/1/701 884/1/701 883/1/701 
f 883/1/701 900/1/701 894/1/701 
f 900/1/702 901/1/702 892/1/702 
f 892/1/702 894/1/702 900/1/702 
f 901/1/703 902/1/703 893/1/703 
f 893/1/703 892/1/703 901/1/703 
f 902/1/704 903/1/704 904/1/704 
f 904/1/705 893/1/705 902/1/705 
f 888/1/706 893/1/706 904/1/706 
f 904/1/706 905/1/706 888/1/706 
f 888/1/707 905/1/707 895/1/707 
f 895/1/708 889/1/708 888/1/708 
f 906/1/709 907/1/709 908/1/709 
f 908/1/710 909/1/710 906/1/710 
f 910/1/711 911/1/711 907/1/711 
f 907/1/712 906/1/712 910/1/712 
f 907/1/713 912/1/713 913/1/713 
f 913/1/713 908/1/713 907/1/713 
f 907/1/714 911/1/714 914/1/714 
f 914/1/714 912/1/714 907/1/714 
f 915/1/715 916/1/715 917/1/715 
f 917/1/716 909/1/716 915/1/716 
f 906/1/717 909/1/717 917/1/717 
f 917/1/718 918/1/718 906/1/718 
f 906/1/719 918/1/719 919/1/719 
f 919/1/720 910/1/720 906/1/720 
f 895/1/721 910/1/721 919/1/721 
f 919/1/721 896/1/721 895/1/721 
f 910/1/722 895/1/722 905/1/722 
f 905/1/722 911/1/722 910/1/722 
f 904/1/723 914/1/723 911/1/723 
f 911/1/723 905/1/723 904/1/723 
f 914/1/724 904/1/724 903/1/724 
f 903/1/724 920/1/724 914/1/724 
f 920/1/725 921/1/725 912/1/725 
f 912/1/725 914/1/725 920/1/725 
f 921/1/726 922/1/726 913/1/726 
f 913/1/726 912/1/726 921/1/726 
f 922/1/727 923/1/727 924/1/727 
f 924/1/728 913/1/728 922/1/728 
f 908/1/729 913/1/729 924/1/729 
f 924/1/730 925/1/730 908/1/730 
f 908/1/731 925/1/731 915/1/731 
f 915/1/732 909/1/732 908/1/732 
f 926/1/733 927/1/733 928/1/733 
f 928/1/733 929/1/733 926/1/733 
f 930/1/734 931/1/734 927/1/734 
f 927/1/735 926/1/735 930/1/735 
f 927/1/736 932/1/736 933/1/736 
f 933/1/737 928/1/737 927/1/737 
f 927/1/738 931/1/738 934/1/738 
f 934/1/739 932/1/739 927/1/739 
f 935/1/740 936/1/740 937/1/740 
f 937/1/740 929/1/740 935/1/740 
f 926/1/741 929/1/741 937/1/741 
f 937/1/742 938/1/742 926/1/742 
f 926/1/743 938/1/743 939/1/743 
f 939/1/743 930/1/743 926/1/743 
f 915/1/744 930/1/744 939/1/744 
f 939/1/745 916/1/745 915/1/745 
f 930/1/746 915/1/746 925/1/746 
f 925/1/746 931/1/746 930/1/746 
f 924/1/747 934/1/747 931/1/747 
f 931/1/747 925/1/747 924/1/747 
f 934/1/748 924/1/748 923/1/748 
f 923/1/748 940/1/748 934/1/748 
f 940/1/749 941/1/749 932/1/749 
f 932/1/750 934/1/750 940/1/750 
f 941/1/751 942/1/751 933/1/751 
f 933/1/751 932/1/751 941/1/751 
f 942/1/752 943/1/752 944/1/752 
f 944/1/752 933/1/752 942/1/752 
f 928/1/753 933/1/753 944/1/753 
f 944/1/753 945/1/753 928/1/753 
f 928/1/754 945/1/754 935/1/754 
f 935/1/754 929/1/754 928/1/754 
f 946/1/755 947/1/755 948/1/755 
f 948/1/755 949/1/755 946/1/755 
f 950/1/756 951/1/756 947/1/756 
f 947/1/757 946/1/757 950/1/757 
f 947/1/758 952/1/758 953/1/758 
f 953/1/758 948/1/758 947/1/758 
f 947/1/759 951/1/759 954/1/759 
f 954/1/760 952/1/760 947/1/760 
f 955/1/761 956/1/761 957/1/761 
f 957/1/761 949/1/761 955/1/761 
f 946/1/762 949/1/762 957/1/762 
f 957/1/762 958/1/762 946/1/762 
f 946/1/763 958/1/763 959/1/763 
f 959/1/763 950/1/763 946/1/763 
f 935/1/764 950/1/764 959/1/764 
f 959/1/764 936/1/764 935/1/764 
f 950/1/765 935/1/765 945/1/765 
f 945/1/765 951/1/765 950/1/765 
f 944/1/766 954/1/766 951/1/766 
f 951/1/766 945/1/766 944/1/766 
f 954/1/767 944/1/767 943/1/767 
f 943/1/768 960/1/768 954/1/768 
f 960/1/769 961/1/769 952/1/769 
f 952/1/769 954/1/769 960/1/769 
f 961/1/770 962/1/770 953/1/770 
f 953/1/770 952/1/770 961/1/770 
f 962/1/771 963/1/771 964/1/771 
f 964/1/772 953/1/772 962/1/772 
f 948/1/773 953/1/773 964/1/773 
f 964/1/774 965/1/774 948/1/774 
f 948/1/775 965/1/775 955/1/775 
f 955/1/775 949/1/775 948/1/775 
f 966/1/3 967/1/3 968/1/3 
f 968/1/3 969/1/3 966/1/3 
f 970/1/776 971/1/776 967/1/776 
f 967/1/4 966/1/4 970/1/4 
f 967/1/1 972/1/1 973/1/1 
f 973/1/1 968/1/1 967/1/1 
f 967/1/2 971/1/2 974/1/2 
f 974/1/2 972/1/2 967/1/2 
f 975/1/777 976/1/777 977/1/777 
f 977/1/777 969/1/777 975/1/777 
f 966/1/14 969/1/14 977/1/14 
f 977/1/14 978/1/14 966/1/14 
f 966/1/13 978/1/13 979/1/13 
f 979/1/778 970/1/778 966/1/778 
f 955/1/12 970/1/12 979/1/12 
f 979/1/12 956/1/12 955/1/12 
f 970/1/11 955/1/11 965/1/11 
f 965/1/779 971/1/779 970/1/779 
f 964/1/10 974/1/10 971/1/10 
f 971/1/10 965/1/10 964/1/10 
f 974/1/780 964/1/780 963/1/780 
f 963/1/8 980/1/8 974/1/8 
f 980/1/7 981/1/7 972/1/7 
f 972/1/781 974/1/781 980/1/781 
f 981/1/6 982/1/6 973/1/6 
f 973/1/6 972/1/6 981/1/6 
f 982/1/5 983/1/5 984/1/5 
f 984/1/5 973/1/5 982/1/5 
f 968/1/18 973/1/18 984/1/18 
f 984/1/18 985/1/18 968/1/18 
f 968/1/17 985/1/17 975/1/17 
f 975/1/17 969/1/17 968/1/17 
f 986/1/782 987/1/782 988/1/782 
f 988/1/782 989/1/782 986/1/782 
f 990/1/462 991/1/462 987/1/462 
f 987/1/462 986/1/462 990/1/462 
f 987/1/458 992/1/458 993/1/458 
f 993/1/458 988/1/458 987/1/458 
f 987/1/783 991/1/783 994/1/783 
f 994/1/783 992/1/783 987/1/783 
f 995/1/475 996/1/475 997/1/475 
f 997/1/475 989/1/475 995/1/475 
f 986/1/473 989/1/473 997/1/473 
f 997/1/784 998/1/784 986/1/784 
f 986/1/785 998/1/785 999/1/785 
f 999/1/785 990/1/785 986/1/785 
f 975/1/786 990/1/786 999/1/786 
f 999/1/471 976/1/471 975/1/471 
f 990/1/469 975/1/469 985/1/469 
f 985/1/469 991/1/469 990/1/469 
f 984/1/468 994/1/468 991/1/468 
f 991/1/468 985/1/468 984/1/468 
f 994/1/467 984/1/467 983/1/467 
f 983/1/467 1000/1/467 994/1/467 
f 1000/1/466 1001/1/466 992/1/466 
f 992/1/466 994/1/466 1000/1/466 
f 1001/1/465 1002/1/465 993/1/465 
f 993/1/787 992/1/787 1001/1/787 
f 1002/1/464 1003/1/464 1004/1/464 
f 1004/1/464 993/1/464 1002/1/464 
f 988/1/478 993/1/478 1004/1/478 
f 1004/1/478 1005/1/478 988/1/478 
f 988/1/788 1005/1/788 995/1/788 
f 995/1/788 989/1/788 988/1/788 
f 1006/1/483 1007/1/483 1008/1/483 
f 1008/1/789 1009/1/789 1006/1/789 
f 1010/1/484 1011/1/484 1007/1/484 
f 1007/1/484 1006/1/484 1010/1/484 
f 1007/1/480 1012/1/480 1013/1/480 
f 1013/1/480 1008/1/480 1007/1/480 
f 1007/1/790 1011/1/790 1014/1/790 
f 1014/1/790 1012/1/790 1007/1/790 
f 1015/1/500 1016/1/500 1017/1/500 
f 1017/1/500 1009/1/500 1015/1/500 
f 1006/1/498 1009/1/498 1017/1/498 
f 1017/1/498 1018/1/498 1006/1/498 
f 1006/1/497 1018/1/497 1019/1/497 
f 1019/1/497 1010/1/497 1006/1/497 
f 995/1/496 1010/1/496 1019/1/496 
f 1019/1/496 996/1/496 995/1/496 
f 1010/1/494 995/1/494 1005/1/494 
f 1005/1/494 1011/1/494 1010/1/494 
f 1004/1/491 1014/1/491 1011/1/491 
f 1011/1/491 1005/1/491 1004/1/491 
f 1014/1/490 1004/1/490 1003/1/490 
f 1003/1/490 1020/1/490 1014/1/490 
f 1020/1/791 1021/1/791 1012/1/791 
f 1012/1/791 1014/1/791 1020/1/791 
f 1021/1/792 1022/1/792 1013/1/792 
f 1013/1/487 1012/1/487 1021/1/487 
f 1022/1/485 1023/1/485 1024/1/485 
f 1024/1/485 1013/1/485 1022/1/485 
f 1008/1/502 1013/1/502 1024/1/502 
f 1024/1/502 1025/1/502 1008/1/502 
f 1008/1/501 1025/1/501 1015/1/501 
f 1015/1/793 1009/1/793 1008/1/793 
f 1026/1/506 1027/1/506 1028/1/506 
f 1028/1/794 1029/1/794 1026/1/794 
f 1030/1/507 1031/1/507 1027/1/507 
f 1027/1/795 1026/1/795 1030/1/795 
f 1027/1/503 1032/1/503 1033/1/503 
f 1033/1/503 1028/1/503 1027/1/503 
f 1027/1/505 1031/1/505 1034/1/505 
f 1034/1/505 1032/1/505 1027/1/505 
f 1035/1/520 1036/1/520 1037/1/520 
f 1037/1/520 1029/1/520 1035/1/520 
f 1026/1/519 1029/1/519 1037/1/519 
f 1037/1/519 1038/1/519 1026/1/519 
f 1026/1/796 1038/1/796 1039/1/796 
f 1039/1/796 1030/1/796 1026/1/796 
f 1015/1/517 1030/1/517 1039/1/517 
f 1039/1/517 1016/1/517 1015/1/517 
f 1030/1/516 1015/1/516 1025/1/516 
f 1025/1/516 1031/1/516 1030/1/516 
f 1024/1/514 1034/1/514 1031/1/514 
f 1031/1/514 1025/1/514 1024/1/514 
f 1034/1/512 1024/1/512 1023/1/512 
f 1023/1/512 1040/1/512 1034/1/512 
f 1040/1/797 1041/1/797 1032/1/797 
f 1032/1/798 1034/1/798 1040/1/798 
f 1041/1/510 1042/1/510 1033/1/510 
f 1033/1/510 1032/1/510 1041/1/510 
f 1042/1/509 1043/1/509 1044/1/509 
f 1044/1/509 1033/1/509 1042/1/509 
f 1028/1/522 1033/1/522 1044/1/522 
f 1044/1/522 1045/1/522 1028/1/522 
f 1028/1/521 1045/1/521 1035/1/521 
f 1035/1/799 1029/1/799 1028/1/799 
f 1046/1/526 1047/1/526 1048/1/526 
f 1048/1/526 1049/1/526 1046/1/526 
f 1050/1/800 1051/1/800 1047/1/800 
f 1047/1/528 1046/1/528 1050/1/528 
f 1047/1/801 1052/1/801 1053/1/801 
f 1053/1/801 1048/1/801 1047/1/801 
f 1047/1/525 1051/1/525 1054/1/525 
f 1054/1/525 1052/1/525 1047/1/525 
f 1055/1/540 1056/1/540 1057/1/540 
f 1057/1/540 1049/1/540 1055/1/540 
f 1046/1/538 1049/1/538 1057/1/538 
f 1057/1/538 1058/1/538 1046/1/538 
f 1046/1/537 1058/1/537 1059/1/537 
f 1059/1/537 1050/1/537 1046/1/537 
f 1035/1/536 1050/1/536 1059/1/536 
f 1059/1/536 1036/1/536 1035/1/536 
f 1050/1/535 1035/1/535 1045/1/535 
f 1045/1/535 1051/1/535 1050/1/535 
f 1044/1/534 1054/1/534 1051/1/534 
f 1051/1/534 1045/1/534 1044/1/534 
f 1054/1/533 1044/1/533 1043/1/533 
f 1043/1/533 1060/1/533 1054/1/533 
f 1060/1/802 1061/1/802 1052/1/802 
f 1052/1/531 1054/1/531 1060/1/531 
f 1061/1/530 1062/1/530 1053/1/530 
f 1053/1/530 1052/1/530 1061/1/530 
f 1062/1/803 1063/1/803 1064/1/803 
f 1064/1/803 1053/1/803 1062/1/803 
f 1048/1/543 1053/1/543 1064/1/543 
f 1064/1/543 1065/1/543 1048/1/543 
f 1048/1/542 1065/1/542 1055/1/542 
f 1055/1/542 1049/1/542 1048/1/542 
f 1066/1/804 1067/1/804 1068/1/804 
f 1068/1/804 1069/1/804 1066/1/804 
f 1070/1/548 1071/1/548 1067/1/548 
f 1067/1/548 1066/1/548 1070/1/548 
f 1067/1/544 1072/1/544 1073/1/544 
f 1073/1/544 1068/1/544 1067/1/544 
f 1067/1/546 1071/1/546 1074/1/546 
f 1074/1/546 1072/1/546 1067/1/546 
f 1075/1/559 1076/1/559 1077/1/559 
f 1077/1/559 1069/1/559 1075/1/559 
f 1066/1/558 1069/1/558 1077/1/558 
f 1077/1/558 1078/1/558 1066/1/558 
f 1066/1/557 1078/1/557 1079/1/557 
f 1079/1/557 1070/1/557 1066/1/557 
f 1055/1/555 1070/1/555 1079/1/555 
f 1079/1/555 1056/1/555 1055/1/555 
f 1070/1/554 1055/1/554 1065/1/554 
f 1065/1/554 1071/1/554 1070/1/554 
f 1064/1/553 1074/1/553 1071/1/553 
f 1071/1/553 1065/1/553 1064/1/553 
f 1074/1/552 1064/1/552 1063/1/552 
f 1063/1/552 1080/1/552 1074/1/552 
f 1080/1/805 1081/1/805 1072/1/805 
f 1072/1/551 1074/1/551 1080/1/551 
f 1081/1/550 1082/1/550 1073/1/550 
f 1073/1/550 1072/1/550 1081/1/550 
f 1082/1/549 1083/1/549 1084/1/549 
f 1084/1/549 1073/1/549 1082/1/549 
f 1068/1/561 1073/1/561 1084/1/561 
f 1084/1/561 1085/1/561 1068/1/561 
f 1068/1/806 1085/1/806 1075/1/806 
f 1075/1/807 1069/1/807 1068/1/807 
f 1086/1/808 1087/1/808 1088/1/808 
f 1088/1/808 1089/1/808 1086/1/808 
f 1090/1/566 1091/1/566 1087/1/566 
f 1087/1/566 1086/1/566 1090/1/566 
f 1087/1/562 1092/1/562 1093/1/562 
f 1093/1/562 1088/1/562 1087/1/562 
f 1087/1/563 1091/1/563 1094/1/563 
f 1094/1/563 1092/1/563 1087/1/563 
f 1095/1/578 1096/1/578 1097/1/578 
f 1097/1/578 1089/1/578 1095/1/578 
f 1086/1/576 1089/1/576 1097/1/576 
f 1097/1/576 1098/1/576 1086/1/576 
f 1086/1/575 1098/1/575 1099/1/575 
f 1099/1/575 1090/1/575 1086/1/575 
f 1075/1/574 1090/1/574 1099/1/574 
f 1099/1/574 1076/1/574 1075/1/574 
f 1090/1/573 1075/1/573 1085/1/573 
f 1085/1/573 1091/1/573 1090/1/573 
f 1084/1/809 1094/1/809 1091/1/809 
f 1091/1/571 1085/1/571 1084/1/571 
f 1094/1/810 1084/1/810 1083/1/810 
f 1083/1/810 1100/1/810 1094/1/810 
f 1100/1/811 1101/1/811 1092/1/811 
f 1092/1/811 1094/1/811 1100/1/811 
f 1101/1/812 1102/1/812 1093/1/812 
f 1093/1/813 1092/1/813 1101/1/813 
f 1102/1/567 1103/1/567 1104/1/567 
f 1104/1/567 1093/1/567 1102/1/567 
f 1088/1/814 1093/1/814 1104/1/814 
f 1104/1/815 1105/1/815 1088/1/815 
f 1088/1/579 1105/1/579 1095/1/579 
f 1095/1/579 1089/1/579 1088/1/579 
f 1106/1/584 1107/1/584 1108/1/584 
f 1108/1/584 1109/1/584 1106/1/584 
f 1110/1/585 1111/1/585 1107/1/585 
f 1107/1/585 1106/1/585 1110/1/585 
f 1107/1/581 1112/1/581 1113/1/581 
f 1113/1/581 1108/1/581 1107/1/581 
f 1107/1/583 1111/1/583 1114/1/583 
f 1114/1/583 1112/1/583 1107/1/583 
f 1115/1/598 1116/1/598 1117/1/598 
f 1117/1/597 1109/1/597 1115/1/597 
f 1106/1/596 1109/1/596 1117/1/596 
f 1117/1/596 1118/1/596 1106/1/596 
f 1106/1/595 1118/1/595 1119/1/595 
f 1119/1/595 1110/1/595 1106/1/595 
f 1095/1/816 1110/1/816 1119/1/816 
f 1119/1/593 1096/1/593 1095/1/593 
f 1110/1/592 1095/1/592 1105/1/592 
f 1105/1/817 1111/1/817 1110/1/817 
f 1104/1/591 1114/1/591 1111/1/591 
f 1111/1/591 1105/1/591 1104/1/591 
f 1114/1/590 1104/1/590 1103/1/590 
f 1103/1/590 1120/1/590 1114/1/590 
f 1120/1/589 1121/1/589 1112/1/589 
f 1112/1/589 1114/1/589 1120/1/589 
f 1121/1/587 1122/1/587 1113/1/587 
f 1113/1/587 1112/1/587 1121/1/587 
f 1122/1/586 1123/1/586 1124/1/586 
f 1124/1/586 1113/1/586 1122/1/586 
f 1108/1/818 1113/1/818 1124/1/818 
f 1124/1/818 1125/1/818 1108/1/818 
f 1108/1/599 1125/1/599 1115/1/599 
f 1115/1/599 1109/1/599 1108/1/599 
f 1126/1/605 1127/1/605 1128/1/605 
f 1128/1/606 1129/1/606 1126/1/606 
f 1130/1/607 1131/1/607 1127/1/607 
f 1127/1/607 1126/1/607 1130/1/607 
f 1127/1/602 1132/1/602 1133/1/602 
f 1133/1/602 1128/1/602 1127/1/602 
f 1127/1/819 1131/1/819 1134/1/819 
f 1134/1/604 1132/1/604 1127/1/604 
f 1135/1/820 1136/1/820 1137/1/820 
f 1137/1/621 1129/1/621 1135/1/621 
f 1126/1/620 1129/1/620 1137/1/620 
f 1137/1/821 1138/1/821 1126/1/821 
f 1126/1/619 1138/1/619 1139/1/619 
f 1139/1/619 1130/1/619 1126/1/619 
f 1115/1/618 1130/1/618 1139/1/618 
f 1139/1/822 1116/1/822 1115/1/822 
f 1130/1/616 1115/1/616 1125/1/616 
f 1125/1/616 1131/1/616 1130/1/616 
f 1124/1/614 1134/1/614 1131/1/614 
f 1131/1/823 1125/1/823 1124/1/823 
f 1134/1/613 1124/1/613 1123/1/613 
f 1123/1/613 1140/1/613 1134/1/613 
f 1140/1/824 1141/1/824 1132/1/824 
f 1132/1/824 1134/1/824 1140/1/824 
f 1141/1/609 1142/1/609 1133/1/609 
f 1133/1/609 1132/1/609 1141/1/609 
f 1142/1/608 1143/1/608 1144/1/608 
f 1144/1/608 1133/1/608 1142/1/608 
f 1128/1/625 1133/1/625 1144/1/625 
f 1144/1/825 1145/1/825 1128/1/825 
f 1128/1/623 1145/1/623 1135/1/623 
f 1135/1/623 1129/1/623 1128/1/623 
f 1146/1/826 1147/1/826 1148/1/826 
f 1148/1/826 1149/1/826 1146/1/826 
f 1150/1/630 1151/1/630 1147/1/630 
f 1147/1/630 1146/1/630 1150/1/630 
f 1147/1/626 1152/1/626 1153/1/626 
f 1153/1/827 1148/1/827 1147/1/827 
f 1147/1/828 1151/1/828 1154/1/828 
f 1154/1/828 1152/1/828 1147/1/828 
f 1155/1/644 1156/1/644 1157/1/644 
f 1157/1/644 1149/1/644 1155/1/644 
f 1146/1/643 1149/1/643 1157/1/643 
f 1157/1/642 1158/1/642 1146/1/642 
f 1146/1/829 1158/1/829 1159/1/829 
f 1159/1/829 1150/1/829 1146/1/829 
f 1135/1/639 1150/1/639 1159/1/639 
f 1159/1/639 1136/1/639 1135/1/639 
f 1150/1/638 1135/1/638 1145/1/638 
f 1145/1/638 1151/1/638 1150/1/638 
f 1144/1/637 1154/1/637 1151/1/637 
f 1151/1/636 1145/1/636 1144/1/636 
f 1154/1/635 1144/1/635 1143/1/635 
f 1143/1/635 1160/1/635 1154/1/635 
f 1160/1/633 1161/1/633 1152/1/633 
f 1152/1/633 1154/1/633 1160/1/633 
f 1161/1/632 1162/1/632 1153/1/632 
f 1153/1/632 1152/1/632 1161/1/632 
f 1162/1/830 1163/1/830 1164/1/830 
f 1164/1/831 1153/1/831 1162/1/831 
f 1148/1/646 1153/1/646 1164/1/646 
f 1164/1/646 1165/1/646 1148/1/646 
f 1148/1/832 1165/1/832 1155/1/832 
f 1155/1/645 1149/1/645 1148/1/645 
f 1166/1/833 1167/1/833 1168/1/833 
f 1168/1/649 1169/1/649 1166/1/649 
f 1170/1/651 1171/1/651 1167/1/651 
f 1167/1/834 1166/1/834 1170/1/834 
f 1167/1/647 1172/1/647 1173/1/647 
f 1173/1/647 1168/1/647 1167/1/647 
f 1167/1/648 1171/1/648 1174/1/648 
f 1174/1/648 1172/1/648 1167/1/648 
f 1175/1/835 1176/1/835 1177/1/835 
f 1177/1/835 1169/1/835 1175/1/835 
f 1166/1/836 1169/1/836 1177/1/836 
f 1177/1/837 1178/1/837 1166/1/837 
f 1166/1/663 1178/1/663 1179/1/663 
f 1179/1/663 1170/1/663 1166/1/663 
f 1155/1/662 1170/1/662 1179/1/662 
f 1179/1/662 1156/1/662 1155/1/662 
f 1170/1/838 1155/1/838 1165/1/838 
f 1165/1/838 1171/1/838 1170/1/838 
f 1164/1/659 1174/1/659 1171/1/659 
f 1171/1/659 1165/1/659 1164/1/659 
f 1174/1/657 1164/1/657 1163/1/657 
f 1163/1/657 1180/1/657 1174/1/657 
f 1180/1/656 1181/1/656 1172/1/656 
f 1172/1/839 1174/1/839 1180/1/839 
f 1181/1/655 1182/1/655 1173/1/655 
f 1173/1/655 1172/1/655 1181/1/655 
f 1182/1/652 1183/1/652 1184/1/652 
f 1184/1/652 1173/1/652 1182/1/652 
f 1168/1/668 1173/1/668 1184/1/668 
f 1184/1/668 1185/1/668 1168/1/668 
f 1168/1/667 1185/1/667 1175/1/667 
f 1175/1/667 1169/1/667 1168/1/667 
f 1186/1/672 1187/1/672 1188/1/672 
f 1188/1/672 1189/1/672 1186/1/672 
f 1190/1/674 1191/1/674 1187/1/674 
f 1187/1/674 1186/1/674 1190/1/674 
f 1187/1/669 1192/1/669 1193/1/669 
f 1193/1/669 1188/1/669 1187/1/669 
f 1187/1/670 1191/1/670 1194/1/670 
f 1194/1/840 1192/1/840 1187/1/840 
f 1195/1/841 1196/1/841 1197/1/841 
f 1197/1/841 1189/1/841 1195/1/841 
f 1186/1/685 1189/1/685 1197/1/685 
f 1197/1/685 1198/1/685 1186/1/685 
f 1186/1/683 1198/1/683 1199/1/683 
f 1199/1/683 1190/1/683 1186/1/683 
f 1175/1/682 1190/1/682 1199/1/682 
f 1199/1/682 1176/1/682 1175/1/682 
f 1190/1/681 1175/1/681 1185/1/681 
f 1185/1/681 1191/1/681 1190/1/681 
f 1184/1/679 1194/1/679 1191/1/679 
f 1191/1/679 1185/1/679 1184/1/679 
f 1194/1/842 1184/1/842 1183/1/842 
f 1183/1/842 1200/1/842 1194/1/842 
f 1200/1/677 1201/1/677 1192/1/677 
f 1192/1/677 1194/1/677 1200/1/677 
f 1201/1/843 1202/1/843 1193/1/843 
f 1193/1/843 1192/1/843 1201/1/843 
f 1202/1/844 1203/1/844 1204/1/844 
f 1204/1/844 1193/1/844 1202/1/844 
f 1188/1/845 1193/1/845 1204/1/845 
f 1204/1/689 1205/1/689 1188/1/689 
f 1188/1/688 1205/1/688 1195/1/688 
f 1195/1/688 1189/1/688 1188/1/688 
f 1206/1/846 1207/1/846 1208/1/846 
f 1208/1/846 1209/1/846 1206/1/846 
f 1210/1/693 1211/1/693 1207/1/693 
f 1207/1/693 1206/1/693 1210/1/693 
f 1207/1/690 1212/1/690 1213/1/690 
f 1213/1/690 1208/1/690 1207/1/690 
f 1207/1/691 1211/1/691 1214/1/691 
f 1214/1/691 1212/1/691 1207/1/691 
f 1215/1/704 1216/1/704 1217/1/704 
f 1217/1/704 1209/1/704 1215/1/704 
f 1206/1/703 1209/1/703 1217/1/703 
f 1217/1/703 1218/1/703 1206/1/703 
f 1206/1/702 1218/1/702 1219/1/702 
f 1219/1/702 1210/1/702 1206/1/702 
f 1195/1/847 1210/1/847 1219/1/847 
f 1219/1/701 1196/1/701 1195/1/701 
f 1210/1/700 1195/1/700 1205/1/700 
f 1205/1/700 1211/1/700 1210/1/700 
f 1204/1/848 1214/1/848 1211/1/848 
f 1211/1/698 1205/1/698 1204/1/698 
f 1214/1/697 1204/1/697 1203/1/697 
f 1203/1/697 1220/1/697 1214/1/697 
f 1220/1/696 1221/1/696 1212/1/696 
f 1212/1/849 1214/1/849 1220/1/849 
f 1221/1/695 1222/1/695 1213/1/695 
f 1213/1/695 1212/1/695 1221/1/695 
f 1222/1/850 1223/1/850 1224/1/850 
f 1224/1/850 1213/1/850 1222/1/850 
f 1208/1/851 1213/1/851 1224/1/851 
f 1224/1/852 1225/1/852 1208/1/852 
f 1208/1/853 1225/1/853 1215/1/853 
f 1215/1/853 1209/1/853 1208/1/853 
f 1226/1/713 1227/1/713 1228/1/713 
f 1228/1/713 1229/1/713 1226/1/713 
f 1230/1/714 1231/1/714 1227/1/714 
f 1227/1/714 1226/1/714 1230/1/714 
f 1227/1/854 1232/1/854 1233/1/854 
f 1233/1/854 1228/1/854 1227/1/854 
f 1227/1/711 1231/1/711 1234/1/711 
f 1234/1/711 1232/1/711 1227/1/711 
f 1235/1/728 1236/1/728 1237/1/728 
f 1237/1/728 1229/1/728 1235/1/728 
f 1226/1/726 1229/1/726 1237/1/726 
f 1237/1/726 1238/1/726 1226/1/726 
f 1226/1/855 1238/1/855 1239/1/855 
f 1239/1/856 1230/1/856 1226/1/856 
f 1215/1/724 1230/1/724 1239/1/724 
f 1239/1/724 1216/1/724 1215/1/724 
f 1230/1/723 1215/1/723 1225/1/723 
f 1225/1/857 1231/1/857 1230/1/857 
f 1224/1/722 1234/1/722 1231/1/722 
f 1231/1/722 1225/1/722 1224/1/722 
f 1234/1/858 1224/1/858 1223/1/858 
f 1223/1/858 1240/1/858 1234/1/858 
f 1240/1/720 1241/1/720 1232/1/720 
f 1232/1/859 1234/1/859 1240/1/859 
f 1241/1/717 1242/1/717 1233/1/717 
f 1233/1/860 1232/1/860 1241/1/860 
f 1242/1/861 1243/1/861 1244/1/861 
f 1244/1/862 1233/1/862 1242/1/862 
f 1228/1/731 1233/1/731 1244/1/731 
f 1244/1/731 1245/1/731 1228/1/731 
f 1228/1/730 1245/1/730 1235/1/730 
f 1235/1/730 1229/1/730 1228/1/730 
f 1246/1/863 1247/1/863 1248/1/863 
f 1248/1/863 1249/1/863 1246/1/863 
f 1250/1/738 1251/1/738 1247/1/738 
f 1247/1/738 1246/1/738 1250/1/738 
f 1247/1/864 1252/1/864 1253/1/864 
f 1253/1/864 1248/1/864 1247/1/864 
f 1247/1/735 1251/1/735 1254/1/735 
f 1254/1/735 1252/1/735 1247/1/735 
f 1255/1/865 1256/1/865 1257/1/865 
f 1257/1/865 1249/1/865 1255/1/865 
f 1246/1/751 1249/1/751 1257/1/751 
f 1257/1/751 1258/1/751 1246/1/751 
f 1246/1/749 1258/1/749 1259/1/749 
f 1259/1/749 1250/1/749 1246/1/749 
f 1235/1/866 1250/1/866 1259/1/866 
f 1259/1/866 1236/1/866 1235/1/866 
f 1250/1/867 1235/1/867 1245/1/867 
f 1245/1/867 1251/1/867 1250/1/867 
f 1244/1/746 1254/1/746 1251/1/746 
f 1251/1/746 1245/1/746 1244/1/746 
f 1254/1/744 1244/1/744 1243/1/744 
f 1243/1/745 1260/1/745 1254/1/745 
f 1260/1/743 1261/1/743 1252/1/743 
f 1252/1/743 1254/1/743 1260/1/743 
f 1261/1/868 1262/1/868 1253/1/868 
f 1253/1/868 1252/1/868 1261/1/868 
f 1262/1/740 1263/1/740 1264/1/740 
f 1264/1/740 1253/1/740 1262/1/740 
f 1248/1/754 1253/1/754 1264/1/754 
f 1264/1/754 1265/1/754 1248/1/754 
f 1248/1/753 1265/1/753 1255/1/753 
f 1255/1/753 1249/1/753 1248/1/753 
f 1266/1/758 1267/1/758 1268/1/758 
f 1268/1/869 1269/1/869 1266/1/869 
f 1270/1/759 1271/1/759 1267/1/759 
f 1267/1/759 1266/1/759 1270/1/759 
f 1267/1/755 1272/1/755 1273/1/755 
f 1273/1/755 1268/1/755 1267/1/755 
f 1267/1/756 1271/1/756 1274/1/756 
f 1274/1/756 1272/1/756 1267/1/756 
f 16/1/771 15/1/771 1275/1/771 
f 1275/1/870 1269/1/870 16/1/870 
f 1266/1/770 1269/1/770 1275/1/770 
f 1275/1/770 1276/1/770 1266/1/770 
f 1266/1/769 1276/1/769 1277/1/769 
f 1277/1/769 1270/1/769 1266/1/769 
f 1255/1/768 1270/1/768 1277/1/768 
f 1277/1/768 1256/1/768 1255/1/768 
f 1270/1/766 1255/1/766 1265/1/766 
f 1265/1/766 1271/1/766 1270/1/766 
f 1264/1/871 1274/1/871 1271/1/871 
f 1271/1/765 1265/1/765 1264/1/765 
f 1274/1/764 1264/1/764 1263/1/764 
f 1263/1/872 1278/1/872 1274/1/872 
f 1278/1/763 1279/1/763 1272/1/763 
f 1272/1/763 1274/1/763 1278/1/763 
f 1279/1/762 1280/1/762 1273/1/762 
f 1273/1/762 1272/1/762 1279/1/762 
f 18/1/761 1273/1/761 1280/1/761 
f 1280/1/761 20/1/761 18/1/761 
f 1273/1/775 18/1/775 17/1/775 
f 17/1/775 1268/1/775 1273/1/775 
f 1268/1/773 17/1/773 16/1/773 
f 16/1/773 1269/1/773 1268/1/773 
f 1281/1/873 1282/1/873 1283/1/873 
f 1283/1/873 1284/1/873 1281/1/873 
f 1285/1/874 1286/1/874 1282/1/874 
f 1282/1/875 1281/1/875 1285/1/875 
f 1282/1/876 1287/1/876 1288/1/876 
f 1288/1/877 1283/1/877 1282/1/877 
f 1289/1/878 1287/1/878 1282/1/878 
f 1282/1/878 1286/1/878 1289/1/878 
f 1290/1/879 526/1/879 548/1/879 
f 548/1/880 1284/1/880 1290/1/880 
f 1284/1/881 548/1/881 547/1/881 
f 547/1/881 1281/1/881 1284/1/881 
f 1285/1/882 1281/1/882 547/1/882 
f 547/1/882 545/1/882 1285/1/882 
f 1285/1/883 545/1/883 546/1/883 
f 546/1/883 1291/1/883 1285/1/883 
f 1285/1/884 1291/1/884 1292/1/884 
f 1292/1/884 1286/1/884 1285/1/884 
f 1293/1/885 1289/1/885 1286/1/885 
f 1286/1/885 1292/1/885 1293/1/885 
f 1289/1/886 1293/1/886 1163/1/886 
f 1163/1/886 1162/1/886 1289/1/886 
f 1289/1/887 1162/1/887 1161/1/887 
f 1161/1/887 1287/1/887 1289/1/887 
f 1161/1/888 1160/1/888 1288/1/888 
f 1288/1/888 1287/1/888 1161/1/888 
f 1160/1/889 1143/1/889 1294/1/889 
f 1294/1/890 1288/1/890 1160/1/890 
f 1283/1/891 1288/1/891 1294/1/891 
f 1294/1/892 1295/1/892 1283/1/892 
f 1283/1/893 1295/1/893 1290/1/893 
f 1290/1/893 1284/1/893 1283/1/893 
f 1296/1/894 1297/1/894 1298/1/894 
f 1298/1/894 1299/1/894 1296/1/894 
f 1300/1/895 1301/1/895 1297/1/895 
f 1297/1/895 1296/1/895 1300/1/895 
f 1297/1/896 1302/1/896 1303/1/896 
f 1303/1/897 1298/1/897 1297/1/897 
f 1301/1/898 1304/1/898 1302/1/898 
f 1302/1/898 1297/1/898 1301/1/898 
f 49/1/899 660/1/899 1299/1/899 
f 1299/1/899 1305/1/899 49/1/899 
f 665/1/900 1296/1/900 1299/1/900 
f 1299/1/900 660/1/900 665/1/900 
f 665/1/901 664/1/901 1300/1/901 
f 1300/1/901 1296/1/901 665/1/901 
f 664/1/902 641/1/902 1306/1/902 
f 1306/1/903 1300/1/903 664/1/903 
f 1300/1/904 1306/1/904 1307/1/904 
f 1307/1/904 1301/1/904 1300/1/904 
f 1308/1/905 1304/1/905 1301/1/905 
f 1301/1/905 1307/1/905 1308/1/905 
f 1304/1/906 1308/1/906 1256/1/906 
f 1256/1/906 1277/1/906 1304/1/906 
f 1304/1/907 1277/1/907 1276/1/907 
f 1276/1/907 1302/1/907 1304/1/907 
f 1302/1/908 1276/1/908 1275/1/908 
f 1275/1/908 1303/1/908 1302/1/908 
f 1275/1/909 15/1/909 1309/1/909 
f 1309/1/910 1303/1/910 1275/1/910 
f 1303/1/911 1309/1/911 1310/1/911 
f 1310/1/911 1298/1/911 1303/1/911 
f 1298/1/912 1310/1/912 1305/1/912 
f 1305/1/912 1299/1/912 1298/1/912 
f 1311/1/913 1312/1/913 1313/1/913 
f 1313/1/914 1314/1/914 1311/1/914 
f 1315/1/915 1316/1/915 1312/1/915 
f 1312/1/915 1311/1/915 1315/1/915 
f 1312/1/916 1317/1/916 1318/1/916 
f 1318/1/917 1313/1/917 1312/1/917 
f 1312/1/918 1316/1/918 1319/1/918 
f 1319/1/918 1317/1/918 1312/1/918 
f 1314/1/919 1320/1/919 141/1/919 
f 141/1/919 140/1/919 1314/1/919 
f 1314/1/920 140/1/920 150/1/920 
f 150/1/920 1311/1/920 1314/1/920 
f 1315/1/921 1311/1/921 150/1/921 
f 150/1/921 149/1/921 1315/1/921 
f 149/1/922 121/1/922 1321/1/922 
f 1321/1/922 1315/1/922 149/1/922 
f 1315/1/923 1321/1/923 1322/1/923 
f 1322/1/923 1316/1/923 1315/1/923 
f 1323/1/924 1319/1/924 1316/1/924 
f 1316/1/925 1322/1/925 1323/1/925 
f 736/1/926 759/1/926 1319/1/926 
f 1319/1/926 1323/1/926 736/1/926 
f 1319/1/927 759/1/927 758/1/927 
f 758/1/927 1317/1/927 1319/1/927 
f 758/1/928 757/1/928 1318/1/928 
f 1318/1/929 1317/1/929 758/1/929 
f 757/1/930 756/1/930 1324/1/930 
f 1324/1/931 1318/1/931 757/1/931 
f 1325/1/932 1313/1/932 1318/1/932 
f 1318/1/932 1324/1/932 1325/1/932 
f 1313/1/933 1325/1/933 1320/1/933 
f 1320/1/933 1314/1/933 1313/1/933 
f 1326/1/934 1327/1/934 1328/1/934 
f 1328/1/935 1329/1/935 1326/1/935 
f 1330/1/936 1331/1/936 1327/1/936 
f 1327/1/936 1326/1/936 1330/1/936 
f 1327/1/937 1332/1/937 1333/1/937 
f 1333/1/938 1328/1/938 1327/1/938 
f 1334/1/939 1332/1/939 1327/1/939 
f 1327/1/939 1331/1/939 1334/1/939 
f 1329/1/940 1291/1/940 546/1/940 
f 546/1/940 568/1/940 1329/1/940 
f 1329/1/941 568/1/941 567/1/941 
f 567/1/941 1326/1/941 1329/1/941 
f 1330/1/942 1326/1/942 567/1/942 
f 567/1/943 565/1/943 1330/1/943 
f 1335/1/944 1330/1/944 565/1/944 
f 565/1/944 566/1/944 1335/1/944 
f 1335/1/945 1336/1/945 1331/1/945 
f 1331/1/945 1330/1/945 1335/1/945 
f 1337/1/946 1334/1/946 1331/1/946 
f 1331/1/946 1336/1/946 1337/1/946 
f 1334/1/947 1337/1/947 1183/1/947 
f 1183/1/947 1182/1/947 1334/1/947 
f 1334/1/948 1182/1/948 1181/1/948 
f 1181/1/948 1332/1/948 1334/1/948 
f 1181/1/949 1180/1/949 1333/1/949 
f 1333/1/949 1332/1/949 1181/1/949 
f 1163/1/950 1293/1/950 1333/1/950 
f 1333/1/950 1180/1/950 1163/1/950 
f 1328/1/951 1333/1/951 1293/1/951 
f 1293/1/951 1292/1/951 1328/1/951 
f 1329/1/952 1328/1/952 1292/1/952 
f 1292/1/952 1291/1/952 1329/1/952 
f 1338/1/953 1339/1/953 1340/1/953 
f 1340/1/953 1341/1/953 1338/1/953 
f 1342/1/954 1343/1/954 1339/1/954 
f 1339/1/954 1338/1/954 1342/1/954 
f 1339/1/955 1344/1/955 1345/1/955 
f 1345/1/956 1340/1/956 1339/1/956 
f 1343/1/957 1346/1/957 1344/1/957 
f 1344/1/958 1339/1/958 1343/1/958 
f 1347/1/959 45/1/959 43/1/959 
f 43/1/959 1341/1/959 1347/1/959 
f 42/1/960 1338/1/960 1341/1/960 
f 1341/1/960 43/1/960 42/1/960 
f 41/1/961 1342/1/961 1338/1/961 
f 1338/1/962 42/1/962 41/1/962 
f 1348/1/963 1342/1/963 41/1/963 
f 41/1/964 40/1/964 1348/1/964 
f 1348/1/965 1349/1/965 1343/1/965 
f 1343/1/965 1342/1/965 1348/1/965 
f 1350/1/966 1346/1/966 1343/1/966 
f 1343/1/966 1349/1/966 1350/1/966 
f 1350/1/967 23/1/967 22/1/967 
f 22/1/967 1346/1/967 1350/1/967 
f 1344/1/968 1346/1/968 22/1/968 
f 22/1/968 21/1/968 1344/1/968 
f 1345/1/969 1344/1/969 21/1/969 
f 21/1/969 19/1/969 1345/1/969 
f 19/1/970 20/1/970 1351/1/970 
f 1351/1/971 1345/1/971 19/1/971 
f 1340/1/972 1345/1/972 1351/1/972 
f 1351/1/972 1352/1/972 1340/1/972 
f 1352/1/973 1347/1/973 1341/1/973 
f 1341/1/973 1340/1/973 1352/1/973 
f 1353/1/974 1354/1/974 1355/1/974 
f 1355/1/974 1356/1/974 1353/1/974 
f 1357/1/975 1358/1/975 1354/1/975 
f 1354/1/975 1353/1/975 1357/1/975 
f 1354/1/976 1359/1/976 1360/1/976 
f 1360/1/977 1355/1/977 1354/1/977 
f 1358/1/978 1361/1/978 1359/1/978 
f 1359/1/978 1354/1/978 1358/1/978 
f 1362/1/979 161/1/979 160/1/979 
f 160/1/979 1356/1/979 1362/1/979 
f 170/1/980 1353/1/980 1356/1/980 
f 1356/1/980 160/1/980 170/1/980 
f 170/1/981 169/1/981 1357/1/981 
f 1357/1/981 1353/1/981 170/1/981 
f 1320/1/982 1357/1/982 169/1/982 
f 169/1/982 141/1/982 1320/1/982 
f 1358/1/983 1357/1/983 1320/1/983 
f 1320/1/983 1325/1/983 1358/1/983 
f 1358/1/984 1325/1/984 1324/1/984 
f 1324/1/984 1361/1/984 1358/1/984 
f 756/1/985 779/1/985 1361/1/985 
f 1361/1/985 1324/1/985 756/1/985 
f 1361/1/986 779/1/986 778/1/986 
f 778/1/986 1359/1/986 1361/1/986 
f 1359/1/987 778/1/987 777/1/987 
f 777/1/987 1360/1/987 1359/1/987 
f 776/1/988 1363/1/988 1360/1/988 
f 1360/1/988 777/1/988 776/1/988 
f 1364/1/989 1355/1/989 1360/1/989 
f 1360/1/989 1363/1/989 1364/1/989 
f 1364/1/990 1362/1/990 1356/1/990 
f 1356/1/991 1355/1/991 1364/1/991 
f 1365/1/992 1366/1/992 1367/1/992 
f 1367/1/992 1368/1/992 1365/1/992 
f 1369/1/993 1370/1/993 1366/1/993 
f 1366/1/993 1365/1/993 1369/1/993 
f 1366/1/994 1371/1/994 1372/1/994 
f 1372/1/994 1367/1/994 1366/1/994 
f 1373/1/995 1371/1/995 1366/1/995 
f 1366/1/996 1370/1/996 1373/1/996 
f 1335/1/997 566/1/997 588/1/997 
f 588/1/997 1368/1/997 1335/1/997 
f 1368/1/998 588/1/998 587/1/998 
f 587/1/998 1365/1/998 1368/1/998 
f 1369/1/999 1365/1/999 587/1/999 
f 587/1/999 585/1/999 1369/1/999 
f 1374/1/1000 1369/1/1000 585/1/1000 
f 585/1/1001 586/1/1001 1374/1/1001 
f 1374/1/1002 1375/1/1002 1370/1/1002 
f 1370/1/1003 1369/1/1003 1374/1/1003 
f 1375/1/1004 1376/1/1004 1373/1/1004 
f 1373/1/1004 1370/1/1004 1375/1/1004 
f 1373/1/1005 1376/1/1005 1203/1/1005 
f 1203/1/1005 1202/1/1005 1373/1/1005 
f 1373/1/1006 1202/1/1006 1201/1/1006 
f 1201/1/1007 1371/1/1007 1373/1/1007 
f 1201/1/1008 1200/1/1008 1372/1/1008 
f 1372/1/1008 1371/1/1008 1201/1/1008 
f 1200/1/1009 1183/1/1009 1337/1/1009 
f 1337/1/1010 1372/1/1010 1200/1/1010 
f 1337/1/1011 1336/1/1011 1367/1/1011 
f 1367/1/1011 1372/1/1011 1337/1/1011 
f 1335/1/1012 1368/1/1012 1367/1/1012 
f 1367/1/1012 1336/1/1012 1335/1/1012 
f 1377/1/1013 1378/1/1013 1379/1/1013 
f 1379/1/1013 1380/1/1013 1377/1/1013 
f 1381/1/1014 1382/1/1014 1378/1/1014 
f 1378/1/1014 1377/1/1014 1381/1/1014 
f 1378/1/1015 1383/1/1015 1384/1/1015 
f 1384/1/1015 1379/1/1015 1378/1/1015 
f 1382/1/1016 1385/1/1016 1383/1/1016 
f 1383/1/1017 1378/1/1017 1382/1/1017 
f 1348/1/1018 40/1/1018 68/1/1018 
f 68/1/1018 1380/1/1018 1348/1/1018 
f 67/1/1019 1377/1/1019 1380/1/1019 
f 1380/1/1020 68/1/1020 67/1/1020 
f 66/1/1021 1381/1/1021 1377/1/1021 
f 1377/1/1021 67/1/1021 66/1/1021 
f 66/1/1022 65/1/1022 1386/1/1022 
f 1386/1/1023 1381/1/1023 66/1/1023 
f 1386/1/1024 1387/1/1024 1382/1/1024 
f 1382/1/1024 1381/1/1024 1386/1/1024 
f 1388/1/1025 1385/1/1025 1382/1/1025 
f 1382/1/1025 1387/1/1025 1388/1/1025 
f 1385/1/1026 1388/1/1026 683/1/1026 
f 683/1/1026 682/1/1026 1385/1/1026 
f 1383/1/1027 1385/1/1027 682/1/1027 
f 682/1/1028 681/1/1028 1383/1/1028 
f 1384/1/1029 1383/1/1029 681/1/1029 
f 681/1/1029 680/1/1029 1384/1/1029 
f 680/1/1030 23/1/1030 1350/1/1030 
f 1350/1/1030 1384/1/1030 680/1/1030 
f 1349/1/1031 1379/1/1031 1384/1/1031 
f 1384/1/1031 1350/1/1031 1349/1/1031 
f 1380/1/1032 1379/1/1032 1349/1/1032 
f 1349/1/1032 1348/1/1032 1380/1/1032 
f 1389/1/1033 1390/1/1033 1391/1/1033 
f 1391/1/1034 1392/1/1034 1389/1/1034 
f 1393/1/1035 1394/1/1035 1390/1/1035 
f 1390/1/1036 1389/1/1036 1393/1/1036 
f 1390/1/1037 1395/1/1037 1396/1/1037 
f 1396/1/1038 1391/1/1038 1390/1/1038 
f 1394/1/1039 1397/1/1039 1395/1/1039 
f 1395/1/1039 1390/1/1039 1394/1/1039 
f 1392/1/1040 1398/1/1040 181/1/1040 
f 181/1/1040 180/1/1040 1392/1/1040 
f 190/1/1041 1389/1/1041 1392/1/1041 
f 1392/1/1042 180/1/1042 190/1/1042 
f 190/1/1043 189/1/1043 1393/1/1043 
f 1393/1/1043 1389/1/1043 190/1/1043 
f 161/1/1044 1362/1/1044 1393/1/1044 
f 1393/1/1044 189/1/1044 161/1/1044 
f 1362/1/1045 1364/1/1045 1394/1/1045 
f 1394/1/1045 1393/1/1045 1362/1/1045 
f 1397/1/1046 1394/1/1046 1364/1/1046 
f 1364/1/1047 1363/1/1047 1397/1/1047 
f 1397/1/1048 1363/1/1048 776/1/1048 
f 776/1/1048 799/1/1048 1397/1/1048 
f 1397/1/1049 799/1/1049 798/1/1049 
f 798/1/1049 1395/1/1049 1397/1/1049 
f 1395/1/1050 798/1/1050 797/1/1050 
f 797/1/1051 1396/1/1051 1395/1/1051 
f 797/1/1052 796/1/1052 1399/1/1052 
f 1399/1/1052 1396/1/1052 797/1/1052 
f 1391/1/1053 1396/1/1053 1399/1/1053 
f 1399/1/1053 1400/1/1053 1391/1/1053 
f 1400/1/1054 1398/1/1054 1392/1/1054 
f 1392/1/1054 1391/1/1054 1400/1/1054 
f 1401/1/1055 1402/1/1055 1403/1/1055 
f 1403/1/1056 1404/1/1056 1401/1/1056 
f 1405/1/1057 1406/1/1057 1402/1/1057 
f 1402/1/1057 1401/1/1057 1405/1/1057 
f 1402/1/1058 1407/1/1058 1408/1/1058 
f 1408/1/1059 1403/1/1059 1402/1/1059 
f 1409/1/1060 1407/1/1060 1402/1/1060 
f 1402/1/1060 1406/1/1060 1409/1/1060 
f 1374/1/1061 586/1/1061 608/1/1061 
f 608/1/1061 1404/1/1061 1374/1/1061 
f 1404/1/1062 608/1/1062 607/1/1062 
f 607/1/1063 1401/1/1063 1404/1/1063 
f 1405/1/1064 1401/1/1064 607/1/1064 
f 607/1/1065 605/1/1065 1405/1/1065 
f 1410/1/1066 1405/1/1066 605/1/1066 
f 605/1/1066 606/1/1066 1410/1/1066 
f 1410/1/1067 1411/1/1067 1406/1/1067 
f 1406/1/1067 1405/1/1067 1410/1/1067 
f 1409/1/1068 1406/1/1068 1411/1/1068 
f 1411/1/1068 1412/1/1068 1409/1/1068 
f 1409/1/1069 1412/1/1069 1223/1/1069 
f 1223/1/1069 1222/1/1069 1409/1/1069 
f 1409/1/1070 1222/1/1070 1221/1/1070 
f 1221/1/1070 1407/1/1070 1409/1/1070 
f 1221/1/1071 1220/1/1071 1408/1/1071 
f 1408/1/1071 1407/1/1071 1221/1/1071 
f 1203/1/1072 1376/1/1072 1408/1/1072 
f 1408/1/1072 1220/1/1072 1203/1/1072 
f 1375/1/1073 1403/1/1073 1408/1/1073 
f 1408/1/1073 1376/1/1073 1375/1/1073 
f 1404/1/1074 1403/1/1074 1375/1/1074 
f 1375/1/1074 1374/1/1074 1404/1/1074 
f 1413/1/1075 1414/1/1075 1415/1/1075 
f 1415/1/1075 1416/1/1075 1413/1/1075 
f 1417/1/1076 1418/1/1076 1414/1/1076 
f 1414/1/1076 1413/1/1076 1417/1/1076 
f 1414/1/1077 1419/1/1077 1420/1/1077 
f 1420/1/1078 1415/1/1078 1414/1/1078 
f 1418/1/1079 1421/1/1079 1419/1/1079 
f 1419/1/1079 1414/1/1079 1418/1/1079 
f 1386/1/1080 65/1/1080 88/1/1080 
f 88/1/1080 1416/1/1080 1386/1/1080 
f 1416/1/1081 88/1/1081 87/1/1081 
f 87/1/1081 1413/1/1081 1416/1/1081 
f 86/1/1082 1417/1/1082 1413/1/1082 
f 1413/1/1083 87/1/1083 86/1/1083 
f 86/1/1084 85/1/1084 1422/1/1084 
f 1422/1/1084 1417/1/1084 86/1/1084 
f 1422/1/1085 1423/1/1085 1418/1/1085 
f 1418/1/1085 1417/1/1085 1422/1/1085 
f 1421/1/1086 1418/1/1086 1423/1/1086 
f 1423/1/1086 1424/1/1086 1421/1/1086 
f 1421/1/1087 1424/1/1087 703/1/1087 
f 703/1/1087 702/1/1087 1421/1/1087 
f 1419/1/1088 1421/1/1088 702/1/1088 
f 702/1/1088 701/1/1088 1419/1/1088 
f 701/1/1089 700/1/1089 1420/1/1089 
f 1420/1/1089 1419/1/1089 701/1/1089 
f 700/1/1090 683/1/1090 1388/1/1090 
f 1388/1/1090 1420/1/1090 700/1/1090 
f 1387/1/1091 1415/1/1091 1420/1/1091 
f 1420/1/1091 1388/1/1091 1387/1/1091 
f 1415/1/1092 1387/1/1092 1386/1/1092 
f 1386/1/1092 1416/1/1092 1415/1/1092 
f 1425/1/1093 1426/1/1093 1427/1/1093 
f 1427/1/1093 1428/1/1093 1425/1/1093 
f 1429/1/1094 1430/1/1094 1426/1/1094 
f 1426/1/1095 1425/1/1095 1429/1/1095 
f 1426/1/1096 1431/1/1096 1432/1/1096 
f 1432/1/1096 1427/1/1096 1426/1/1096 
f 1430/1/1097 1433/1/1097 1431/1/1097 
f 1431/1/1098 1426/1/1098 1430/1/1098 
f 201/1/1099 200/1/1099 1428/1/1099 
f 1428/1/1100 1434/1/1100 201/1/1100 
f 210/1/1101 1425/1/1101 1428/1/1101 
f 1428/1/1101 200/1/1101 210/1/1101 
f 210/1/1102 209/1/1102 1429/1/1102 
f 1429/1/1102 1425/1/1102 210/1/1102 
f 1429/1/1103 209/1/1103 181/1/1103 
f 181/1/1103 1398/1/1103 1429/1/1103 
f 1430/1/1104 1429/1/1104 1398/1/1104 
f 1398/1/1104 1400/1/1104 1430/1/1104 
f 1399/1/1105 1433/1/1105 1430/1/1105 
f 1430/1/1106 1400/1/1106 1399/1/1106 
f 819/1/1107 1433/1/1107 1399/1/1107 
f 1399/1/1107 796/1/1107 819/1/1107 
f 1433/1/1108 819/1/1108 818/1/1108 
f 818/1/1109 1431/1/1109 1433/1/1109 
f 1431/1/1110 818/1/1110 817/1/1110 
f 817/1/1110 1432/1/1110 1431/1/1110 
f 817/1/1111 816/1/1111 1435/1/1111 
f 1435/1/1111 1432/1/1111 817/1/1111 
f 1427/1/1112 1432/1/1112 1435/1/1112 
f 1435/1/1112 1436/1/1112 1427/1/1112 
f 1436/1/1113 1434/1/1113 1428/1/1113 
f 1428/1/1113 1427/1/1113 1436/1/1113 
f 1437/1/1114 1438/1/1114 1439/1/1114 
f 1439/1/1114 1440/1/1114 1437/1/1114 
f 1441/1/1115 1442/1/1115 1438/1/1115 
f 1438/1/1115 1437/1/1115 1441/1/1115 
f 1438/1/1116 1443/1/1116 1444/1/1116 
f 1444/1/1116 1439/1/1116 1438/1/1116 
f 1445/1/1117 1443/1/1117 1438/1/1117 
f 1438/1/1118 1442/1/1118 1445/1/1118 
f 1410/1/1119 606/1/1119 628/1/1119 
f 628/1/1119 1440/1/1119 1410/1/1119 
f 1440/1/1120 628/1/1120 627/1/1120 
f 627/1/1121 1437/1/1121 1440/1/1121 
f 1441/1/1122 1437/1/1122 627/1/1122 
f 627/1/1122 625/1/1122 1441/1/1122 
f 1446/1/1123 1441/1/1123 625/1/1123 
f 625/1/1123 626/1/1123 1446/1/1123 
f 1446/1/1124 1447/1/1124 1442/1/1124 
f 1442/1/1124 1441/1/1124 1446/1/1124 
f 1445/1/1125 1442/1/1125 1447/1/1125 
f 1447/1/1125 1448/1/1125 1445/1/1125 
f 1445/1/1126 1448/1/1126 1243/1/1126 
f 1243/1/1126 1242/1/1126 1445/1/1126 
f 1445/1/1127 1242/1/1127 1241/1/1127 
f 1241/1/1127 1443/1/1127 1445/1/1127 
f 1241/1/1128 1240/1/1128 1444/1/1128 
f 1444/1/1128 1443/1/1128 1241/1/1128 
f 1240/1/1129 1223/1/1129 1412/1/1129 
f 1412/1/1130 1444/1/1130 1240/1/1130 
f 1439/1/1131 1444/1/1131 1412/1/1131 
f 1412/1/1131 1411/1/1131 1439/1/1131 
f 1440/1/1132 1439/1/1132 1411/1/1132 
f 1411/1/1132 1410/1/1132 1440/1/1132 
f 1449/1/1133 1450/1/1133 1451/1/1133 
f 1451/1/1133 1452/1/1133 1449/1/1133 
f 1453/1/1134 1454/1/1134 1450/1/1134 
f 1450/1/1134 1449/1/1134 1453/1/1134 
f 1450/1/1135 1455/1/1135 1456/1/1135 
f 1456/1/1136 1451/1/1136 1450/1/1136 
f 1454/1/1137 1457/1/1137 1455/1/1137 
f 1455/1/1138 1450/1/1138 1454/1/1138 
f 1452/1/1139 1422/1/1139 85/1/1139 
f 85/1/1140 108/1/1140 1452/1/1140 
f 107/1/1141 1449/1/1141 1452/1/1141 
f 1452/1/1141 108/1/1141 107/1/1141 
f 105/1/1142 1453/1/1142 1449/1/1142 
f 1449/1/1142 107/1/1142 105/1/1142 
f 1458/1/1143 1453/1/1143 105/1/1143 
f 105/1/1143 106/1/1143 1458/1/1143 
f 1458/1/1144 1459/1/1144 1454/1/1144 
f 1454/1/1144 1453/1/1144 1458/1/1144 
f 1457/1/1145 1454/1/1145 1459/1/1145 
f 1459/1/1145 1460/1/1145 1457/1/1145 
f 1457/1/1146 1460/1/1146 723/1/1146 
f 723/1/1147 722/1/1147 1457/1/1147 
f 1455/1/1148 1457/1/1148 722/1/1148 
f 722/1/1149 721/1/1149 1455/1/1149 
f 1456/1/1150 1455/1/1150 721/1/1150 
f 721/1/1150 720/1/1150 1456/1/1150 
f 720/1/1151 703/1/1151 1424/1/1151 
f 1424/1/1151 1456/1/1151 720/1/1151 
f 1423/1/1152 1451/1/1152 1456/1/1152 
f 1456/1/1153 1424/1/1153 1423/1/1153 
f 1452/1/1154 1451/1/1154 1423/1/1154 
f 1423/1/1154 1422/1/1154 1452/1/1154 
f 1461/1/875 1462/1/875 1463/1/875 
f 1463/1/874 1464/1/874 1461/1/874 
f 1465/1/1155 1466/1/1155 1462/1/1155 
f 1462/1/1155 1461/1/1155 1465/1/1155 
f 1462/1/1156 1467/1/1156 1468/1/1156 
f 1468/1/1156 1463/1/1156 1462/1/1156 
f 1466/1/1157 1469/1/1157 1467/1/1157 
f 1467/1/877 1462/1/877 1466/1/877 
f 1464/1/883 1470/1/883 221/1/883 
f 221/1/883 220/1/883 1464/1/883 
f 230/1/1158 1461/1/1158 1464/1/1158 
f 1464/1/1158 220/1/1158 230/1/1158 
f 230/1/881 229/1/881 1465/1/881 
f 1465/1/881 1461/1/881 230/1/881 
f 1434/1/880 1465/1/880 229/1/880 
f 229/1/880 201/1/880 1434/1/880 
f 1466/1/893 1465/1/893 1434/1/893 
f 1434/1/893 1436/1/893 1466/1/893 
f 1435/1/892 1469/1/892 1466/1/892 
f 1466/1/892 1436/1/892 1435/1/892 
f 839/1/890 1469/1/890 1435/1/890 
f 1435/1/890 816/1/890 839/1/890 
f 1469/1/888 839/1/888 838/1/888 
f 838/1/888 1467/1/888 1469/1/888 
f 1467/1/887 838/1/887 837/1/887 
f 837/1/887 1468/1/887 1467/1/887 
f 837/1/886 836/1/886 1471/1/886 
f 1471/1/886 1468/1/886 837/1/886 
f 1463/1/885 1468/1/885 1471/1/885 
f 1471/1/885 1472/1/885 1463/1/885 
f 1472/1/884 1470/1/884 1464/1/884 
f 1464/1/884 1463/1/884 1472/1/884 
f 1473/1/1159 1474/1/1159 1475/1/1159 
f 1475/1/1159 1476/1/1159 1473/1/1159 
f 1477/1/1160 1478/1/1160 1474/1/1160 
f 1474/1/1160 1473/1/1160 1477/1/1160 
f 1474/1/1161 1479/1/1161 1480/1/1161 
f 1480/1/1161 1475/1/1161 1474/1/1161 
f 1481/1/1162 1479/1/1162 1474/1/1162 
f 1474/1/1162 1478/1/1162 1481/1/1162 
f 1446/1/1163 626/1/1163 648/1/1163 
f 648/1/1163 1476/1/1163 1446/1/1163 
f 1476/1/1164 648/1/1164 647/1/1164 
f 647/1/1164 1473/1/1164 1476/1/1164 
f 1477/1/1165 1473/1/1165 647/1/1165 
f 647/1/1165 645/1/1165 1477/1/1165 
f 1482/1/1166 1477/1/1166 645/1/1166 
f 645/1/1167 646/1/1167 1482/1/1167 
f 1482/1/1168 1483/1/1168 1478/1/1168 
f 1478/1/1168 1477/1/1168 1482/1/1168 
f 1481/1/1169 1478/1/1169 1483/1/1169 
f 1483/1/1169 1484/1/1169 1481/1/1169 
f 1481/1/1170 1484/1/1170 1263/1/1170 
f 1263/1/1170 1262/1/1170 1481/1/1170 
f 1481/1/1171 1262/1/1171 1261/1/1171 
f 1261/1/1171 1479/1/1171 1481/1/1171 
f 1261/1/1172 1260/1/1172 1480/1/1172 
f 1480/1/1172 1479/1/1172 1261/1/1172 
f 1260/1/1173 1243/1/1173 1448/1/1173 
f 1448/1/1173 1480/1/1173 1260/1/1173 
f 1475/1/1174 1480/1/1174 1448/1/1174 
f 1448/1/1175 1447/1/1175 1475/1/1175 
f 1476/1/1176 1475/1/1176 1447/1/1176 
f 1447/1/1176 1446/1/1176 1476/1/1176 
f 1485/1/1177 1486/1/1177 1487/1/1177 
f 1487/1/1178 1488/1/1178 1485/1/1178 
f 1489/1/1179 1490/1/1179 1486/1/1179 
f 1486/1/1179 1485/1/1179 1489/1/1179 
f 1486/1/1180 1491/1/1180 1492/1/1180 
f 1492/1/1180 1487/1/1180 1486/1/1180 
f 1490/1/1181 1493/1/1181 1491/1/1181 
f 1491/1/1181 1486/1/1181 1490/1/1181 
f 1458/1/1182 106/1/1182 128/1/1182 
f 128/1/1182 1488/1/1182 1458/1/1182 
f 127/1/1183 1485/1/1183 1488/1/1183 
f 1488/1/1184 128/1/1184 127/1/1184 
f 126/1/1185 1489/1/1185 1485/1/1185 
f 1485/1/1186 127/1/1186 126/1/1186 
f 1494/1/1187 1489/1/1187 126/1/1187 
f 126/1/1187 125/1/1187 1494/1/1187 
f 1494/1/1188 1495/1/1188 1490/1/1188 
f 1490/1/1188 1489/1/1188 1494/1/1188 
f 1493/1/1189 1490/1/1189 1495/1/1189 
f 1495/1/1190 1496/1/1190 1493/1/1190 
f 1493/1/1191 1496/1/1191 743/1/1191 
f 743/1/1191 742/1/1191 1493/1/1191 
f 1491/1/1192 1493/1/1192 742/1/1192 
f 742/1/1192 741/1/1192 1491/1/1192 
f 1492/1/1193 1491/1/1193 741/1/1193 
f 741/1/1193 740/1/1193 1492/1/1193 
f 740/1/1194 723/1/1194 1460/1/1194 
f 1460/1/1194 1492/1/1194 740/1/1194 
f 1459/1/1195 1487/1/1195 1492/1/1195 
f 1492/1/1195 1460/1/1195 1459/1/1195 
f 1488/1/1196 1487/1/1196 1459/1/1196 
f 1459/1/1196 1458/1/1196 1488/1/1196 
f 1497/1/936 1498/1/936 1499/1/936 
f 1499/1/1197 1500/1/1197 1497/1/1197 
f 1501/1/1198 1502/1/1198 1498/1/1198 
f 1498/1/934 1497/1/934 1501/1/934 
f 1498/1/939 1503/1/939 1504/1/939 
f 1504/1/939 1499/1/939 1498/1/939 
f 1502/1/937 1505/1/937 1503/1/937 
f 1503/1/937 1498/1/937 1502/1/937 
f 1500/1/1199 1506/1/1199 241/1/1199 
f 241/1/1199 240/1/1199 1500/1/1199 
f 250/1/942 1497/1/942 1500/1/942 
f 1500/1/942 240/1/942 250/1/942 
f 250/1/941 249/1/941 1501/1/941 
f 1501/1/941 1497/1/941 250/1/941 
f 1470/1/1200 1501/1/1200 249/1/1200 
f 249/1/1200 221/1/1200 1470/1/1200 
f 1502/1/952 1501/1/952 1470/1/952 
f 1470/1/952 1472/1/952 1502/1/952 
f 1471/1/951 1505/1/951 1502/1/951 
f 1502/1/951 1472/1/951 1471/1/951 
f 859/1/1201 1505/1/1201 1471/1/1201 
f 1471/1/1201 836/1/1201 859/1/1201 
f 1505/1/949 859/1/949 858/1/949 
f 858/1/949 1503/1/949 1505/1/949 
f 1503/1/948 858/1/948 857/1/948 
f 857/1/948 1504/1/948 1503/1/948 
f 857/1/947 856/1/947 1507/1/947 
f 1507/1/1202 1504/1/1202 857/1/1202 
f 1499/1/1203 1504/1/1203 1507/1/1203 
f 1507/1/1204 1508/1/1204 1499/1/1204 
f 1508/1/945 1506/1/945 1500/1/945 
f 1500/1/945 1499/1/945 1508/1/945 
f 1509/1/1205 1510/1/1205 1511/1/1205 
f 1511/1/1206 1512/1/1206 1509/1/1206 
f 1513/1/1207 1514/1/1207 1510/1/1207 
f 1510/1/1207 1509/1/1207 1513/1/1207 
f 1510/1/1208 1515/1/1208 1516/1/1208 
f 1516/1/1209 1511/1/1209 1510/1/1209 
f 1517/1/1210 1515/1/1210 1510/1/1210 
f 1510/1/1210 1514/1/1210 1517/1/1210 
f 1482/1/1211 646/1/1211 663/1/1211 
f 663/1/1212 1512/1/1212 1482/1/1212 
f 1512/1/1213 663/1/1213 662/1/1213 
f 662/1/1214 1509/1/1214 1512/1/1214 
f 1513/1/1215 1509/1/1215 662/1/1215 
f 662/1/1215 661/1/1215 1513/1/1215 
f 1347/1/1216 1513/1/1216 661/1/1216 
f 661/1/1216 45/1/1216 1347/1/1216 
f 1352/1/1217 1514/1/1217 1513/1/1217 
f 1513/1/1217 1347/1/1217 1352/1/1217 
f 1351/1/1218 1517/1/1218 1514/1/1218 
f 1514/1/1218 1352/1/1218 1351/1/1218 
f 1517/1/1219 1351/1/1219 20/1/1219 
f 20/1/1219 1280/1/1219 1517/1/1219 
f 1517/1/1220 1280/1/1220 1279/1/1220 
f 1279/1/1220 1515/1/1220 1517/1/1220 
f 1279/1/1221 1278/1/1221 1516/1/1221 
f 1516/1/1221 1515/1/1221 1279/1/1221 
f 1278/1/1222 1263/1/1222 1484/1/1222 
f 1484/1/1222 1516/1/1222 1278/1/1222 
f 1511/1/1223 1516/1/1223 1484/1/1223 
f 1484/1/1223 1483/1/1223 1511/1/1223 
f 1512/1/1224 1511/1/1224 1483/1/1224 
f 1483/1/1224 1482/1/1224 1512/1/1224 
f 1518/1/1225 1519/1/1225 1520/1/1225 
f 1520/1/1225 1521/1/1225 1518/1/1225 
f 1522/1/1226 1523/1/1226 1519/1/1226 
f 1519/1/1227 1518/1/1227 1522/1/1227 
f 1519/1/1228 1524/1/1228 1525/1/1228 
f 1525/1/1229 1520/1/1229 1519/1/1229 
f 1523/1/1230 1526/1/1230 1524/1/1230 
f 1524/1/1231 1519/1/1231 1523/1/1231 
f 1494/1/1232 125/1/1232 148/1/1232 
f 148/1/1232 1521/1/1232 1494/1/1232 
f 147/1/1233 1518/1/1233 1521/1/1233 
f 1521/1/1233 148/1/1233 147/1/1233 
f 146/1/1234 1522/1/1234 1518/1/1234 
f 1518/1/1234 147/1/1234 146/1/1234 
f 146/1/1235 145/1/1235 1527/1/1235 
f 1527/1/1235 1522/1/1235 146/1/1235 
f 1527/1/1236 1528/1/1236 1523/1/1236 
f 1523/1/1236 1522/1/1236 1527/1/1236 
f 1523/1/1237 1528/1/1237 1529/1/1237 
f 1529/1/1237 1526/1/1237 1523/1/1237 
f 763/1/1238 762/1/1238 1526/1/1238 
f 1526/1/1238 1529/1/1238 763/1/1238 
f 1524/1/1239 1526/1/1239 762/1/1239 
f 762/1/1239 761/1/1239 1524/1/1239 
f 1525/1/1240 1524/1/1240 761/1/1240 
f 761/1/1240 760/1/1240 1525/1/1240 
f 760/1/1241 743/1/1241 1496/1/1241 
f 1496/1/1241 1525/1/1241 760/1/1241 
f 1495/1/1242 1520/1/1242 1525/1/1242 
f 1525/1/1242 1496/1/1242 1495/1/1242 
f 1521/1/1243 1520/1/1243 1495/1/1243 
f 1495/1/1243 1494/1/1243 1521/1/1243 
f 1530/1/1244 1531/1/1244 1532/1/1244 
f 1532/1/1245 1533/1/1245 1530/1/1245 
f 1534/1/992 1535/1/992 1531/1/992 
f 1531/1/992 1530/1/992 1534/1/992 
f 1531/1/995 1536/1/995 1537/1/995 
f 1537/1/996 1532/1/996 1531/1/996 
f 1535/1/994 1538/1/994 1536/1/994 
f 1536/1/994 1531/1/994 1535/1/994 
f 1533/1/1001 1539/1/1001 261/1/1001 
f 261/1/1000 260/1/1000 1533/1/1000 
f 270/1/1246 1530/1/1246 1533/1/1246 
f 1533/1/1247 260/1/1247 270/1/1247 
f 270/1/998 269/1/998 1534/1/998 
f 1534/1/1248 1530/1/1248 270/1/1248 
f 1506/1/997 1534/1/997 269/1/997 
f 269/1/997 241/1/997 1506/1/997 
f 1535/1/1012 1534/1/1012 1506/1/1012 
f 1506/1/1249 1508/1/1249 1535/1/1249 
f 1507/1/1011 1538/1/1011 1535/1/1011 
f 1535/1/1011 1508/1/1011 1507/1/1011 
f 879/1/1009 1538/1/1009 1507/1/1009 
f 1507/1/1009 856/1/1009 879/1/1009 
f 1538/1/1008 879/1/1008 878/1/1008 
f 878/1/1008 1536/1/1008 1538/1/1008 
f 1536/1/1007 878/1/1007 877/1/1007 
f 877/1/1007 1537/1/1007 1536/1/1007 
f 1537/1/1250 877/1/1250 876/1/1250 
f 876/1/1251 1540/1/1251 1537/1/1251 
f 1537/1/1004 1540/1/1004 1541/1/1004 
f 1541/1/1004 1532/1/1004 1537/1/1004 
f 1532/1/1002 1541/1/1002 1539/1/1002 
f 1539/1/1003 1533/1/1003 1532/1/1003 
f 1542/1/1252 1543/1/1252 1544/1/1252 
f 1544/1/1253 1545/1/1253 1542/1/1253 
f 1546/1/1254 1547/1/1254 1543/1/1254 
f 1543/1/1254 1542/1/1254 1546/1/1254 
f 1543/1/1255 1548/1/1255 1549/1/1255 
f 1549/1/1256 1544/1/1256 1543/1/1256 
f 1550/1/1257 1548/1/1257 1543/1/1257 
f 1543/1/1257 1547/1/1257 1550/1/1257 
f 1527/1/1258 145/1/1258 168/1/1258 
f 168/1/1258 1545/1/1258 1527/1/1258 
f 1545/1/1259 168/1/1259 167/1/1259 
f 167/1/1260 1542/1/1260 1545/1/1260 
f 1546/1/1261 1542/1/1261 167/1/1261 
f 167/1/1261 166/1/1261 1546/1/1261 
f 1551/1/1262 1546/1/1262 166/1/1262 
f 166/1/1262 165/1/1262 1551/1/1262 
f 1551/1/1263 1552/1/1263 1547/1/1263 
f 1547/1/1263 1546/1/1263 1551/1/1263 
f 1550/1/1264 1547/1/1264 1552/1/1264 
f 1552/1/1264 1553/1/1264 1550/1/1264 
f 783/1/1265 782/1/1265 1550/1/1265 
f 1550/1/1265 1553/1/1265 783/1/1265 
f 1550/1/1266 782/1/1266 781/1/1266 
f 781/1/1266 1548/1/1266 1550/1/1266 
f 781/1/1267 780/1/1267 1549/1/1267 
f 1549/1/1267 1548/1/1267 781/1/1267 
f 780/1/1268 763/1/1268 1529/1/1268 
f 1529/1/1268 1549/1/1268 780/1/1268 
f 1544/1/1269 1549/1/1269 1529/1/1269 
f 1529/1/1269 1528/1/1269 1544/1/1269 
f 1545/1/1270 1544/1/1270 1528/1/1270 
f 1528/1/1270 1527/1/1270 1545/1/1270 
f 1554/1/1057 1555/1/1057 1556/1/1057 
f 1556/1/1057 1557/1/1057 1554/1/1057 
f 1558/1/1056 1559/1/1056 1555/1/1056 
f 1555/1/1056 1554/1/1056 1558/1/1056 
f 1555/1/1060 1560/1/1060 1561/1/1060 
f 1561/1/1060 1556/1/1060 1555/1/1060 
f 1559/1/1058 1562/1/1058 1560/1/1058 
f 1560/1/1058 1555/1/1058 1559/1/1058 
f 1557/1/1066 1563/1/1066 281/1/1066 
f 281/1/1066 280/1/1066 1557/1/1066 
f 290/1/1065 1554/1/1065 1557/1/1065 
f 1557/1/1065 280/1/1065 290/1/1065 
f 290/1/1271 289/1/1271 1558/1/1271 
f 1558/1/1063 1554/1/1063 290/1/1063 
f 289/1/1061 261/1/1061 1539/1/1061 
f 1539/1/1272 1558/1/1272 289/1/1272 
f 1559/1/1074 1558/1/1074 1539/1/1074 
f 1539/1/1074 1541/1/1074 1559/1/1074 
f 1540/1/1073 1562/1/1073 1559/1/1073 
f 1559/1/1073 1541/1/1073 1540/1/1073 
f 1540/1/1072 876/1/1072 899/1/1072 
f 899/1/1072 1562/1/1072 1540/1/1072 
f 1562/1/1071 899/1/1071 898/1/1071 
f 898/1/1071 1560/1/1071 1562/1/1071 
f 1560/1/1070 898/1/1070 897/1/1070 
f 897/1/1070 1561/1/1070 1560/1/1070 
f 1561/1/1069 897/1/1069 896/1/1069 
f 896/1/1273 1564/1/1273 1561/1/1273 
f 1565/1/1068 1556/1/1068 1561/1/1068 
f 1561/1/1068 1564/1/1068 1565/1/1068 
f 1556/1/1274 1565/1/1274 1563/1/1274 
f 1563/1/1274 1557/1/1274 1556/1/1274 
f 1566/1/1275 1567/1/1275 1568/1/1275 
f 1568/1/1275 1569/1/1275 1566/1/1275 
f 1570/1/1276 1571/1/1276 1567/1/1276 
f 1567/1/1276 1566/1/1276 1570/1/1276 
f 1567/1/1277 1572/1/1277 1573/1/1277 
f 1573/1/1277 1568/1/1277 1567/1/1277 
f 1574/1/1278 1572/1/1278 1567/1/1278 
f 1567/1/1278 1571/1/1278 1574/1/1278 
f 1551/1/1279 165/1/1279 188/1/1279 
f 188/1/1279 1569/1/1279 1551/1/1279 
f 1569/1/1280 188/1/1280 187/1/1280 
f 187/1/1280 1566/1/1280 1569/1/1280 
f 1570/1/1281 1566/1/1281 187/1/1281 
f 187/1/1282 185/1/1282 1570/1/1282 
f 1570/1/1283 185/1/1283 186/1/1283 
f 186/1/1283 1575/1/1283 1570/1/1283 
f 1575/1/1284 1576/1/1284 1571/1/1284 
f 1571/1/1284 1570/1/1284 1575/1/1284 
f 1574/1/1285 1571/1/1285 1576/1/1285 
f 1576/1/1285 1577/1/1285 1574/1/1285 
f 803/1/1286 802/1/1286 1574/1/1286 
f 1574/1/1287 1577/1/1287 803/1/1287 
f 1574/1/1288 802/1/1288 801/1/1288 
f 801/1/1289 1572/1/1289 1574/1/1289 
f 801/1/1290 800/1/1290 1573/1/1290 
f 1573/1/1290 1572/1/1290 801/1/1290 
f 800/1/1291 783/1/1291 1553/1/1291 
f 1553/1/1292 1573/1/1292 800/1/1292 
f 1552/1/1293 1568/1/1293 1573/1/1293 
f 1573/1/1293 1553/1/1293 1552/1/1293 
f 1568/1/1294 1552/1/1294 1551/1/1294 
f 1551/1/1294 1569/1/1294 1568/1/1294 
f 1578/1/1295 1579/1/1295 1580/1/1295 
f 1580/1/1115 1581/1/1115 1578/1/1115 
f 1582/1/1114 1583/1/1114 1579/1/1114 
f 1579/1/1296 1578/1/1296 1582/1/1296 
f 1579/1/1297 1584/1/1297 1585/1/1297 
f 1585/1/1118 1580/1/1118 1579/1/1118 
f 1583/1/1116 1586/1/1116 1584/1/1116 
f 1584/1/1116 1579/1/1116 1583/1/1116 
f 1581/1/1298 1587/1/1298 301/1/1298 
f 301/1/1299 300/1/1299 1581/1/1299 
f 310/1/1122 1578/1/1122 1581/1/1122 
f 1581/1/1122 300/1/1122 310/1/1122 
f 310/1/1121 309/1/1121 1582/1/1121 
f 1582/1/1300 1578/1/1300 310/1/1300 
f 309/1/1119 281/1/1119 1563/1/1119 
f 1563/1/1119 1582/1/1119 309/1/1119 
f 1583/1/1132 1582/1/1132 1563/1/1132 
f 1563/1/1132 1565/1/1132 1583/1/1132 
f 1564/1/1131 1586/1/1131 1583/1/1131 
f 1583/1/1131 1565/1/1131 1564/1/1131 
f 1564/1/1129 896/1/1129 919/1/1129 
f 919/1/1129 1586/1/1129 1564/1/1129 
f 1586/1/1301 919/1/1301 918/1/1301 
f 918/1/1302 1584/1/1302 1586/1/1302 
f 1584/1/1127 918/1/1127 917/1/1127 
f 917/1/1127 1585/1/1127 1584/1/1127 
f 1585/1/1126 917/1/1126 916/1/1126 
f 916/1/1126 1588/1/1126 1585/1/1126 
f 1589/1/1125 1580/1/1125 1585/1/1125 
f 1585/1/1125 1588/1/1125 1589/1/1125 
f 1580/1/1124 1589/1/1124 1587/1/1124 
f 1587/1/1124 1581/1/1124 1580/1/1124 
f 1590/1/1303 1591/1/1303 1592/1/1303 
f 1592/1/1303 1593/1/1303 1590/1/1303 
f 1594/1/1304 1595/1/1304 1591/1/1304 
f 1591/1/1304 1590/1/1304 1594/1/1304 
f 1591/1/1305 1596/1/1305 1597/1/1305 
f 1597/1/1305 1592/1/1305 1591/1/1305 
f 1598/1/1306 1596/1/1306 1591/1/1306 
f 1591/1/1306 1595/1/1306 1598/1/1306 
f 1575/1/1307 186/1/1307 208/1/1307 
f 208/1/1307 1593/1/1307 1575/1/1307 
f 1593/1/1308 208/1/1308 207/1/1308 
f 207/1/1308 1590/1/1308 1593/1/1308 
f 1594/1/1309 1590/1/1309 207/1/1309 
f 207/1/1310 205/1/1310 1594/1/1310 
f 1594/1/1311 205/1/1311 206/1/1311 
f 206/1/1312 1599/1/1312 1594/1/1312 
f 1599/1/1313 1600/1/1313 1595/1/1313 
f 1595/1/1313 1594/1/1313 1599/1/1313 
f 1598/1/1314 1595/1/1314 1600/1/1314 
f 1600/1/1314 1601/1/1314 1598/1/1314 
f 823/1/1315 822/1/1315 1598/1/1315 
f 1598/1/1315 1601/1/1315 823/1/1315 
f 1598/1/1316 822/1/1316 821/1/1316 
f 821/1/1316 1596/1/1316 1598/1/1316 
f 821/1/1317 820/1/1317 1597/1/1317 
f 1597/1/1317 1596/1/1317 821/1/1317 
f 820/1/1318 803/1/1318 1577/1/1318 
f 1577/1/1318 1597/1/1318 820/1/1318 
f 1576/1/1319 1592/1/1319 1597/1/1319 
f 1597/1/1320 1577/1/1320 1576/1/1320 
f 1575/1/1321 1593/1/1321 1592/1/1321 
f 1592/1/1321 1576/1/1321 1575/1/1321 
f 1602/1/1160 1603/1/1160 1604/1/1160 
f 1604/1/1160 1605/1/1160 1602/1/1160 
f 1606/1/1159 1607/1/1159 1603/1/1159 
f 1603/1/1159 1602/1/1159 1606/1/1159 
f 1603/1/1162 1608/1/1162 1609/1/1162 
f 1609/1/1162 1604/1/1162 1603/1/1162 
f 1607/1/1322 1610/1/1322 1608/1/1322 
f 1608/1/1161 1603/1/1161 1607/1/1161 
f 1605/1/1166 1611/1/1166 321/1/1166 
f 321/1/1323 320/1/1323 1605/1/1323 
f 330/1/1324 1602/1/1324 1605/1/1324 
f 1605/1/1165 320/1/1165 330/1/1165 
f 330/1/1164 329/1/1164 1606/1/1164 
f 1606/1/1164 1602/1/1164 330/1/1164 
f 329/1/1325 301/1/1325 1587/1/1325 
f 1587/1/1325 1606/1/1325 329/1/1325 
f 1607/1/1326 1606/1/1326 1587/1/1326 
f 1587/1/1176 1589/1/1176 1607/1/1176 
f 1588/1/1175 1610/1/1175 1607/1/1175 
f 1607/1/1175 1589/1/1175 1588/1/1175 
f 1588/1/1173 916/1/1173 939/1/1173 
f 939/1/1327 1610/1/1327 1588/1/1327 
f 1610/1/1172 939/1/1172 938/1/1172 
f 938/1/1172 1608/1/1172 1610/1/1172 
f 1608/1/1171 938/1/1171 937/1/1171 
f 937/1/1171 1609/1/1328 1608/1/1171 
f 1609/1/1170 937/1/1170 936/1/1170 
f 936/1/1170 1612/1/1170 1609/1/1170 
f 1609/1/1169 1612/1/1169 1613/1/1169 
f 1613/1/1169 1604/1/1169 1609/1/1169 
f 1604/1/1168 1613/1/1168 1611/1/1168 
f 1611/1/1168 1605/1/1168 1604/1/1168 
f 1614/1/1329 1615/1/1329 1616/1/1329 
f 1616/1/1329 1617/1/1329 1614/1/1329 
f 1618/1/1330 1619/1/1330 1615/1/1330 
f 1615/1/1331 1614/1/1331 1618/1/1331 
f 1615/1/1332 1620/1/1332 1621/1/1332 
f 1621/1/1332 1616/1/1332 1615/1/1332 
f 1622/1/1333 1620/1/1333 1615/1/1333 
f 1615/1/1333 1619/1/1333 1622/1/1333 
f 1599/1/1334 206/1/1334 228/1/1334 
f 228/1/1334 1617/1/1334 1599/1/1334 
f 1617/1/1335 228/1/1335 227/1/1335 
f 227/1/1335 1614/1/1335 1617/1/1335 
f 1618/1/1336 1614/1/1336 227/1/1336 
f 227/1/1336 225/1/1336 1618/1/1336 
f 1618/1/1337 225/1/1337 226/1/1337 
f 226/1/1337 1623/1/1337 1618/1/1337 
f 1623/1/1338 1624/1/1338 1619/1/1338 
f 1619/1/1338 1618/1/1338 1623/1/1338 
f 1622/1/1339 1619/1/1339 1624/1/1339 
f 1624/1/1339 1625/1/1339 1622/1/1339 
f 843/1/1340 842/1/1340 1622/1/1340 
f 1622/1/1341 1625/1/1341 843/1/1341 
f 1622/1/1342 842/1/1342 841/1/1342 
f 841/1/1342 1620/1/1342 1622/1/1342 
f 841/1/1343 840/1/1343 1621/1/1343 
f 1621/1/1343 1620/1/1343 841/1/1343 
f 840/1/1344 823/1/1344 1601/1/1344 
f 1601/1/1344 1621/1/1344 840/1/1344 
f 1600/1/1345 1616/1/1345 1621/1/1345 
f 1621/1/1345 1601/1/1345 1600/1/1345 
f 1616/1/1346 1600/1/1346 1599/1/1346 
f 1599/1/1346 1617/1/1346 1616/1/1346 
f 1626/1/1207 1627/1/1207 1628/1/1207 
f 1628/1/1347 1629/1/1347 1626/1/1347 
f 1630/1/1206 1631/1/1206 1627/1/1206 
f 1627/1/1206 1626/1/1206 1630/1/1206 
f 1627/1/1210 1632/1/1210 1633/1/1210 
f 1633/1/1210 1628/1/1210 1627/1/1210 
f 1631/1/1208 1634/1/1208 1632/1/1208 
f 1632/1/1208 1627/1/1208 1631/1/1208 
f 1629/1/1216 1635/1/1216 341/1/1216 
f 341/1/1348 340/1/1348 1629/1/1348 
f 350/1/1215 1626/1/1215 1629/1/1215 
f 1629/1/1215 340/1/1215 350/1/1215 
f 350/1/1349 349/1/1349 1630/1/1349 
f 1630/1/1349 1626/1/1349 350/1/1349 
f 349/1/1211 321/1/1211 1611/1/1211 
f 1611/1/1211 1630/1/1211 349/1/1211 
f 1631/1/1224 1630/1/1224 1611/1/1224 
f 1611/1/1224 1613/1/1224 1631/1/1224 
f 1612/1/1223 1634/1/1223 1631/1/1223 
f 1631/1/1223 1613/1/1223 1612/1/1223 
f 1612/1/1350 936/1/1350 959/1/1350 
f 959/1/1351 1634/1/1351 1612/1/1351 
f 1634/1/1352 959/1/1352 958/1/1352 
f 958/1/1352 1632/1/1352 1634/1/1352 
f 1632/1/1220 958/1/1220 957/1/1220 
f 957/1/1353 1633/1/1353 1632/1/1353 
f 1633/1/1354 957/1/1354 956/1/1354 
f 956/1/1219 1636/1/1219 1633/1/1219 
f 1637/1/1218 1628/1/1218 1633/1/1218 
f 1633/1/1218 1636/1/1218 1637/1/1218 
f 1628/1/1217 1637/1/1217 1635/1/1217 
f 1635/1/1217 1629/1/1217 1628/1/1217 
f 1638/1/1355 1639/1/1355 1640/1/1355 
f 1640/1/1356 1641/1/1356 1638/1/1356 
f 1642/1/1357 1643/1/1357 1639/1/1357 
f 1639/1/1358 1638/1/1358 1642/1/1358 
f 1639/1/1359 1644/1/1359 1645/1/1359 
f 1645/1/1360 1640/1/1360 1639/1/1360 
f 1646/1/1361 1644/1/1361 1639/1/1361 
f 1639/1/1362 1643/1/1362 1646/1/1362 
f 1623/1/1363 226/1/1363 248/1/1363 
f 248/1/1363 1641/1/1363 1623/1/1363 
f 1641/1/1364 248/1/1364 247/1/1364 
f 247/1/1364 1638/1/1364 1641/1/1364 
f 1642/1/1365 1638/1/1365 247/1/1365 
f 247/1/1365 245/1/1365 1642/1/1365 
f 1642/1/1366 245/1/1366 246/1/1366 
f 246/1/1367 1647/1/1367 1642/1/1367 
f 1647/1/1368 1648/1/1368 1643/1/1368 
f 1643/1/1369 1642/1/1369 1647/1/1369 
f 1646/1/1370 1643/1/1370 1648/1/1370 
f 1648/1/1370 1649/1/1370 1646/1/1370 
f 863/1/1371 862/1/1371 1646/1/1371 
f 1646/1/1372 1649/1/1372 863/1/1372 
f 1646/1/1373 862/1/1373 861/1/1373 
f 861/1/1374 1644/1/1374 1646/1/1374 
f 861/1/1375 860/1/1375 1645/1/1375 
f 1645/1/1375 1644/1/1375 861/1/1375 
f 860/1/1376 843/1/1376 1625/1/1376 
f 1625/1/1376 1645/1/1376 860/1/1376 
f 1624/1/1377 1640/1/1377 1645/1/1377 
f 1645/1/1377 1625/1/1377 1624/1/1377 
f 1640/1/1378 1624/1/1378 1623/1/1378 
f 1623/1/1378 1641/1/1378 1640/1/1378 
f 1650/1/1379 1651/1/1379 1652/1/1379 
f 1652/1/1379 1653/1/1379 1650/1/1379 
f 1654/1/953 1655/1/953 1651/1/953 
f 1651/1/953 1650/1/953 1654/1/953 
f 1651/1/958 1656/1/958 1657/1/958 
f 1657/1/1380 1652/1/958 1651/1/958 
f 1655/1/955 1658/1/955 1656/1/955 
f 1656/1/955 1651/1/955 1655/1/955 
f 1653/1/1381 1659/1/1381 361/1/1381 
f 361/1/964 360/1/964 1653/1/964 
f 370/1/1382 1650/1/1382 1653/1/1382 
f 1653/1/1383 360/1/1383 370/1/1383 
f 370/1/960 369/1/960 1654/1/960 
f 1654/1/960 1650/1/960 370/1/960 
f 369/1/959 341/1/959 1635/1/959 
f 1635/1/959 1654/1/959 369/1/959 
f 1655/1/973 1654/1/973 1635/1/973 
f 1635/1/973 1637/1/973 1655/1/973 
f 1636/1/972 1658/1/972 1655/1/972 
f 1655/1/972 1637/1/972 1636/1/972 
f 1636/1/970 956/1/970 979/1/970 
f 979/1/1384 1658/1/1384 1636/1/1384 
f 1658/1/1385 979/1/1385 978/1/1385 
f 978/1/969 1656/1/969 1658/1/969 
f 1656/1/968 978/1/968 977/1/968 
f 977/1/1386 1657/1/1386 1656/1/1386 
f 1657/1/1387 977/1/1387 976/1/1387 
f 976/1/967 1660/1/967 1657/1/967 
f 1661/1/966 1652/1/966 1657/1/966 
f 1657/1/966 1660/1/966 1661/1/966 
f 1652/1/965 1661/1/965 1659/1/965 
f 1659/1/965 1653/1/965 1652/1/965 
f 1662/1/1388 1663/1/1388 1664/1/1388 
f 1664/1/1388 1665/1/1388 1662/1/1388 
f 1666/1/1389 1667/1/1389 1663/1/1389 
f 1663/1/1389 1662/1/1389 1666/1/1389 
f 1663/1/1390 1668/1/1390 1669/1/1390 
f 1669/1/1390 1664/1/1390 1663/1/1390 
f 1670/1/1391 1668/1/1391 1663/1/1391 
f 1663/1/1392 1667/1/1392 1670/1/1392 
f 1647/1/1393 246/1/1393 268/1/1393 
f 268/1/1393 1665/1/1393 1647/1/1393 
f 1665/1/1394 268/1/1394 267/1/1394 
f 267/1/1395 1662/1/1395 1665/1/1395 
f 1666/1/1396 1662/1/1396 267/1/1396 
f 267/1/1396 265/1/1396 1666/1/1396 
f 1666/1/1397 265/1/1397 266/1/1397 
f 266/1/1397 1671/1/1397 1666/1/1397 
f 1671/1/1398 1672/1/1398 1667/1/1398 
f 1667/1/1398 1666/1/1398 1671/1/1398 
f 1670/1/1399 1667/1/1399 1672/1/1399 
f 1672/1/1400 1673/1/1400 1670/1/1400 
f 883/1/1401 882/1/1401 1670/1/1401 
f 1670/1/1401 1673/1/1401 883/1/1401 
f 1670/1/1402 882/1/1402 881/1/1402 
f 881/1/1403 1668/1/1403 1670/1/1403 
f 881/1/1404 880/1/1404 1669/1/1404 
f 1669/1/1405 1668/1/1405 881/1/1405 
f 880/1/1406 863/1/1406 1649/1/1406 
f 1649/1/1407 1669/1/1407 880/1/1407 
f 1648/1/1408 1664/1/1408 1669/1/1408 
f 1669/1/1408 1649/1/1408 1648/1/1408 
f 1647/1/1409 1665/1/1409 1664/1/1409 
f 1664/1/1409 1648/1/1409 1647/1/1409 
f 1674/1/1014 1675/1/1014 1676/1/1014 
f 1676/1/1410 1677/1/1410 1674/1/1410 
f 1678/1/1013 1679/1/1013 1675/1/1013 
f 1675/1/1013 1674/1/1013 1678/1/1013 
f 1675/1/1017 1680/1/1017 1681/1/1017 
f 1681/1/1411 1676/1/1411 1675/1/1411 
f 1679/1/1015 1682/1/1015 1680/1/1015 
f 1680/1/1015 1675/1/1015 1679/1/1015 
f 1677/1/1412 1683/1/1412 381/1/1412 
f 381/1/1413 380/1/1413 1677/1/1413 
f 390/1/1414 1674/1/1414 1677/1/1414 
f 1677/1/1414 380/1/1414 390/1/1414 
f 390/1/1415 389/1/1415 1678/1/1415 
f 1678/1/1020 1674/1/1020 390/1/1020 
f 389/1/1416 361/1/1416 1659/1/1416 
f 1659/1/1018 1678/1/1018 389/1/1018 
f 1679/1/1032 1678/1/1032 1659/1/1032 
f 1659/1/1417 1661/1/1417 1679/1/1417 
f 1660/1/1031 1682/1/1031 1679/1/1031 
f 1679/1/1418 1661/1/1418 1660/1/1418 
f 1660/1/1419 976/1/1419 999/1/1419 
f 999/1/1419 1682/1/1419 1660/1/1419 
f 1682/1/1029 999/1/1029 998/1/1029 
f 998/1/1029 1680/1/1029 1682/1/1029 
f 1680/1/1028 998/1/1028 997/1/1028 
f 997/1/1027 1681/1/1027 1680/1/1027 
f 1681/1/1420 997/1/1420 996/1/1420 
f 996/1/1420 1684/1/1420 1681/1/1420 
f 1685/1/1025 1676/1/1025 1681/1/1025 
f 1681/1/1025 1684/1/1025 1685/1/1025 
f 1676/1/1024 1685/1/1024 1683/1/1024 
f 1683/1/1421 1677/1/1421 1676/1/1421 
f 1686/1/1422 1687/1/1422 1688/1/1422 
f 1688/1/1422 1689/1/1422 1686/1/1422 
f 1690/1/1423 1691/1/1423 1687/1/1423 
f 1687/1/1423 1686/1/1423 1690/1/1423 
f 1687/1/1424 1692/1/1424 1693/1/1424 
f 1693/1/1425 1688/1/1425 1687/1/1425 
f 1694/1/1426 1692/1/1426 1687/1/1426 
f 1687/1/1426 1691/1/1426 1694/1/1426 
f 1671/1/1427 266/1/1427 288/1/1427 
f 288/1/1427 1689/1/1427 1671/1/1427 
f 1689/1/1428 288/1/1428 287/1/1428 
f 287/1/1428 1686/1/1428 1689/1/1428 
f 1690/1/1429 1686/1/1429 287/1/1429 
f 287/1/1429 285/1/1430 1690/1/1429 
f 1690/1/1431 285/1/1431 286/1/1431 
f 286/1/1431 1695/1/1431 1690/1/1431 
f 1695/1/1432 1696/1/1432 1691/1/1432 
f 1691/1/1432 1690/1/1432 1695/1/1432 
f 1694/1/1433 1691/1/1433 1696/1/1433 
f 1696/1/1433 1697/1/1433 1694/1/1433 
f 903/1/1434 902/1/1434 1694/1/1434 
f 1694/1/1434 1697/1/1434 903/1/1434 
f 1694/1/1435 902/1/1435 901/1/1435 
f 901/1/1436 1692/1/1436 1694/1/1436 
f 901/1/1437 900/1/1437 1693/1/1437 
f 1693/1/1437 1692/1/1437 901/1/1437 
f 900/1/1438 883/1/1438 1673/1/1438 
f 1673/1/1439 1693/1/1439 900/1/1439 
f 1672/1/1440 1688/1/1440 1693/1/1440 
f 1693/1/1440 1673/1/1440 1672/1/1440 
f 1671/1/1441 1689/1/1441 1688/1/1441 
f 1688/1/1441 1672/1/1441 1671/1/1441 
f 1698/1/1442 1699/1/1442 1700/1/1442 
f 1700/1/1076 1701/1/1076 1698/1/1076 
f 1702/1/1075 1703/1/1075 1699/1/1075 
f 1699/1/1075 1698/1/1075 1702/1/1075 
f 1699/1/1079 1704/1/1079 1705/1/1079 
f 1705/1/1079 1700/1/1079 1699/1/1079 
f 1703/1/1077 1706/1/1077 1704/1/1077 
f 1704/1/1443 1699/1/1443 1703/1/1443 
f 1701/1/1444 1707/1/1444 401/1/1444 
f 401/1/1444 400/1/1444 1701/1/1444 
f 410/1/1083 1698/1/1083 1701/1/1083 
f 1701/1/1083 400/1/1083 410/1/1083 
f 410/1/1081 409/1/1081 1702/1/1081 
f 1702/1/1081 1698/1/1081 410/1/1081 
f 409/1/1080 381/1/1080 1683/1/1080 
f 1683/1/1080 1702/1/1080 409/1/1080 
f 1703/1/1092 1702/1/1092 1683/1/1092 
f 1683/1/1092 1685/1/1092 1703/1/1092 
f 1684/1/1091 1706/1/1091 1703/1/1091 
f 1703/1/1091 1685/1/1091 1684/1/1091 
f 1684/1/1445 996/1/1445 1019/1/1445 
f 1019/1/1445 1706/1/1445 1684/1/1445 
f 1706/1/1446 1019/1/1446 1018/1/1446 
f 1018/1/1089 1704/1/1089 1706/1/1089 
f 1704/1/1088 1018/1/1088 1017/1/1088 
f 1017/1/1088 1705/1/1088 1704/1/1088 
f 1705/1/1087 1017/1/1087 1016/1/1087 
f 1016/1/1087 1708/1/1087 1705/1/1087 
f 1709/1/1086 1700/1/1086 1705/1/1086 
f 1705/1/1086 1708/1/1086 1709/1/1086 
f 1700/1/1085 1709/1/1085 1707/1/1085 
f 1707/1/1085 1701/1/1085 1700/1/1085 
f 1710/1/1447 1711/1/1447 1712/1/1447 
f 1712/1/1447 1713/1/1447 1710/1/1447 
f 1714/1/1448 1715/1/1448 1711/1/1448 
f 1711/1/1449 1710/1/1449 1714/1/1449 
f 1711/1/1450 1716/1/1450 1717/1/1450 
f 1717/1/1450 1712/1/1450 1711/1/1450 
f 1718/1/1451 1716/1/1451 1711/1/1451 
f 1711/1/1452 1715/1/1452 1718/1/1452 
f 1695/1/1453 286/1/1453 308/1/1453 
f 308/1/1453 1713/1/1453 1695/1/1453 
f 1713/1/1454 308/1/1454 307/1/1454 
f 307/1/1454 1710/1/1454 1713/1/1454 
f 1714/1/1455 1710/1/1455 307/1/1455 
f 307/1/1455 305/1/1455 1714/1/1455 
f 1714/1/1456 305/1/1456 306/1/1456 
f 306/1/1456 1719/1/1456 1714/1/1456 
f 1719/1/1457 1720/1/1457 1715/1/1457 
f 1715/1/1457 1714/1/1457 1719/1/1457 
f 1718/1/1458 1715/1/1458 1720/1/1458 
f 1720/1/1458 1721/1/1458 1718/1/1458 
f 923/1/1459 922/1/1459 1718/1/1459 
f 1718/1/1459 1721/1/1459 923/1/1459 
f 1718/1/1460 922/1/1460 921/1/1460 
f 921/1/1460 1716/1/1460 1718/1/1460 
f 921/1/1461 920/1/1461 1717/1/1461 
f 1717/1/1462 1716/1/1462 921/1/1462 
f 920/1/1463 903/1/1463 1697/1/1463 
f 1697/1/1463 1717/1/1463 920/1/1463 
f 1696/1/1464 1712/1/1464 1717/1/1464 
f 1717/1/1464 1697/1/1464 1696/1/1464 
f 1712/1/1465 1696/1/1465 1695/1/1465 
f 1695/1/1465 1713/1/1465 1712/1/1465 
f 1722/1/1134 1723/1/1134 1724/1/1134 
f 1724/1/1134 1725/1/1134 1722/1/1134 
f 1726/1/1133 1727/1/1133 1723/1/1133 
f 1723/1/1133 1722/1/1133 1726/1/1133 
f 1723/1/1138 1728/1/1138 1729/1/1138 
f 1729/1/1138 1724/1/1138 1723/1/1138 
f 1727/1/1135 1730/1/1135 1728/1/1135 
f 1728/1/1135 1723/1/1135 1727/1/1135 
f 1725/1/1143 1731/1/1143 421/1/1143 
f 421/1/1143 420/1/1143 1725/1/1143 
f 430/1/1142 1722/1/1142 1725/1/1142 
f 1725/1/1142 420/1/1142 430/1/1142 
f 430/1/1141 429/1/1141 1726/1/1141 
f 1726/1/1141 1722/1/1141 430/1/1141 
f 429/1/1140 401/1/1140 1707/1/1140 
f 1707/1/1140 1726/1/1140 429/1/1140 
f 1727/1/1154 1726/1/1154 1707/1/1154 
f 1707/1/1154 1709/1/1154 1727/1/1154 
f 1708/1/1466 1730/1/1466 1727/1/1466 
f 1727/1/1153 1709/1/1153 1708/1/1153 
f 1708/1/1151 1016/1/1151 1039/1/1151 
f 1039/1/1151 1730/1/1151 1708/1/1151 
f 1730/1/1150 1039/1/1150 1038/1/1150 
f 1038/1/1150 1728/1/1150 1730/1/1150 
f 1728/1/1467 1038/1/1467 1037/1/1467 
f 1037/1/1467 1729/1/1467 1728/1/1467 
f 1729/1/1468 1037/1/1468 1036/1/1468 
f 1036/1/1146 1732/1/1146 1729/1/1146 
f 1733/1/1145 1724/1/1145 1729/1/1145 
f 1729/1/1145 1732/1/1145 1733/1/1145 
f 1724/1/1144 1733/1/1144 1731/1/1144 
f 1731/1/1144 1725/1/1144 1724/1/1144 
f 1734/1/1469 1735/1/1469 1736/1/1469 
f 1736/1/1469 1737/1/1469 1734/1/1469 
f 1738/1/1470 1739/1/1470 1735/1/1470 
f 1735/1/1471 1734/1/1471 1738/1/1471 
f 1735/1/1472 1740/1/1472 1741/1/1472 
f 1741/1/1473 1736/1/1473 1735/1/1473 
f 1742/1/1474 1740/1/1474 1735/1/1474 
f 1735/1/1474 1739/1/1474 1742/1/1474 
f 1719/1/1475 306/1/1475 328/1/1475 
f 328/1/1475 1737/1/1475 1719/1/1475 
f 1737/1/1476 328/1/1476 327/1/1476 
f 327/1/1476 1734/1/1476 1737/1/1476 
f 1738/1/1477 1734/1/1477 327/1/1477 
f 327/1/1477 325/1/1477 1738/1/1477 
f 1738/1/1478 325/1/1478 326/1/1478 
f 326/1/1478 1743/1/1478 1738/1/1478 
f 1743/1/1479 1744/1/1479 1739/1/1479 
f 1739/1/1480 1738/1/1480 1743/1/1480 
f 1742/1/1481 1739/1/1481 1744/1/1481 
f 1744/1/1481 1745/1/1481 1742/1/1481 
f 943/1/1482 942/1/1482 1742/1/1482 
f 1742/1/1483 1745/1/1483 943/1/1483 
f 1742/1/1484 942/1/1484 941/1/1484 
f 941/1/1484 1740/1/1484 1742/1/1484 
f 941/1/1485 940/1/1485 1741/1/1485 
f 1741/1/1485 1740/1/1485 941/1/1485 
f 940/1/1486 923/1/1486 1721/1/1486 
f 1721/1/1486 1741/1/1486 940/1/1486 
f 1720/1/1487 1736/1/1487 1741/1/1487 
f 1741/1/1487 1721/1/1487 1720/1/1487 
f 1736/1/1488 1720/1/1488 1719/1/1488 
f 1719/1/1488 1737/1/1488 1736/1/1488 
f 1746/1/1179 1747/1/1179 1748/1/1179 
f 1748/1/1179 1749/1/1179 1746/1/1179 
f 1750/1/1178 1751/1/1178 1747/1/1178 
f 1747/1/1177 1746/1/1177 1750/1/1177 
f 1747/1/1181 1752/1/1181 1753/1/1181 
f 1753/1/1181 1748/1/1181 1747/1/1181 
f 1751/1/1489 1754/1/1489 1752/1/1489 
f 1752/1/1489 1747/1/1489 1751/1/1489 
f 1749/1/1187 1755/1/1187 441/1/1187 
f 441/1/1187 440/1/1187 1749/1/1187 
f 450/1/1185 1746/1/1185 1749/1/1185 
f 1749/1/1185 440/1/1185 450/1/1185 
f 450/1/1184 449/1/1184 1750/1/1184 
f 1750/1/1184 1746/1/1184 450/1/1184 
f 449/1/1182 421/1/1182 1731/1/1182 
f 1731/1/1182 1750/1/1182 449/1/1182 
f 1751/1/1196 1750/1/1196 1731/1/1196 
f 1731/1/1196 1733/1/1196 1751/1/1196 
f 1732/1/1195 1754/1/1195 1751/1/1195 
f 1751/1/1195 1733/1/1195 1732/1/1195 
f 1732/1/1490 1036/1/1490 1059/1/1490 
f 1059/1/1490 1754/1/1490 1732/1/1490 
f 1754/1/1193 1059/1/1193 1058/1/1193 
f 1058/1/1491 1752/1/1491 1754/1/1491 
f 1752/1/1192 1058/1/1192 1057/1/1192 
f 1057/1/1192 1753/1/1192 1752/1/1192 
f 1753/1/1191 1057/1/1191 1056/1/1191 
f 1056/1/1191 1756/1/1191 1753/1/1191 
f 1757/1/1189 1748/1/1189 1753/1/1189 
f 1753/1/1189 1756/1/1189 1757/1/1189 
f 1748/1/1492 1757/1/1492 1755/1/1492 
f 1755/1/1492 1749/1/1492 1748/1/1492 
f 1758/1/895 1759/1/895 1760/1/895 
f 1760/1/895 1761/1/895 1758/1/895 
f 1762/1/894 1763/1/894 1759/1/894 
f 1759/1/894 1758/1/894 1762/1/894 
f 1759/1/898 1764/1/898 1765/1/898 
f 1765/1/898 1760/1/898 1759/1/898 
f 1766/1/896 1764/1/896 1759/1/896 
f 1759/1/896 1763/1/896 1766/1/896 
f 1743/1/1493 326/1/1493 348/1/1493 
f 348/1/1493 1761/1/1493 1743/1/1493 
f 1761/1/1494 348/1/1494 347/1/1494 
f 347/1/1494 1758/1/1494 1761/1/1494 
f 1762/1/900 1758/1/900 347/1/900 
f 347/1/900 345/1/900 1762/1/900 
f 1762/1/899 345/1/899 346/1/899 
f 346/1/1495 1767/1/1495 1762/1/1495 
f 1767/1/912 1768/1/912 1763/1/912 
f 1763/1/912 1762/1/912 1767/1/912 
f 1766/1/911 1763/1/911 1768/1/911 
f 1768/1/911 1769/1/911 1766/1/911 
f 963/1/1496 962/1/1496 1766/1/1496 
f 1766/1/909 1769/1/909 963/1/909 
f 1766/1/908 962/1/908 961/1/908 
f 961/1/908 1764/1/908 1766/1/908 
f 961/1/1497 960/1/1497 1765/1/1497 
f 1765/1/907 1764/1/907 961/1/907 
f 960/1/906 943/1/906 1745/1/906 
f 1745/1/906 1765/1/906 960/1/906 
f 1744/1/905 1760/1/905 1765/1/905 
f 1765/1/905 1745/1/905 1744/1/905 
f 1743/1/1498 1761/1/1498 1760/1/1498 
f 1760/1/1499 1744/1/1499 1743/1/1499 
f 1770/1/1500 1771/1/1500 1772/1/1500 
f 1772/1/1227 1773/1/1227 1770/1/1227 
f 1774/1/1225 1775/1/1225 1771/1/1225 
f 1771/1/1225 1770/1/1225 1774/1/1225 
f 1771/1/1230 1776/1/1230 1777/1/1230 
f 1777/1/1501 1772/1/1501 1771/1/1501 
f 1775/1/1502 1778/1/1502 1776/1/1502 
f 1776/1/1503 1771/1/1503 1775/1/1503 
f 1773/1/1504 1779/1/1504 461/1/1504 
f 461/1/1504 460/1/1504 1773/1/1504 
f 470/1/1234 1770/1/1234 1773/1/1234 
f 1773/1/1234 460/1/1234 470/1/1234 
f 470/1/1233 469/1/1233 1774/1/1233 
f 1774/1/1233 1770/1/1233 470/1/1233 
f 469/1/1232 441/1/1232 1755/1/1232 
f 1755/1/1232 1774/1/1232 469/1/1232 
f 1775/1/1243 1774/1/1243 1755/1/1243 
f 1755/1/1243 1757/1/1243 1775/1/1243 
f 1756/1/1242 1778/1/1242 1775/1/1242 
f 1775/1/1242 1757/1/1242 1756/1/1242 
f 1756/1/1241 1056/1/1241 1079/1/1241 
f 1079/1/1241 1778/1/1241 1756/1/1241 
f 1778/1/1240 1079/1/1240 1078/1/1240 
f 1078/1/1240 1776/1/1240 1778/1/1240 
f 1776/1/1239 1078/1/1239 1077/1/1239 
f 1077/1/1239 1777/1/1239 1776/1/1239 
f 1777/1/1238 1077/1/1238 1076/1/1238 
f 1076/1/1238 1780/1/1238 1777/1/1238 
f 1781/1/1237 1772/1/1237 1777/1/1237 
f 1777/1/1237 1780/1/1237 1781/1/1237 
f 1772/1/1236 1781/1/1236 1779/1/1236 
f 1779/1/1236 1773/1/1236 1772/1/1236 
f 1782/1/1505 1783/1/1505 1784/1/1505 
f 1784/1/1505 1785/1/1505 1782/1/1505 
f 1786/1/1506 1787/1/1506 1783/1/1506 
f 1783/1/1506 1782/1/1506 1786/1/1506 
f 1783/1/1507 1788/1/1507 1789/1/1507 
f 1789/1/1507 1784/1/1507 1783/1/1507 
f 1790/1/1508 1788/1/1508 1783/1/1508 
f 1783/1/1508 1787/1/1508 1790/1/1508 
f 1767/1/1509 346/1/1509 368/1/1509 
f 368/1/1510 1785/1/1510 1767/1/1510 
f 1785/1/1511 368/1/1511 367/1/1511 
f 367/1/1511 1782/1/1511 1785/1/1511 
f 1786/1/1512 1782/1/1512 367/1/1512 
f 367/1/1513 365/1/1513 1786/1/1513 
f 1786/1/1514 365/1/1514 366/1/1514 
f 366/1/1514 1791/1/1514 1786/1/1514 
f 1791/1/1515 1792/1/1515 1787/1/1515 
f 1787/1/1515 1786/1/1515 1791/1/1515 
f 1790/1/1516 1787/1/1516 1792/1/1516 
f 1792/1/1517 1793/1/1517 1790/1/1517 
f 983/1/1518 982/1/1518 1790/1/1518 
f 1790/1/1518 1793/1/1518 983/1/1518 
f 1790/1/1519 982/1/1519 981/1/1519 
f 981/1/1519 1788/1/1519 1790/1/1519 
f 981/1/1520 980/1/1520 1789/1/1520 
f 1789/1/1520 1788/1/1520 981/1/1520 
f 980/1/1521 963/1/1521 1769/1/1521 
f 1769/1/1521 1789/1/1521 980/1/1521 
f 1768/1/1522 1784/1/1522 1789/1/1522 
f 1789/1/1522 1769/1/1522 1768/1/1522 
f 1767/1/1523 1785/1/1523 1784/1/1523 
f 1784/1/1523 1768/1/1523 1767/1/1523 
f 1794/1/1254 1795/1/1254 1796/1/1254 
f 1796/1/1254 1797/1/1254 1794/1/1254 
f 1798/1/1524 1799/1/1524 1795/1/1524 
f 1795/1/1253 1794/1/1253 1798/1/1253 
f 1795/1/1257 1800/1/1257 1801/1/1257 
f 1801/1/1525 1796/1/1525 1795/1/1525 
f 1799/1/1256 1802/1/1256 1800/1/1256 
f 1800/1/1256 1795/1/1256 1799/1/1256 
f 1797/1/1262 1803/1/1262 481/1/1262 
f 481/1/1262 480/1/1262 1797/1/1262 
f 490/1/1261 1794/1/1261 1797/1/1261 
f 1797/1/1526 480/1/1261 490/1/1261 
f 490/1/1259 489/1/1259 1798/1/1259 
f 1798/1/1259 1794/1/1259 490/1/1259 
f 489/1/1258 461/1/1258 1779/1/1258 
f 1779/1/1258 1798/1/1258 489/1/1258 
f 1799/1/1270 1798/1/1270 1779/1/1270 
f 1779/1/1270 1781/1/1270 1799/1/1270 
f 1780/1/1269 1802/1/1269 1799/1/1269 
f 1799/1/1269 1781/1/1269 1780/1/1269 
f 1780/1/1268 1076/1/1268 1099/1/1268 
f 1099/1/1268 1802/1/1268 1780/1/1268 
f 1802/1/1527 1099/1/1527 1098/1/1527 
f 1098/1/1527 1800/1/1527 1802/1/1527 
f 1800/1/1266 1098/1/1266 1097/1/1266 
f 1097/1/1266 1801/1/1266 1800/1/1266 
f 1801/1/1265 1097/1/1265 1096/1/1265 
f 1096/1/1265 1804/1/1265 1801/1/1265 
f 1801/1/1264 1804/1/1264 1805/1/1264 
f 1805/1/1264 1796/1/1264 1801/1/1264 
f 1796/1/1263 1805/1/1263 1803/1/1263 
f 1803/1/1263 1797/1/1263 1796/1/1263 
f 1806/1/1528 1807/1/1528 1808/1/1528 
f 1808/1/1528 1809/1/1528 1806/1/1528 
f 1810/1/1529 1811/1/1529 1807/1/1529 
f 1807/1/1530 1806/1/1530 1810/1/1530 
f 1807/1/1531 1812/1/1531 1813/1/1531 
f 1813/1/1531 1808/1/1531 1807/1/1531 
f 1814/1/1532 1812/1/1532 1807/1/1532 
f 1807/1/1533 1811/1/1533 1814/1/1533 
f 1791/1/1534 366/1/1534 388/1/1534 
f 388/1/1534 1809/1/1534 1791/1/1534 
f 1809/1/1535 388/1/1535 387/1/1535 
f 387/1/1535 1806/1/1535 1809/1/1535 
f 1810/1/1536 1806/1/1536 387/1/1536 
f 387/1/1536 385/1/1536 1810/1/1536 
f 1810/1/1537 385/1/1537 386/1/1537 
f 386/1/1537 1815/1/1537 1810/1/1537 
f 1815/1/1538 1816/1/1538 1811/1/1538 
f 1811/1/1538 1810/1/1538 1815/1/1538 
f 1814/1/1539 1811/1/1539 1816/1/1539 
f 1816/1/1539 1817/1/1539 1814/1/1539 
f 1003/1/1540 1002/1/1540 1814/1/1540 
f 1814/1/1540 1817/1/1540 1003/1/1540 
f 1814/1/1541 1002/1/1541 1001/1/1541 
f 1001/1/1541 1812/1/1541 1814/1/1541 
f 1001/1/1542 1000/1/1542 1813/1/1542 
f 1813/1/1542 1812/1/1542 1001/1/1542 
f 1000/1/1543 983/1/1543 1793/1/1543 
f 1793/1/1543 1813/1/1543 1000/1/1543 
f 1792/1/1544 1808/1/1544 1813/1/1544 
f 1813/1/1545 1793/1/1545 1792/1/1545 
f 1808/1/1546 1792/1/1546 1791/1/1546 
f 1791/1/1546 1809/1/1546 1808/1/1546 
f 1818/1/1276 1819/1/1276 1820/1/1276 
f 1820/1/1276 1821/1/1276 1818/1/1276 
f 1822/1/1275 1823/1/1275 1819/1/1275 
f 1819/1/1275 1818/1/1275 1822/1/1275 
f 1819/1/1278 1824/1/1278 1825/1/1278 
f 1825/1/1547 1820/1/1547 1819/1/1547 
f 1823/1/1277 1826/1/1277 1824/1/1277 
f 1824/1/1548 1819/1/1548 1823/1/1548 
f 1821/1/1549 1827/1/1549 501/1/1549 
f 501/1/1283 500/1/1283 1821/1/1283 
f 510/1/1281 1818/1/1281 1821/1/1281 
f 1821/1/1282 500/1/1282 510/1/1282 
f 510/1/1280 509/1/1280 1822/1/1280 
f 1822/1/1280 1818/1/1280 510/1/1280 
f 509/1/1550 481/1/1550 1803/1/1550 
f 1803/1/1551 1822/1/1551 509/1/1551 
f 1823/1/1294 1822/1/1294 1803/1/1294 
f 1803/1/1294 1805/1/1294 1823/1/1294 
f 1804/1/1293 1826/1/1293 1823/1/1293 
f 1823/1/1293 1805/1/1293 1804/1/1293 
f 1804/1/1292 1096/1/1292 1119/1/1292 
f 1119/1/1292 1826/1/1292 1804/1/1292 
f 1826/1/1290 1119/1/1290 1118/1/1290 
f 1118/1/1290 1824/1/1290 1826/1/1290 
f 1824/1/1289 1118/1/1289 1117/1/1289 
f 1117/1/1289 1825/1/1289 1824/1/1289 
f 1825/1/1286 1117/1/1286 1116/1/1286 
f 1116/1/1286 1828/1/1286 1825/1/1286 
f 1825/1/1285 1828/1/1285 1829/1/1285 
f 1829/1/1285 1820/1/1285 1825/1/1285 
f 1820/1/1284 1829/1/1284 1827/1/1284 
f 1827/1/1284 1821/1/1284 1820/1/1284 
f 1830/1/1552 1831/1/1552 1832/1/1552 
f 1832/1/1552 1833/1/1552 1830/1/1552 
f 1834/1/1553 1835/1/1553 1831/1/1553 
f 1831/1/1553 1830/1/1553 1834/1/1553 
f 1831/1/1554 1836/1/1554 1837/1/1554 
f 1837/1/1554 1832/1/1554 1831/1/1554 
f 1838/1/1555 1836/1/1555 1831/1/1555 
f 1831/1/1555 1835/1/1555 1838/1/1555 
f 1815/1/1556 386/1/1556 408/1/1556 
f 408/1/1556 1833/1/1556 1815/1/1556 
f 1833/1/1557 408/1/1557 407/1/1557 
f 407/1/1558 1830/1/1558 1833/1/1558 
f 1834/1/1559 1830/1/1559 407/1/1559 
f 407/1/1560 405/1/1560 1834/1/1560 
f 1834/1/1561 405/1/1561 406/1/1561 
f 406/1/1561 1839/1/1561 1834/1/1561 
f 1839/1/1562 1840/1/1562 1835/1/1562 
f 1835/1/1562 1834/1/1562 1839/1/1562 
f 1838/1/1563 1835/1/1563 1840/1/1563 
f 1840/1/1563 1841/1/1563 1838/1/1563 
f 1023/1/1564 1022/1/1564 1838/1/1564 
f 1838/1/1564 1841/1/1564 1023/1/1564 
f 1838/1/1565 1022/1/1565 1021/1/1565 
f 1021/1/1565 1836/1/1565 1838/1/1565 
f 1021/1/1566 1020/1/1566 1837/1/1566 
f 1837/1/1566 1836/1/1566 1021/1/1566 
f 1020/1/1567 1003/1/1567 1817/1/1567 
f 1817/1/1567 1837/1/1567 1020/1/1567 
f 1816/1/1568 1832/1/1568 1837/1/1568 
f 1837/1/1568 1817/1/1568 1816/1/1568 
f 1815/1/1569 1833/1/1569 1832/1/1569 
f 1832/1/1569 1816/1/1569 1815/1/1569 
f 1842/1/1304 1843/1/1304 1844/1/1304 
f 1844/1/1304 1845/1/1304 1842/1/1304 
f 1846/1/1570 1847/1/1570 1843/1/1570 
f 1843/1/1570 1842/1/1303 1846/1/1570 
f 1843/1/1306 1848/1/1306 1849/1/1306 
f 1849/1/1306 1844/1/1306 1843/1/1306 
f 1847/1/1305 1850/1/1305 1848/1/1305 
f 1848/1/1305 1843/1/1305 1847/1/1305 
f 1845/1/1312 1851/1/1312 521/1/1312 
f 521/1/1571 520/1/1571 1845/1/1571 
f 530/1/1309 1842/1/1309 1845/1/1309 
f 1845/1/1572 520/1/1572 530/1/1572 
f 530/1/1308 529/1/1308 1846/1/1308 
f 1846/1/1573 1842/1/1573 530/1/1573 
f 529/1/1307 501/1/1307 1827/1/1307 
f 1827/1/1307 1846/1/1307 529/1/1307 
f 1847/1/1574 1846/1/1574 1827/1/1574 
f 1827/1/1574 1829/1/1574 1847/1/1574 
f 1828/1/1320 1850/1/1320 1847/1/1320 
f 1847/1/1320 1829/1/1320 1828/1/1320 
f 1828/1/1318 1116/1/1318 1139/1/1318 
f 1139/1/1318 1850/1/1318 1828/1/1318 
f 1850/1/1317 1139/1/1317 1138/1/1317 
f 1138/1/1317 1848/1/1317 1850/1/1317 
f 1848/1/1316 1138/1/1316 1137/1/1316 
f 1137/1/1316 1849/1/1316 1848/1/1316 
f 1849/1/1315 1137/1/1315 1136/1/1315 
f 1136/1/1575 1852/1/1575 1849/1/1575 
f 1853/1/1314 1844/1/1314 1849/1/1314 
f 1849/1/1314 1852/1/1314 1853/1/1314 
f 1844/1/1313 1853/1/1313 1851/1/1313 
f 1851/1/1576 1845/1/1576 1844/1/1576 
f 1854/1/1577 1855/1/1577 1856/1/1577 
f 1856/1/1577 1857/1/1577 1854/1/1577 
f 1858/1/1578 1859/1/1578 1855/1/1578 
f 1855/1/1579 1854/1/1579 1858/1/1579 
f 1855/1/1580 1860/1/1580 1861/1/1580 
f 1861/1/1580 1856/1/1580 1855/1/1580 
f 1862/1/1581 1860/1/1581 1855/1/1581 
f 1855/1/1582 1859/1/1582 1862/1/1582 
f 1839/1/1583 406/1/1583 428/1/1583 
f 428/1/1583 1857/1/1583 1839/1/1583 
f 1857/1/1584 428/1/1584 427/1/1584 
f 427/1/1584 1854/1/1584 1857/1/1584 
f 1858/1/1585 1854/1/1585 427/1/1585 
f 427/1/1585 425/1/1585 1858/1/1585 
f 1858/1/1586 425/1/1586 426/1/1586 
f 426/1/1587 1863/1/1587 1858/1/1587 
f 1863/1/1588 1864/1/1588 1859/1/1588 
f 1859/1/1588 1858/1/1588 1863/1/1588 
f 1862/1/1589 1859/1/1589 1864/1/1589 
f 1864/1/1590 1865/1/1590 1862/1/1590 
f 1043/1/1591 1042/1/1591 1862/1/1591 
f 1862/1/1591 1865/1/1591 1043/1/1591 
f 1862/1/1592 1042/1/1592 1041/1/1592 
f 1041/1/1592 1860/1/1592 1862/1/1592 
f 1041/1/1593 1040/1/1593 1861/1/1593 
f 1861/1/1594 1860/1/1594 1041/1/1594 
f 1040/1/1595 1023/1/1595 1841/1/1595 
f 1841/1/1595 1861/1/1595 1040/1/1595 
f 1840/1/1596 1856/1/1596 1861/1/1596 
f 1861/1/1596 1841/1/1596 1840/1/1596 
f 1839/1/1597 1857/1/1597 1856/1/1597 
f 1856/1/1597 1840/1/1597 1839/1/1597 
f 1866/1/1598 1867/1/1598 1868/1/1598 
f 1868/1/1330 1869/1/1330 1866/1/1330 
f 1870/1/1329 1871/1/1329 1867/1/1329 
f 1867/1/1329 1866/1/1329 1870/1/1329 
f 1867/1/1333 1872/1/1333 1873/1/1333 
f 1873/1/1333 1868/1/1333 1867/1/1333 
f 1871/1/1599 1874/1/1599 1872/1/1599 
f 1872/1/1332 1867/1/1332 1871/1/1332 
f 1869/1/1337 1875/1/1337 541/1/1337 
f 541/1/1337 540/1/1337 1869/1/1337 
f 550/1/1336 1866/1/1336 1869/1/1336 
f 1869/1/1336 540/1/1336 550/1/1336 
f 550/1/1335 549/1/1335 1870/1/1335 
f 1870/1/1335 1866/1/1335 550/1/1335 
f 549/1/1334 521/1/1334 1851/1/1334 
f 1851/1/1334 1870/1/1334 549/1/1334 
f 1871/1/1346 1870/1/1346 1851/1/1346 
f 1851/1/1346 1853/1/1346 1871/1/1346 
f 1852/1/1600 1874/1/1600 1871/1/1600 
f 1871/1/1345 1853/1/1345 1852/1/1345 
f 1852/1/1344 1136/1/1344 1159/1/1344 
f 1159/1/1344 1874/1/1344 1852/1/1344 
f 1874/1/1343 1159/1/1343 1158/1/1343 
f 1158/1/1343 1872/1/1343 1874/1/1343 
f 1872/1/1601 1158/1/1601 1157/1/1601 
f 1157/1/1601 1873/1/1601 1872/1/1601 
f 1873/1/1341 1157/1/1341 1156/1/1341 
f 1156/1/1341 1876/1/1341 1873/1/1341 
f 1877/1/1339 1868/1/1339 1873/1/1339 
f 1873/1/1339 1876/1/1339 1877/1/1339 
f 1868/1/1338 1877/1/1338 1875/1/1338 
f 1875/1/1338 1869/1/1338 1868/1/1338 
f 1878/1/1602 1879/1/1602 1880/1/1602 
f 1880/1/1602 1881/1/1602 1878/1/1602 
f 1882/1/1603 1883/1/1603 1879/1/1603 
f 1879/1/1603 1878/1/1603 1882/1/1603 
f 1879/1/1604 1884/1/1604 1885/1/1604 
f 1885/1/1604 1880/1/1604 1879/1/1604 
f 1886/1/1605 1884/1/1605 1879/1/1605 
f 1879/1/1605 1883/1/1605 1886/1/1605 
f 1863/1/1606 426/1/1606 448/1/1606 
f 448/1/1606 1881/1/1606 1863/1/1606 
f 1881/1/1607 448/1/1607 447/1/1607 
f 447/1/1608 1878/1/1608 1881/1/1608 
f 1882/1/1609 1878/1/1609 447/1/1609 
f 447/1/1610 445/1/1610 1882/1/1610 
f 1882/1/1611 445/1/1611 446/1/1611 
f 446/1/1612 1887/1/1612 1882/1/1612 
f 1887/1/1613 1888/1/1613 1883/1/1613 
f 1883/1/1613 1882/1/1613 1887/1/1613 
f 1886/1/1614 1883/1/1614 1888/1/1614 
f 1888/1/1614 1889/1/1614 1886/1/1614 
f 1063/1/1615 1062/1/1615 1886/1/1615 
f 1886/1/1615 1889/1/1615 1063/1/1615 
f 1886/1/1616 1062/1/1616 1061/1/1616 
f 1061/1/1616 1884/1/1616 1886/1/1616 
f 1061/1/1617 1060/1/1617 1885/1/1617 
f 1885/1/1618 1884/1/1618 1061/1/1618 
f 1060/1/1619 1043/1/1619 1865/1/1619 
f 1865/1/1620 1885/1/1620 1060/1/1620 
f 1864/1/1621 1880/1/1621 1885/1/1621 
f 1885/1/1621 1865/1/1621 1864/1/1621 
f 1880/1/1622 1864/1/1622 1863/1/1622 
f 1863/1/1623 1881/1/1623 1880/1/1623 
f 1890/1/1357 1891/1/1357 1892/1/1357 
f 1892/1/1357 1893/1/1357 1890/1/1357 
f 1894/1/1624 1895/1/1624 1891/1/1624 
f 1891/1/1624 1890/1/1624 1894/1/1624 
f 1891/1/1625 1896/1/1625 1897/1/1625 
f 1897/1/1625 1892/1/1625 1891/1/1625 
f 1895/1/1626 1898/1/1626 1896/1/1626 
f 1896/1/1359 1891/1/1359 1895/1/1359 
f 1893/1/1367 1899/1/1367 561/1/1367 
f 561/1/1367 560/1/1367 1893/1/1367 
f 570/1/1365 1890/1/1365 1893/1/1365 
f 1893/1/1365 560/1/1365 570/1/1365 
f 570/1/1364 569/1/1364 1894/1/1364 
f 1894/1/1364 1890/1/1364 570/1/1364 
f 569/1/1363 541/1/1363 1875/1/1363 
f 1875/1/1627 1894/1/1627 569/1/1627 
f 1895/1/1378 1894/1/1378 1875/1/1378 
f 1875/1/1378 1877/1/1378 1895/1/1378 
f 1876/1/1628 1898/1/1628 1895/1/1628 
f 1895/1/1377 1877/1/1377 1876/1/1377 
f 1876/1/1376 1156/1/1376 1179/1/1376 
f 1179/1/1376 1898/1/1376 1876/1/1376 
f 1898/1/1375 1179/1/1375 1178/1/1375 
f 1178/1/1375 1896/1/1375 1898/1/1375 
f 1896/1/1373 1178/1/1373 1177/1/1373 
f 1177/1/1373 1897/1/1373 1896/1/1373 
f 1897/1/1371 1177/1/1371 1176/1/1371 
f 1176/1/1371 1900/1/1371 1897/1/1371 
f 1897/1/1629 1900/1/1629 1901/1/1629 
f 1901/1/1629 1892/1/1629 1897/1/1629 
f 1892/1/1369 1901/1/1369 1899/1/1369 
f 1899/1/1630 1893/1/1630 1892/1/1630 
f 1902/1/1506 1903/1/1506 1904/1/1506 
f 1904/1/1631 1905/1/1631 1902/1/1631 
f 1906/1/1505 1907/1/1505 1903/1/1505 
f 1903/1/1505 1902/1/1505 1906/1/1505 
f 1903/1/1632 1908/1/1632 1909/1/1632 
f 1909/1/1632 1904/1/1632 1903/1/1632 
f 1903/1/1507 1907/1/1507 1910/1/1507 
f 1910/1/1507 1908/1/1507 1903/1/1507 
f 1905/1/1514 1911/1/1514 37/1/1514 
f 37/1/1514 36/1/1514 1905/1/1514 
f 1905/1/1512 36/1/1512 50/1/1512 
f 50/1/1512 1902/1/1512 1905/1/1512 
f 48/1/1511 1906/1/1511 1902/1/1511 
f 1902/1/1511 50/1/1511 48/1/1511 
f 1305/1/1510 1906/1/1510 48/1/1510 
f 48/1/1633 49/1/1633 1305/1/1633 
f 1906/1/1523 1305/1/1523 1310/1/1523 
f 1310/1/1523 1907/1/1523 1906/1/1523 
f 1907/1/1522 1310/1/1522 1309/1/1522 
f 1309/1/1522 1910/1/1522 1907/1/1522 
f 15/1/1521 14/1/1521 1910/1/1521 
f 1910/1/1634 1309/1/1634 15/1/1634 
f 1910/1/1520 14/1/1520 13/1/1520 
f 13/1/1635 1908/1/1635 1910/1/1635 
f 1909/1/1636 1908/1/1636 13/1/1636 
f 13/1/1637 12/1/1637 1909/1/1637 
f 12/1/1518 11/1/1518 1912/1/1518 
f 1912/1/1518 1909/1/1518 12/1/1518 
f 1904/1/1638 1909/1/1638 1912/1/1638 
f 1912/1/1638 1913/1/1638 1904/1/1638 
f 1904/1/1515 1913/1/1515 1911/1/1515 
f 1911/1/1639 1905/1/1639 1904/1/1639 
f 1914/1/1640 1915/1/1640 1916/1/1640 
f 1916/1/1640 1917/1/1640 1914/1/1640 
f 1918/1/1641 1919/1/1641 1915/1/1641 
f 1915/1/913 1914/1/913 1918/1/913 
f 1915/1/1642 1920/1/1642 1921/1/1642 
f 1921/1/1643 1916/1/1643 1915/1/1643 
f 1922/1/1644 1920/1/1644 1915/1/1644 
f 1915/1/1644 1919/1/1644 1922/1/1644 
f 1887/1/1645 446/1/1645 468/1/1645 
f 468/1/1645 1917/1/1645 1887/1/1645 
f 1917/1/921 468/1/921 467/1/921 
f 467/1/921 1914/1/921 1917/1/921 
f 1918/1/1646 1914/1/1646 467/1/1646 
f 467/1/920 465/1/920 1918/1/920 
f 1923/1/919 1918/1/919 465/1/919 
f 465/1/919 466/1/919 1923/1/919 
f 1923/1/933 1924/1/933 1919/1/933 
f 1919/1/1647 1918/1/1647 1923/1/1647 
f 1922/1/932 1919/1/932 1924/1/932 
f 1924/1/932 1925/1/932 1922/1/932 
f 1922/1/1648 1925/1/1648 1083/1/1648 
f 1083/1/1648 1082/1/1648 1922/1/1648 
f 1922/1/929 1082/1/929 1081/1/929 
f 1081/1/929 1920/1/929 1922/1/929 
f 1081/1/1649 1080/1/1649 1921/1/1649 
f 1921/1/927 1920/1/927 1081/1/927 
f 1080/1/1650 1063/1/1650 1889/1/1650 
f 1889/1/1650 1921/1/1650 1080/1/1650 
f 1889/1/924 1888/1/924 1916/1/924 
f 1916/1/924 1921/1/924 1889/1/924 
f 1887/1/923 1917/1/923 1916/1/923 
f 1916/1/923 1888/1/923 1887/1/923 
f 1926/1/1651 1927/1/1651 1928/1/1651 
f 1928/1/1651 1929/1/1651 1926/1/1651 
f 1930/1/1388 1931/1/1388 1927/1/1388 
f 1927/1/1388 1926/1/1388 1930/1/1388 
f 1927/1/1652 1932/1/1652 1933/1/1652 
f 1933/1/1652 1928/1/1652 1927/1/1652 
f 1931/1/1390 1934/1/1390 1932/1/1390 
f 1932/1/1390 1927/1/1390 1931/1/1390 
f 1929/1/1397 1935/1/1397 581/1/1397 
f 581/1/1397 580/1/1397 1929/1/1397 
f 590/1/1396 1926/1/1396 1929/1/1396 
f 1929/1/1396 580/1/1396 590/1/1396 
f 590/1/1653 589/1/1653 1930/1/1653 
f 1930/1/1653 1926/1/1653 590/1/1653 
f 589/1/1654 561/1/1654 1899/1/1654 
f 1899/1/1393 1930/1/1393 589/1/1393 
f 1931/1/1655 1930/1/1655 1899/1/1655 
f 1899/1/1655 1901/1/1655 1931/1/1655 
f 1900/1/1408 1934/1/1408 1931/1/1408 
f 1931/1/1408 1901/1/1408 1900/1/1408 
f 1900/1/1407 1176/1/1407 1199/1/1407 
f 1199/1/1407 1934/1/1407 1900/1/1407 
f 1934/1/1404 1199/1/1404 1198/1/1404 
f 1198/1/1404 1932/1/1404 1934/1/1404 
f 1932/1/1403 1198/1/1403 1197/1/1403 
f 1197/1/1403 1933/1/1403 1932/1/1403 
f 1197/1/1401 1196/1/1401 1936/1/1401 
f 1936/1/1401 1933/1/1401 1197/1/1401 
f 1928/1/1400 1933/1/1400 1936/1/1400 
f 1936/1/1656 1937/1/1656 1928/1/1656 
f 1929/1/1398 1928/1/1398 1937/1/1398 
f 1937/1/1398 1935/1/1398 1929/1/1398 
f 1938/1/1657 1939/1/1657 1940/1/1657 
f 1940/1/1658 1941/1/1658 1938/1/1658 
f 1942/1/1659 1943/1/1659 1939/1/1659 
f 1939/1/1659 1938/1/1659 1942/1/1659 
f 1939/1/1532 1944/1/1532 1945/1/1532 
f 1945/1/1532 1940/1/1532 1939/1/1532 
f 1939/1/1531 1943/1/1531 1946/1/1531 
f 1946/1/1531 1944/1/1531 1939/1/1531 
f 61/1/1537 60/1/1537 1941/1/1537 
f 1941/1/1537 1947/1/1537 61/1/1537 
f 1941/1/1536 60/1/1536 70/1/1536 
f 70/1/1536 1938/1/1536 1941/1/1536 
f 70/1/1660 69/1/1660 1942/1/1660 
f 1942/1/1535 1938/1/1535 70/1/1535 
f 1942/1/1661 69/1/1661 37/1/1661 
f 37/1/1662 1911/1/1662 1942/1/1662 
f 1913/1/1546 1943/1/1546 1942/1/1546 
f 1942/1/1546 1911/1/1546 1913/1/1546 
f 1912/1/1544 1946/1/1544 1943/1/1544 
f 1943/1/1544 1913/1/1544 1912/1/1544 
f 11/1/1663 679/1/1663 1946/1/1663 
f 1946/1/1664 1912/1/1664 11/1/1664 
f 1946/1/1542 679/1/1542 678/1/1542 
f 678/1/1542 1944/1/1542 1946/1/1542 
f 1945/1/1541 1944/1/1541 678/1/1541 
f 678/1/1665 675/1/1665 1945/1/1665 
f 675/1/1666 677/1/1666 1948/1/1666 
f 1948/1/1667 1945/1/1667 675/1/1667 
f 1940/1/1668 1945/1/1668 1948/1/1668 
f 1948/1/1539 1949/1/1539 1940/1/1539 
f 1940/1/1669 1949/1/1669 1947/1/1669 
f 1947/1/1670 1941/1/1670 1940/1/1670 
f 1950/1/1671 1951/1/1671 1952/1/1671 
f 1952/1/1671 1953/1/1671 1950/1/1671 
f 1954/1/974 1955/1/974 1951/1/974 
f 1951/1/974 1950/1/974 1954/1/974 
f 1951/1/1672 1956/1/1672 1957/1/1672 
f 1957/1/1673 1952/1/1673 1951/1/1673 
f 1958/1/1674 1956/1/1674 1951/1/1674 
f 1951/1/977 1955/1/977 1958/1/977 
f 1923/1/982 466/1/982 488/1/982 
f 488/1/982 1953/1/982 1923/1/982 
f 1953/1/1675 488/1/1675 487/1/1675 
f 487/1/1675 1950/1/1675 1953/1/1675 
f 1954/1/980 1950/1/980 487/1/980 
f 487/1/980 485/1/980 1954/1/980 
f 1959/1/979 1954/1/979 485/1/979 
f 485/1/979 486/1/979 1959/1/979 
f 1959/1/990 1960/1/990 1955/1/990 
f 1955/1/990 1954/1/990 1959/1/990 
f 1958/1/989 1955/1/989 1960/1/989 
f 1960/1/989 1961/1/989 1958/1/989 
f 1958/1/988 1961/1/988 1103/1/988 
f 1103/1/988 1102/1/988 1958/1/988 
f 1958/1/987 1102/1/987 1101/1/987 
f 1101/1/1676 1956/1/987 1958/1/987 
f 1101/1/986 1100/1/986 1957/1/986 
f 1957/1/986 1956/1/986 1101/1/986 
f 1100/1/985 1083/1/985 1925/1/985 
f 1925/1/985 1957/1/985 1100/1/985 
f 1952/1/984 1957/1/984 1925/1/984 
f 1925/1/984 1924/1/984 1952/1/984 
f 1953/1/983 1952/1/983 1924/1/983 
f 1924/1/983 1923/1/983 1953/1/983 
f 1962/1/1423 1963/1/1423 1964/1/1423 
f 1964/1/1423 1965/1/1423 1962/1/1423 
f 1966/1/1422 1967/1/1422 1963/1/1422 
f 1963/1/1422 1962/1/1422 1966/1/1422 
f 1963/1/1426 1968/1/1426 1969/1/1426 
f 1969/1/1426 1964/1/1426 1963/1/1426 
f 1967/1/1424 1970/1/1424 1968/1/1424 
f 1968/1/1424 1963/1/1424 1967/1/1424 
f 1965/1/1431 1971/1/1431 601/1/1431 
f 601/1/1431 600/1/1431 1965/1/1431 
f 610/1/1429 1962/1/1429 1965/1/1429 
f 1965/1/1429 600/1/1429 610/1/1429 
f 610/1/1428 609/1/1428 1966/1/1428 
f 1966/1/1428 1962/1/1428 610/1/1428 
f 609/1/1427 581/1/1427 1935/1/1427 
f 1935/1/1427 1966/1/1427 609/1/1427 
f 1966/1/1441 1935/1/1441 1937/1/1441 
f 1937/1/1441 1967/1/1441 1966/1/1441 
f 1936/1/1440 1970/1/1440 1967/1/1440 
f 1967/1/1440 1937/1/1440 1936/1/1440 
f 1219/1/1677 1970/1/1677 1936/1/1677 
f 1936/1/1438 1196/1/1438 1219/1/1438 
f 1970/1/1437 1219/1/1437 1218/1/1437 
f 1218/1/1437 1968/1/1437 1970/1/1437 
f 1968/1/1436 1218/1/1436 1217/1/1436 
f 1217/1/1678 1969/1/1678 1968/1/1678 
f 1217/1/1434 1216/1/1434 1972/1/1434 
f 1972/1/1434 1969/1/1434 1217/1/1434 
f 1964/1/1433 1969/1/1433 1972/1/1433 
f 1972/1/1433 1973/1/1433 1964/1/1433 
f 1965/1/1432 1964/1/1432 1973/1/1432 
f 1973/1/1679 1971/1/1679 1965/1/1679 
f 1974/1/1553 1975/1/1553 1976/1/1553 
f 1976/1/1553 1977/1/1553 1974/1/1553 
f 1978/1/1552 1979/1/1552 1975/1/1552 
f 1975/1/1552 1974/1/1552 1978/1/1552 
f 1975/1/1555 1980/1/1555 1981/1/1555 
f 1981/1/1555 1976/1/1555 1975/1/1555 
f 1975/1/1554 1979/1/1554 1982/1/1554 
f 1982/1/1554 1980/1/1554 1975/1/1554 
f 1977/1/1561 1983/1/1561 81/1/1561 
f 81/1/1561 80/1/1561 1977/1/1561 
f 1977/1/1559 80/1/1559 90/1/1559 
f 90/1/1559 1974/1/1559 1977/1/1559 
f 1974/1/1558 90/1/1558 89/1/1558 
f 89/1/1680 1978/1/1680 1974/1/1680 
f 89/1/1681 61/1/1681 1947/1/1681 
f 1947/1/1556 1978/1/1556 89/1/1556 
f 1949/1/1569 1979/1/1569 1978/1/1569 
f 1978/1/1682 1947/1/1682 1949/1/1682 
f 1948/1/1683 1982/1/1683 1979/1/1683 
f 1979/1/1568 1949/1/1568 1948/1/1568 
f 699/1/1684 1982/1/1684 1948/1/1684 
f 1948/1/1567 677/1/1567 699/1/1567 
f 1982/1/1566 699/1/1566 698/1/1566 
f 698/1/1685 1980/1/1685 1982/1/1685 
f 1981/1/1686 1980/1/1686 698/1/1686 
f 698/1/1686 697/1/1686 1981/1/1686 
f 697/1/1564 696/1/1564 1984/1/1564 
f 1984/1/1687 1981/1/1687 697/1/1687 
f 1976/1/1563 1981/1/1563 1984/1/1563 
f 1984/1/1563 1985/1/1563 1976/1/1563 
f 1976/1/1562 1985/1/1562 1983/1/1562 
f 1983/1/1562 1977/1/1562 1976/1/1562 
f 1986/1/1036 1987/1/1036 1988/1/1036 
f 1988/1/1035 1989/1/1035 1986/1/1035 
f 1990/1/1688 1991/1/1688 1987/1/1688 
f 1987/1/1689 1986/1/1689 1990/1/1689 
f 1987/1/1039 1992/1/1039 1993/1/1039 
f 1993/1/1039 1988/1/1039 1987/1/1039 
f 1994/1/1690 1992/1/1690 1987/1/1690 
f 1987/1/1690 1991/1/1690 1994/1/1690 
f 1959/1/1691 486/1/1691 508/1/1691 
f 508/1/1044 1989/1/1044 1959/1/1044 
f 1989/1/1043 508/1/1043 507/1/1043 
f 507/1/1043 1986/1/1043 1989/1/1043 
f 1990/1/1042 1986/1/1042 507/1/1042 
f 507/1/1692 505/1/1692 1990/1/1692 
f 1995/1/1693 1990/1/1693 505/1/1693 
f 505/1/1694 506/1/1694 1995/1/1694 
f 1995/1/1054 1996/1/1054 1991/1/1054 
f 1991/1/1054 1990/1/1054 1995/1/1054 
f 1994/1/1053 1991/1/1053 1996/1/1053 
f 1996/1/1053 1997/1/1053 1994/1/1053 
f 1994/1/1052 1997/1/1052 1123/1/1052 
f 1123/1/1052 1122/1/1052 1994/1/1052 
f 1994/1/1050 1122/1/1050 1121/1/1050 
f 1121/1/1051 1992/1/1051 1994/1/1051 
f 1121/1/1695 1120/1/1695 1993/1/1695 
f 1993/1/1049 1992/1/1049 1121/1/1049 
f 1120/1/1048 1103/1/1048 1961/1/1048 
f 1961/1/1696 1993/1/1696 1120/1/1696 
f 1988/1/1697 1993/1/1697 1961/1/1697 
f 1961/1/1697 1960/1/1697 1988/1/1697 
f 1989/1/1045 1988/1/1045 1960/1/1045 
f 1960/1/1698 1959/1/1698 1989/1/1698 
f 1998/1/1449 1999/1/1449 2000/1/1449 
f 2000/1/1449 2001/1/1449 1998/1/1449 
f 2002/1/1699 2003/1/1699 1999/1/1699 
f 1999/1/1447 1998/1/1447 2002/1/1447 
f 1999/1/1451 2004/1/1451 2005/1/1451 
f 2005/1/1451 2000/1/1451 1999/1/1451 
f 2003/1/1450 2006/1/1450 2004/1/1450 
f 2004/1/1450 1999/1/1450 2003/1/1450 
f 2001/1/1456 2007/1/1456 621/1/1456 
f 621/1/1456 620/1/1456 2001/1/1456 
f 630/1/1455 1998/1/1455 2001/1/1455 
f 2001/1/1455 620/1/1455 630/1/1455 
f 630/1/1700 629/1/1700 2002/1/1700 
f 2002/1/1701 1998/1/1701 630/1/1701 
f 629/1/1702 601/1/1702 1971/1/1702 
f 1971/1/1703 2002/1/1703 629/1/1703 
f 2002/1/1465 1971/1/1465 1973/1/1465 
f 1973/1/1465 2003/1/1465 2002/1/1465 
f 1972/1/1464 2006/1/1464 2003/1/1464 
f 2003/1/1464 1973/1/1464 1972/1/1464 
f 1239/1/1463 2006/1/1463 1972/1/1463 
f 1972/1/1704 1216/1/1704 1239/1/1704 
f 2006/1/1462 1239/1/1462 1238/1/1462 
f 1238/1/1462 2004/1/1462 2006/1/1462 
f 2004/1/1460 1238/1/1460 1237/1/1460 
f 1237/1/1460 2005/1/1460 2004/1/1460 
f 1237/1/1705 1236/1/1705 2008/1/1705 
f 2008/1/1459 2005/1/1459 1237/1/1459 
f 2000/1/1458 2005/1/1458 2008/1/1458 
f 2008/1/1458 2009/1/1458 2000/1/1458 
f 2001/1/1457 2000/1/1457 2009/1/1457 
f 2009/1/1457 2007/1/1457 2001/1/1457 
f 2010/1/1579 2011/1/1579 2012/1/1579 
f 2012/1/1579 2013/1/1579 2010/1/1579 
f 2014/1/1577 2015/1/1577 2011/1/1577 
f 2011/1/1577 2010/1/1577 2014/1/1577 
f 2011/1/1581 2016/1/1581 2017/1/1581 
f 2017/1/1581 2012/1/1581 2011/1/1581 
f 2011/1/1580 2015/1/1580 2018/1/1580 
f 2018/1/1580 2016/1/1580 2011/1/1580 
f 2013/1/1586 2019/1/1586 101/1/1586 
f 101/1/1586 100/1/1586 2013/1/1586 
f 2013/1/1585 100/1/1585 110/1/1585 
f 110/1/1585 2010/1/1585 2013/1/1585 
f 2014/1/1584 2010/1/1584 110/1/1584 
f 110/1/1706 109/1/1706 2014/1/1706 
f 109/1/1583 81/1/1583 1983/1/1583 
f 1983/1/1583 2014/1/1583 109/1/1583 
f 1985/1/1707 2015/1/1707 2014/1/1707 
f 2014/1/1597 1983/1/1597 1985/1/1597 
f 1984/1/1596 2018/1/1596 2015/1/1596 
f 2015/1/1596 1985/1/1596 1984/1/1596 
f 719/1/1595 2018/1/1595 1984/1/1595 
f 1984/1/1595 696/1/1595 719/1/1595 
f 2018/1/1593 719/1/1593 718/1/1593 
f 718/1/1593 2016/1/1593 2018/1/1593 
f 718/1/1708 717/1/1708 2017/1/1708 
f 2017/1/1592 2016/1/1592 718/1/1592 
f 717/1/1591 716/1/1591 2020/1/1591 
f 2020/1/1591 2017/1/1591 717/1/1591 
f 2012/1/1590 2017/1/1590 2020/1/1590 
f 2020/1/1590 2021/1/1590 2012/1/1590 
f 2012/1/1588 2021/1/1588 2019/1/1588 
f 2019/1/1588 2013/1/1588 2012/1/1588 
f 2022/1/1095 2023/1/1095 2024/1/1095 
f 2024/1/1095 2025/1/1095 2022/1/1095 
f 2026/1/1093 2027/1/1093 2023/1/1093 
f 2023/1/1093 2022/1/1093 2026/1/1093 
f 2023/1/1098 2028/1/1098 2029/1/1098 
f 2029/1/1709 2024/1/1709 2023/1/1709 
f 2030/1/1096 2028/1/1096 2023/1/1096 
f 2023/1/1710 2027/1/1710 2030/1/1710 
f 1995/1/1711 506/1/1711 528/1/1711 
f 528/1/1103 2025/1/1103 1995/1/1103 
f 2025/1/1712 528/1/1712 527/1/1712 
f 527/1/1102 2022/1/1102 2025/1/1102 
f 2026/1/1101 2022/1/1101 527/1/1101 
f 527/1/1101 525/1/1101 2026/1/1101 
f 525/1/1099 526/1/1099 1290/1/1099 
f 1290/1/1099 2026/1/1099 525/1/1099 
f 1295/1/1113 2027/1/1113 2026/1/1113 
f 2026/1/1113 1290/1/1113 1295/1/1113 
f 2030/1/1713 2027/1/1713 1295/1/1713 
f 1295/1/1713 1294/1/1713 2030/1/1713 
f 2030/1/1111 1294/1/1111 1143/1/1111 
f 1143/1/1111 1142/1/1111 2030/1/1111 
f 2030/1/1110 1142/1/1110 1141/1/1110 
f 1141/1/1110 2028/1/1110 2030/1/1110 
f 1141/1/1108 1140/1/1108 2029/1/1108 
f 2029/1/1109 2028/1/1109 1141/1/1109 
f 1140/1/1107 1123/1/1107 1997/1/1107 
f 1997/1/1107 2029/1/1107 1140/1/1107 
f 2024/1/1105 2029/1/1105 1997/1/1105 
f 1997/1/1714 1996/1/1714 2024/1/1714 
f 2025/1/1104 2024/1/1104 1996/1/1104 
f 1996/1/1104 1995/1/1104 2025/1/1104 
f 2031/1/1470 2032/1/1470 2033/1/1470 
f 2033/1/1470 2034/1/1470 2031/1/1470 
f 2035/1/1469 2036/1/1469 2032/1/1469 
f 2032/1/1469 2031/1/1469 2035/1/1469 
f 2032/1/1474 2037/1/1474 2038/1/1474 
f 2038/1/1474 2033/1/1474 2032/1/1474 
f 2036/1/1715 2039/1/1715 2037/1/1715 
f 2037/1/1716 2032/1/1716 2036/1/1716 
f 2034/1/1478 1306/1/1478 641/1/1478 
f 641/1/1478 640/1/1478 2034/1/1478 
f 650/1/1717 2031/1/1717 2034/1/1717 
f 2034/1/1477 640/1/1477 650/1/1477 
f 650/1/1718 649/1/1718 2035/1/1718 
f 2035/1/1476 2031/1/1476 650/1/1476 
f 649/1/1475 621/1/1475 2007/1/1475 
f 2007/1/1475 2035/1/1475 649/1/1475 
f 2035/1/1488 2007/1/1488 2009/1/1488 
f 2009/1/1719 2036/1/1719 2035/1/1719 
f 2008/1/1720 2039/1/1720 2036/1/1720 
f 2036/1/1720 2009/1/1720 2008/1/1720 
f 1259/1/1486 2039/1/1486 2008/1/1486 
f 2008/1/1486 1236/1/1486 1259/1/1486 
f 2039/1/1721 1259/1/1721 1258/1/1721 
f 1258/1/1485 2037/1/1485 2039/1/1485 
f 2037/1/1484 1258/1/1484 1257/1/1484 
f 1257/1/1722 2038/1/1722 2037/1/1722 
f 1257/1/1723 1256/1/1723 1308/1/1723 
f 1308/1/1724 2038/1/1724 1257/1/1724 
f 2038/1/1481 1308/1/1481 1307/1/1481 
f 1307/1/1481 2033/1/1481 2038/1/1481 
f 2034/1/1480 2033/1/1480 1307/1/1480 
f 1307/1/1480 1306/1/1480 2034/1/1480 
f 2040/1/1603 2041/1/1603 2042/1/1603 
f 2042/1/1603 2043/1/1603 2040/1/1603 
f 2044/1/1725 2045/1/1725 2041/1/1725 
f 2041/1/1725 2040/1/1725 2044/1/1725 
f 2041/1/1605 2046/1/1605 2047/1/1605 
f 2047/1/1605 2042/1/1605 2041/1/1605 
f 2041/1/1726 2045/1/1726 2048/1/1726 
f 2048/1/1604 2046/1/1604 2041/1/1604 
f 2043/1/1611 1321/1/1611 121/1/1611 
f 121/1/1611 120/1/1611 2043/1/1611 
f 2043/1/1610 120/1/1610 130/1/1610 
f 130/1/1610 2040/1/1610 2043/1/1610 
f 2044/1/1608 2040/1/1608 130/1/1608 
f 130/1/1727 129/1/1727 2044/1/1727 
f 129/1/1728 101/1/1728 2019/1/1728 
f 2019/1/1728 2044/1/1728 129/1/1728 
f 2021/1/1623 2045/1/1623 2044/1/1623 
f 2044/1/1623 2019/1/1623 2021/1/1623 
f 2020/1/1621 2048/1/1621 2045/1/1621 
f 2045/1/1621 2021/1/1621 2020/1/1621 
f 739/1/1620 2048/1/1620 2020/1/1620 
f 2020/1/1620 716/1/1620 739/1/1620 
f 2048/1/1729 739/1/1729 738/1/1729 
f 738/1/1729 2046/1/1729 2048/1/1729 
f 738/1/1616 737/1/1616 2047/1/1616 
f 2047/1/1616 2046/1/1616 738/1/1616 
f 737/1/1615 736/1/1615 1323/1/1615 
f 1323/1/1615 2047/1/1615 737/1/1615 
f 1323/1/1730 1322/1/1730 2042/1/1730 
f 2042/1/1614 2047/1/1614 1323/1/1614 
f 2043/1/1613 2042/1/1613 1322/1/1613 
f 1322/1/1613 1321/1/1613 2043/1/1613 
f 2049/1/1731 2050/1/1731 2051/1/1731 
f 2051/1/1731 2052/1/1731 2053/1/1731 
f 2049/1/1731 2051/1/1731 2053/1/1731 
f 2053/1/1732 2054/1/1732 2055/1/1732 
f 2055/1/1731 2056/1/1731 2057/1/1731 
f 2053/1/1733 2055/1/1733 2057/1/1733 
f 2049/1/1734 2053/1/1734 2057/1/1734 
f 2057/1/1731 2058/1/1731 2059/1/1731 
f 2059/1/1735 2060/1/1735 2061/1/1735 
f 2057/1/1736 2059/1/1736 2061/1/1736 
f 2061/1/1731 2062/1/1731 2063/1/1731 
f 2063/1/1731 2064/1/1731 2065/1/1731 
f 2061/1/1731 2063/1/1731 2065/1/1731 
f 2057/1/1736 2061/1/1736 2065/1/1736 
f 2065/1/1731 2066/1/1731 2067/1/1731 
f 2067/1/1731 2068/1/1731 2069/1/1731 
f 2065/1/1731 2067/1/1731 2069/1/1731 
f 2069/1/1731 2070/1/1731 2071/1/1731 
f 2071/1/1731 2072/1/1731 2073/1/1731 
f 2069/1/1731 2071/1/1731 2073/1/1731 
f 2065/1/1737 2069/1/1737 2073/1/1737 
f 2057/1/1737 2065/1/1737 2073/1/1737 
f 2049/1/1737 2057/1/1737 2073/1/1737 
f 2074/1/1731 2075/1/1731 2076/1/1731 
f 2073/1/1731 2074/1/1731 2076/1/1731 
f 2073/1/1731 2076/1/1731 2077/1/1731 
f 2049/1/1737 2073/1/1737 2077/1/1737 
f 2078/1/1731 2049/1/1731 2077/1/1731 
f 2078/1/1731 2077/1/1731 2079/1/1731 
f 2078/1/1731 2079/1/1731 2080/1/1731 
f 2081/1/1738 2082/1/1738 2083/1/1738 
f 2083/1/1739 2084/1/1739 2081/1/1739 
f 2067/1/1740 2085/1/1740 2086/1/1740 
f 2086/1/1741 2068/1/1741 2067/1/1741 
f 2087/1/1742 2049/1/1742 2078/1/1742 
f 2078/1/1743 2088/1/1743 2087/1/1743 
f 2053/1/1744 2089/1/1744 2090/1/1744 
f 2090/1/1744 2054/1/1744 2053/1/1744 
f 2066/1/1745 2091/1/1745 2085/1/1745 
f 2085/1/1746 2067/1/1746 2066/1/1746 
f 2088/1/1747 2078/1/1747 2080/1/1747 
f 2080/1/1748 2092/1/1748 2088/1/1748 
f 2052/1/1749 2093/1/1749 2089/1/1749 
f 2089/1/1749 2053/1/1749 2052/1/1749 
f 2065/1/1750 2094/1/1750 2091/1/1750 
f 2091/1/1750 2066/1/1750 2065/1/1750 
f 2092/1/1751 2080/1/1751 2079/1/1751 
f 2079/1/1751 2095/1/1751 2092/1/1751 
f 2051/1/1752 2096/1/1752 2093/1/1752 
f 2093/1/1753 2052/1/1753 2051/1/1753 
f 2064/1/1754 2097/1/1754 2094/1/1754 
f 2094/1/1754 2065/1/1754 2064/1/1754 
f 2079/1/1755 2077/1/1755 2098/1/1755 
f 2098/1/1755 2095/1/1755 2079/1/1755 
f 2050/1/1756 2099/1/1756 2096/1/1756 
f 2096/1/1757 2051/1/1757 2050/1/1757 
f 2063/1/1758 2100/1/1758 2097/1/1758 
f 2097/1/1759 2064/1/1759 2063/1/1759 
f 2076/1/1760 2101/1/1760 2098/1/1760 
f 2098/1/1761 2077/1/1761 2076/1/1761 
f 2050/1/1762 2049/1/1762 2087/1/1762 
f 2087/1/1762 2099/1/1762 2050/1/1762 
f 2062/1/1763 2102/1/1763 2100/1/1763 
f 2100/1/1764 2063/1/1764 2062/1/1764 
f 2103/1/1765 2101/1/1765 2076/1/1765 
f 2076/1/1766 2075/1/1766 2103/1/1766 
f 2061/1/1767 2104/1/1767 2102/1/1767 
f 2102/1/1768 2062/1/1768 2061/1/1768 
f 2074/1/1769 2105/1/1769 2103/1/1769 
f 2103/1/1769 2075/1/1769 2074/1/1769 
f 2060/1/1770 2106/1/1770 2104/1/1770 
f 2104/1/1771 2061/1/1771 2060/1/1771 
f 2084/1/1772 2105/1/1772 2074/1/1772 
f 2074/1/1773 2073/1/1773 2084/1/1773 
f 2059/1/1774 2107/1/1774 2106/1/1774 
f 2106/1/1775 2060/1/1775 2059/1/1775 
f 2084/1/1776 2073/1/1776 2072/1/1776 
f 2072/1/1777 2081/1/1777 2084/1/1777 
f 2058/1/1778 2108/1/1778 2107/1/1778 
f 2107/1/1778 2059/1/1778 2058/1/1778 
f 2072/1/1779 2071/1/1779 2109/1/1779 
f 2109/1/1780 2081/1/1780 2072/1/1780 
f 2057/1/1781 2110/1/1781 2108/1/1781 
f 2108/1/1782 2058/1/1782 2057/1/1782 
f 2070/1/1783 2111/1/1783 2109/1/1783 
f 2109/1/1783 2071/1/1783 2070/1/1783 
f 2056/1/1784 2112/1/1784 2110/1/1784 
f 2110/1/1785 2057/1/1785 2056/1/1785 
f 2069/1/1786 2113/1/1786 2111/1/1786 
f 2111/1/1787 2070/1/1787 2069/1/1787 
f 2055/1/1788 2114/1/1788 2112/1/1788 
f 2112/1/1788 2056/1/1788 2055/1/1788 
f 2068/1/1789 2086/1/1789 2113/1/1789 
f 2113/1/1789 2069/1/1789 2068/1/1789 
f 2054/1/1790 2090/1/1790 2114/1/1790 
f 2114/1/1791 2055/1/1791 2054/1/1791 
f 2115/1/1792 2116/1/1792 2117/1/1792 
f 2117/1/1793 2118/1/1793 2115/1/1793 
f 2108/1/1794 2119/1/1794 2120/1/1794 
f 2120/1/1795 2107/1/1795 2108/1/1795 
f 2109/1/1796 2121/1/1796 2082/1/1796 
f 2082/1/1797 2081/1/1797 2109/1/1797 
f 2110/1/1798 2122/1/1798 2119/1/1798 
f 2119/1/1799 2108/1/1799 2110/1/1799 
f 2111/1/1800 2118/1/1800 2121/1/1800 
f 2121/1/1801 2109/1/1801 2111/1/1801 
f 2112/1/1802 2123/1/1802 2122/1/1802 
f 2122/1/1803 2110/1/1803 2112/1/1803 
f 2113/1/1804 2115/1/1804 2118/1/1804 
f 2118/1/1805 2111/1/1805 2113/1/1805 
f 2114/1/1806 2124/1/1806 2123/1/1806 
f 2123/1/1807 2112/1/1807 2114/1/1807 
f 2086/1/1808 2125/1/1808 2115/1/1808 
f 2115/1/1809 2113/1/1809 2086/1/1809 
f 2090/1/1810 2126/1/1810 2124/1/1810 
f 2124/1/1811 2114/1/1811 2090/1/1811 
f 2085/1/1812 2127/1/1812 2125/1/1812 
f 2125/1/1813 2086/1/1813 2085/1/1813 
f 2088/1/1814 2128/1/1814 2129/1/1814 
f 2129/1/1814 2087/1/1814 2088/1/1814 
f 2089/1/1815 2130/1/1815 2126/1/1815 
f 2126/1/1816 2090/1/1816 2089/1/1816 
f 2091/1/1817 2131/1/1817 2127/1/1817 
f 2127/1/1817 2085/1/1817 2091/1/1817 
f 2092/1/1818 2132/1/1818 2128/1/1818 
f 2128/1/1818 2088/1/1818 2092/1/1818 
f 2093/1/1819 2133/1/1819 2130/1/1819 
f 2130/1/1819 2089/1/1819 2093/1/1819 
f 2094/1/1820 2134/1/1820 2131/1/1820 
f 2131/1/1821 2091/1/1821 2094/1/1821 
f 2095/1/1822 2135/1/1823 2132/1/1823 
f 2132/1/1824 2092/1/1824 2095/1/1824 
f 2096/1/1825 2136/1/1825 2133/1/1825 
f 2133/1/1826 2093/1/1826 2096/1/1826 
f 2097/1/1827 2137/1/1827 2134/1/1827 
f 2134/1/1828 2094/1/1828 2097/1/1828 
f 2098/1/1829 2138/1/1829 2135/1/1829 
f 2135/1/1830 2095/1/1830 2098/1/1830 
f 2099/1/1831 2139/1/1831 2136/1/1831 
f 2136/1/1832 2096/1/1832 2099/1/1832 
f 2100/1/1833 2140/1/1833 2137/1/1833 
f 2137/1/1834 2097/1/1834 2100/1/1834 
f 2101/1/1835 2141/1/1835 2138/1/1835 
f 2138/1/1836 2098/1/1836 2101/1/1836 
f 2099/1/1837 2087/1/1837 2129/1/1837 
f 2129/1/1838 2139/1/1838 2099/1/1838 
f 2102/1/1839 2142/1/1839 2140/1/1839 
f 2140/1/1840 2100/1/1840 2102/1/1840 
f 2103/1/1841 2143/1/1841 2141/1/1841 
f 2141/1/1842 2101/1/1842 2103/1/1842 
f 2104/1/1843 2144/1/1843 2142/1/1843 
f 2142/1/1843 2102/1/1843 2104/1/1843 
f 2105/1/1844 2145/1/1844 2143/1/1844 
f 2143/1/1845 2103/1/1845 2105/1/1845 
f 2106/1/1846 2146/1/1846 2144/1/1846 
f 2144/1/1847 2104/1/1847 2106/1/1847 
f 2084/1/1848 2083/1/1848 2145/1/1848 
f 2145/1/1849 2105/1/1849 2084/1/1849 
f 2107/1/1850 2120/1/1850 2146/1/1850 
f 2146/1/1851 2106/1/1851 2107/1/1851 
f 2147/1/1852 2148/1/1852 2149/1/1852 
f 2149/1/1853 2150/1/1853 2147/1/1853 
f 2124/1/1854 2151/1/1854 2152/1/1854 
f 2152/1/1855 2123/1/1855 2124/1/1855 
f 2125/1/1856 2153/1/1856 2116/1/1856 
f 2116/1/1856 2115/1/1856 2125/1/1856 
f 2126/1/1857 2154/1/1857 2151/1/1857 
f 2151/1/1857 2124/1/1857 2126/1/1857 
f 2127/1/1858 2147/1/1858 2153/1/1858 
f 2153/1/1859 2125/1/1859 2127/1/1859 
f 2128/1/1860 2155/1/1860 2156/1/1860 
f 2156/1/1861 2129/1/1861 2128/1/1861 
f 2130/1/1862 2157/1/1862 2154/1/1862 
f 2154/1/1863 2126/1/1863 2130/1/1863 
f 2131/1/1864 2148/1/1864 2147/1/1864 
f 2147/1/1865 2127/1/1865 2131/1/1865 
f 2132/1/1866 2158/1/1866 2155/1/1866 
f 2155/1/1867 2128/1/1867 2132/1/1867 
f 2133/1/1868 2159/1/1868 2157/1/1868 
f 2157/1/1868 2130/1/1868 2133/1/1868 
f 2134/1/1869 2160/1/1869 2148/1/1869 
f 2148/1/1869 2131/1/1869 2134/1/1869 
f 2135/1/1870 2161/1/1870 2158/1/1870 
f 2158/1/1871 2132/1/1871 2135/1/1871 
f 2136/1/1872 2162/1/1872 2159/1/1872 
f 2159/1/1873 2133/1/1873 2136/1/1873 
f 2137/1/1874 2163/1/1874 2160/1/1874 
f 2160/1/1875 2134/1/1875 2137/1/1875 
f 2138/1/1876 2164/1/1876 2161/1/1876 
f 2161/1/1877 2135/1/1877 2138/1/1877 
f 2139/1/1878 2165/1/1878 2162/1/1878 
f 2162/1/1878 2136/1/1878 2139/1/1878 
f 2140/1/1879 2166/1/1879 2163/1/1879 
f 2163/1/1879 2137/1/1879 2140/1/1879 
f 2141/1/1880 2167/1/1880 2164/1/1880 
f 2164/1/1881 2138/1/1881 2141/1/1881 
f 2139/1/1882 2129/1/1882 2156/1/1882 
f 2156/1/1882 2165/1/1882 2139/1/1882 
f 2142/1/1883 2168/1/1883 2166/1/1883 
f 2166/1/1884 2140/1/1884 2142/1/1884 
f 2143/1/1885 2169/1/1885 2167/1/1885 
f 2167/1/1886 2141/1/1886 2143/1/1886 
f 2144/1/1887 2170/1/1887 2168/1/1887 
f 2168/1/1888 2142/1/1888 2144/1/1888 
f 2145/1/1889 2171/1/1889 2169/1/1889 
f 2169/1/1890 2143/1/1890 2145/1/1890 
f 2146/1/1891 2172/1/1891 2170/1/1891 
f 2170/1/1891 2144/1/1891 2146/1/1891 
f 2083/1/1892 2173/1/1892 2171/1/1892 
f 2171/1/1893 2145/1/1893 2083/1/1893 
f 2120/1/1894 2174/1/1894 2172/1/1894 
f 2172/1/1894 2146/1/1894 2120/1/1894 
f 2082/1/1895 2175/1/1895 2173/1/1895 
f 2173/1/1896 2083/1/1896 2082/1/1896 
f 2119/1/1897 2176/1/1897 2174/1/1897 
f 2174/1/1898 2120/1/1898 2119/1/1898 
f 2121/1/1899 2177/1/1899 2175/1/1899 
f 2175/1/1900 2082/1/1900 2121/1/1900 
f 2122/1/1901 2178/1/1901 2176/1/1901 
f 2176/1/1902 2119/1/1902 2122/1/1902 
f 2118/1/1903 2117/1/1903 2177/1/1903 
f 2177/1/1904 2121/1/1904 2118/1/1904 
f 2123/1/1905 2152/1/1905 2178/1/1905 
f 2178/1/1906 2122/1/1906 2123/1/1906 
f 2179/1/1907 2180/1/1907 2181/1/1907 
f 2181/1/1908 2182/1/1908 2179/1/1908 
f 2158/1/1909 2183/1/1909 2184/1/1909 
f 2184/1/1910 2155/1/1910 2158/1/1910 
f 2185/1/1911 2186/1/1911 2157/1/1911 
f 2157/1/1912 2159/1/1912 2185/1/1912 
f 2148/1/1913 2160/1/1913 2187/1/1913 
f 2187/1/1914 2149/1/1914 2148/1/1914 
f 2161/1/1915 2188/1/1915 2183/1/1915 
f 2183/1/1916 2158/1/1916 2161/1/1916 
f 2159/1/1753 2162/1/1753 2189/1/1753 
f 2189/1/1753 2185/1/1753 2159/1/1753 
f 2160/1/1917 2163/1/1917 2182/1/1917 
f 2182/1/1918 2187/1/1918 2160/1/1918 
f 2164/1/1919 2190/1/1919 2188/1/1919 
f 2188/1/1919 2161/1/1919 2164/1/1919 
f 2162/1/1920 2165/1/1920 2191/1/1920 
f 2191/1/1757 2189/1/1757 2162/1/1757 
f 2163/1/1921 2166/1/1921 2179/1/1921 
f 2179/1/1759 2182/1/1759 2163/1/1759 
f 2167/1/1922 2192/1/1922 2190/1/1922 
f 2190/1/1923 2164/1/1923 2167/1/1923 
f 2191/1/1924 2165/1/1924 2156/1/1924 
f 2156/1/1925 2193/1/1925 2191/1/1925 
f 2166/1/1764 2168/1/1764 2194/1/1764 
f 2194/1/1764 2179/1/1764 2166/1/1764 
f 2169/1/1766 2195/1/1766 2192/1/1766 
f 2192/1/1926 2167/1/1926 2169/1/1926 
f 2196/1/1927 2194/1/1927 2168/1/1927 
f 2168/1/1928 2170/1/1928 2196/1/1928 
f 2171/1/1929 2197/1/1929 2195/1/1929 
f 2195/1/1930 2169/1/1930 2171/1/1930 
f 2170/1/1931 2172/1/1931 2198/1/1931 
f 2198/1/1931 2196/1/1931 2170/1/1931 
f 2171/1/1932 2173/1/1932 2199/1/1932 
f 2199/1/1933 2197/1/1933 2171/1/1933 
f 2172/1/1934 2174/1/1934 2200/1/1934 
f 2200/1/1774 2198/1/1774 2172/1/1774 
f 2173/1/1935 2175/1/1935 2201/1/1935 
f 2201/1/1935 2199/1/1935 2173/1/1935 
f 2202/1/1778 2200/1/1778 2174/1/1778 
f 2174/1/1936 2176/1/1936 2202/1/1936 
f 2201/1/1937 2175/1/1937 2177/1/1937 
f 2177/1/1938 2203/1/1938 2201/1/1938 
f 2176/1/1781 2178/1/1781 2204/1/1781 
f 2204/1/1939 2202/1/1939 2176/1/1939 
f 2177/1/1783 2117/1/1783 2205/1/1783 
f 2205/1/1940 2203/1/1940 2177/1/1940 
f 2178/1/1941 2152/1/1941 2206/1/1941 
f 2206/1/1942 2204/1/1942 2178/1/1942 
f 2205/1/1943 2117/1/1943 2116/1/1943 
f 2116/1/1943 2207/1/1943 2205/1/1943 
f 2208/1/1944 2206/1/1944 2152/1/1944 
f 2152/1/1945 2151/1/1945 2208/1/1945 
f 2207/1/1946 2116/1/1946 2153/1/1946 
f 2153/1/1947 2209/1/1947 2207/1/1947 
f 2151/1/1948 2154/1/1948 2210/1/1948 
f 2210/1/1949 2208/1/1949 2151/1/1949 
f 2150/1/1741 2209/1/1741 2153/1/1741 
f 2153/1/1741 2147/1/1741 2150/1/1741 
f 2155/1/1950 2184/1/1950 2193/1/1950 
f 2193/1/1951 2156/1/1951 2155/1/1951 
f 2154/1/1952 2157/1/1952 2186/1/1952 
f 2186/1/1952 2210/1/1952 2154/1/1952 
f 2211/1/1953 2212/1/1953 2213/1/1953 
f 2213/1/1954 2214/1/1954 2211/1/1954 
f 2192/1/1955 2215/1/1955 2216/1/1955 
f 2216/1/1956 2190/1/1956 2192/1/1956 
f 2217/1/1957 2191/1/1957 2193/1/1957 
f 2193/1/1958 2218/1/1958 2217/1/1958 
f 2180/1/1959 2179/1/1959 2194/1/1959 
f 2194/1/1960 2219/1/1960 2180/1/1960 
f 2220/1/1961 2215/1/1961 2192/1/1961 
f 2192/1/1962 2195/1/1962 2220/1/1962 
f 2196/1/1963 2214/1/1963 2219/1/1963 
f 2219/1/1964 2194/1/1964 2196/1/1964 
f 2197/1/1965 2221/1/1965 2220/1/1965 
f 2220/1/1966 2195/1/1966 2197/1/1966 
f 2198/1/1967 2211/1/1967 2214/1/1967 
f 2214/1/1968 2196/1/1968 2198/1/1968 
f 2199/1/1969 2222/1/1969 2221/1/1969 
f 2221/1/1970 2197/1/1970 2199/1/1970 
f 2223/1/1971 2211/1/1971 2198/1/1971 
f 2198/1/1972 2200/1/1972 2223/1/1972 
f 2201/1/1973 2224/1/1973 2222/1/1973 
f 2222/1/1974 2199/1/1974 2201/1/1974 
f 2202/1/1975 2225/1/1975 2223/1/1975 
f 2223/1/1975 2200/1/1975 2202/1/1975 
f 2226/1/1976 2224/1/1976 2201/1/1976 
f 2201/1/1977 2203/1/1977 2226/1/1977 
f 2204/1/1978 2227/1/1978 2225/1/1978 
f 2225/1/1979 2202/1/1979 2204/1/1979 
f 2205/1/1980 2228/1/1980 2226/1/1980 
f 2226/1/1981 2203/1/1981 2205/1/1981 
f 2229/1/1982 2227/1/1982 2204/1/1982 
f 2204/1/1983 2206/1/1983 2229/1/1983 
f 2207/1/1984 2230/1/1984 2228/1/1984 
f 2228/1/1984 2205/1/1984 2207/1/1984 
f 2208/1/1985 2231/1/1985 2229/1/1985 
f 2229/1/1986 2206/1/1986 2208/1/1986 
f 2232/1/1987 2230/1/1987 2207/1/1987 
f 2207/1/1988 2209/1/1988 2232/1/1988 
f 2210/1/1989 2233/1/1989 2231/1/1989 
f 2231/1/1989 2208/1/1989 2210/1/1989 
f 2150/1/1990 2234/1/1990 2232/1/1990 
f 2232/1/1990 2209/1/1990 2150/1/1990 
f 2184/1/1991 2235/1/1991 2218/1/1991 
f 2218/1/1992 2193/1/1992 2184/1/1992 
f 2233/1/1993 2210/1/1993 2186/1/1993 
f 2186/1/1994 2236/1/1994 2233/1/1994 
f 2149/1/1995 2237/1/1995 2234/1/1995 
f 2234/1/1996 2150/1/1996 2149/1/1996 
f 2183/1/1997 2238/1/1997 2235/1/1997 
f 2235/1/1998 2184/1/1998 2183/1/1998 
f 2185/1/1999 2239/1/1999 2236/1/1999 
f 2236/1/2000 2186/1/2000 2185/1/2000 
f 2240/1/2001 2237/1/2001 2149/1/2001 
f 2149/1/2001 2187/1/2001 2240/1/2001 
f 2241/1/2002 2238/1/2002 2183/1/2002 
f 2183/1/2003 2188/1/2003 2241/1/2003 
f 2189/1/2004 2242/1/2004 2239/1/2004 
f 2239/1/2005 2185/1/2005 2189/1/2005 
f 2182/1/2006 2181/1/2006 2240/1/2006 
f 2240/1/2007 2187/1/2007 2182/1/2007 
f 2190/1/2008 2216/1/2008 2241/1/2008 
f 2241/1/2008 2188/1/2008 2190/1/2008 
f 2217/1/2009 2242/1/2009 2189/1/2009 
f 2189/1/2010 2191/1/2010 2217/1/2010 
f 2243/1/1782 2244/1/1782 2245/1/1782 
f 2245/1/2011 2246/1/2011 2243/1/2011 
f 2247/1/2012 2221/1/2012 2222/1/2012 
f 2222/1/2013 2248/1/2013 2247/1/2013 
f 2223/1/2014 2249/1/2014 2212/1/2014 
f 2212/1/2015 2211/1/2015 2223/1/2015 
f 2224/1/2016 2250/1/2016 2248/1/2016 
f 2248/1/2017 2222/1/2017 2224/1/2017 
f 2249/1/2018 2223/1/2018 2225/1/2018 
f 2225/1/2019 2245/1/2019 2249/1/2019 
f 2226/1/2020 2251/1/2020 2250/1/2020 
f 2250/1/2021 2224/1/2021 2226/1/2021 
f 2227/1/2022 2246/1/2022 2245/1/2022 
f 2245/1/2023 2225/1/2023 2227/1/2023 
f 2252/1/2024 2251/1/2024 2226/1/2024 
f 2226/1/2025 2228/1/2025 2252/1/2025 
f 2229/1/2026 2253/1/2026 2246/1/2026 
f 2246/1/2027 2227/1/2027 2229/1/2027 
f 2230/1/2028 2254/1/2028 2252/1/2028 
f 2252/1/2028 2228/1/2028 2230/1/2028 
f 2253/1/2029 2229/1/2029 2231/1/2029 
f 2231/1/2030 2255/1/2030 2253/1/2030 
f 2232/1/2031 2256/1/2031 2254/1/2031 
f 2254/1/2031 2230/1/2031 2232/1/2031 
f 2233/1/2032 2257/1/2032 2255/1/2032 
f 2255/1/2033 2231/1/2033 2233/1/2033 
f 2258/1/2034 2256/1/2034 2232/1/2034 
f 2232/1/2034 2234/1/2034 2258/1/2034 
f 2218/1/2035 2235/1/2035 2259/1/2035 
f 2259/1/2036 2260/1/2036 2218/1/2036 
f 2236/1/2037 2261/1/2037 2257/1/2037 
f 2257/1/2038 2233/1/2038 2236/1/2038 
f 2237/1/2039 2262/1/2039 2258/1/2039 
f 2258/1/2040 2234/1/2040 2237/1/2040 
f 2238/1/2041 2263/1/2041 2259/1/2041 
f 2259/1/2042 2235/1/2042 2238/1/2042 
f 2264/1/2043 2261/1/2043 2236/1/2043 
f 2236/1/2044 2239/1/2044 2264/1/2044 
f 2240/1/2045 2265/1/2045 2262/1/2045 
f 2262/1/2045 2237/1/2045 2240/1/2045 
f 2241/1/2046 2266/1/2046 2263/1/2046 
f 2263/1/2047 2238/1/2047 2241/1/2047 
f 2242/1/2048 2267/1/2048 2264/1/2048 
f 2264/1/2049 2239/1/2049 2242/1/2049 
f 2265/1/2050 2240/1/2050 2181/1/2050 
f 2181/1/2051 2268/1/2051 2265/1/2051 
f 2216/1/2052 2269/1/2052 2266/1/2052 
f 2266/1/2053 2241/1/2053 2216/1/2053 
f 2217/1/2054 2270/1/2054 2267/1/2054 
f 2267/1/2055 2242/1/2055 2217/1/2055 
f 2180/1/2056 2271/1/2056 2268/1/2056 
f 2268/1/2057 2181/1/2057 2180/1/2057 
f 2269/1/2058 2216/1/2058 2215/1/2058 
f 2215/1/2059 2272/1/2059 2269/1/2059 
f 2260/1/2060 2270/1/2060 2217/1/2060 
f 2217/1/2060 2218/1/2060 2260/1/2060 
f 2219/1/2061 2273/1/2061 2271/1/2061 
f 2271/1/2062 2180/1/2062 2219/1/2062 
f 2220/1/2063 2274/1/2063 2272/1/2063 
f 2272/1/2063 2215/1/2063 2220/1/2063 
f 2273/1/2064 2219/1/2064 2214/1/2064 
f 2214/1/2065 2213/1/2065 2273/1/2065 
f 2221/1/2066 2247/1/2066 2274/1/2066 
f 2274/1/2067 2220/1/2067 2221/1/2067 
f 2275/1/2068 2276/1/2068 2277/1/2068 
f 2277/1/2068 2278/1/2068 2275/1/2068 
f 2252/1/2069 2279/1/2069 2280/1/2069 
f 2280/1/2070 2251/1/2070 2252/1/2070 
f 2253/1/1941 2281/1/1941 2243/1/1941 
f 2243/1/2071 2246/1/2071 2253/1/2071 
f 2282/1/2072 2279/1/2072 2252/1/2072 
f 2252/1/2072 2254/1/2072 2282/1/2072 
f 2255/1/2073 2278/1/2073 2281/1/2073 
f 2281/1/2074 2253/1/2074 2255/1/2074 
f 2256/1/2075 2283/1/2075 2282/1/2075 
f 2282/1/2076 2254/1/2076 2256/1/2076 
f 2275/1/2077 2278/1/2077 2255/1/2077 
f 2255/1/2078 2257/1/2078 2275/1/2078 
f 2258/1/1741 2284/1/1741 2283/1/1741 
f 2283/1/2079 2256/1/2079 2258/1/2079 
f 2260/1/1743 2259/1/1743 2285/1/1743 
f 2285/1/1743 2286/1/1743 2260/1/1743 
f 2261/1/2080 2287/1/2080 2275/1/2080 
f 2275/1/2080 2257/1/2080 2261/1/2080 
f 2288/1/1853 2284/1/1853 2258/1/1853 
f 2258/1/2081 2262/1/2081 2288/1/2081 
f 2285/1/1910 2259/1/1910 2263/1/1910 
f 2263/1/2082 2289/1/2082 2285/1/2082 
f 2264/1/2083 2290/1/2083 2287/1/2083 
f 2287/1/2084 2261/1/2084 2264/1/2084 
f 2265/1/2085 2291/1/2085 2288/1/2085 
f 2288/1/2085 2262/1/2085 2265/1/2085 
f 2289/1/2086 2263/1/2086 2266/1/2086 
f 2266/1/2087 2292/1/2087 2289/1/2087 
f 2293/1/2088 2290/1/2088 2264/1/2088 
f 2264/1/2088 2267/1/2088 2293/1/2088 
f 2268/1/2089 2294/1/2089 2291/1/2089 
f 2291/1/1917 2265/1/1917 2268/1/1917 
f 2269/1/2090 2295/1/2090 2292/1/2090 
f 2292/1/1755 2266/1/1755 2269/1/1755 
f 2270/1/2091 2296/1/2091 2293/1/2091 
f 2293/1/2091 2267/1/2091 2270/1/2091 
f 2297/1/2092 2294/1/2092 2268/1/2092 
f 2268/1/2093 2271/1/2093 2297/1/2093 
f 2272/1/2094 2298/1/2094 2295/1/2094 
f 2295/1/2094 2269/1/2094 2272/1/2094 
f 2286/1/1925 2296/1/1925 2270/1/1925 
f 2270/1/1925 2260/1/1925 2286/1/1925 
f 2273/1/2095 2299/1/2095 2297/1/2095 
f 2297/1/1764 2271/1/1764 2273/1/1764 
f 2298/1/2096 2272/1/2096 2274/1/2096 
f 2274/1/2097 2300/1/2097 2298/1/2097 
f 2213/1/2098 2301/1/2098 2299/1/2098 
f 2299/1/2099 2273/1/2099 2213/1/2099 
f 2247/1/2100 2302/1/2100 2300/1/2100 
f 2300/1/1929 2274/1/1929 2247/1/1929 
f 2303/1/2101 2301/1/2101 2213/1/2101 
f 2213/1/2101 2212/1/2101 2303/1/2101 
f 2248/1/1932 2304/1/1932 2302/1/1932 
f 2302/1/1773 2247/1/1773 2248/1/1773 
f 2249/1/2102 2305/1/2102 2303/1/2102 
f 2303/1/2103 2212/1/2103 2249/1/2103 
f 2306/1/1935 2304/1/1935 2248/1/1935 
f 2248/1/1935 2250/1/1935 2306/1/1935 
f 2245/1/1936 2244/1/1936 2305/1/1936 
f 2305/1/1936 2249/1/1936 2245/1/1936 
f 2251/1/2104 2280/1/2104 2306/1/2104 
f 2306/1/2105 2250/1/2105 2251/1/2105 
f 2307/1/2106 2308/1/2106 2309/1/2106 
f 2309/1/2107 2310/1/2107 2307/1/2107 
f 2284/1/2108 2311/1/2108 2312/1/2108 
f 2312/1/2108 2283/1/2108 2284/1/2108 
f 2313/1/2109 2314/1/2109 2286/1/2109 
f 2286/1/2109 2285/1/2109 2313/1/2109 
f 2315/1/2110 2276/1/2110 2275/1/2110 
f 2275/1/2110 2287/1/2110 2315/1/2110 
f 2288/1/2111 2316/1/2111 2311/1/2111 
f 2311/1/2111 2284/1/2111 2288/1/2111 
f 2289/1/2112 2317/1/2112 2313/1/2112 
f 2313/1/2112 2285/1/2112 2289/1/2112 
f 2290/1/2113 2318/1/2113 2315/1/2113 
f 2315/1/2113 2287/1/2113 2290/1/2113 
f 2319/1/2114 2316/1/2114 2288/1/2114 
f 2288/1/2114 2291/1/2114 2319/1/2114 
f 2292/1/2115 2320/1/2115 2317/1/2115 
f 2317/1/2115 2289/1/2115 2292/1/2115 
f 2293/1/2116 2321/1/2116 2318/1/2116 
f 2318/1/2116 2290/1/2116 2293/1/2116 
f 2294/1/2117 2322/1/2117 2319/1/2117 
f 2319/1/2118 2291/1/2118 2294/1/2118 
f 2323/1/2119 2320/1/2119 2292/1/2119 
f 2292/1/2119 2295/1/2119 2323/1/2119 
f 2321/1/2120 2293/1/2120 2296/1/2120 
f 2296/1/2120 2324/1/2120 2321/1/2120 
f 2297/1/2121 2325/1/2121 2322/1/2121 
f 2322/1/2121 2294/1/2121 2297/1/2121 
f 2298/1/2122 2326/1/2122 2323/1/2122 
f 2323/1/2122 2295/1/2122 2298/1/2122 
f 2314/1/2123 2324/1/2123 2296/1/2123 
f 2296/1/2123 2286/1/2123 2314/1/2123 
f 2325/1/2124 2297/1/2124 2299/1/2124 
f 2299/1/2124 2327/1/2124 2325/1/2124 
f 2300/1/2125 2328/1/2125 2326/1/2125 
f 2326/1/2125 2298/1/2125 2300/1/2125 
f 2301/1/2126 2329/1/2126 2327/1/2126 
f 2327/1/2126 2299/1/2126 2301/1/2126 
f 2330/1/2127 2328/1/2127 2300/1/2127 
f 2300/1/2127 2302/1/2127 2330/1/2127 
f 2303/1/2128 2331/1/2128 2329/1/2128 
f 2329/1/2128 2301/1/2128 2303/1/2128 
f 2304/1/2129 2332/1/2129 2330/1/2129 
f 2330/1/2129 2302/1/2129 2304/1/2129 
f 2309/1/2130 2331/1/2130 2303/1/2130 
f 2303/1/2131 2305/1/2131 2309/1/2131 
f 2306/1/2132 2333/1/2132 2332/1/2132 
f 2332/1/2132 2304/1/2132 2306/1/2132 
f 2244/1/2133 2310/1/2133 2309/1/2133 
f 2309/1/2133 2305/1/2133 2244/1/2133 
f 2333/1/2134 2306/1/2134 2280/1/2134 
f 2280/1/2134 2334/1/2134 2333/1/2134 
f 2243/1/2135 2335/1/2135 2310/1/2135 
f 2310/1/2136 2244/1/2136 2243/1/2136 
f 2279/1/2137 2336/1/2137 2334/1/2137 
f 2334/1/2137 2280/1/2137 2279/1/2137 
f 2335/1/2138 2243/1/2138 2281/1/2138 
f 2281/1/2139 2337/1/2139 2335/1/2139 
f 2282/1/2140 2338/1/2140 2336/1/2140 
f 2336/1/2140 2279/1/2140 2282/1/2140 
f 2278/1/2141 2277/1/2141 2337/1/2141 
f 2337/1/2141 2281/1/2141 2278/1/2141 
f 2312/1/2142 2338/1/2142 2282/1/2142 
f 2282/1/2142 2283/1/2143 2312/1/2142 
f 2339/1/2144 2340/1/2144 2341/1/2144 
f 2341/1/2144 2342/1/2144 2339/1/2144 
f 2334/1/2145 2343/1/2145 2344/1/2145 
f 2344/1/2145 2333/1/2145 2334/1/2145 
f 2335/1/2146 2345/1/2146 2307/1/2146 
f 2307/1/2147 2310/1/2147 2335/1/2147 
f 2346/1/2148 2343/1/2148 2334/1/2148 
f 2334/1/2149 2336/1/2149 2346/1/2149 
f 2337/1/2150 2342/1/2150 2345/1/2150 
f 2345/1/2150 2335/1/2150 2337/1/2150 
f 2338/1/2151 2347/1/2151 2346/1/2151 
f 2346/1/2152 2336/1/2152 2338/1/2152 
f 2342/1/2153 2337/1/2153 2277/1/2153 
f 2277/1/2154 2339/1/2154 2342/1/2154 
f 2312/1/2155 2348/1/2155 2347/1/2155 
f 2347/1/2156 2338/1/2156 2312/1/2156 
f 2276/1/2157 2349/1/2157 2339/1/2157 
f 2339/1/2158 2277/1/2158 2276/1/2158 
f 2348/1/2159 2312/1/2159 2311/1/2159 
f 2311/1/2159 2350/1/2159 2348/1/2159 
f 2314/1/2160 2313/1/2160 2351/1/2160 
f 2351/1/2161 2352/1/2161 2314/1/2161 
f 2315/1/2162 2353/1/2162 2349/1/2162 
f 2349/1/2163 2276/1/2163 2315/1/2163 
f 2316/1/2164 2354/1/2164 2350/1/2164 
f 2350/1/2165 2311/1/2165 2316/1/2165 
f 2317/1/2166 2355/1/2166 2351/1/2166 
f 2351/1/2167 2313/1/2167 2317/1/2167 
f 2356/1/2168 2353/1/2168 2315/1/2168 
f 2315/1/2168 2318/1/2168 2356/1/2168 
f 2319/1/2169 2357/1/2169 2354/1/2169 
f 2354/1/2170 2316/1/2170 2319/1/2170 
f 2320/1/2171 2358/1/2171 2355/1/2171 
f 2355/1/2172 2317/1/2172 2320/1/2172 
f 2321/1/2173 2359/1/2173 2356/1/2173 
f 2356/1/2174 2318/1/2174 2321/1/2174 
f 2360/1/2175 2357/1/2175 2319/1/2175 
f 2319/1/2176 2322/1/2176 2360/1/2176 
f 2323/1/2177 2361/1/2177 2358/1/2177 
f 2358/1/2178 2320/1/2178 2323/1/2178 
f 2324/1/2179 2362/1/2179 2359/1/2179 
f 2359/1/2180 2321/1/2180 2324/1/2180 
f 2325/1/2181 2363/1/2181 2360/1/2181 
f 2360/1/2181 2322/1/2181 2325/1/2181 
f 2361/1/2182 2323/1/2182 2326/1/2182 
f 2326/1/2183 2364/1/2183 2361/1/2183 
f 2352/1/2184 2362/1/2184 2324/1/2184 
f 2324/1/2185 2314/1/2185 2352/1/2185 
f 2327/1/2186 2365/1/2186 2363/1/2186 
f 2363/1/2187 2325/1/2187 2327/1/2187 
f 2328/1/2188 2366/1/2188 2364/1/2188 
f 2364/1/2189 2326/1/2189 2328/1/2189 
f 2365/1/2190 2327/1/2190 2329/1/2190 
f 2329/1/2190 2367/1/2190 2365/1/2190 
f 2330/1/2191 2368/1/2191 2366/1/2191 
f 2366/1/2192 2328/1/2192 2330/1/2192 
f 2331/1/2193 2369/1/2193 2367/1/2193 
f 2367/1/2194 2329/1/2194 2331/1/2194 
f 2370/1/2195 2368/1/2195 2330/1/2195 
f 2330/1/2196 2332/1/2196 2370/1/2196 
f 2309/1/2197 2308/1/2197 2369/1/2197 
f 2369/1/2198 2331/1/2198 2309/1/2198 
f 2333/1/2199 2344/1/2199 2370/1/2199 
f 2370/1/2200 2332/1/2200 2333/1/2200 
f 2371/1/2201 2372/1/2201 2373/1/2201 
f 2373/1/2201 2374/1/2201 2371/1/2201 
f 2348/1/2202 2375/1/2202 2376/1/2202 
f 2376/1/2203 2347/1/2203 2348/1/2203 
f 2339/1/2204 2349/1/2204 2377/1/2204 
f 2377/1/2205 2340/1/2205 2339/1/2205 
f 2350/1/2206 2378/1/2206 2375/1/2206 
f 2375/1/2207 2348/1/2207 2350/1/2207 
f 2352/1/2208 2351/1/2208 2379/1/2208 
f 2379/1/2209 2380/1/2209 2352/1/2209 
f 2377/1/2210 2349/1/2210 2353/1/2210 
f 2353/1/2211 2372/1/2211 2377/1/2211 
f 2350/1/2212 2354/1/2212 2381/1/2212 
f 2381/1/2213 2378/1/2213 2350/1/2213 
f 2379/1/2214 2351/1/2214 2355/1/2214 
f 2355/1/2214 2382/1/2214 2379/1/2214 
f 2356/1/2215 2373/1/2215 2372/1/2215 
f 2372/1/2216 2353/1/2216 2356/1/2216 
f 2381/1/2217 2354/1/2217 2357/1/2217 
f 2357/1/2217 2383/1/2217 2381/1/2217 
f 2382/1/2218 2355/1/2218 2358/1/2218 
f 2358/1/2219 2384/1/2219 2382/1/2219 
f 2356/1/2220 2359/1/2220 2385/1/2220 
f 2385/1/2221 2373/1/2221 2356/1/2221 
f 2360/1/2222 2386/1/2222 2383/1/2222 
f 2383/1/2223 2357/1/2223 2360/1/2223 
f 2361/1/2224 2387/1/2224 2384/1/2224 
f 2384/1/2224 2358/1/2224 2361/1/2224 
f 2385/1/2225 2359/1/2225 2362/1/2225 
f 2362/1/2226 2388/1/2226 2385/1/2226 
f 2360/1/2227 2363/1/2227 2389/1/2227 
f 2389/1/2228 2386/1/2228 2360/1/2228 
f 2364/1/2229 2390/1/2229 2387/1/2229 
f 2387/1/2229 2361/1/2229 2364/1/2229 
f 2362/1/2230 2352/1/2230 2380/1/2230 
f 2380/1/2231 2388/1/2231 2362/1/2231 
f 2389/1/2232 2363/1/2232 2365/1/2232 
f 2365/1/2233 2391/1/2233 2389/1/2233 
f 2390/1/2234 2364/1/2234 2366/1/2234 
f 2366/1/2234 2392/1/2234 2390/1/2234 
f 2367/1/2235 2393/1/2235 2391/1/2235 
f 2391/1/2236 2365/1/2236 2367/1/2236 
f 2368/1/2237 2394/1/2237 2392/1/2237 
f 2392/1/2238 2366/1/2238 2368/1/2238 
f 2367/1/2239 2369/1/2239 2395/1/2239 
f 2395/1/2240 2393/1/2240 2367/1/2240 
f 2370/1/2241 2396/1/2241 2394/1/2241 
f 2394/1/2241 2368/1/2241 2370/1/2241 
f 2395/1/2242 2369/1/2242 2308/1/2242 
f 2308/1/2242 2397/1/2242 2395/1/2242 
f 2370/1/2243 2344/1/2243 2398/1/2243 
f 2398/1/2244 2396/1/2244 2370/1/2244 
f 2307/1/2245 2399/1/2245 2397/1/2245 
f 2397/1/2246 2308/1/2246 2307/1/2246 
f 2398/1/2247 2344/1/2247 2343/1/2247 
f 2343/1/2248 2400/1/2248 2398/1/2248 
f 2307/1/2249 2345/1/2249 2401/1/2249 
f 2401/1/2250 2399/1/2250 2307/1/2250 
f 2402/1/2251 2400/1/2251 2343/1/2251 
f 2343/1/2252 2346/1/2252 2402/1/2252 
f 2401/1/2253 2345/1/2253 2342/1/2253 
f 2342/1/2254 2341/1/2254 2401/1/2254 
f 2402/1/2255 2346/1/2255 2347/1/2255 
f 2347/1/2255 2376/1/2255 2402/1/2255 
f 2403/1/2256 2404/1/2256 2405/1/2256 
f 2405/1/2257 2406/1/2257 2403/1/2257 
f 2383/1/2258 2407/1/2258 2408/1/2258 
f 2408/1/2258 2381/1/2258 2383/1/2258 
f 2384/1/2259 2409/1/2259 2410/1/2259 
f 2410/1/2259 2382/1/2259 2384/1/2259 
f 2385/1/2260 2411/1/2260 2374/1/2260 
f 2374/1/2260 2373/1/2260 2385/1/2260 
f 2407/1/2261 2383/1/2261 2386/1/2261 
f 2386/1/2261 2412/1/2261 2407/1/2261 
f 2384/1/2262 2387/1/2262 2413/1/2262 
f 2413/1/2262 2409/1/2262 2384/1/2262 
f 2388/1/2263 2405/1/2263 2411/1/2263 
f 2411/1/2263 2385/1/2263 2388/1/2263 
f 2389/1/2264 2414/1/2264 2412/1/2264 
f 2412/1/2264 2386/1/2264 2389/1/2264 
f 2413/1/2265 2387/1/2265 2390/1/2265 
f 2390/1/2265 2415/1/2265 2413/1/2265 
f 2406/1/2266 2405/1/2266 2388/1/2266 
f 2388/1/2266 2380/1/2266 2406/1/2266 
f 2391/1/2267 2416/1/2267 2414/1/2267 
f 2414/1/2267 2389/1/2267 2391/1/2267 
f 2392/1/2268 2417/1/2268 2415/1/2268 
f 2415/1/2268 2390/1/2268 2392/1/2268 
f 2416/1/2269 2391/1/2269 2393/1/2269 
f 2393/1/2270 2418/1/2270 2416/1/2270 
f 2392/1/2271 2394/1/2271 2419/1/2271 
f 2419/1/2271 2417/1/2271 2392/1/2271 
f 2395/1/2272 2420/1/2272 2418/1/2272 
f 2418/1/2272 2393/1/2272 2395/1/2272 
f 2419/1/2273 2394/1/2273 2396/1/2273 
f 2396/1/2273 2421/1/2273 2419/1/2273 
f 2397/1/2274 2422/1/2274 2420/1/2274 
f 2420/1/2274 2395/1/2274 2397/1/2274 
f 2398/1/2275 2423/1/2275 2421/1/2275 
f 2421/1/2275 2396/1/2275 2398/1/2275 
f 2422/1/2276 2397/1/2276 2399/1/2276 
f 2399/1/2276 2424/1/2276 2422/1/2276 
f 2400/1/2277 2425/1/2277 2423/1/2277 
f 2423/1/2277 2398/1/2277 2400/1/2277 
f 2401/1/2278 2426/1/2278 2424/1/2278 
f 2424/1/2278 2399/1/2278 2401/1/2278 
f 2400/1/2279 2402/1/2279 2427/1/2279 
f 2427/1/2279 2425/1/2279 2400/1/2279 
f 2341/1/2280 2428/1/2280 2426/1/2280 
f 2426/1/2281 2401/1/2281 2341/1/2281 
f 2429/1/2282 2427/1/2282 2402/1/2282 
f 2402/1/2283 2376/1/2283 2429/1/2283 
f 2428/1/2284 2341/1/2284 2340/1/2284 
f 2340/1/2284 2430/1/2284 2428/1/2284 
f 2429/1/2285 2376/1/2285 2375/1/2285 
f 2375/1/2285 2431/1/2285 2429/1/2285 
f 2377/1/2286 2432/1/2286 2430/1/2286 
f 2430/1/2286 2340/1/2286 2377/1/2286 
f 2431/1/2287 2375/1/2287 2378/1/2287 
f 2378/1/2287 2433/1/2287 2431/1/2287 
f 2379/1/2288 2434/1/2288 2406/1/2288 
f 2406/1/2288 2380/1/2288 2379/1/2288 
f 2372/1/2289 2371/1/2289 2432/1/2289 
f 2432/1/2289 2377/1/2289 2372/1/2289 
f 2381/1/2290 2408/1/2290 2433/1/2290 
f 2433/1/2290 2378/1/2290 2381/1/2290 
f 2434/1/2291 2379/1/2291 2382/1/2291 
f 2382/1/2291 2410/1/2291 2434/1/2291 
f 2435/1/2292 2436/1/2292 2437/1/2292 
f 2437/1/2293 2438/1/2293 2435/1/2293 
f 2416/1/2294 2439/1/2294 2440/1/2294 
f 2440/1/2294 2414/1/2294 2416/1/2294 
f 2441/1/2295 2415/1/2295 2417/1/2295 
f 2417/1/2296 2442/1/2296 2441/1/2296 
f 2418/1/2297 2443/1/2297 2439/1/2297 
f 2439/1/2298 2416/1/2298 2418/1/2298 
f 2419/1/2299 2444/1/2299 2442/1/2299 
f 2442/1/2300 2417/1/2300 2419/1/2300 
f 2443/1/2301 2418/1/2301 2420/1/2301 
f 2420/1/2302 2438/1/2302 2443/1/2302 
f 2421/1/2303 2445/1/2303 2444/1/2303 
f 2444/1/2304 2419/1/2304 2421/1/2304 
f 2422/1/2305 2435/1/2305 2438/1/2305 
f 2438/1/2306 2420/1/2306 2422/1/2306 
f 2445/1/2307 2421/1/2307 2423/1/2307 
f 2423/1/2308 2446/1/2308 2445/1/2308 
f 2424/1/2309 2447/1/2309 2435/1/2309 
f 2435/1/2309 2422/1/2309 2424/1/2309 
f 2425/1/2310 2448/1/2310 2446/1/2310 
f 2446/1/2311 2423/1/2311 2425/1/2311 
f 2447/1/2312 2424/1/2312 2426/1/2312 
f 2426/1/2313 2449/1/2313 2447/1/2313 
f 2427/1/2314 2450/1/2314 2448/1/2314 
f 2448/1/2315 2425/1/2315 2427/1/2315 
f 2428/1/2316 2451/1/2316 2449/1/2316 
f 2449/1/2317 2426/1/2317 2428/1/2317 
f 2450/1/2318 2427/1/2318 2429/1/2318 
f 2429/1/2319 2452/1/2319 2450/1/2319 
f 2430/1/2320 2453/1/2320 2451/1/2320 
f 2451/1/2321 2428/1/2321 2430/1/2321 
f 2431/1/2322 2454/1/2322 2452/1/2322 
f 2452/1/2323 2429/1/2323 2431/1/2323 
f 2453/1/2324 2430/1/2324 2432/1/2324 
f 2432/1/2325 2455/1/2325 2453/1/2325 
f 2433/1/2326 2456/1/2326 2454/1/2326 
f 2454/1/2327 2431/1/2327 2433/1/2327 
f 2406/1/2328 2434/1/2328 2457/1/2328 
f 2457/1/2329 2403/1/2329 2406/1/2329 
f 2371/1/2330 2458/1/2330 2455/1/2330 
f 2455/1/2331 2432/1/2331 2371/1/2331 
f 2456/1/2332 2433/1/2332 2408/1/2332 
f 2408/1/2333 2459/1/2333 2456/1/2333 
f 2410/1/2334 2460/1/2334 2457/1/2334 
f 2457/1/2335 2434/1/2335 2410/1/2335 
f 2374/1/2336 2461/1/2336 2458/1/2336 
f 2458/1/2337 2371/1/2337 2374/1/2337 
f 2407/1/2338 2462/1/2338 2459/1/2338 
f 2459/1/2339 2408/1/2339 2407/1/2339 
f 2460/1/2340 2410/1/2340 2409/1/2340 
f 2409/1/2341 2463/1/2341 2460/1/2341 
f 2461/1/2342 2374/1/2342 2411/1/2342 
f 2411/1/2343 2464/1/2343 2461/1/2343 
f 2412/1/2344 2465/1/2344 2462/1/2344 
f 2462/1/2345 2407/1/2345 2412/1/2345 
f 2413/1/2346 2466/1/2346 2463/1/2346 
f 2463/1/2347 2409/1/2347 2413/1/2347 
f 2405/1/2348 2404/1/2348 2464/1/2348 
f 2464/1/2349 2411/1/2349 2405/1/2349 
f 2465/1/2350 2412/1/2350 2414/1/2350 
f 2414/1/2351 2440/1/2351 2465/1/2351 
f 2415/1/2352 2441/1/2352 2466/1/2352 
f 2466/1/2353 2413/1/2353 2415/1/2353 
f 2467/1/2354 2468/1/2354 2469/1/2354 
f 2469/1/2354 2470/1/2354 2467/1/2354 
f 2471/1/2355 2472/1/2355 2445/1/2355 
f 2445/1/2356 2446/1/2356 2471/1/2356 
f 2447/1/2357 2473/1/2357 2436/1/2357 
f 2436/1/2358 2435/1/2358 2447/1/2358 
f 2448/1/2359 2474/1/2359 2471/1/2359 
f 2471/1/2360 2446/1/2360 2448/1/2360 
f 2468/1/2361 2473/1/2361 2447/1/2361 
f 2447/1/2362 2449/1/2362 2468/1/2362 
f 2450/1/2363 2475/1/2363 2474/1/2363 
f 2474/1/2364 2448/1/2364 2450/1/2364 
f 2451/1/2365 2469/1/2365 2468/1/2365 
f 2468/1/2365 2449/1/2365 2451/1/2365 
f 2476/1/2366 2475/1/2366 2450/1/2366 
f 2450/1/2367 2452/1/2367 2476/1/2367 
f 2453/1/2368 2477/1/2368 2469/1/2368 
f 2469/1/2369 2451/1/2369 2453/1/2369 
f 2454/1/2370 2478/1/2370 2476/1/2370 
f 2476/1/2370 2452/1/2370 2454/1/2370 
f 2479/1/2371 2477/1/2371 2453/1/2371 
f 2453/1/2372 2455/1/2372 2479/1/2372 
f 2456/1/2373 2480/1/2373 2478/1/2373 
f 2478/1/2373 2454/1/2373 2456/1/2373 
f 2481/1/2374 2403/1/2374 2457/1/2374 
f 2457/1/2374 2482/1/2374 2481/1/2374 
f 2458/1/2375 2483/1/2375 2479/1/2375 
f 2479/1/2375 2455/1/2375 2458/1/2375 
f 2484/1/2376 2480/1/2376 2456/1/2376 
f 2456/1/2377 2459/1/2377 2484/1/2377 
f 2482/1/2378 2457/1/2378 2460/1/2378 
f 2460/1/2378 2485/1/2378 2482/1/2378 
f 2461/1/2379 2486/1/2379 2483/1/2379 
f 2483/1/2380 2458/1/2380 2461/1/2380 
f 2462/1/2381 2487/1/2381 2484/1/2381 
f 2484/1/2381 2459/1/2381 2462/1/2381 
f 2463/1/2382 2488/1/2382 2485/1/2382 
f 2485/1/2382 2460/1/2382 2463/1/2382 
f 2489/1/2383 2486/1/2383 2461/1/2383 
f 2461/1/2383 2464/1/2383 2489/1/2383 
f 2465/1/2384 2490/1/2384 2487/1/2384 
f 2487/1/2385 2462/1/2385 2465/1/2385 
f 2488/1/2386 2463/1/2386 2466/1/2386 
f 2466/1/2386 2491/1/2386 2488/1/2386 
f 2404/1/2387 2492/1/2387 2489/1/2387 
f 2489/1/2388 2464/1/2388 2404/1/2388 
f 2493/1/2389 2490/1/2389 2465/1/2389 
f 2465/1/2390 2440/1/2390 2493/1/2390 
f 2441/1/2391 2494/1/2391 2491/1/2391 
f 2491/1/2392 2466/1/2392 2441/1/2392 
f 2481/1/2393 2492/1/2393 2404/1/2393 
f 2404/1/2394 2403/1/2394 2481/1/2394 
f 2439/1/2395 2495/1/2395 2493/1/2395 
f 2493/1/2395 2440/1/2395 2439/1/2395 
f 2442/1/2396 2496/1/2396 2494/1/2396 
f 2494/1/2397 2441/1/2397 2442/1/2397 
f 2443/1/2398 2497/1/2398 2495/1/2398 
f 2495/1/2399 2439/1/2399 2443/1/2399 
f 2496/1/2400 2442/1/2400 2444/1/2400 
f 2444/1/2401 2498/1/2401 2496/1/2401 
f 2437/1/2402 2497/1/2402 2443/1/2402 
f 2443/1/2403 2438/1/2403 2437/1/2403 
f 2445/1/2404 2472/1/2404 2498/1/2404 
f 2498/1/2404 2444/1/2404 2445/1/2404 
f 2499/1/2405 2500/1/2405 2501/1/2405 
f 2501/1/2406 2502/1/2406 2499/1/2406 
f 2476/1/2407 2503/1/2407 2504/1/2407 
f 2504/1/2407 2475/1/2407 2476/1/2407 
f 2477/1/2408 2505/1/2408 2470/1/2408 
f 2470/1/2408 2469/1/2408 2477/1/2408 
f 2506/1/2409 2503/1/2409 2476/1/2409 
f 2476/1/2409 2478/1/2409 2506/1/2409 
f 2479/1/2410 2507/1/2410 2505/1/2410 
f 2505/1/2410 2477/1/2410 2479/1/2410 
f 2480/1/2411 2508/1/2411 2506/1/2411 
f 2506/1/2411 2478/1/2411 2480/1/2411 
f 2500/1/2412 2499/1/2412 2481/1/2412 
f 2481/1/2412 2482/1/2412 2500/1/2412 
f 2509/1/2413 2507/1/2413 2479/1/2413 
f 2479/1/2413 2483/1/2413 2509/1/2413 
f 2484/1/2414 2510/1/2414 2508/1/2414 
f 2508/1/2414 2480/1/2414 2484/1/2414 
f 2485/1/2415 2511/1/2415 2500/1/2415 
f 2500/1/2415 2482/1/2415 2485/1/2415 
f 2486/1/2416 2512/1/2416 2509/1/2416 
f 2509/1/2416 2483/1/2416 2486/1/2416 
f 2513/1/2417 2510/1/2417 2484/1/2417 
f 2484/1/2417 2487/1/2417 2513/1/2417 
f 2488/1/2418 2514/1/2418 2511/1/2418 
f 2511/1/2418 2485/1/2418 2488/1/2418 
f 2489/1/2419 2515/1/2419 2512/1/2419 
f 2512/1/2419 2486/1/2419 2489/1/2419 
f 2490/1/2420 2516/1/2420 2513/1/2420 
f 2513/1/2420 2487/1/2420 2490/1/2420 
f 2517/1/2421 2514/1/2421 2488/1/2421 
f 2488/1/2421 2491/1/2421 2517/1/2421 
f 2518/1/2422 2515/1/2422 2489/1/2422 
f 2489/1/2422 2492/1/2422 2518/1/2422 
f 2493/1/2423 2519/1/2423 2516/1/2423 
f 2516/1/2423 2490/1/2423 2493/1/2423 
f 2494/1/2424 2520/1/2424 2517/1/2424 
f 2517/1/2424 2491/1/2424 2494/1/2424 
f 2518/1/2425 2492/1/2425 2481/1/2425 
f 2481/1/2425 2499/1/2425 2518/1/2425 
f 2519/1/2426 2493/1/2426 2495/1/2426 
f 2495/1/2426 2521/1/2426 2519/1/2426 
f 2496/1/2427 2522/1/2427 2520/1/2427 
f 2520/1/2427 2494/1/2427 2496/1/2427 
f 2497/1/2428 2523/1/2428 2521/1/2428 
f 2521/1/2428 2495/1/2428 2497/1/2428 
f 2524/1/2429 2522/1/2429 2496/1/2429 
f 2496/1/2429 2498/1/2429 2524/1/2429 
f 2437/1/2430 2525/1/2430 2523/1/2430 
f 2523/1/2430 2497/1/2430 2437/1/2430 
f 2472/1/2431 2526/1/2431 2524/1/2431 
f 2524/1/2431 2498/1/2431 2472/1/2431 
f 2525/1/2432 2437/1/2432 2436/1/2432 
f 2436/1/2432 2527/1/2432 2525/1/2432 
f 2471/1/2433 2528/1/2433 2526/1/2433 
f 2526/1/2433 2472/1/2433 2471/1/2433 
f 2473/1/2434 2529/1/2434 2527/1/2434 
f 2527/1/2434 2436/1/2434 2473/1/2434 
f 2530/1/2435 2528/1/2435 2471/1/2435 
f 2471/1/2435 2474/1/2435 2530/1/2435 
f 2468/1/2436 2467/1/2436 2529/1/2436 
f 2529/1/2436 2473/1/2436 2468/1/2436 
f 2475/1/2437 2504/1/2437 2530/1/2437 
f 2530/1/2437 2474/1/2437 2475/1/2437 
f 2531/1/2438 2532/1/2438 2533/1/2438 
f 2533/1/2438 2534/1/2438 2531/1/2438 
f 2509/1/2439 2535/1/2439 2536/1/2439 
f 2536/1/2440 2507/1/2440 2509/1/2440 
f 2510/1/2441 2537/1/2441 2538/1/2441 
f 2538/1/2442 2508/1/2442 2510/1/2442 
f 2511/1/2443 2539/1/2443 2501/1/2443 
f 2501/1/2444 2500/1/2444 2511/1/2444 
f 2540/1/2445 2535/1/2445 2509/1/2445 
f 2509/1/2446 2512/1/2446 2540/1/2446 
f 2513/1/2447 2541/1/2447 2537/1/2447 
f 2537/1/2448 2510/1/2448 2513/1/2448 
f 2514/1/2449 2534/1/2449 2539/1/2449 
f 2539/1/2450 2511/1/2450 2514/1/2450 
f 2515/1/2451 2542/1/2451 2540/1/2451 
f 2540/1/2451 2512/1/2451 2515/1/2451 
f 2541/1/2452 2513/1/2452 2516/1/2452 
f 2516/1/2453 2543/1/2453 2541/1/2453 
f 2517/1/2454 2531/1/2454 2534/1/2454 
f 2534/1/2454 2514/1/2454 2517/1/2454 
f 2518/1/2455 2544/1/2455 2542/1/2455 
f 2542/1/2456 2515/1/2456 2518/1/2456 
f 2519/1/2457 2545/1/2457 2543/1/2457 
f 2543/1/2458 2516/1/2458 2519/1/2458 
f 2531/1/2459 2517/1/2459 2520/1/2459 
f 2520/1/2460 2546/1/2460 2531/1/2460 
f 2544/1/2461 2518/1/2461 2499/1/2461 
f 2499/1/2461 2502/1/2461 2544/1/2461 
f 2521/1/2462 2547/1/2462 2545/1/2462 
f 2545/1/2463 2519/1/2463 2521/1/2463 
f 2522/1/2464 2548/1/2464 2546/1/2464 
f 2546/1/2465 2520/1/2465 2522/1/2465 
f 2549/1/2466 2547/1/2466 2521/1/2466 
f 2521/1/2467 2523/1/2467 2549/1/2467 
f 2524/1/2468 2550/1/2468 2548/1/2468 
f 2548/1/2469 2522/1/2469 2524/1/2469 
f 2525/1/2470 2551/1/2470 2549/1/2470 
f 2549/1/2471 2523/1/2471 2525/1/2471 
f 2552/1/2472 2550/1/2472 2524/1/2472 
f 2524/1/2473 2526/1/2473 2552/1/2473 
f 2527/1/2474 2553/1/2474 2551/1/2474 
f 2551/1/2475 2525/1/2475 2527/1/2475 
f 2528/1/2476 2554/1/2476 2552/1/2476 
f 2552/1/2477 2526/1/2477 2528/1/2477 
f 2553/1/2478 2527/1/2478 2529/1/2478 
f 2529/1/2479 2555/1/2479 2553/1/2479 
f 2530/1/2480 2556/1/2480 2554/1/2480 
f 2554/1/2481 2528/1/2481 2530/1/2481 
f 2467/1/2482 2557/1/2482 2555/1/2482 
f 2555/1/2483 2529/1/2483 2467/1/2483 
f 2558/1/2484 2556/1/2484 2530/1/2484 
f 2530/1/2485 2504/1/2485 2558/1/2485 
f 2470/1/2486 2559/1/2486 2557/1/2486 
f 2557/1/2487 2467/1/2487 2470/1/2487 
f 2503/1/2488 2560/1/2488 2558/1/2488 
f 2558/1/2489 2504/1/2489 2503/1/2489 
f 2561/1/2490 2559/1/2490 2470/1/2490 
f 2470/1/2491 2505/1/2491 2561/1/2491 
f 2506/1/2492 2562/1/2492 2560/1/2492 
f 2560/1/2493 2503/1/2493 2506/1/2493 
f 2507/1/2494 2536/1/2494 2561/1/2494 
f 2561/1/2494 2505/1/2494 2507/1/2494 
f 2562/1/2495 2506/1/2495 2508/1/2495 
f 2508/1/2496 2538/1/2496 2562/1/2496 
f 2563/1/2497 2564/1/2497 2565/1/2497 
f 2565/1/2497 2566/1/2497 2563/1/2497 
f 2544/1/2498 2567/1/2498 2568/1/2498 
f 2568/1/2498 2542/1/2498 2544/1/2498 
f 2569/1/2499 2570/1/2499 2543/1/2499 
f 2543/1/2499 2545/1/2499 2569/1/2499 
f 2546/1/2500 2571/1/2500 2532/1/2500 
f 2532/1/2501 2531/1/2501 2546/1/2501 
f 2572/1/2502 2567/1/2502 2544/1/2502 
f 2544/1/2502 2502/1/2502 2572/1/2502 
f 2547/1/2503 2573/1/2503 2569/1/2503 
f 2569/1/2504 2545/1/2504 2547/1/2504 
f 2571/1/2505 2546/1/2505 2548/1/2505 
f 2548/1/2506 2565/1/2506 2571/1/2506 
f 2549/1/2507 2574/1/2507 2573/1/2507 
f 2573/1/2508 2547/1/2508 2549/1/2508 
f 2550/1/2509 2566/1/2509 2565/1/2509 
f 2565/1/2510 2548/1/2510 2550/1/2510 
f 2575/1/2511 2574/1/2511 2549/1/2511 
f 2549/1/2512 2551/1/2512 2575/1/2512 
f 2552/1/2513 2576/1/2513 2566/1/2513 
f 2566/1/2514 2550/1/2514 2552/1/2514 
f 2553/1/2515 2577/1/2515 2575/1/2515 
f 2575/1/2516 2551/1/2516 2553/1/2516 
f 2578/1/2517 2576/1/2517 2552/1/2517 
f 2552/1/2518 2554/1/2518 2578/1/2518 
f 2555/1/2519 2579/1/2519 2577/1/2519 
f 2577/1/2520 2553/1/2520 2555/1/2520 
f 2556/1/2521 2580/1/2521 2578/1/2521 
f 2578/1/2522 2554/1/2522 2556/1/2522 
f 2581/1/2523 2579/1/2523 2555/1/2523 
f 2555/1/2524 2557/1/2524 2581/1/2524 
f 2558/1/2525 2582/1/2525 2580/1/2525 
f 2580/1/2526 2556/1/2526 2558/1/2526 
f 2559/1/2527 2583/1/2527 2581/1/2527 
f 2581/1/2528 2557/1/2528 2559/1/2528 
f 2584/1/2529 2582/1/2529 2558/1/2529 
f 2558/1/2530 2560/1/2530 2584/1/2530 
f 2561/1/2531 2585/1/2531 2583/1/2531 
f 2583/1/2532 2559/1/2532 2561/1/2532 
f 2562/1/2533 2586/1/2533 2584/1/2533 
f 2584/1/2533 2560/1/2533 2562/1/2533 
f 2587/1/2534 2585/1/2534 2561/1/2534 
f 2561/1/2535 2536/1/2535 2587/1/2535 
f 2538/1/2536 2588/1/2536 2586/1/2536 
f 2586/1/2537 2562/1/2537 2538/1/2537 
f 2502/1/2538 2501/1/2538 2589/1/2538 
f 2589/1/2539 2572/1/2539 2502/1/2539 
f 2535/1/2540 2590/1/2540 2587/1/2540 
f 2587/1/2541 2536/1/2541 2535/1/2541 
f 2591/1/2542 2588/1/2542 2538/1/2542 
f 2538/1/2543 2537/1/2543 2591/1/2543 
f 2592/1/2544 2589/1/2544 2501/1/2544 
f 2501/1/2545 2539/1/2545 2592/1/2545 
f 2540/1/2546 2593/1/2546 2590/1/2546 
f 2590/1/2547 2535/1/2547 2540/1/2547 
f 2541/1/2548 2594/1/2548 2591/1/2548 
f 2591/1/2549 2537/1/2549 2541/1/2549 
f 2533/1/2550 2592/1/2550 2539/1/2550 
f 2539/1/2551 2534/1/2551 2533/1/2551 
f 2568/1/2552 2593/1/2552 2540/1/2552 
f 2540/1/2552 2542/1/2552 2568/1/2552 
f 2543/1/2553 2570/1/2553 2594/1/2553 
f 2594/1/2554 2541/1/2554 2543/1/2554 
f 2595/1/2555 2596/1/2555 2597/1/2555 
f 2597/1/2556 2598/1/2556 2595/1/2556 
f 2575/1/2557 2599/1/2557 2600/1/2557 
f 2600/1/2557 2574/1/2557 2575/1/2557 
f 2576/1/2558 2601/1/2558 2563/1/2558 
f 2563/1/2558 2566/1/2558 2576/1/2558 
f 2599/1/2559 2575/1/2559 2577/1/2559 
f 2577/1/2559 2602/1/2559 2599/1/2559 
f 2578/1/2560 2598/1/2560 2601/1/2560 
f 2601/1/2560 2576/1/2560 2578/1/2560 
f 2579/1/2561 2603/1/2561 2602/1/2561 
f 2602/1/2561 2577/1/2561 2579/1/2561 
f 2595/1/2562 2598/1/2562 2578/1/2562 
f 2578/1/2562 2580/1/2562 2595/1/2562 
f 2581/1/2563 2604/1/2563 2603/1/2563 
f 2603/1/2563 2579/1/2563 2581/1/2563 
f 2582/1/2564 2605/1/2564 2595/1/2564 
f 2595/1/2564 2580/1/2564 2582/1/2564 
f 2606/1/2565 2604/1/2565 2581/1/2565 
f 2581/1/2565 2583/1/2565 2606/1/2565 
f 2584/1/2566 2607/1/2566 2605/1/2566 
f 2605/1/2566 2582/1/2566 2584/1/2566 
f 2585/1/2567 2608/1/2567 2606/1/2567 
f 2606/1/2567 2583/1/2567 2585/1/2567 
f 2609/1/2568 2607/1/2568 2584/1/2568 
f 2584/1/2568 2586/1/2568 2609/1/2568 
f 2587/1/2569 2610/1/2569 2608/1/2569 
f 2608/1/2569 2585/1/2569 2587/1/2569 
f 2588/1/2570 2611/1/2570 2609/1/2570 
f 2609/1/2570 2586/1/2570 2588/1/2570 
f 2612/1/2571 2613/1/2571 2572/1/2571 
f 2572/1/2571 2589/1/2571 2612/1/2571 
f 2614/1/2572 2610/1/2572 2587/1/2572 
f 2587/1/2572 2590/1/2572 2614/1/2572 
f 2591/1/2573 2615/1/2573 2611/1/2573 
f 2611/1/2573 2588/1/2573 2591/1/2573 
f 2592/1/2574 2616/1/2574 2612/1/2574 
f 2612/1/2574 2589/1/2574 2592/1/2574 
f 2593/1/2575 2617/1/2575 2614/1/2575 
f 2614/1/2575 2590/1/2575 2593/1/2575 
f 2615/1/2576 2591/1/2576 2594/1/2576 
f 2594/1/2576 2618/1/2576 2615/1/2576 
f 2533/1/2577 2619/1/2577 2616/1/2577 
f 2616/1/2577 2592/1/2577 2533/1/2577 
f 2568/1/2578 2620/1/2578 2617/1/2578 
f 2617/1/2578 2593/1/2578 2568/1/2578 
f 2570/1/2579 2621/1/2579 2618/1/2579 
f 2618/1/2579 2594/1/2579 2570/1/2579 
f 2622/1/2580 2619/1/2580 2533/1/2580 
f 2533/1/2580 2532/1/2580 2622/1/2580 
f 2623/1/2581 2620/1/2581 2568/1/2581 
f 2568/1/2581 2567/1/2581 2623/1/2581 
f 2569/1/2582 2624/1/2582 2621/1/2582 
f 2621/1/2582 2570/1/2582 2569/1/2582 
f 2571/1/2583 2625/1/2583 2622/1/2583 
f 2622/1/2583 2532/1/2583 2571/1/2583 
f 2613/1/2584 2623/1/2584 2567/1/2584 
f 2567/1/2584 2572/1/2584 2613/1/2584 
f 2624/1/2585 2569/1/2585 2573/1/2585 
f 2573/1/2585 2626/1/2585 2624/1/2585 
f 2565/1/2586 2564/1/2586 2625/1/2586 
f 2625/1/2586 2571/1/2586 2565/1/2586 
f 2574/1/2587 2600/1/2587 2626/1/2587 
f 2626/1/2587 2573/1/2587 2574/1/2587 
f 2627/1/2588 2628/1/2588 2629/1/2588 
f 2629/1/2589 2630/1/2589 2627/1/2589 
f 2604/1/2590 2631/1/2590 2632/1/2590 
f 2632/1/2590 2603/1/2590 2604/1/2590 
f 2633/1/2591 2596/1/2591 2595/1/2591 
f 2595/1/2592 2605/1/2592 2633/1/2592 
f 2606/1/2593 2634/1/2593 2631/1/2593 
f 2631/1/2594 2604/1/2594 2606/1/2594 
f 2607/1/2595 2630/1/2595 2633/1/2595 
f 2633/1/2596 2605/1/2596 2607/1/2596 
f 2634/1/2597 2606/1/2597 2608/1/2597 
f 2608/1/2597 2635/1/2597 2634/1/2597 
f 2609/1/2598 2627/1/2598 2630/1/2598 
f 2630/1/2599 2607/1/2599 2609/1/2599 
f 2610/1/2600 2636/1/2600 2635/1/2600 
f 2635/1/2601 2608/1/2601 2610/1/2601 
f 2627/1/2602 2609/1/2602 2611/1/2602 
f 2611/1/2602 2637/1/2602 2627/1/2602 
f 2613/1/2603 2612/1/2603 2638/1/2603 
f 2638/1/2603 2639/1/2603 2613/1/2603 
f 2614/1/2604 2640/1/2604 2636/1/2604 
f 2636/1/2605 2610/1/2605 2614/1/2605 
f 2615/1/2606 2641/1/2606 2637/1/2606 
f 2637/1/2607 2611/1/2607 2615/1/2607 
f 2616/1/2608 2642/1/2608 2638/1/2608 
f 2638/1/2609 2612/1/2609 2616/1/2609 
f 2643/1/2610 2640/1/2610 2614/1/2610 
f 2614/1/2611 2617/1/2611 2643/1/2611 
f 2618/1/2612 2644/1/2612 2641/1/2612 
f 2641/1/2613 2615/1/2613 2618/1/2613 
f 2619/1/2614 2645/1/2614 2642/1/2614 
f 2642/1/2615 2616/1/2615 2619/1/2615 
f 2620/1/2616 2646/1/2616 2643/1/2616 
f 2643/1/2617 2617/1/2617 2620/1/2617 
f 2647/1/2618 2644/1/2618 2618/1/2618 
f 2618/1/2619 2621/1/2619 2647/1/2619 
f 2622/1/2620 2648/1/2620 2645/1/2620 
f 2645/1/2621 2619/1/2621 2622/1/2621 
f 2623/1/2622 2649/1/2622 2646/1/2622 
f 2646/1/2623 2620/1/2623 2623/1/2623 
f 2624/1/2624 2650/1/2624 2647/1/2624 
f 2647/1/2625 2621/1/2625 2624/1/2625 
f 2648/1/2626 2622/1/2626 2625/1/2626 
f 2625/1/2626 2651/1/2626 2648/1/2626 
f 2639/1/2627 2649/1/2627 2623/1/2627 
f 2623/1/2628 2613/1/2628 2639/1/2628 
f 2626/1/2629 2652/1/2629 2650/1/2629 
f 2650/1/2630 2624/1/2630 2626/1/2630 
f 2564/1/2631 2653/1/2631 2651/1/2631 
f 2651/1/2632 2625/1/2632 2564/1/2632 
f 2654/1/2633 2652/1/2633 2626/1/2633 
f 2626/1/2634 2600/1/2634 2654/1/2634 
f 2563/1/2635 2655/1/2635 2653/1/2635 
f 2653/1/2636 2564/1/2636 2563/1/2636 
f 2599/1/2637 2656/1/2637 2654/1/2637 
f 2654/1/2638 2600/1/2638 2599/1/2638 
f 2657/1/2639 2655/1/2639 2563/1/2639 
f 2563/1/2640 2601/1/2640 2657/1/2640 
f 2602/1/2641 2658/1/2641 2656/1/2641 
f 2656/1/2642 2599/1/2642 2602/1/2642 
f 2598/1/2643 2597/1/2643 2657/1/2643 
f 2657/1/2644 2601/1/2644 2598/1/2644 
f 2658/1/2645 2602/1/2645 2603/1/2645 
f 2603/1/2646 2632/1/2646 2658/1/2646 
f 2659/1/2647 2660/1/2647 2661/1/2647 
f 2661/1/2647 2662/1/2647 2659/1/2647 
f 2635/1/2648 2636/1/2648 2663/1/2648 
f 2663/1/2649 2664/1/2649 2635/1/2649 
f 2637/1/2650 2665/1/2650 2628/1/2650 
f 2628/1/2650 2627/1/2650 2637/1/2650 
f 2639/1/2651 2638/1/2651 2666/1/2651 
f 2666/1/2651 2667/1/2651 2639/1/2651 
f 2663/1/2652 2636/1/2652 2640/1/2652 
f 2640/1/2652 2668/1/2652 2663/1/2652 
f 2637/1/2653 2641/1/2653 2662/1/2653 
f 2662/1/2654 2665/1/2654 2637/1/2654 
f 2666/1/2655 2638/1/2655 2642/1/2655 
f 2642/1/2656 2669/1/2656 2666/1/2656 
f 2643/1/2657 2670/1/2657 2668/1/2657 
f 2668/1/2658 2640/1/2658 2643/1/2658 
f 2662/1/2659 2641/1/2659 2644/1/2659 
f 2644/1/2659 2659/1/2659 2662/1/2659 
f 2671/1/2660 2669/1/2660 2642/1/2660 
f 2642/1/2661 2645/1/2661 2671/1/2661 
f 2643/1/2662 2646/1/2662 2672/1/2662 
f 2672/1/2663 2670/1/2663 2643/1/2663 
f 2647/1/2664 2673/1/2664 2659/1/2664 
f 2659/1/2665 2644/1/2665 2647/1/2665 
f 2648/1/2666 2674/1/2666 2671/1/2666 
f 2671/1/2667 2645/1/2667 2648/1/2667 
f 2672/1/2668 2646/1/2668 2649/1/2668 
f 2649/1/2669 2675/1/2669 2672/1/2669 
f 2647/1/2670 2650/1/2670 2676/1/2670 
f 2676/1/2671 2673/1/2671 2647/1/2671 
f 2651/1/2672 2677/1/2672 2674/1/2672 
f 2674/1/2672 2648/1/2672 2651/1/2672 
f 2649/1/2673 2639/1/2673 2667/1/2673 
f 2667/1/2673 2675/1/2673 2649/1/2673 
f 2676/1/2674 2650/1/2674 2652/1/2674 
f 2652/1/2675 2678/1/2675 2676/1/2675 
f 2679/1/2676 2677/1/2676 2651/1/2676 
f 2651/1/2677 2653/1/2677 2679/1/2677 
f 2654/1/2678 2680/1/2678 2678/1/2678 
f 2678/1/2678 2652/1/2678 2654/1/2678 
f 2655/1/2679 2681/1/2679 2679/1/2679 
f 2679/1/2680 2653/1/2680 2655/1/2680 
f 2654/1/2681 2656/1/2681 2682/1/2681 
f 2682/1/2681 2680/1/2681 2654/1/2681 
f 2657/1/2682 2683/1/2682 2681/1/2682 
f 2681/1/2683 2655/1/2683 2657/1/2683 
f 2682/1/2684 2656/1/2684 2658/1/2684 
f 2658/1/2685 2684/1/2685 2682/1/2685 
f 2657/1/2686 2597/1/2686 2685/1/2686 
f 2685/1/2686 2683/1/2686 2657/1/2686 
f 2632/1/2687 2686/1/2687 2684/1/2687 
f 2684/1/2688 2658/1/2688 2632/1/2688 
f 2685/1/2689 2597/1/2689 2596/1/2689 
f 2596/1/2690 2687/1/2690 2685/1/2690 
f 2632/1/2691 2631/1/2691 2688/1/2691 
f 2688/1/2691 2686/1/2691 2632/1/2691 
f 2689/1/2692 2687/1/2692 2596/1/2692 
f 2596/1/2693 2633/1/2693 2689/1/2693 
f 2688/1/2694 2631/1/2694 2634/1/2694 
f 2634/1/2695 2690/1/2695 2688/1/2695 
f 2689/1/2696 2633/1/2696 2630/1/2696 
f 2630/1/2697 2629/1/2697 2689/1/2697 
f 2635/1/2698 2664/1/2698 2690/1/2698 
f 2690/1/2698 2634/1/2698 2635/1/2698 
f 2691/1/2699 2692/1/2699 2693/1/2699 
f 2693/1/2699 2694/1/2699 2691/1/2699 
f 2671/1/2700 2695/1/2700 2696/1/2700 
f 2696/1/2700 2669/1/2700 2671/1/2700 
f 2672/1/2701 2697/1/2701 2698/1/2701 
f 2698/1/2701 2670/1/2701 2672/1/2701 
f 2660/1/2702 2659/1/2702 2673/1/2702 
f 2673/1/2702 2699/1/2702 2660/1/2702 
f 2671/1/2703 2674/1/2703 2700/1/2703 
f 2700/1/2703 2695/1/2703 2671/1/2703 
f 2675/1/2704 2701/1/2704 2697/1/2704 
f 2697/1/2704 2672/1/2704 2675/1/2704 
f 2676/1/2705 2694/1/2705 2699/1/2705 
f 2699/1/2705 2673/1/2705 2676/1/2705 
f 2700/1/2706 2674/1/2706 2677/1/2706 
f 2677/1/2706 2702/1/2706 2700/1/2706 
f 2703/1/2707 2701/1/2707 2675/1/2707 
f 2675/1/2707 2667/1/2707 2703/1/2707 
f 2678/1/2708 2691/1/2708 2694/1/2708 
f 2694/1/2708 2676/1/2708 2678/1/2708 
f 2679/1/2709 2704/1/2709 2702/1/2709 
f 2702/1/2709 2677/1/2709 2679/1/2709 
f 2691/1/2710 2678/1/2710 2680/1/2710 
f 2680/1/2710 2705/1/2710 2691/1/2710 
f 2679/1/2711 2681/1/2711 2706/1/2711 
f 2706/1/2711 2704/1/2711 2679/1/2711 
f 2682/1/2712 2707/1/2712 2705/1/2712 
f 2705/1/2712 2680/1/2712 2682/1/2712 
f 2706/1/2713 2681/1/2713 2683/1/2713 
f 2683/1/2713 2708/1/2713 2706/1/2713 
f 2684/1/2714 2709/1/2714 2707/1/2714 
f 2707/1/2714 2682/1/2714 2684/1/2714 
f 2685/1/2715 2710/1/2715 2708/1/2715 
f 2708/1/2715 2683/1/2715 2685/1/2715 
f 2709/1/2716 2684/1/2716 2686/1/2716 
f 2686/1/2716 2711/1/2716 2709/1/2716 
f 2687/1/2717 2712/1/2717 2710/1/2717 
f 2710/1/2717 2685/1/2717 2687/1/2717 
f 2688/1/2718 2713/1/2718 2711/1/2718 
f 2711/1/2719 2686/1/2719 2688/1/2719 
f 2687/1/2720 2689/1/2720 2714/1/2720 
f 2714/1/2720 2712/1/2720 2687/1/2720 
f 2690/1/2721 2715/1/2721 2713/1/2721 
f 2713/1/2721 2688/1/2721 2690/1/2721 
f 2716/1/2722 2714/1/2722 2689/1/2722 
f 2689/1/2722 2629/1/2722 2716/1/2722 
f 2715/1/2723 2690/1/2723 2664/1/2723 
f 2664/1/2723 2717/1/2723 2715/1/2723 
f 2716/1/2724 2629/1/2724 2628/1/2724 
f 2628/1/2724 2718/1/2724 2716/1/2724 
f 2663/1/2725 2719/1/2725 2717/1/2725 
f 2717/1/2725 2664/1/2725 2663/1/2725 
f 2718/1/2726 2628/1/2726 2665/1/2726 
f 2665/1/2726 2720/1/2726 2718/1/2726 
f 2666/1/2727 2721/1/2727 2703/1/2727 
f 2703/1/2727 2667/1/2727 2666/1/2727 
f 2668/1/2728 2722/1/2728 2719/1/2728 
f 2719/1/2728 2663/1/2728 2668/1/2728 
f 2662/1/2729 2661/1/2729 2720/1/2729 
f 2720/1/2729 2665/1/2729 2662/1/2729 
f 2721/1/2730 2666/1/2730 2669/1/2730 
f 2669/1/2730 2696/1/2730 2721/1/2730 
f 2722/1/2731 2668/1/2731 2670/1/2731 
f 2670/1/2731 2698/1/2731 2722/1/2731 
f 2723/1/2732 2724/1/2732 2725/1/2732 
f 2725/1/2732 2726/1/2732 2723/1/2732 
f 2727/1/2733 2702/1/2733 2704/1/2733 
f 2704/1/2734 2728/1/2734 2727/1/2734 
f 2705/1/2735 2729/1/2735 2692/1/2735 
f 2692/1/2736 2691/1/2736 2705/1/2736 
f 2706/1/2737 2730/1/2737 2728/1/2737 
f 2728/1/2738 2704/1/2738 2706/1/2738 
f 2729/1/2739 2705/1/2739 2707/1/2739 
f 2707/1/2740 2726/1/2740 2729/1/2740 
f 2708/1/2741 2731/1/2741 2730/1/2741 
f 2730/1/2742 2706/1/2742 2708/1/2742 
f 2709/1/2743 2723/1/2743 2726/1/2743 
f 2726/1/2743 2707/1/2743 2709/1/2743 
f 2731/1/2744 2708/1/2744 2710/1/2744 
f 2710/1/2745 2732/1/2745 2731/1/2745 
f 2711/1/2746 2733/1/2746 2723/1/2746 
f 2723/1/2747 2709/1/2747 2711/1/2747 
f 2712/1/2748 2734/1/2748 2732/1/2748 
f 2732/1/2749 2710/1/2749 2712/1/2749 
f 2733/1/2750 2711/1/2750 2713/1/2750 
f 2713/1/2751 2735/1/2751 2733/1/2751 
f 2714/1/2752 2736/1/2752 2734/1/2752 
f 2734/1/2753 2712/1/2753 2714/1/2753 
f 2715/1/2754 2737/1/2754 2735/1/2754 
f 2735/1/2755 2713/1/2755 2715/1/2755 
f 2736/1/2756 2714/1/2756 2716/1/2756 
f 2716/1/2757 2738/1/2757 2736/1/2757 
f 2717/1/2758 2739/1/2758 2737/1/2758 
f 2737/1/2759 2715/1/2759 2717/1/2759 
f 2718/1/2760 2740/1/2760 2738/1/2760 
f 2738/1/2761 2716/1/2761 2718/1/2761 
f 2739/1/2762 2717/1/2762 2719/1/2762 
f 2719/1/2762 2741/1/2762 2739/1/2762 
f 2720/1/2763 2742/1/2763 2740/1/2763 
f 2740/1/2764 2718/1/2764 2720/1/2764 
f 2703/1/2765 2721/1/2765 2743/1/2765 
f 2743/1/2765 2744/1/2765 2703/1/2765 
f 2722/1/2766 2745/1/2766 2741/1/2766 
f 2741/1/2766 2719/1/2766 2722/1/2766 
f 2742/1/2767 2720/1/2767 2661/1/2767 
f 2661/1/2768 2746/1/2768 2742/1/2768 
f 2696/1/2769 2747/1/2769 2743/1/2769 
f 2743/1/2770 2721/1/2770 2696/1/2770 
f 2698/1/2771 2748/1/2771 2745/1/2771 
f 2745/1/2772 2722/1/2772 2698/1/2772 
f 2660/1/2773 2749/1/2773 2746/1/2773 
f 2746/1/2774 2661/1/2774 2660/1/2774 
f 2747/1/2775 2696/1/2775 2695/1/2775 
f 2695/1/2776 2750/1/2776 2747/1/2776 
f 2748/1/2777 2698/1/2777 2697/1/2777 
f 2697/1/2778 2751/1/2778 2748/1/2778 
f 2699/1/2779 2752/1/2779 2749/1/2779 
f 2749/1/2779 2660/1/2779 2699/1/2779 
f 2700/1/2780 2753/1/2780 2750/1/2780 
f 2750/1/2781 2695/1/2781 2700/1/2781 
f 2701/1/2782 2754/1/2782 2751/1/2782 
f 2751/1/2782 2697/1/2782 2701/1/2782 
f 2752/1/2783 2699/1/2783 2694/1/2783 
f 2694/1/2784 2693/1/2784 2752/1/2784 
f 2702/1/2785 2727/1/2785 2753/1/2785 
f 2753/1/2785 2700/1/2785 2702/1/2785 
f 2744/1/2786 2754/1/2786 2701/1/2786 
f 2701/1/2787 2703/1/2787 2744/1/2787 
f 2755/1/2788 2756/1/2788 2757/1/2788 
f 2757/1/2789 2758/1/2789 2755/1/2789 
f 2732/1/2790 2759/1/2790 2760/1/2790 
f 2760/1/2790 2731/1/2790 2732/1/2790 
f 2733/1/2791 2761/1/2791 2724/1/2791 
f 2724/1/2791 2723/1/2791 2733/1/2791 
f 2734/1/2792 2762/1/2792 2759/1/2792 
f 2759/1/2792 2732/1/2792 2734/1/2792 
f 2735/1/2793 2758/1/2793 2761/1/2793 
f 2761/1/2794 2733/1/2794 2735/1/2794 
f 2763/1/2795 2762/1/2795 2734/1/2795 
f 2734/1/2795 2736/1/2795 2763/1/2795 
f 2737/1/2796 2755/1/2796 2758/1/2796 
f 2758/1/2797 2735/1/2797 2737/1/2797 
f 2738/1/2798 2764/1/2798 2763/1/2798 
f 2763/1/2799 2736/1/2799 2738/1/2799 
f 2765/1/2800 2755/1/2800 2737/1/2800 
f 2737/1/2800 2739/1/2800 2765/1/2800 
f 2764/1/2801 2738/1/2801 2740/1/2801 
f 2740/1/2802 2766/1/2802 2764/1/2802 
f 2767/1/2803 2765/1/2803 2739/1/2803 
f 2739/1/2804 2741/1/2804 2767/1/2804 
f 2742/1/2805 2768/1/2805 2766/1/2805 
f 2766/1/2806 2740/1/2806 2742/1/2806 
f 2769/1/2807 2744/1/2807 2743/1/2807 
f 2743/1/2808 2770/1/2808 2769/1/2808 
f 2771/1/2809 2767/1/2809 2741/1/2809 
f 2741/1/2809 2745/1/2809 2771/1/2809 
f 2746/1/2810 2772/1/2810 2768/1/2810 
f 2768/1/2811 2742/1/2811 2746/1/2811 
f 2770/1/2812 2743/1/2812 2747/1/2812 
f 2747/1/2812 2773/1/2812 2770/1/2812 
f 2771/1/2813 2745/1/2813 2748/1/2813 
f 2748/1/2813 2774/1/2813 2771/1/2813 
f 2749/1/2814 2775/1/2814 2772/1/2814 
f 2772/1/2814 2746/1/2814 2749/1/2814 
f 2750/1/2815 2776/1/2815 2773/1/2815 
f 2773/1/2815 2747/1/2815 2750/1/2815 
f 2751/1/2816 2777/1/2816 2774/1/2816 
f 2774/1/2816 2748/1/2816 2751/1/2816 
f 2752/1/2817 2778/1/2817 2775/1/2817 
f 2775/1/2818 2749/1/2818 2752/1/2818 
f 2776/1/2819 2750/1/2819 2753/1/2819 
f 2753/1/2819 2779/1/2819 2776/1/2819 
f 2754/1/2820 2780/1/2820 2777/1/2820 
f 2777/1/2820 2751/1/2820 2754/1/2820 
f 2693/1/2821 2781/1/2821 2778/1/2821 
f 2778/1/2821 2752/1/2821 2693/1/2821 
f 2727/1/2822 2782/1/2822 2779/1/2822 
f 2779/1/2822 2753/1/2822 2727/1/2822 
f 2769/1/2823 2780/1/2823 2754/1/2823 
f 2754/1/2824 2744/1/2824 2769/1/2824 
f 2692/1/2825 2783/1/2825 2781/1/2825 
f 2781/1/2826 2693/1/2826 2692/1/2826 
f 2728/1/2827 2784/1/2827 2782/1/2827 
f 2782/1/2827 2727/1/2827 2728/1/2827 
f 2729/1/2828 2785/1/2828 2783/1/2828 
f 2783/1/2829 2692/1/2829 2729/1/2829 
f 2784/1/2830 2728/1/2830 2730/1/2830 
f 2730/1/2830 2786/1/2830 2784/1/2830 
f 2726/1/2831 2725/1/2831 2785/1/2831 
f 2785/1/2832 2729/1/2832 2726/1/2832 
f 2760/1/2833 2786/1/2833 2730/1/2833 
f 2730/1/2833 2731/1/2833 2760/1/2833 
f 2787/1/2834 2788/1/2834 2789/1/2834 
f 2789/1/2834 2790/1/2834 2787/1/2834 
f 2791/1/2835 2792/1/2835 2763/1/2835 
f 2763/1/2835 2764/1/2835 2791/1/2835 
f 2793/1/2836 2756/1/2836 2755/1/2836 
f 2755/1/2836 2765/1/2836 2793/1/2836 
f 2766/1/2837 2794/1/2837 2791/1/2837 
f 2791/1/2837 2764/1/2837 2766/1/2837 
f 2795/1/2838 2793/1/2838 2765/1/2838 
f 2765/1/2838 2767/1/2838 2795/1/2838 
f 2768/1/2839 2796/1/2839 2794/1/2839 
f 2794/1/2839 2766/1/2839 2768/1/2839 
f 2769/1/2840 2770/1/2840 2797/1/2840 
f 2797/1/2840 2798/1/2840 2769/1/2840 
f 2771/1/2841 2799/1/2841 2795/1/2841 
f 2795/1/2841 2767/1/2841 2771/1/2841 
f 2796/1/2842 2768/1/2842 2772/1/2842 
f 2772/1/2842 2800/1/2842 2796/1/2842 
f 2773/1/2843 2801/1/2843 2797/1/2843 
f 2797/1/2843 2770/1/2843 2773/1/2843 
f 2799/1/2844 2771/1/2844 2774/1/2844 
f 2774/1/2844 2802/1/2844 2799/1/2844 
f 2775/1/2845 2803/1/2845 2800/1/2845 
f 2800/1/2845 2772/1/2845 2775/1/2845 
f 2776/1/2846 2804/1/2846 2801/1/2846 
f 2801/1/2846 2773/1/2846 2776/1/2846 
f 2805/1/2847 2802/1/2847 2774/1/2847 
f 2774/1/2847 2777/1/2847 2805/1/2847 
f 2806/1/2848 2803/1/2848 2775/1/2848 
f 2775/1/2848 2778/1/2848 2806/1/2848 
f 2779/1/2849 2807/1/2849 2804/1/2849 
f 2804/1/2849 2776/1/2849 2779/1/2849 
f 2780/1/2850 2808/1/2850 2805/1/2850 
f 2805/1/2850 2777/1/2850 2780/1/2850 
f 2806/1/2851 2778/1/2851 2781/1/2851 
f 2781/1/2852 2789/1/2851 2806/1/2851 
f 2782/1/2853 2809/1/2853 2807/1/2853 
f 2807/1/2853 2779/1/2853 2782/1/2853 
f 2798/1/2854 2808/1/2854 2780/1/2854 
f 2780/1/2854 2769/1/2854 2798/1/2854 
f 2783/1/2855 2790/1/2855 2789/1/2855 
f 2789/1/2855 2781/1/2855 2783/1/2855 
f 2809/1/2856 2782/1/2856 2784/1/2856 
f 2784/1/2856 2810/1/2856 2809/1/2856 
f 2790/1/2857 2783/1/2857 2785/1/2857 
f 2785/1/2857 2811/1/2857 2790/1/2857 
f 2786/1/2858 2812/1/2858 2810/1/2858 
f 2810/1/2858 2784/1/2858 2786/1/2858 
f 2811/1/2859 2785/1/2859 2725/1/2859 
f 2725/1/2859 2813/1/2859 2811/1/2859 
f 2814/1/2860 2812/1/2860 2786/1/2860 
f 2786/1/2860 2760/1/2860 2814/1/2860 
f 2815/1/2861 2813/1/2861 2725/1/2861 
f 2725/1/2861 2724/1/2861 2815/1/2861 
f 2816/1/2862 2814/1/2862 2760/1/2862 
f 2760/1/2862 2759/1/2862 2816/1/2862 
f 2761/1/2863 2817/1/2863 2815/1/2863 
f 2815/1/2863 2724/1/2863 2761/1/2863 
f 2762/1/2864 2818/1/2864 2816/1/2864 
f 2816/1/2864 2759/1/2864 2762/1/2864 
f 2817/1/2865 2761/1/2865 2758/1/2865 
f 2758/1/2866 2757/1/2866 2817/1/2866 
f 2762/1/2867 2763/1/2867 2792/1/2867 
f 2792/1/2867 2818/1/2867 2762/1/2867 
f 2819/1/2868 2820/1/2868 2821/1/2868 
f 2821/1/2869 2822/1/2869 2819/1/2869 
f 2809/1/2870 2810/1/2870 2823/1/2870 
f 2823/1/2871 2824/1/2871 2809/1/2871 
f 2811/1/2872 2825/1/2872 2787/1/2872 
f 2787/1/2872 2790/1/2872 2811/1/2872 
f 2826/1/2873 2823/1/2873 2810/1/2873 
f 2810/1/2874 2812/1/2874 2826/1/2874 
f 2813/1/2875 2819/1/2875 2825/1/2875 
f 2825/1/2875 2811/1/2875 2813/1/2875 
f 2814/1/2876 2827/1/2876 2826/1/2876 
f 2826/1/2877 2812/1/2877 2814/1/2877 
f 2819/1/2878 2813/1/2878 2815/1/2878 
f 2815/1/2879 2820/1/2879 2819/1/2879 
f 2816/1/2880 2828/1/2880 2827/1/2880 
f 2827/1/2881 2814/1/2881 2816/1/2881 
f 2817/1/2882 2829/1/2882 2820/1/2882 
f 2820/1/2883 2815/1/2883 2817/1/2883 
f 2816/1/2884 2818/1/2884 2830/1/2884 
f 2830/1/2885 2828/1/2885 2816/1/2885 
f 2817/1/2886 2757/1/2886 2831/1/2886 
f 2831/1/2887 2829/1/2887 2817/1/2887 
f 2792/1/2888 2832/1/2888 2830/1/2888 
f 2830/1/2889 2818/1/2889 2792/1/2889 
f 2833/1/2890 2831/1/2890 2757/1/2890 
f 2757/1/2891 2756/1/2891 2833/1/2891 
f 2834/1/2892 2832/1/2892 2792/1/2892 
f 2792/1/2893 2791/1/2893 2834/1/2893 
f 2833/1/2894 2756/1/2894 2793/1/2894 
f 2793/1/2895 2835/1/2895 2833/1/2895 
f 2836/1/2896 2834/1/2896 2791/1/2896 
f 2791/1/2896 2794/1/2896 2836/1/2896 
f 2795/1/2897 2837/1/2897 2835/1/2897 
f 2835/1/2898 2793/1/2898 2795/1/2898 
f 2794/1/2899 2796/1/2899 2838/1/2899 
f 2838/1/2899 2836/1/2899 2794/1/2899 
f 2839/1/2900 2840/1/2900 2798/1/2900 
f 2798/1/2901 2797/1/2901 2839/1/2901 
f 2795/1/2902 2799/1/2902 2841/1/2902 
f 2841/1/2903 2837/1/2903 2795/1/2903 
f 2838/1/2904 2796/1/2904 2800/1/2904 
f 2800/1/2905 2842/1/2905 2838/1/2905 
f 2839/1/2906 2797/1/2906 2801/1/2906 
f 2801/1/2907 2843/1/2907 2839/1/2907 
f 2802/1/2908 2844/1/2908 2841/1/2908 
f 2841/1/2909 2799/1/2909 2802/1/2909 
f 2800/1/2910 2803/1/2910 2845/1/2910 
f 2845/1/2911 2842/1/2911 2800/1/2911 
f 2801/1/2912 2804/1/2912 2846/1/2912 
f 2846/1/2913 2843/1/2913 2801/1/2913 
f 2847/1/2914 2844/1/2914 2802/1/2914 
f 2802/1/2915 2805/1/2915 2847/1/2915 
f 2806/1/2916 2848/1/2916 2845/1/2916 
f 2845/1/2916 2803/1/2916 2806/1/2916 
f 2849/1/2917 2846/1/2917 2804/1/2917 
f 2804/1/2917 2807/1/2917 2849/1/2917 
f 2850/1/2918 2847/1/2918 2805/1/2918 
f 2805/1/2919 2808/1/2919 2850/1/2919 
f 2848/1/2920 2806/1/2920 2789/1/2920 
f 2789/1/2921 2788/1/2921 2848/1/2921 
f 2809/1/2922 2824/1/2922 2849/1/2922 
f 2849/1/2923 2807/1/2923 2809/1/2923 
f 2808/1/2924 2798/1/2924 2840/1/2924 
f 2840/1/2924 2850/1/2924 2808/1/2924 
f 2851/1/2925 2852/1/2925 2853/1/2925 
f 2853/1/2925 2854/1/2925 2855/1/2925 
f 2853/1/2926 2855/1/2926 2856/1/2926 
f 2851/1/2925 2853/1/2925 2856/1/2925 
f 2857/1/2925 2858/1/2925 2859/1/2925 
f 2856/1/2925 2857/1/2925 2859/1/2925 
f 2859/1/2925 2860/1/2925 2861/1/2925 
f 2859/1/2927 2861/1/2927 2862/1/2927 
f 2856/1/2928 2859/1/2928 2862/1/2928 
f 2856/1/2925 2862/1/2925 2863/1/2925 
f 2856/1/2928 2863/1/2928 2864/1/2928 
f 2865/1/2925 2866/1/2925 2867/1/2925 
f 2864/1/2925 2865/1/2925 2867/1/2925 
f 2864/1/2925 2867/1/2925 2868/1/2925 
f 2864/1/2929 2868/1/2929 2869/1/2929 
f 2856/1/2930 2864/1/2930 2869/1/2930 
f 2856/1/2925 2869/1/2925 2870/1/2925 
f 2822/1/2925 2821/1/2925 2871/1/2925 
f 2870/1/2931 2822/1/2931 2871/1/2931 
f 2870/1/2932 2871/1/2932 2872/1/2932 
f 2870/1/2928 2872/1/2928 2873/1/2928 
f 2856/1/2929 2870/1/2929 2873/1/2929 
f 2856/1/2929 2873/1/2929 2874/1/2929 
f 2875/1/2925 2876/1/2925 2877/1/2925 
f 2874/1/2926 2875/1/2926 2877/1/2926 
f 2874/1/2925 2877/1/2925 2878/1/2925 
f 2856/1/2926 2874/1/2926 2878/1/2926 
f 2856/1/2925 2878/1/2925 2879/1/2925 
f 2856/1/2929 2879/1/2929 2880/1/2929 
f 2851/1/2925 2856/1/2925 2880/1/2925 
f 2859/1/2933 2858/1/2933 2827/1/2933 
f 2827/1/2934 2828/1/2934 2859/1/2934 
f 2871/1/2935 2821/1/2935 2820/1/2935 
f 2820/1/2935 2829/1/2935 2871/1/2935 
f 2828/1/2936 2830/1/2936 2860/1/2936 
f 2860/1/2936 2859/1/2936 2828/1/2936 
f 2831/1/2937 2872/1/2937 2871/1/2937 
f 2871/1/2938 2829/1/2938 2831/1/2938 
f 2861/1/2939 2860/1/2939 2830/1/2939 
f 2830/1/2940 2832/1/2940 2861/1/2940 
f 2833/1/2941 2873/1/2941 2872/1/2941 
f 2872/1/2941 2831/1/2941 2833/1/2941 
f 2834/1/2942 2862/1/2942 2861/1/2942 
f 2861/1/2943 2832/1/2943 2834/1/2943 
f 2873/1/2944 2833/1/2944 2835/1/2944 
f 2835/1/2944 2874/1/2944 2873/1/2944 
f 2836/1/2945 2863/1/2945 2862/1/2945 
f 2862/1/2946 2834/1/2946 2836/1/2946 
f 2874/1/2947 2835/1/2947 2837/1/2947 
f 2837/1/2948 2875/1/2948 2874/1/2948 
f 2863/1/2949 2836/1/2949 2838/1/2949 
f 2838/1/2950 2864/1/2950 2863/1/2950 
f 2851/1/2951 2880/1/2951 2840/1/2951 
f 2840/1/2952 2839/1/2952 2851/1/2952 
f 2837/1/2953 2841/1/2953 2876/1/2953 
f 2876/1/2953 2875/1/2953 2837/1/2953 
f 2865/1/2954 2864/1/2954 2838/1/2954 
f 2838/1/2955 2842/1/2955 2865/1/2955 
f 2852/1/2956 2851/1/2956 2839/1/2956 
f 2839/1/2957 2843/1/2957 2852/1/2957 
f 2877/1/2958 2876/1/2958 2841/1/2958 
f 2841/1/2958 2844/1/2958 2877/1/2958 
f 2842/1/2959 2845/1/2959 2866/1/2959 
f 2866/1/2960 2865/1/2960 2842/1/2960 
f 2846/1/2961 2853/1/2961 2852/1/2961 
f 2852/1/2961 2843/1/2961 2846/1/2961 
f 2847/1/2962 2878/1/2962 2877/1/2962 
f 2877/1/2962 2844/1/2962 2847/1/2962 
f 2867/1/2963 2866/1/2963 2845/1/2963 
f 2845/1/2964 2848/1/2964 2867/1/2964 
f 2853/1/2965 2846/1/2965 2849/1/2965 
f 2849/1/2966 2854/1/2966 2853/1/2966 
f 2850/1/2967 2879/1/2967 2878/1/2967 
f 2878/1/2967 2847/1/2967 2850/1/2967 
f 2788/1/2968 2868/1/2968 2867/1/2968 
f 2867/1/2968 2848/1/2968 2788/1/2968 
f 2855/1/2969 2854/1/2969 2849/1/2969 
f 2849/1/2970 2824/1/2970 2855/1/2970 
f 2879/1/2971 2850/1/2971 2840/1/2971 
f 2840/1/2971 2880/1/2971 2879/1/2971 
f 2787/1/2972 2869/1/2972 2868/1/2972 
f 2868/1/2972 2788/1/2972 2787/1/2972 
f 2823/1/2973 2856/1/2973 2855/1/2973 
f 2855/1/2973 2824/1/2973 2823/1/2973 
f 2869/1/2974 2787/1/2974 2825/1/2974 
f 2825/1/2975 2870/1/2975 2869/1/2975 
f 2826/1/2976 2857/1/2976 2856/1/2976 
f 2856/1/2976 2823/1/2976 2826/1/2976 
f 2870/1/2977 2825/1/2977 2819/1/2977 
f 2819/1/2978 2822/1/2978 2870/1/2978 
f 2857/1/2979 2826/1/2979 2827/1/2979 
f 2827/1/2979 2858/1/2979 2857/1/2979 
f 2881/1/2980 2882/1/2980 2883/1/2980 
f 2883/1/2980 2884/1/2980 2885/1/2980 
f 2881/1/2980 2883/1/2980 2885/1/2980 
f 2885/1/2980 2886/1/2980 2887/1/2980 
f 2887/1/2980 2888/1/2980 2889/1/2980 
f 2885/1/2980 2887/1/2980 2889/1/2980 
f 2881/1/2980 2885/1/2980 2889/1/2980 
f 2889/1/2980 2890/1/2980 2891/1/2980 
f 2891/1/2980 2892/1/2980 2893/1/2980 
f 2889/1/2980 2891/1/2980 2893/1/2980 
f 2893/1/2980 2894/1/2980 2895/1/2980 
f 2895/1/2980 2896/1/2980 2897/1/2980 
f 2893/1/2980 2895/1/2980 2897/1/2980 
f 2889/1/2980 2893/1/2980 2897/1/2980 
f 2897/1/2980 2898/1/2980 2899/1/2980 
f 2899/1/2980 2900/1/2980 2901/1/2980 
f 2897/1/2980 2899/1/2980 2901/1/2980 
f 2901/1/2980 2902/1/2980 2903/1/2980 
f 2903/1/2980 2904/1/2980 2905/1/2980 
f 2901/1/2980 2903/1/2980 2905/1/2980 
f 2897/1/2980 2901/1/2980 2905/1/2980 
f 2889/1/2980 2897/1/2980 2905/1/2980 
f 2881/1/2980 2889/1/2980 2905/1/2980 
f 2906/1/2980 2907/1/2980 2908/1/2980 
f 2905/1/2980 2906/1/2980 2908/1/2980 
f 2905/1/2980 2908/1/2980 2909/1/2980 
f 2881/1/2980 2905/1/2980 2909/1/2980 
f 2910/1/2980 2881/1/2980 2909/1/2980 
f 2910/1/2980 2909/1/2980 2911/1/2980 
f 2910/1/2980 2911/1/2980 2912/1/2980 
f 2913/1/2981 2914/1/2981 2915/1/2981 
f 2915/1/2981 2916/1/2981 2913/1/2981 
f 2917/1/2982 2905/1/2982 2904/1/2982 
f 2904/1/2983 2918/1/2983 2917/1/2983 
f 2890/1/2984 2919/1/2984 2920/1/2984 
f 2920/1/2984 2891/1/2984 2890/1/2984 
f 2904/1/2985 2903/1/2985 2921/1/2985 
f 2921/1/2986 2918/1/2986 2904/1/2986 
f 2889/1/2987 2922/1/2987 2919/1/2987 
f 2919/1/2987 2890/1/2987 2889/1/2987 
f 2902/1/2988 2923/1/2988 2921/1/2988 
f 2921/1/2989 2903/1/2989 2902/1/2989 
f 2888/1/2990 2924/1/2990 2922/1/2990 
f 2922/1/2991 2889/1/2991 2888/1/2991 
f 2901/1/2992 2925/1/2992 2923/1/2992 
f 2923/1/2993 2902/1/2993 2901/1/2993 
f 2887/1/2994 2926/1/2994 2924/1/2994 
f 2924/1/2994 2888/1/2994 2887/1/2994 
f 2900/1/2995 2927/1/2995 2925/1/2995 
f 2925/1/2996 2901/1/2996 2900/1/2996 
f 2886/1/2997 2928/1/2997 2926/1/2997 
f 2926/1/2998 2887/1/2998 2886/1/2998 
f 2899/1/2999 2929/1/2999 2927/1/2999 
f 2927/1/3000 2900/1/3000 2899/1/3000 
f 2930/1/3001 2881/1/3001 2910/1/3001 
f 2910/1/3002 2931/1/3002 2930/1/3002 
f 2885/1/3003 2932/1/3003 2928/1/3003 
f 2928/1/3004 2886/1/3004 2885/1/3004 
f 2898/1/3005 2933/1/3005 2929/1/3005 
f 2929/1/3005 2899/1/3005 2898/1/3005 
f 2931/1/3006 2910/1/3006 2912/1/3006 
f 2912/1/3006 2934/1/3006 2931/1/3006 
f 2884/1/3007 2935/1/3007 2932/1/3007 
f 2932/1/3008 2885/1/3008 2884/1/3008 
f 2897/1/3009 2936/1/3009 2933/1/3009 
f 2933/1/3010 2898/1/3010 2897/1/3010 
f 2934/1/3011 2912/1/3011 2911/1/3011 
f 2911/1/3011 2916/1/3011 2934/1/3011 
f 2883/1/3012 2937/1/3012 2935/1/3012 
f 2935/1/3013 2884/1/3013 2883/1/3013 
f 2896/1/3014 2938/1/3014 2936/1/3014 
f 2936/1/3015 2897/1/3015 2896/1/3015 
f 2911/1/3016 2909/1/3016 2913/1/3016 
f 2913/1/3017 2916/1/3017 2911/1/3017 
f 2882/1/3018 2939/1/3018 2937/1/3018 
f 2937/1/3019 2883/1/3019 2882/1/3019 
f 2895/1/3020 2940/1/3020 2938/1/3020 
f 2938/1/3020 2896/1/3020 2895/1/3020 
f 2908/1/3021 2941/1/3021 2913/1/3021 
f 2913/1/3021 2909/1/3021 2908/1/3021 
f 2882/1/3022 2881/1/3022 2930/1/3022 
f 2930/1/3023 2939/1/3023 2882/1/3023 
f 2894/1/3024 2942/1/3024 2940/1/3024 
f 2940/1/3025 2895/1/3025 2894/1/3025 
f 2943/1/3026 2941/1/3026 2908/1/3026 
f 2908/1/3026 2907/1/3026 2943/1/3026 
f 2893/1/3027 2944/1/3027 2942/1/3027 
f 2942/1/3028 2894/1/3028 2893/1/3028 
f 2906/1/3029 2945/1/3029 2943/1/3029 
f 2943/1/3030 2907/1/3030 2906/1/3030 
f 2892/1/3031 2946/1/3031 2944/1/3031 
f 2944/1/3031 2893/1/3031 2892/1/3031 
f 2917/1/3032 2945/1/3032 2906/1/3032 
f 2906/1/3033 2905/1/3033 2917/1/3033 
f 2891/1/3034 2920/1/3034 2946/1/3034 
f 2946/1/3035 2892/1/3035 2891/1/3035 
f 2947/1/3036 2948/1/3036 2915/1/3036 
f 2915/1/3036 2914/1/3036 2949/1/3036 
f 2947/1/3036 2915/1/3036 2949/1/3036 
f 2949/1/3036 2950/1/3036 2951/1/3036 
f 2949/1/3036 2951/1/3036 2952/1/3036 
f 2947/1/3036 2949/1/3036 2952/1/3036 
f 2947/1/3036 2952/1/3036 2953/1/3036 
f 2953/1/3036 2954/1/3036 2955/1/3036 
f 2955/1/3036 2956/1/3036 2957/1/3036 
f 2953/1/3036 2955/1/3036 2957/1/3036 
f 2957/1/3036 2958/1/3036 2959/1/3036 
f 2959/1/3036 2960/1/3036 2961/1/3036 
f 2957/1/3036 2959/1/3036 2961/1/3036 
f 2953/1/3036 2957/1/3036 2961/1/3036 
f 2961/1/3036 2962/1/3036 2963/1/3036 
f 2963/1/3036 2964/1/3036 2965/1/3036 
f 2961/1/3036 2963/1/3036 2965/1/3036 
f 2965/1/3036 2966/1/3036 2967/1/3036 
f 2967/1/3036 2968/1/3036 2969/1/3036 
f 2965/1/3036 2967/1/3036 2969/1/3036 
f 2961/1/3036 2965/1/3036 2969/1/3036 
f 2953/1/3036 2961/1/3036 2969/1/3036 
f 2969/1/3036 2970/1/3036 2971/1/3036 
f 2971/1/3036 2972/1/3036 2973/1/3036 
f 2969/1/3036 2971/1/3036 2973/1/3036 
f 2973/1/3036 2974/1/3036 2975/1/3036 
f 2973/1/3036 2975/1/3036 2976/1/3036 
f 2969/1/3036 2973/1/3036 2976/1/3036 
f 2953/1/3036 2969/1/3036 2976/1/3036 
f 2947/1/3036 2953/1/3036 2976/1/3036 
f 2939/1/3037 2975/1/3037 2974/1/3037 
f 2974/1/3038 2937/1/3038 2939/1/3038 
f 2940/1/3039 2962/1/3039 2961/1/3039 
f 2961/1/3040 2938/1/3040 2940/1/3040 
f 2941/1/3041 2949/1/3041 2914/1/3041 
f 2914/1/3041 2913/1/3041 2941/1/3041 
f 2939/1/3042 2930/1/3042 2976/1/3042 
f 2976/1/3043 2975/1/3043 2939/1/3043 
f 2942/1/3044 2963/1/3044 2962/1/3044 
f 2962/1/3045 2940/1/3045 2942/1/3045 
f 2943/1/3046 2950/1/3046 2949/1/3046 
f 2949/1/3046 2941/1/3046 2943/1/3046 
f 2944/1/3047 2964/1/3047 2963/1/3047 
f 2963/1/3047 2942/1/3047 2944/1/3047 
f 2945/1/3048 2951/1/3048 2950/1/3048 
f 2950/1/3048 2943/1/3048 2945/1/3048 
f 2946/1/3049 2965/1/3049 2964/1/3049 
f 2964/1/3049 2944/1/3049 2946/1/3049 
f 2917/1/3050 2952/1/3050 2951/1/3050 
f 2951/1/3050 2945/1/3050 2917/1/3050 
f 2920/1/3051 2966/1/3051 2965/1/3051 
f 2965/1/3052 2946/1/3052 2920/1/3052 
f 2918/1/3053 2953/1/3053 2952/1/3053 
f 2952/1/3054 2917/1/3054 2918/1/3054 
f 2919/1/3055 2967/1/3055 2966/1/3055 
f 2966/1/3055 2920/1/3055 2919/1/3055 
f 2921/1/3056 2954/1/3056 2953/1/3056 
f 2953/1/3057 2918/1/3057 2921/1/3057 
f 2922/1/3058 2968/1/3058 2967/1/3058 
f 2967/1/3059 2919/1/3059 2922/1/3059 
f 2923/1/3060 2955/1/3060 2954/1/3060 
f 2954/1/3060 2921/1/3060 2923/1/3060 
f 2924/1/3061 2969/1/3061 2968/1/3061 
f 2968/1/3061 2922/1/3061 2924/1/3061 
f 2925/1/3062 2956/1/3062 2955/1/3062 
f 2955/1/3062 2923/1/3062 2925/1/3062 
f 2926/1/3063 2970/1/3063 2969/1/3063 
f 2969/1/3064 2924/1/3064 2926/1/3064 
f 2927/1/3065 2957/1/3065 2956/1/3065 
f 2956/1/3065 2925/1/3065 2927/1/3065 
f 2928/1/3066 2971/1/3066 2970/1/3066 
f 2970/1/3066 2926/1/3066 2928/1/3066 
f 2929/1/3067 2958/1/3067 2957/1/3067 
f 2957/1/3067 2927/1/3067 2929/1/3067 
f 2931/1/3068 2947/1/3068 2976/1/3068 
f 2976/1/3068 2930/1/3068 2931/1/3068 
f 2932/1/3069 2972/1/3069 2971/1/3069 
f 2971/1/3069 2928/1/3069 2932/1/3069 
f 2933/1/3070 2959/1/3070 2958/1/3070 
f 2958/1/3070 2929/1/3070 2933/1/3070 
f 2934/1/3071 2948/1/3071 2947/1/3071 
f 2947/1/3071 2931/1/3071 2934/1/3071 
f 2935/1/3072 2973/1/3072 2972/1/3072 
f 2972/1/3072 2932/1/3072 2935/1/3072 
f 2936/1/3073 2960/1/3073 2959/1/3073 
f 2959/1/3073 2933/1/3073 2936/1/3073 
f 2916/1/3074 2915/1/3074 2948/1/3074 
f 2948/1/3074 2934/1/3074 2916/1/3074 
f 2937/1/3075 2974/1/3075 2973/1/3075 
f 2973/1/3076 2935/1/3076 2937/1/3076 
f 2938/1/3077 2961/1/3077 2960/1/3077 
f 2960/1/3078 2936/1/3078 2938/1/3078 
f 2977/1/2980 2978/1/2980 2979/1/2980 
f 2979/1/2980 2980/1/2980 2981/1/2980 
f 2977/1/2980 2979/1/2980 2981/1/2980 
f 2981/1/2980 2982/1/2980 2983/1/2980 
f 2983/1/2980 2984/1/2980 2985/1/2980 
f 2981/1/2980 2983/1/2980 2985/1/2980 
f 2977/1/2980 2981/1/2980 2985/1/2980 
f 2985/1/2980 2986/1/2980 2987/1/2980 
f 2987/1/2980 2988/1/2980 2989/1/2980 
f 2985/1/2980 2987/1/2980 2989/1/2980 
f 2989/1/2980 2990/1/2980 2991/1/2980 
f 2991/1/2980 2992/1/2980 2993/1/2980 
f 2989/1/2980 2991/1/2980 2993/1/2980 
f 2985/1/2980 2989/1/2980 2993/1/2980 
f 2993/1/2980 2994/1/2980 2995/1/2980 
f 2995/1/2980 2996/1/2980 2997/1/2980 
f 2993/1/2980 2995/1/2980 2997/1/2980 
f 2997/1/2980 2998/1/2980 2999/1/2980 
f 2999/1/2980 3000/1/2980 3001/1/2980 
f 2997/1/2980 2999/1/2980 3001/1/2980 
f 2993/1/2980 2997/1/2980 3001/1/2980 
f 2985/1/2980 2993/1/2980 3001/1/2980 
f 2977/1/2980 2985/1/2980 3001/1/2980 
f 3002/1/2980 3003/1/2980 3004/1/2980 
f 3001/1/2980 3002/1/2980 3004/1/2980 
f 3001/1/2980 3004/1/2980 3005/1/2980 
f 2977/1/2980 3001/1/2980 3005/1/2980 
f 3006/1/2980 2977/1/2980 3005/1/2980 
f 3006/1/2980 3005/1/2980 3007/1/2980 
f 3006/1/2980 3007/1/2980 3008/1/2980 
f 3009/1/3036 3010/1/3036 3011/1/3036 
f 3011/1/3036 3012/1/3036 3013/1/3036 
f 3009/1/3036 3011/1/3036 3013/1/3036 
f 3013/1/3036 3014/1/3036 3015/1/3036 
f 3015/1/3036 3016/1/3036 3017/1/3036 
f 3013/1/3036 3015/1/3036 3017/1/3036 
f 3009/1/3036 3013/1/3036 3017/1/3036 
f 3017/1/3036 3018/1/3036 3019/1/3036 
f 3019/1/3036 3020/1/3036 3021/1/3036 
f 3017/1/3036 3019/1/3036 3021/1/3036 
f 3021/1/3036 3022/1/3036 3023/1/3036 
f 3023/1/3036 3024/1/3036 3025/1/3036 
f 3021/1/3036 3023/1/3036 3025/1/3036 
f 3017/1/3036 3021/1/3036 3025/1/3036 
f 3009/1/3036 3017/1/3036 3025/1/3036 
f 3025/1/3036 3026/1/3036 3027/1/3036 
f 3027/1/3036 3028/1/3036 3029/1/3036 
f 3025/1/3036 3027/1/3036 3029/1/3036 
f 3029/1/3036 3030/1/3036 3031/1/3036 
f 3031/1/3036 3032/1/3036 3033/1/3036 
f 3029/1/3036 3031/1/3036 3033/1/3036 
f 3025/1/3036 3029/1/3036 3033/1/3036 
f 3033/1/3036 3034/1/3036 3035/1/3036 
f 3035/1/3036 3036/1/3036 3037/1/3036 
f 3033/1/3036 3035/1/3036 3037/1/3036 
f 3037/1/3036 3038/1/3036 3039/1/3036 
f 3037/1/3036 3039/1/3036 3040/1/3036 
f 3033/1/3036 3037/1/3036 3040/1/3036 
f 3025/1/3036 3033/1/3036 3040/1/3036 
f 3009/1/3036 3025/1/3036 3040/1/3036 
f 3002/1/3079 3015/1/3079 3014/1/3079 
f 3014/1/3080 3003/1/3080 3002/1/3080 
f 2988/1/3081 3029/1/3081 3028/1/3081 
f 3028/1/3082 2989/1/3082 2988/1/3082 
f 3016/1/3083 3015/1/3083 3002/1/3083 
f 3002/1/3084 3001/1/3084 3016/1/3084 
f 2987/1/3085 3030/1/3085 3029/1/3085 
f 3029/1/3086 2988/1/3086 2987/1/3086 
f 3016/1/3087 3001/1/3087 3000/1/3087 
f 3000/1/3088 3017/1/3088 3016/1/3088 
f 2986/1/3089 3031/1/3089 3030/1/3089 
f 3030/1/3090 2987/1/3090 2986/1/3090 
f 3000/1/3091 2999/1/3091 3018/1/3091 
f 3018/1/3092 3017/1/3092 3000/1/3092 
f 2985/1/3093 3032/1/3093 3031/1/3093 
f 3031/1/3094 2986/1/3094 2985/1/3094 
f 2998/1/3095 3019/1/3095 3018/1/3095 
f 3018/1/3096 2999/1/3096 2998/1/3096 
f 2984/1/3097 3033/1/3097 3032/1/3097 
f 3032/1/3097 2985/1/3097 2984/1/3097 
f 2997/1/3098 3020/1/3098 3019/1/3098 
f 3019/1/3099 2998/1/3099 2997/1/3099 
f 2983/1/3100 3034/1/3100 3033/1/3100 
f 3033/1/3101 2984/1/3101 2983/1/3101 
f 2996/1/3102 3021/1/3102 3020/1/3102 
f 3020/1/3103 2997/1/3103 2996/1/3103 
f 2982/1/3104 3035/1/3104 3034/1/3104 
f 3034/1/3105 2983/1/3105 2982/1/3105 
f 2995/1/3106 3022/1/3106 3021/1/3106 
f 3021/1/3107 2996/1/3107 2995/1/3107 
f 3040/1/3108 2977/1/3108 3006/1/3108 
f 3006/1/3109 3009/1/3109 3040/1/3109 
f 2981/1/3110 3036/1/3110 3035/1/3110 
f 3035/1/3111 2982/1/3111 2981/1/3111 
f 2994/1/3112 3023/1/3112 3022/1/3112 
f 3022/1/3113 2995/1/3113 2994/1/3113 
f 3009/1/3114 3006/1/3114 3008/1/3114 
f 3008/1/3115 3010/1/3115 3009/1/3115 
f 2980/1/3116 3037/1/3116 3036/1/3116 
f 3036/1/3116 2981/1/3116 2980/1/3116 
f 2993/1/3117 3024/1/3117 3023/1/3117 
f 3023/1/3118 2994/1/3118 2993/1/3118 
f 3010/1/3119 3008/1/3119 3007/1/3119 
f 3007/1/3120 3011/1/3120 3010/1/3120 
f 2979/1/3121 3038/1/3121 3037/1/3121 
f 3037/1/3122 2980/1/3122 2979/1/3122 
f 2992/1/3123 3025/1/3123 3024/1/3123 
f 3024/1/3124 2993/1/3124 2992/1/3124 
f 3007/1/3125 3005/1/3125 3012/1/3125 
f 3012/1/3126 3011/1/3126 3007/1/3126 
f 2978/1/3127 3039/1/3127 3038/1/3127 
f 3038/1/3128 2979/1/3128 2978/1/3128 
f 2991/1/3129 3026/1/3129 3025/1/3129 
f 3025/1/3130 2992/1/3130 2991/1/3130 
f 3004/1/3131 3013/1/3131 3012/1/3131 
f 3012/1/3132 3005/1/3132 3004/1/3132 
f 2978/1/3133 2977/1/3133 3040/1/3133 
f 3040/1/3133 3039/1/3133 2978/1/3133 
f 2990/1/3134 3027/1/3134 3026/1/3134 
f 3026/1/3135 2991/1/3135 2990/1/3135 
f 3014/1/3136 3013/1/3136 3004/1/3136 
f 3004/1/3137 3003/1/3137 3014/1/3137 
f 2989/1/3138 3028/1/3138 3027/1/3138 
f 3027/1/3139 2990/1/3139 2989/1/3139 
f 3041/1/2980 3042/1/2980 3043/1/2980 
f 3043/1/2980 3044/1/2980 3045/1/2980 
f 3041/1/2980 3043/1/2980 3045/1/2980 
f 3045/1/2980 3046/1/2980 3047/1/2980 
f 3047/1/2980 3048/1/2980 3049/1/2980 
f 3045/1/2980 3047/1/2980 3049/1/2980 
f 3041/1/2980 3045/1/2980 3049/1/2980 
f 3049/1/2980 3050/1/2980 3051/1/2980 
f 3051/1/2980 3052/1/2980 3053/1/2980 
f 3049/1/2980 3051/1/2980 3053/1/2980 
f 3053/1/2980 3054/1/2980 3055/1/2980 
f 3055/1/2980 3056/1/2980 3057/1/2980 
f 3053/1/2980 3055/1/2980 3057/1/2980 
f 3049/1/2980 3053/1/2980 3057/1/2980 
f 3057/1/2980 3058/1/2980 3059/1/2980 
f 3059/1/2980 3060/1/2980 3061/1/2980 
f 3057/1/2980 3059/1/2980 3061/1/2980 
f 3061/1/2980 3062/1/2980 3063/1/2980 
f 3063/1/2980 3064/1/2980 3065/1/2980 
f 3061/1/2980 3063/1/2980 3065/1/2980 
f 3057/1/2980 3061/1/2980 3065/1/2980 
f 3049/1/2980 3057/1/2980 3065/1/2980 
f 3041/1/2980 3049/1/2980 3065/1/2980 
f 3066/1/2980 3067/1/2980 3068/1/2980 
f 3065/1/2980 3066/1/2980 3068/1/2980 
f 3065/1/2980 3068/1/2980 3069/1/2980 
f 3041/1/2980 3065/1/2980 3069/1/2980 
f 3070/1/2980 3041/1/2980 3069/1/2980 
f 3070/1/2980 3069/1/2980 3071/1/2980 
f 3070/1/2980 3071/1/2980 3072/1/2980 
f 3073/1/3140 3074/1/3140 3075/1/3140 
f 3075/1/3140 3076/1/3140 3073/1/3140 
f 3043/1/3141 3077/1/3141 3078/1/3141 
f 3078/1/3142 3044/1/3142 3043/1/3142 
f 3056/1/3143 3079/1/3143 3080/1/3143 
f 3080/1/3144 3057/1/3144 3056/1/3144 
f 3071/1/3145 3069/1/3145 3081/1/3145 
f 3081/1/3146 3082/1/3146 3071/1/3146 
f 3042/1/3147 3083/1/3147 3077/1/3147 
f 3077/1/3148 3043/1/3148 3042/1/3148 
f 3055/1/3149 3084/1/3149 3079/1/3149 
f 3079/1/3150 3056/1/3150 3055/1/3150 
f 3068/1/3151 3085/1/3151 3081/1/3151 
f 3081/1/3152 3069/1/3152 3068/1/3152 
f 3042/1/3153 3041/1/3153 3086/1/3153 
f 3086/1/3154 3083/1/3154 3042/1/3154 
f 3054/1/3155 3087/1/3155 3084/1/3155 
f 3084/1/3156 3055/1/3156 3054/1/3156 
f 3088/1/3157 3085/1/3157 3068/1/3157 
f 3068/1/3158 3067/1/3158 3088/1/3158 
f 3053/1/3159 3089/1/3159 3087/1/3159 
f 3087/1/3160 3054/1/3160 3053/1/3160 
f 3066/1/3161 3090/1/3161 3088/1/3161 
f 3088/1/3162 3067/1/3162 3066/1/3162 
f 3052/1/3163 3091/1/3163 3089/1/3163 
f 3089/1/3164 3053/1/3164 3052/1/3164 
f 3092/1/3165 3090/1/3165 3066/1/3165 
f 3066/1/3166 3065/1/3166 3092/1/3166 
f 3051/1/3167 3093/1/3167 3091/1/3167 
f 3091/1/3168 3052/1/3168 3051/1/3168 
f 3092/1/3169 3065/1/3169 3064/1/3169 
f 3064/1/3170 3094/1/3170 3092/1/3170 
f 3050/1/3171 3095/1/3171 3093/1/3171 
f 3093/1/3172 3051/1/3172 3050/1/3172 
f 3064/1/3173 3063/1/3173 3096/1/3173 
f 3096/1/3174 3094/1/3174 3064/1/3174 
f 3049/1/3175 3076/1/3175 3095/1/3175 
f 3095/1/3176 3050/1/3176 3049/1/3176 
f 3062/1/3177 3097/1/3177 3096/1/3177 
f 3096/1/3178 3063/1/3178 3062/1/3178 
f 3048/1/3179 3073/1/3179 3076/1/3179 
f 3076/1/3180 3049/1/3180 3048/1/3180 
f 3061/1/3181 3098/1/3181 3097/1/3181 
f 3097/1/3182 3062/1/3182 3061/1/3182 
f 3047/1/3183 3099/1/3183 3073/1/3183 
f 3073/1/3184 3048/1/3184 3047/1/3184 
f 3060/1/3185 3100/1/3185 3098/1/3185 
f 3098/1/3186 3061/1/3186 3060/1/3186 
f 3046/1/3187 3101/1/3187 3099/1/3187 
f 3099/1/3188 3047/1/3188 3046/1/3188 
f 3059/1/3189 3102/1/3189 3100/1/3189 
f 3100/1/3190 3060/1/3190 3059/1/3190 
f 3086/1/3191 3041/1/3191 3070/1/3191 
f 3070/1/3192 3103/1/3192 3086/1/3192 
f 3045/1/3193 3104/1/3193 3101/1/3193 
f 3101/1/3194 3046/1/3194 3045/1/3194 
f 3058/1/3195 3105/1/3195 3102/1/3195 
f 3102/1/3196 3059/1/3196 3058/1/3196 
f 3103/1/3197 3070/1/3197 3072/1/3197 
f 3072/1/3198 3106/1/3198 3103/1/3198 
f 3044/1/3199 3078/1/3199 3104/1/3199 
f 3104/1/3200 3045/1/3200 3044/1/3200 
f 3057/1/3201 3080/1/3201 3105/1/3201 
f 3105/1/3202 3058/1/3202 3057/1/3202 
f 3106/1/3203 3072/1/3203 3071/1/3203 
f 3071/1/3204 3082/1/3204 3106/1/3204 
f 3107/1/3036 3108/1/3036 3109/1/3036 
f 3109/1/3036 3110/1/3036 3111/1/3036 
f 3107/1/3036 3109/1/3036 3111/1/3036 
f 3111/1/3036 3112/1/3036 3113/1/3036 
f 3111/1/3036 3113/1/3036 3114/1/3036 
f 3107/1/3036 3111/1/3036 3114/1/3036 
f 3107/1/3036 3114/1/3036 3115/1/3036 
f 3115/1/3036 3116/1/3036 3117/1/3036 
f 3117/1/3036 3118/1/3036 3119/1/3036 
f 3115/1/3036 3117/1/3036 3119/1/3036 
f 3119/1/3036 3120/1/3036 3121/1/3036 
f 3121/1/3036 3122/1/3036 3123/1/3036 
f 3119/1/3036 3121/1/3036 3123/1/3036 
f 3115/1/3036 3119/1/3036 3123/1/3036 
f 3123/1/3036 3124/1/3036 3125/1/3036 
f 3125/1/3036 3126/1/3036 3127/1/3036 
f 3123/1/3036 3125/1/3036 3127/1/3036 
f 3127/1/3036 3128/1/3036 3129/1/3036 
f 3129/1/3036 3075/1/3036 3074/1/3036 
f 3127/1/3036 3129/1/3036 3074/1/3036 
f 3123/1/3036 3127/1/3036 3074/1/3036 
f 3115/1/3036 3123/1/3036 3074/1/3036 
f 3074/1/3036 3130/1/3036 3131/1/3036 
f 3131/1/3036 3132/1/3036 3133/1/3036 
f 3074/1/3036 3131/1/3036 3133/1/3036 
f 3133/1/3036 3134/1/3036 3135/1/3036 
f 3133/1/3036 3135/1/3036 3136/1/3036 
f 3074/1/3036 3133/1/3036 3136/1/3036 
f 3115/1/3036 3074/1/3036 3136/1/3036 
f 3107/1/3036 3115/1/3036 3136/1/3036 
f 3098/1/3205 3118/1/3205 3117/1/3205 
f 3117/1/3205 3097/1/3205 3098/1/3205 
f 3099/1/3063 3130/1/3063 3074/1/3063 
f 3074/1/3063 3073/1/3063 3099/1/3063 
f 3100/1/3206 3119/1/3206 3118/1/3206 
f 3118/1/3207 3098/1/3207 3100/1/3207 
f 3101/1/3208 3131/1/3208 3130/1/3208 
f 3130/1/3208 3099/1/3208 3101/1/3208 
f 3102/1/3209 3120/1/3209 3119/1/3209 
f 3119/1/3209 3100/1/3209 3102/1/3209 
f 3103/1/3210 3107/1/3210 3136/1/3210 
f 3136/1/3211 3086/1/3211 3103/1/3211 
f 3104/1/3069 3132/1/3069 3131/1/3069 
f 3131/1/3212 3101/1/3212 3104/1/3212 
f 3105/1/3070 3121/1/3070 3120/1/3070 
f 3120/1/3070 3102/1/3070 3105/1/3070 
f 3106/1/3071 3108/1/3071 3107/1/3071 
f 3107/1/3071 3103/1/3071 3106/1/3071 
f 3078/1/3213 3133/1/3213 3132/1/3213 
f 3132/1/3213 3104/1/3213 3078/1/3213 
f 3080/1/3214 3122/1/3214 3121/1/3214 
f 3121/1/3215 3105/1/3215 3080/1/3215 
f 3082/1/3216 3109/1/3216 3108/1/3216 
f 3108/1/3216 3106/1/3216 3082/1/3216 
f 3077/1/3217 3134/1/3217 3133/1/3217 
f 3133/1/3217 3078/1/3217 3077/1/3217 
f 3079/1/3078 3123/1/3078 3122/1/3078 
f 3122/1/3218 3080/1/3218 3079/1/3218 
f 3081/1/3219 3110/1/3219 3109/1/3219 
f 3109/1/3220 3082/1/3220 3081/1/3220 
f 3083/1/3038 3135/1/3038 3134/1/3038 
f 3134/1/3038 3077/1/3038 3083/1/3038 
f 3084/1/3040 3124/1/3040 3123/1/3040 
f 3123/1/3040 3079/1/3040 3084/1/3040 
f 3085/1/3221 3111/1/3221 3110/1/3221 
f 3110/1/3221 3081/1/3221 3085/1/3221 
f 3083/1/3222 3086/1/3222 3136/1/3222 
f 3136/1/3042 3135/1/3042 3083/1/3042 
f 3087/1/3223 3125/1/3223 3124/1/3223 
f 3124/1/3223 3084/1/3223 3087/1/3223 
f 3088/1/3224 3112/1/3224 3111/1/3224 
f 3111/1/3224 3085/1/3224 3088/1/3224 
f 3089/1/3225 3126/1/3225 3125/1/3225 
f 3125/1/3225 3087/1/3225 3089/1/3225 
f 3090/1/3226 3113/1/3226 3112/1/3226 
f 3112/1/3226 3088/1/3226 3090/1/3226 
f 3091/1/3227 3127/1/3227 3126/1/3227 
f 3126/1/3227 3089/1/3227 3091/1/3227 
f 3092/1/3228 3114/1/3228 3113/1/3228 
f 3113/1/3228 3090/1/3228 3092/1/3228 
f 3093/1/3051 3128/1/3051 3127/1/3051 
f 3127/1/3051 3091/1/3051 3093/1/3051 
f 3094/1/3053 3115/1/3053 3114/1/3053 
f 3114/1/3053 3092/1/3053 3094/1/3053 
f 3095/1/3055 3129/1/3055 3128/1/3055 
f 3128/1/3055 3093/1/3055 3095/1/3055 
f 3096/1/3057 3116/1/3057 3115/1/3057 
f 3115/1/3057 3094/1/3057 3096/1/3057 
f 3076/1/3059 3075/1/3059 3129/1/3059 
f 3129/1/3059 3095/1/3059 3076/1/3059 
f 3097/1/3229 3117/1/3229 3116/1/3229 
f 3116/1/3229 3096/1/3229 3097/1/3229 
f 3137/2/3230 3138/3/3230 3139/4/3230 
f 3139/4/3230 3140/5/3230 3137/2/3230 
f 3138/3/3231 3141/6/3231 3142/7/3231 
f 3142/7/3231 3139/4/3231 3138/3/3231 
f 3141/6/3232 3143/8/3232 3144/9/3232 
f 3144/9/3232 3142/7/3232 3141/6/3232 
f 3143/8/3233 3145/10/3233 3146/11/3233 
f 3146/11/3233 3144/9/3233 3143/8/3233 
f 3147/12/3234 3148/13/3234 3146/11/3234 
f 3146/11/3234 3145/10/3234 3147/12/3234 
f 3149/14/3235 3148/13/3235 3147/12/3235 
f 3147/12/3235 3150/15/3235 3149/14/3235 
f 3151/16/3236 3149/14/3236 3150/15/3236 
f 3150/15/3236 3152/17/3236 3151/16/3236 
f 3153/18/3237 3154/19/3237 3151/16/3237 
f 3151/16/3238 3152/17/3238 3153/18/3238 
f 3155/20/3239 3154/19/3239 3153/18/3239 
f 3153/18/3239 3156/21/3239 3155/20/3239 
f 3157/22/3240 3155/20/3240 3156/21/3240 
f 3156/21/3240 3158/23/3240 3157/22/3240 
f 3159/24/3241 3157/22/3241 3158/23/3241 
f 3158/23/3241 3160/25/3241 3159/24/3241 
f 3161/26/3242 3162/27/3242 3159/24/3242 
f 3159/24/3242 3160/25/3242 3161/26/3242 
f 3163/28/3243 3162/27/3243 3161/26/3243 
f 3161/26/3243 3164/29/3243 3163/28/3243 
f 3165/30/3244 3163/28/3244 3164/29/3244 
f 3164/29/3244 3166/31/3244 3165/30/3244 
f 3167/32/3245 3165/30/3245 3166/31/3245 
f 3166/31/3245 3168/33/3245 3167/32/3245 
f 3169/34/3246 3167/32/3246 3168/33/3246 
f 3168/33/3246 3170/35/3246 3169/34/3246 
f 3171/36/3247 3169/34/3247 3170/35/3247 
f 3170/35/3247 3172/37/3247 3171/36/3247 
f 3173/38/3248 3171/36/3248 3172/37/3248 
f 3172/37/3248 3174/39/3248 3173/38/3248 
f 3175/40/3249 3173/38/3249 3174/39/3249 
f 3174/39/3249 3176/41/3249 3175/40/3249 
f 3177/42/3250 3178/43/3250 3175/40/3250 
f 3175/40/3250 3176/41/3250 3177/42/3250 
f 3177/42/3251 3179/44/3251 3180/45/3251 
f 3180/45/3251 3178/43/3251 3177/42/3251 
f 3181/46/3252 3180/45/3252 3179/44/3252 
f 3179/44/3252 3182/47/3252 3181/46/3252 
f 3183/48/3253 3181/46/3253 3182/47/3253 
f 3182/47/3253 3184/49/3253 3183/48/3253 
f 3185/50/3254 3186/51/3254 3183/48/3254 
f 3183/48/3254 3184/49/3254 3185/50/3254 
f 3187/52/3255 3188/53/3255 3186/51/3255 
f 3186/51/3255 3185/50/3255 3187/52/3255 
f 3189/54/3256 3188/53/3256 3187/52/3256 
f 3187/52/3256 3190/55/3256 3189/54/3256 
f 3191/56/3257 3192/57/3257 3189/54/3257 
f 3189/54/3257 3190/55/3257 3191/56/3257 
f 3193/58/3258 3192/57/3258 3191/56/3258 
f 3191/56/3258 3194/59/3258 3193/58/3258 
f 3195/60/3259 3193/58/3259 3194/59/3259 
f 3194/59/3260 3196/61/3260 3195/60/3260 
f 3197/62/3261 3198/63/3261 3195/60/3261 
f 3195/60/3261 3196/61/3261 3197/62/3261 
f 3153/18/3262 3199/18/3262 3200/21/3262 
f 3200/21/3262 3156/21/3262 3153/18/3262 
f 3201/64/3263 3202/65/3263 3198/63/3263 
f 3198/63/3263 3197/62/3263 3201/64/3263 
f 3202/65/3264 3201/64/3264 3137/66/3264 
f 3137/66/3265 3140/67/3265 3202/65/3265 
f 3139/68/2980 3142/69/2980 3144/70/2980 
f 3139/68/2980 3144/70/2980 3146/71/2980 
f 3146/71/2980 3148/72/2980 3149/73/2980 
f 3149/73/2980 3151/74/2980 3154/75/2980 
f 3154/75/2980 3155/76/2980 3157/77/2980 
f 3149/73/2980 3154/75/2980 3157/77/2980 
f 3146/71/2980 3149/73/2980 3157/77/2980 
f 3157/77/2980 3159/78/2980 3162/79/2980 
f 3162/79/2980 3163/80/2980 3165/81/2980 
f 3157/77/2980 3162/79/2980 3165/81/2980 
f 3165/81/2980 3167/82/2980 3169/83/2980 
f 3169/83/2980 3171/84/2980 3173/85/2980 
f 3165/81/2980 3169/83/2980 3173/85/2980 
f 3173/85/2980 3175/86/2980 3178/87/2980 
f 3178/87/2980 3180/88/2980 3181/89/2980 
f 3173/85/2980 3178/87/2980 3181/89/2980 
f 3181/89/2980 3183/90/2980 3186/91/2980 
f 3186/91/2980 3188/92/2980 3189/93/2980 
f 3181/89/2980 3186/91/2980 3189/93/2980 
f 3173/85/2980 3181/89/2980 3189/93/2980 
f 3165/81/2980 3173/85/2980 3189/93/2980 
f 3157/77/2980 3165/81/2980 3189/93/2980 
f 3146/71/2980 3157/77/2980 3189/93/2980 
f 3189/93/2980 3192/94/2980 3193/95/2980 
f 3193/95/2980 3195/96/2980 3198/97/2980 
f 3189/93/2980 3193/95/2980 3198/97/2980 
f 3146/71/2980 3189/93/2980 3198/97/2980 
f 3139/68/2980 3146/71/2980 3198/97/2980 
f 3140/98/2980 3139/68/2980 3198/97/2980 
f 3140/98/2980 3198/97/2980 3202/99/2980 
f 3203/8/3266 3204/8/3266 3205/10/3266 
f 3205/10/3266 3206/10/3266 3203/8/3266 
f 3207/39/3267 3174/39/3267 3172/37/3267 
f 3172/37/3268 3208/37/3269 3207/39/3267 
f 3209/56/3270 3191/56/3270 3190/55/3270 
f 3190/55/3270 3210/55/3270 3209/56/3270 
f 3211/12/3271 3147/12/3271 3145/10/3271 
f 3145/10/3271 3206/10/3271 3211/12/3271 
f 3212/31/3272 3166/31/3272 3164/29/3272 
f 3164/29/3272 3213/29/3272 3212/31/3272 
f 3214/49/3273 3184/49/3273 3182/47/3273 
f 3182/47/3273 3215/47/3273 3214/49/3273 
f 3138/3/3274 3137/2/3274 3216/2/3274 
f 3216/2/3274 3217/3/3274 3138/3/3274 
f 3201/64/3275 3218/64/3275 3216/66/3275 
f 3216/66/3275 3137/66/3275 3201/64/3275 
f 3219/23/3276 3158/23/3276 3156/21/3276 
f 3156/21/3276 3200/21/3276 3219/23/3276 
f 3220/41/3277 3176/41/3277 3174/39/3277 
f 3174/39/3277 3207/39/3277 3220/41/3277 
f 3209/56/3278 3221/59/3278 3194/59/3278 
f 3194/59/3278 3191/56/3278 3209/56/3278 
f 3222/15/3279 3150/15/3279 3147/12/3279 
f 3147/12/3279 3211/12/3279 3222/15/3279 
f 3223/33/3280 3168/33/3280 3166/31/3280 
f 3166/31/3280 3212/31/3280 3223/33/3280 
f 3224/50/3281 3185/50/3281 3184/49/3281 
f 3184/49/3281 3214/49/3281 3224/50/3281 
f 3217/3/3282 3225/6/3282 3141/6/3282 
f 3141/6/3282 3138/3/3282 3217/3/3282 
f 3226/25/3283 3160/25/3283 3158/23/3283 
f 3158/23/3283 3219/23/3283 3226/25/3283 
f 3220/41/3284 3227/42/3285 3177/42/3284 
f 3177/42/3284 3176/41/3285 3220/41/3284 
f 3196/61/3286 3194/59/3286 3221/59/3286 
f 3221/59/3286 3228/61/3286 3196/61/3286 
f 3229/17/3287 3152/17/3287 3150/15/3287 
f 3150/15/3287 3222/15/3287 3229/17/3287 
f 3230/35/3288 3170/35/3288 3168/33/3288 
f 3168/33/3288 3223/33/3288 3230/35/3288 
f 3231/52/3289 3187/52/3289 3185/50/3289 
f 3185/50/3289 3224/50/3289 3231/52/3289 
f 3203/8/3290 3143/8/3290 3141/6/3290 
f 3141/6/3290 3225/6/3290 3203/8/3290 
f 3232/26/3291 3161/26/3291 3160/25/3291 
f 3160/25/3291 3226/25/3291 3232/26/3291 
f 3233/44/3292 3179/44/3292 3177/42/3292 
f 3177/42/3292 3227/42/3292 3233/44/3292 
f 3197/62/3293 3196/61/3293 3228/61/3293 
f 3228/61/3294 3234/62/3293 3197/62/3293 
f 3152/17/3295 3229/17/3295 3199/18/3295 
f 3199/18/3295 3153/18/3295 3152/17/3295 
f 3208/37/3296 3172/37/3296 3170/35/3296 
f 3170/35/3296 3230/35/3296 3208/37/3296 
f 3210/55/3297 3190/55/3297 3187/52/3297 
f 3187/52/3297 3231/52/3297 3210/55/3297 
f 3145/10/3298 3143/8/3298 3203/8/3299 
f 3203/8/3298 3206/10/3298 3145/10/3298 
f 3213/29/3300 3164/29/3300 3161/26/3300 
f 3161/26/3300 3232/26/3300 3213/29/3300 
f 3215/47/3301 3182/47/3301 3179/44/3301 
f 3179/44/3301 3233/44/3301 3215/47/3301 
f 3201/64/3302 3197/62/3302 3234/62/3302 
f 3234/62/3302 3218/64/3302 3201/64/3302 
f 3235/100/3303 3236/101/3303 3237/102/3303 
f 3237/102/3303 3238/103/3303 3239/104/3303 
f 3235/100/3303 3237/102/3303 3239/104/3303 
f 3239/104/3303 3240/105/3303 3241/106/3303 
f 3241/106/3303 3242/107/3303 3243/108/3303 
f 3239/104/3303 3241/106/3303 3243/108/3303 
f 3243/108/3303 3244/109/3303 3245/110/3303 
f 3245/110/3303 3246/111/3303 3247/112/3303 
f 3243/108/3303 3245/110/3303 3247/112/3303 
f 3239/104/3303 3243/108/3303 3247/112/3303 
f 3247/112/3303 3248/113/3303 3249/114/3303 
f 3249/114/3303 3250/115/3303 3251/116/3303 
f 3247/112/3303 3249/114/3303 3251/116/3303 
f 3251/116/3303 3252/117/3303 3253/118/3303 
f 3253/118/3303 3254/119/3303 3255/120/3303 
f 3251/116/3303 3253/118/3303 3255/120/3303 
f 3247/112/3303 3251/116/3303 3255/120/3303 
f 3239/104/3303 3247/112/3303 3255/120/3303 
f 3255/120/3303 3256/121/3303 3257/122/3303 
f 3257/122/3303 3258/123/3303 3259/124/3303 
f 3255/120/3303 3257/122/3303 3259/124/3303 
f 3255/120/3303 3259/124/3303 3260/125/3303 
f 3239/104/3303 3255/120/3303 3260/125/3303 
f 3260/125/3303 3261/126/3303 3262/127/3303 
f 3262/127/3303 3263/128/3303 3205/129/3303 
f 3260/125/3303 3262/127/3303 3205/129/3303 
f 3239/104/3303 3260/125/3303 3205/129/3303 
f 3235/100/3303 3239/104/3303 3205/129/3303 
f 3235/100/3303 3205/129/3303 3204/130/3303 
f 3235/100/3303 3204/130/3303 3264/131/3303 
f 3234/62/3304 3238/62/3305 3237/64/3306 
f 3237/64/3305 3218/64/3305 3234/62/3305 
f 3208/37/3307 3251/37/3308 3250/39/3307 
f 3250/39/3307 3207/39/3307 3208/37/3307 
f 3206/10/3309 3205/10/3309 3263/12/3309 
f 3263/12/3309 3211/12/3309 3206/10/3309 
f 3218/64/3310 3237/64/3311 3236/66/3312 
f 3236/66/3310 3216/66/3310 3218/64/3310 
f 3207/39/3313 3250/39/3313 3249/41/3313 
f 3249/41/3313 3220/41/3313 3207/39/3313 
f 3211/12/3314 3263/12/3314 3262/15/3314 
f 3262/15/3314 3222/15/3314 3211/12/3314 
f 3220/41/3315 3249/41/3315 3248/42/3315 
f 3248/42/3315 3227/42/3315 3220/41/3315 
f 3222/15/3316 3262/15/3316 3261/17/3316 
f 3261/17/3316 3229/17/3316 3222/15/3316 
f 3227/42/3317 3248/42/3317 3247/44/3317 
f 3247/44/3317 3233/44/3317 3227/42/3317 
f 3199/18/3318 3229/17/3318 3261/17/3318 
f 3261/17/3318 3260/18/3318 3199/18/3318 
f 3233/44/3319 3247/44/3319 3246/47/3319 
f 3246/47/3319 3215/47/3319 3233/44/3319 
f 3199/18/3320 3260/18/3320 3259/21/3320 
f 3259/21/3320 3200/21/3320 3199/18/3320 
f 3215/47/3321 3246/47/3321 3245/49/3321 
f 3245/49/3321 3214/49/3321 3215/47/3321 
f 3200/21/3322 3259/21/3322 3258/23/3322 
f 3258/23/3322 3219/23/3322 3200/21/3322 
f 3214/49/3323 3245/49/3323 3244/50/3323 
f 3244/50/3323 3224/50/3323 3214/49/3323 
f 3219/23/3324 3258/23/3324 3257/25/3324 
f 3257/25/3324 3226/25/3324 3219/23/3324 
f 3224/50/3325 3244/50/3325 3243/52/3325 
f 3243/52/3325 3231/52/3325 3224/50/3325 
f 3226/25/3326 3257/25/3326 3256/26/3326 
f 3256/26/3326 3232/26/3326 3226/25/3326 
f 3231/52/3327 3243/52/3327 3242/55/3327 
f 3242/55/3327 3210/55/3327 3231/52/3327 
f 3232/26/3328 3256/26/3328 3255/29/3328 
f 3255/29/3328 3213/29/3328 3232/26/3328 
f 3210/55/3329 3242/55/3329 3241/56/3329 
f 3241/56/3329 3209/56/3329 3210/55/3329 
f 3213/29/3330 3255/29/3330 3254/31/3330 
f 3254/31/3330 3212/31/3330 3213/29/3330 
f 3216/2/3331 3236/2/3331 3235/3/3331 
f 3235/3/3331 3217/3/3331 3216/2/3331 
f 3209/56/3332 3241/56/3332 3240/59/3332 
f 3240/59/3332 3221/59/3332 3209/56/3332 
f 3212/31/3333 3254/31/3333 3253/33/3333 
f 3253/33/3333 3223/33/3333 3212/31/3333 
f 3217/3/3334 3235/3/3334 3264/6/3334 
f 3264/6/3334 3225/6/3334 3217/3/3334 
f 3221/59/3335 3240/59/3335 3239/61/3335 
f 3239/61/3335 3228/61/3335 3221/59/3335 
f 3223/33/3336 3253/33/3336 3252/35/3336 
f 3252/35/3336 3230/35/3336 3223/33/3336 
f 3225/6/3337 3264/6/3337 3204/8/3337 
f 3204/8/3337 3203/8/3337 3225/6/3337 
f 3228/61/3338 3239/61/3338 3238/62/3338 
f 3238/62/3338 3234/62/3338 3228/61/3338 
f 3230/35/3339 3252/35/3339 3251/37/3339 
f 3251/37/3339 3208/37/3339 3230/35/3339 
f 3265/3/3340 3266/4/3340 3267/5/3340 
f 3267/5/3340 3268/2/3340 3265/3/3340 
f 3269/7/3341 3266/4/3341 3265/3/3341 
f 3265/3/3341 3270/6/3341 3269/7/3341 
f 3271/8/3342 3272/9/3342 3269/7/3342 
f 3269/7/3342 3270/6/3342 3271/8/3342 
f 3273/11/3343 3272/9/3343 3271/8/3343 
f 3271/8/3343 3274/10/3343 3273/11/3343 
f 3275/12/3344 3276/13/3344 3273/11/3344 
f 3273/11/3344 3274/10/3344 3275/12/3344 
f 3277/14/3345 3276/13/3345 3275/12/3345 
f 3275/12/3345 3278/15/3345 3277/14/3345 
f 3279/16/3346 3277/14/3346 3278/15/3346 
f 3278/15/3347 3280/17/3347 3279/16/3347 
f 3281/18/3348 3282/19/3348 3279/16/3348 
f 3279/16/3348 3280/17/3348 3281/18/3348 
f 3283/20/3349 3282/19/3349 3281/18/3349 
f 3281/18/3349 3284/21/3349 3283/20/3349 
f 3285/23/3350 3286/22/3350 3283/20/3350 
f 3283/20/3350 3284/21/3350 3285/23/3350 
f 3287/25/3351 3288/24/3351 3286/22/3351 
f 3286/22/3351 3285/23/3351 3287/25/3351 
f 3289/27/3352 3288/24/3352 3287/25/3352 
f 3287/25/3352 3290/26/3352 3289/27/3352 
f 3291/29/3353 3292/28/3353 3289/27/3353 
f 3289/27/3353 3290/26/3353 3291/29/3353 
f 3293/31/3354 3294/30/3354 3292/28/3354 
f 3292/28/3354 3291/29/3354 3293/31/3354 
f 3295/32/3355 3294/30/3355 3293/31/3355 
f 3293/31/3355 3296/33/3355 3295/32/3355 
f 3296/33/3356 3297/35/3356 3298/34/3356 
f 3298/34/3356 3295/32/3356 3296/33/3356 
f 3299/37/3357 3300/36/3357 3298/34/3357 
f 3298/34/3357 3297/35/3357 3299/37/3357 
f 3301/38/3358 3300/36/3358 3299/37/3358 
f 3299/37/3358 3302/39/3358 3301/38/3358 
f 3303/40/3359 3301/38/3359 3302/39/3359 
f 3302/39/3359 3304/41/3359 3303/40/3359 
f 3305/42/3360 3306/43/3360 3303/40/3360 
f 3303/40/3360 3304/41/3360 3305/42/3360 
f 3307/45/3361 3306/43/3361 3305/42/3361 
f 3305/42/3361 3308/44/3361 3307/45/3361 
f 3309/47/3362 3310/46/3362 3307/45/3362 
f 3307/45/3362 3308/44/3362 3309/47/3362 
f 3311/49/3363 3312/48/3363 3310/46/3363 
f 3310/46/3363 3309/47/3363 3311/49/3363 
f 3313/51/3364 3312/48/3364 3311/49/3364 
f 3311/49/3364 3314/50/3364 3313/51/3364 
f 3315/53/3365 3313/51/3365 3314/50/3365 
f 3314/50/3365 3316/52/3365 3315/53/3365 
f 3317/55/3366 3318/54/3366 3315/53/3366 
f 3315/53/3366 3316/52/3366 3317/55/3366 
f 3319/57/3367 3318/54/3367 3317/55/3367 
f 3317/55/3367 3320/56/3367 3319/57/3367 
f 3321/59/3368 3322/58/3368 3319/57/3368 
f 3319/57/3368 3320/56/3368 3321/59/3368 
f 3323/61/3369 3324/60/3369 3322/58/3369 
f 3322/58/3369 3321/59/3369 3323/61/3369 
f 3325/63/3370 3324/60/3370 3323/61/3370 
f 3323/61/3370 3326/62/3370 3325/63/3370 
f 3327/21/3371 3284/21/3371 3281/18/3371 
f 3281/18/3371 3328/18/3371 3327/21/3371 
f 3329/64/3372 3330/65/3372 3325/63/3372 
f 3325/63/3372 3326/62/3372 3329/64/3372 
f 3329/64/3373 3268/66/3373 3267/67/3373 
f 3267/67/3374 3330/65/3374 3329/64/3374 
f 3267/98/2980 3266/68/2980 3269/69/2980 
f 3269/69/2980 3272/70/2980 3273/71/2980 
f 3267/98/2980 3269/69/2980 3273/71/2980 
f 3276/72/2980 3277/73/2980 3279/74/2980 
f 3273/71/2980 3276/72/2980 3279/74/2980 
f 3273/71/2980 3279/74/2980 3282/75/2980 
f 3282/75/2980 3283/76/2980 3286/77/2980 
f 3273/71/2980 3282/75/2980 3286/77/2980 
f 3273/71/2980 3286/77/2980 3288/78/2980 
f 3288/78/2980 3289/79/2980 3292/80/2980 
f 3273/71/2980 3288/78/2980 3292/80/2980 
f 3273/71/2980 3292/80/2980 3294/81/2980 
f 3294/81/2980 3295/82/2980 3298/83/2980 
f 3273/71/2980 3294/81/2980 3298/83/2980 
f 3273/71/2980 3298/83/2980 3300/84/2980 
f 3300/84/2980 3301/85/2980 3303/86/2980 
f 3273/71/2980 3300/84/2980 3303/86/2980 
f 3273/71/2980 3303/86/2980 3306/87/2980 
f 3306/87/2980 3307/88/2980 3310/89/2980 
f 3273/71/2980 3306/87/2980 3310/89/2980 
f 3273/71/2980 3310/89/2980 3312/90/2980 
f 3312/90/2980 3313/91/2980 3315/92/2980 
f 3273/71/2980 3312/90/2980 3315/92/2980 
f 3273/71/2980 3315/92/2980 3318/93/2980 
f 3318/93/2980 3319/94/2980 3322/95/2980 
f 3273/71/2980 3318/93/2980 3322/95/2980 
f 3273/71/2980 3322/95/2980 3324/96/2980 
f 3267/98/2980 3273/71/2980 3324/96/2980 
f 3267/98/2980 3324/96/2980 3325/97/2980 
f 3267/98/2980 3325/97/2980 3330/99/2980 
f 3331/10/3375 3332/8/3375 3333/8/3375 
f 3333/8/3375 3334/10/3375 3331/10/3375 
f 3335/39/3376 3302/39/3376 3299/37/3376 
f 3299/37/3376 3336/37/3376 3335/39/3376 
f 3337/56/3377 3320/56/3377 3317/55/3377 
f 3317/55/3377 3338/55/3377 3337/56/3377 
f 3274/10/3378 3331/10/3378 3339/12/3378 
f 3339/12/3378 3275/12/3378 3274/10/3378 
f 3291/29/3379 3340/29/3379 3341/31/3379 
f 3341/31/3379 3293/31/3379 3291/29/3379 
f 3311/49/3380 3309/47/3380 3342/47/3380 
f 3342/47/3380 3343/49/3380 3311/49/3380 
f 3268/2/3381 3344/2/3381 3345/3/3381 
f 3345/3/3381 3265/3/3381 3268/2/3381 
f 3268/66/3382 3329/64/3382 3346/64/3382 
f 3346/64/3382 3344/66/3382 3268/66/3382 
f 3327/21/3383 3347/23/3383 3285/23/3383 
f 3285/23/3383 3284/21/3383 3327/21/3383 
f 3335/39/3384 3348/41/3384 3304/41/3384 
f 3304/41/3384 3302/39/3384 3335/39/3384 
f 3337/56/3385 3349/59/3385 3321/59/3385 
f 3321/59/3385 3320/56/3385 3337/56/3385 
f 3350/15/3386 3278/15/3386 3275/12/3386 
f 3275/12/3386 3339/12/3386 3350/15/3386 
f 3351/33/3387 3296/33/3387 3293/31/3387 
f 3293/31/3387 3341/31/3387 3351/33/3387 
f 3352/50/3388 3314/50/3388 3311/49/3388 
f 3311/49/3388 3343/49/3388 3352/50/3388 
f 3353/6/3389 3270/6/3389 3265/3/3389 
f 3265/3/3389 3345/3/3389 3353/6/3389 
f 3285/23/3390 3347/23/3390 3354/25/3390 
f 3354/25/3390 3287/25/3390 3285/23/3390 
f 3305/42/3391 3304/41/3391 3348/41/3391 
f 3348/41/3391 3355/42/3391 3305/42/3391 
f 3323/61/3392 3321/59/3392 3349/59/3392 
f 3349/59/3392 3356/61/3392 3323/61/3393 
f 3350/15/3394 3357/17/3394 3280/17/3394 
f 3280/17/3395 3278/15/3395 3350/15/3395 
f 3351/33/3396 3358/35/3396 3297/35/3396 
f 3297/35/3396 3296/33/3396 3351/33/3396 
f 3352/50/3397 3359/52/3397 3316/52/3397 
f 3316/52/3397 3314/50/3397 3352/50/3397 
f 3270/6/3398 3353/6/3398 3332/8/3398 
f 3332/8/3398 3271/8/3398 3270/6/3398 
f 3360/26/3399 3290/26/3399 3287/25/3399 
f 3287/25/3399 3354/25/3399 3360/26/3399 
f 3361/44/3400 3308/44/3400 3305/42/3400 
f 3305/42/3400 3355/42/3400 3361/44/3400 
f 3362/62/3401 3326/62/3401 3323/61/3401 
f 3323/61/3401 3356/61/3401 3362/62/3401 
f 3280/17/3402 3357/17/3402 3328/18/3402 
f 3328/18/3403 3281/18/3403 3280/17/3403 
f 3297/35/3404 3358/35/3404 3336/37/3404 
f 3336/37/3404 3299/37/3404 3297/35/3404 
f 3317/55/3405 3316/52/3405 3359/52/3405 
f 3359/52/3405 3338/55/3405 3317/55/3405 
f 3331/10/3406 3274/10/3406 3271/8/3406 
f 3271/8/3406 3332/8/3406 3331/10/3406 
f 3360/26/3407 3340/29/3407 3291/29/3407 
f 3291/29/3407 3290/26/3407 3360/26/3407 
f 3361/44/3408 3342/47/3408 3309/47/3408 
f 3309/47/3408 3308/44/3408 3361/44/3408 
f 3362/62/3409 3346/64/3409 3329/64/3409 
f 3329/64/3409 3326/62/3409 3362/62/3409 
f 3363/102/3410 3364/103/3410 3365/104/3410 
f 3363/102/3410 3365/104/3410 3366/105/3410 
f 3366/105/3410 3367/106/3410 3368/107/3410 
f 3363/102/3410 3366/105/3410 3368/107/3410 
f 3363/102/3410 3368/107/3410 3369/108/3410 
f 3369/108/3410 3370/109/3410 3371/110/3410 
f 3363/102/3410 3369/108/3410 3371/110/3410 
f 3363/102/3410 3371/110/3410 3372/111/3410 
f 3372/111/3410 3373/112/3410 3374/113/3410 
f 3363/102/3410 3372/111/3410 3374/113/3410 
f 3363/102/3410 3374/113/3410 3375/114/3410 
f 3375/114/3410 3376/115/3410 3377/116/3410 
f 3363/102/3410 3375/114/3410 3377/116/3410 
f 3363/102/3410 3377/116/3410 3378/117/3410 
f 3378/117/3410 3379/118/3410 3380/119/3410 
f 3363/102/3410 3378/117/3410 3380/119/3410 
f 3363/102/3410 3380/119/3410 3381/120/3410 
f 3381/120/3410 3382/121/3410 3383/122/3410 
f 3363/102/3411 3381/120/3411 3383/122/3411 
f 3363/102/3410 3383/122/3410 3384/123/3410 
f 3384/123/3410 3385/124/3410 3386/125/3410 
f 3363/102/3410 3384/123/3410 3386/125/3410 
f 3386/125/3410 3387/126/3410 3388/127/3410 
f 3386/125/3410 3388/127/3410 3389/128/3410 
f 3363/102/3410 3386/125/3410 3389/128/3410 
f 3363/102/3410 3389/128/3410 3334/129/3410 
f 3334/129/3410 3333/130/3410 3390/131/3410 
f 3363/102/3410 3334/129/3410 3390/131/3410 
f 3391/101/3410 3363/102/3410 3390/131/3410 
f 3392/100/3410 3391/101/3410 3390/131/3410 
f 3346/64/3412 3362/62/3412 3364/62/3412 
f 3364/62/3412 3363/64/3412 3346/64/3413 
f 3377/37/3414 3376/39/3415 3335/39/3416 
f 3335/39/3417 3336/37/3417 3377/37/3417 
f 3339/12/3418 3331/10/3418 3334/10/3418 
f 3334/10/3418 3389/12/3418 3339/12/3418 
f 3344/66/3419 3346/64/3419 3363/64/3419 
f 3363/64/3419 3391/66/3419 3344/66/3419 
f 3348/41/3420 3335/39/3420 3376/39/3420 
f 3376/39/3420 3375/41/3420 3348/41/3420 
f 3388/15/3421 3350/15/3421 3339/12/3421 
f 3339/12/3421 3389/12/3421 3388/15/3421 
f 3355/42/3422 3348/41/3422 3375/41/3422 
f 3375/41/3422 3374/42/3422 3355/42/3422 
f 3357/17/3423 3350/15/3423 3388/15/3423 
f 3388/15/3423 3387/17/3423 3357/17/3423 
f 3374/42/3424 3373/44/3424 3361/44/3424 
f 3361/44/3424 3355/42/3424 3374/42/3424 
f 3328/18/3425 3357/17/3425 3387/17/3425 
f 3387/17/3426 3386/18/3426 3328/18/3426 
f 3342/47/3427 3361/44/3427 3373/44/3427 
f 3373/44/3427 3372/47/3427 3342/47/3427 
f 3386/18/3428 3385/21/3428 3327/21/3428 
f 3327/21/3428 3328/18/3428 3386/18/3428 
f 3343/49/3429 3342/47/3429 3372/47/3429 
f 3372/47/3429 3371/49/3429 3343/49/3429 
f 3347/23/3430 3327/21/3430 3385/21/3430 
f 3385/21/3430 3384/23/3430 3347/23/3430 
f 3371/49/3431 3370/50/3431 3352/50/3431 
f 3352/50/3431 3343/49/3431 3371/49/3431 
f 3354/25/3432 3347/23/3432 3384/23/3432 
f 3384/23/3432 3383/25/3432 3354/25/3432 
f 3359/52/3433 3352/50/3433 3370/50/3433 
f 3370/50/3433 3369/52/3433 3359/52/3433 
f 3383/25/3434 3382/26/3434 3360/26/3434 
f 3360/26/3434 3354/25/3434 3383/25/3434 
f 3338/55/3435 3359/52/3435 3369/52/3435 
f 3369/52/3435 3368/55/3435 3338/55/3435 
f 3340/29/3436 3360/26/3436 3382/26/3436 
f 3382/26/3436 3381/29/3436 3340/29/3436 
f 3368/55/3437 3367/56/3437 3337/56/3437 
f 3337/56/3437 3338/55/3437 3368/55/3437 
f 3341/31/3438 3340/29/3438 3381/29/3438 
f 3381/29/3438 3380/31/3438 3341/31/3438 
f 3344/2/3439 3391/2/3439 3392/3/3439 
f 3392/3/3439 3345/3/3439 3344/2/3439 
f 3349/59/3440 3337/56/3440 3367/56/3440 
f 3367/56/3440 3366/59/3440 3349/59/3440 
f 3380/31/3441 3379/33/3442 3351/33/3442 
f 3351/33/3442 3341/31/3442 3380/31/3441 
f 3390/6/3443 3353/6/3443 3345/3/3443 
f 3345/3/3443 3392/3/3443 3390/6/3443 
f 3356/61/3444 3349/59/3444 3366/59/3444 
f 3366/59/3444 3365/61/3444 3356/61/3444 
f 3358/35/3445 3351/33/3445 3379/33/3445 
f 3379/33/3445 3378/35/3445 3358/35/3445 
f 3333/8/3446 3332/8/3446 3353/6/3446 
f 3353/6/3446 3390/6/3446 3333/8/3446 
f 3365/61/3447 3364/62/3447 3362/62/3447 
f 3362/62/3447 3356/61/3447 3365/61/3447 
f 3336/37/3448 3358/35/3448 3378/35/3448 
f 3378/35/3449 3377/37/3449 3336/37/3450 
f 3393/3/3451 3394/4/3451 3395/5/3451 
f 3395/5/3451 3396/2/3451 3393/3/3451 
f 3397/7/3452 3394/4/3452 3393/3/3452 
f 3393/3/3452 3398/6/3452 3397/7/3452 
f 3399/8/3453 3400/9/3453 3397/7/3453 
f 3397/7/3453 3398/6/3453 3399/8/3453 
f 3401/10/3454 3402/11/3454 3400/9/3454 
f 3400/9/3454 3399/8/3454 3401/10/3454 
f 3403/13/3455 3402/11/3455 3401/10/3455 
f 3401/10/3455 3404/12/3455 3403/13/3455 
f 3405/15/3456 3406/14/3456 3403/13/3456 
f 3403/13/3457 3404/12/3457 3405/15/3457 
f 3407/17/3458 3408/16/3458 3406/14/3458 
f 3406/14/3458 3405/15/3458 3407/17/3458 
f 3409/19/3459 3408/16/3459 3407/17/3459 
f 3407/17/3459 3410/18/3459 3409/19/3459 
f 3411/21/3460 3412/20/3460 3409/19/3460 
f 3409/19/3460 3410/18/3460 3411/21/3460 
f 3413/23/3461 3414/22/3461 3412/20/3461 
f 3412/20/3461 3411/21/3461 3413/23/3461 
f 3415/24/3462 3414/22/3462 3413/23/3462 
f 3413/23/3462 3416/25/3462 3415/24/3462 
f 3417/26/3463 3418/27/3463 3415/24/3463 
f 3415/24/3463 3416/25/3463 3417/26/3463 
f 3419/29/3464 3420/28/3464 3418/27/3464 
f 3418/27/3464 3417/26/3464 3419/29/3464 
f 3421/30/3465 3420/28/3465 3419/29/3465 
f 3419/29/3466 3422/31/3466 3421/30/3466 
f 3423/32/3467 3421/30/3467 3422/31/3467 
f 3422/31/3467 3424/33/3467 3423/32/3467 
f 3425/35/3468 3426/34/3468 3423/32/3468 
f 3423/32/3469 3424/33/3469 3425/35/3469 
f 3427/36/3470 3426/34/3470 3425/35/3470 
f 3425/35/3470 3428/37/3470 3427/36/3470 
f 3429/38/3471 3427/36/3471 3428/37/3471 
f 3428/37/3471 3430/39/3471 3429/38/3471 
f 3431/41/3472 3432/40/3472 3429/38/3472 
f 3429/38/3472 3430/39/3472 3431/41/3472 
f 3433/43/3473 3432/40/3473 3431/41/3473 
f 3431/41/3474 3434/42/3474 3433/43/3474 
f 3435/44/3475 3436/45/3475 3433/43/3475 
f 3433/43/3475 3434/42/3475 3435/44/3475 
f 3437/47/3476 3438/46/3476 3436/45/3476 
f 3436/45/3476 3435/44/3476 3437/47/3476 
f 3439/48/3477 3438/46/3477 3437/47/3477 
f 3437/47/3477 3440/49/3477 3439/48/3477 
f 3441/51/3478 3439/48/3478 3440/49/3478 
f 3440/49/3478 3442/50/3478 3441/51/3478 
f 3443/52/3479 3444/53/3479 3441/51/3479 
f 3441/51/3479 3442/50/3479 3443/52/3479 
f 3445/54/3480 3444/53/3480 3443/52/3480 
f 3443/52/3480 3446/55/3480 3445/54/3480 
f 3447/56/3481 3448/57/3481 3445/54/3481 
f 3445/54/3481 3446/55/3481 3447/56/3481 
f 3449/59/3482 3450/58/3482 3448/57/3482 
f 3448/57/3482 3447/56/3482 3449/59/3482 
f 3451/60/3483 3450/58/3483 3449/59/3483 
f 3449/59/3483 3452/61/3483 3451/60/3483 
f 3453/62/3484 3454/63/3484 3451/60/3484 
f 3451/60/3485 3452/61/3485 3453/62/3485 
f 3410/18/3486 3455/18/3486 3456/21/3486 
f 3456/21/3486 3411/21/3486 3410/18/3486 
f 3457/64/3487 3458/65/3487 3454/63/3487 
f 3454/63/3487 3453/62/3487 3457/64/3487 
f 3457/64/3488 3396/66/3488 3395/67/3488 
f 3395/67/3488 3458/65/3488 3457/64/3488 
f 3394/68/2980 3397/69/2980 3400/70/2980 
f 3395/98/2980 3394/68/2980 3400/70/2980 
f 3395/98/2980 3400/70/2980 3402/71/2980 
f 3402/71/2980 3403/72/2980 3406/73/2980 
f 3395/98/2980 3402/71/2980 3406/73/2980 
f 3395/98/2980 3406/73/2980 3408/74/2980 
f 3408/74/2980 3409/75/2980 3412/76/2980 
f 3395/98/2980 3408/74/2980 3412/76/2980 
f 3395/98/2980 3412/76/2980 3414/77/2980 
f 3414/77/2980 3415/78/2980 3418/79/2980 
f 3395/98/2980 3414/77/2980 3418/79/2980 
f 3395/98/2980 3418/79/2980 3420/80/2980 
f 3420/80/2980 3421/81/2980 3423/82/2980 
f 3395/98/2980 3420/80/2980 3423/82/2980 
f 3395/98/2980 3423/82/2980 3426/83/2980 
f 3426/83/2980 3427/84/2980 3429/85/2980 
f 3395/98/2980 3426/83/2980 3429/85/2980 
f 3395/98/2980 3429/85/2980 3432/86/2980 
f 3432/86/2980 3433/87/2980 3436/88/2980 
f 3395/98/2980 3432/86/2980 3436/88/2980 
f 3395/98/2980 3436/88/2980 3438/89/2980 
f 3438/89/2980 3439/90/2980 3441/91/2980 
f 3395/98/2980 3438/89/2980 3441/91/2980 
f 3395/98/2980 3441/91/2980 3444/92/2980 
f 3444/92/2980 3445/93/2980 3448/94/2980 
f 3395/98/2980 3444/92/2980 3448/94/2980 
f 3395/98/2980 3448/94/2980 3450/95/2980 
f 3450/95/2980 3451/96/2980 3454/97/2980 
f 3395/98/2980 3450/95/2980 3454/97/2980 
f 3395/98/2980 3454/97/2980 3458/99/2980 
f 3459/8/3489 3460/8/3489 3461/10/3489 
f 3461/10/3489 3462/10/3489 3459/8/3489 
f 3463/39/3490 3430/39/3490 3428/37/3490 
f 3428/37/3490 3464/37/3490 3463/39/3490 
f 3465/56/3491 3447/56/3491 3446/55/3491 
f 3446/55/3491 3466/55/3491 3465/56/3491 
f 3401/10/3492 3462/10/3492 3467/12/3492 
f 3467/12/3492 3404/12/3492 3401/10/3492 
f 3422/31/3493 3419/29/3493 3468/29/3493 
f 3468/29/3493 3469/31/3493 3422/31/3493 
f 3440/49/3494 3437/47/3494 3470/47/3494 
f 3470/47/3494 3471/49/3494 3440/49/3494 
f 3472/3/3495 3393/3/3495 3396/2/3495 
f 3396/2/3495 3473/2/3495 3472/3/3495 
f 3474/64/3496 3473/66/3496 3396/66/3496 
f 3396/66/3496 3457/64/3496 3474/64/3496 
f 3411/21/3497 3456/21/3497 3475/23/3497 
f 3475/23/3497 3413/23/3497 3411/21/3497 
f 3476/41/3498 3431/41/3498 3430/39/3498 
f 3430/39/3498 3463/39/3498 3476/41/3498 
f 3477/59/3499 3449/59/3499 3447/56/3499 
f 3447/56/3499 3465/56/3499 3477/59/3499 
f 3404/12/3500 3467/12/3500 3478/15/3500 
f 3478/15/3500 3405/15/3500 3404/12/3500 
f 3479/33/3501 3424/33/3501 3422/31/3501 
f 3422/31/3502 3469/31/3501 3479/33/3501 
f 3480/50/3503 3442/50/3503 3440/49/3503 
f 3440/49/3503 3471/49/3503 3480/50/3503 
f 3393/3/3504 3472/3/3504 3481/6/3504 
f 3481/6/3504 3398/6/3504 3393/3/3504 
f 3475/23/3505 3482/25/3505 3416/25/3505 
f 3416/25/3505 3413/23/3505 3475/23/3505 
f 3434/42/3506 3431/41/3506 3476/41/3506 
f 3476/41/3506 3483/42/3506 3434/42/3506 
f 3452/61/3507 3449/59/3507 3477/59/3507 
f 3477/59/3508 3484/61/3508 3452/61/3508 
f 3405/15/3509 3478/15/3509 3485/17/3509 
f 3485/17/3509 3407/17/3509 3405/15/3509 
f 3486/35/3510 3425/35/3510 3424/33/3510 
f 3424/33/3510 3479/33/3510 3486/35/3510 
f 3487/52/3511 3443/52/3511 3442/50/3511 
f 3442/50/3511 3480/50/3511 3487/52/3511 
f 3398/6/3512 3481/6/3512 3459/8/3512 
f 3459/8/3512 3399/8/3512 3398/6/3512 
f 3482/25/3513 3488/26/3513 3417/26/3513 
f 3417/26/3513 3416/25/3513 3482/25/3513 
f 3489/44/3514 3435/44/3514 3434/42/3514 
f 3434/42/3514 3483/42/3514 3489/44/3514 
f 3490/62/3515 3453/62/3515 3452/61/3515 
f 3452/61/3515 3484/61/3515 3490/62/3515 
f 3407/17/3516 3485/17/3516 3455/18/3516 
f 3455/18/3516 3410/18/3516 3407/17/3516 
f 3428/37/3517 3425/35/3517 3486/35/3517 
f 3486/35/3517 3464/37/3517 3428/37/3517 
f 3446/55/3518 3443/52/3518 3487/52/3518 
f 3487/52/3518 3466/55/3518 3446/55/3518 
f 3399/8/3519 3459/8/3519 3462/10/3519 
f 3462/10/3519 3401/10/3519 3399/8/3519 
f 3419/29/3520 3417/26/3520 3488/26/3520 
f 3488/26/3520 3468/29/3520 3419/29/3520 
f 3470/47/3521 3437/47/3521 3435/44/3521 
f 3435/44/3521 3489/44/3521 3470/47/3521 
f 3474/64/3522 3457/64/3522 3453/62/3522 
f 3453/62/3522 3490/62/3522 3474/64/3522 
f 3491/100/3523 3492/101/3523 3493/102/3523 
f 3493/102/3523 3494/103/3523 3495/104/3523 
f 3491/100/3523 3493/102/3523 3495/104/3523 
f 3496/105/3523 3497/106/3523 3498/107/3523 
f 3495/104/3523 3496/105/3523 3498/107/3523 
f 3491/100/3523 3495/104/3523 3498/107/3523 
f 3499/108/3523 3500/109/3523 3501/110/3523 
f 3498/107/3523 3499/108/3523 3501/110/3523 
f 3502/111/3523 3503/112/3523 3504/113/3523 
f 3501/110/3523 3502/111/3523 3504/113/3523 
f 3498/107/3523 3501/110/3523 3504/113/3523 
f 3491/100/3524 3498/107/3524 3504/113/3524 
f 3505/114/3523 3506/115/3523 3507/116/3523 
f 3504/113/3523 3505/114/3523 3507/116/3523 
f 3508/117/3523 3509/118/3523 3510/119/3523 
f 3507/116/3523 3508/117/3523 3510/119/3523 
f 3504/113/3523 3507/116/3523 3510/119/3523 
f 3511/120/3523 3512/121/3523 3513/122/3523 
f 3510/119/3523 3511/120/3523 3513/122/3523 
f 3514/123/3523 3515/124/3523 3516/125/3523 
f 3513/122/3523 3514/123/3523 3516/125/3523 
f 3510/119/3523 3513/122/3523 3516/125/3523 
f 3504/113/3523 3510/119/3523 3516/125/3523 
f 3491/100/3523 3504/113/3523 3516/125/3523 
f 3517/126/3523 3518/127/3523 3519/128/3523 
f 3516/125/3523 3517/126/3523 3519/128/3523 
f 3461/129/3523 3460/130/3523 3520/131/3523 
f 3519/128/3523 3461/129/3523 3520/131/3523 
f 3516/125/3523 3519/128/3523 3520/131/3523 
f 3491/100/3523 3516/125/3523 3520/131/3523 
f 3490/62/3525 3494/62/3526 3493/64/3526 
f 3493/64/3525 3474/64/3525 3490/62/3525 
f 3463/39/3527 3464/37/3527 3507/37/3527 
f 3507/37/3527 3506/39/3528 3463/39/3529 
f 3519/12/3530 3467/12/3530 3462/10/3530 
f 3462/10/3530 3461/10/3530 3519/12/3530 
f 3493/64/3531 3492/66/3531 3473/66/3531 
f 3473/66/3531 3474/64/3531 3493/64/3531 
f 3463/39/3532 3506/39/3532 3505/41/3532 
f 3505/41/3532 3476/41/3532 3463/39/3532 
f 3478/15/3533 3467/12/3533 3519/12/3533 
f 3519/12/3533 3518/15/3533 3478/15/3533 
f 3504/42/3534 3483/42/3534 3476/41/3534 
f 3476/41/3534 3505/41/3534 3504/42/3534 
f 3478/15/3535 3518/15/3535 3517/17/3535 
f 3517/17/3535 3485/17/3535 3478/15/3535 
f 3489/44/3536 3483/42/3537 3504/42/3537 
f 3504/42/3537 3503/44/3537 3489/44/3537 
f 3516/18/3538 3455/18/3538 3485/17/3538 
f 3485/17/3539 3517/17/3539 3516/18/3539 
f 3489/44/3540 3503/44/3540 3502/47/3540 
f 3502/47/3540 3470/47/3540 3489/44/3540 
f 3456/21/3541 3455/18/3541 3516/18/3541 
f 3516/18/3542 3515/21/3542 3456/21/3542 
f 3501/49/3543 3471/49/3543 3470/47/3543 
f 3470/47/3543 3502/47/3543 3501/49/3543 
f 3456/21/3544 3515/21/3544 3514/23/3544 
f 3514/23/3544 3475/23/3544 3456/21/3544 
f 3480/50/3545 3471/49/3545 3501/49/3545 
f 3501/49/3545 3500/50/3545 3480/50/3545 
f 3475/23/3546 3514/23/3546 3513/25/3546 
f 3513/25/3546 3482/25/3546 3475/23/3546 
f 3480/50/3547 3500/50/3547 3499/52/3547 
f 3499/52/3547 3487/52/3547 3480/50/3547 
f 3513/25/3548 3512/26/3548 3488/26/3548 
f 3488/26/3548 3482/25/3548 3513/25/3548 
f 3498/55/3549 3466/55/3549 3487/52/3549 
f 3487/52/3549 3499/52/3549 3498/55/3549 
f 3511/29/3550 3468/29/3550 3488/26/3550 
f 3488/26/3550 3512/26/3550 3511/29/3550 
f 3465/56/3551 3466/55/3551 3498/55/3551 
f 3498/55/3551 3497/56/3551 3465/56/3551 
f 3510/31/3552 3469/31/3552 3468/29/3552 
f 3468/29/3552 3511/29/3552 3510/31/3552 
f 3472/3/3553 3473/2/3553 3492/2/3553 
f 3492/2/3553 3491/3/3553 3472/3/3553 
f 3465/56/3554 3497/56/3554 3496/59/3554 
f 3496/59/3554 3477/59/3554 3465/56/3554 
f 3479/33/3555 3469/31/3555 3510/31/3555 
f 3510/31/3555 3509/33/3555 3479/33/3555 
f 3520/6/3556 3481/6/3556 3472/3/3556 
f 3472/3/3556 3491/3/3556 3520/6/3556 
f 3495/61/3557 3484/61/3557 3477/59/3558 
f 3477/59/3557 3496/59/3557 3495/61/3557 
f 3479/33/3559 3509/33/3559 3508/35/3559 
f 3508/35/3559 3486/35/3559 3479/33/3559 
f 3459/8/3560 3481/6/3560 3520/6/3560 
f 3520/6/3560 3460/8/3560 3459/8/3560 
f 3490/62/3561 3484/61/3562 3495/61/3561 
f 3495/61/3561 3494/62/3561 3490/62/3561 
f 3507/37/3563 3464/37/3563 3486/35/3563 
f 3486/35/3563 3508/35/3563 3507/37/3563 
# 7012 faces

