# 3ds Max Wavefront OBJ Exporter v0.99 - (c)2007 guruware
# File Created: 22.03.2025 22:01:01

mtllib llanta2.mtl

#
# object part_026
#

v  -4.5784 -0.9410 -11.6591
v  -4.6003 -0.7764 -11.6293
v  -4.6850 -0.9316 -11.7092
v  -4.6975 -0.7561 -11.6778
v  -4.7069 -0.5037 -11.6230
v  -4.6081 -0.5178 -11.5666
v  -4.7022 -0.2325 -11.5822
v  -4.5971 -0.2796 -11.5039
v  -4.5799 -1.0366 -11.5275
v  -4.6880 -1.0821 -11.5368
v  -4.6864 -1.0805 -11.5039
v  -4.6944 -1.0335 -11.6261
v  -4.5737 -1.0053 -11.6058
v  -4.6866 -0.9629 -11.6998
v  -4.6017 -0.9582 -11.3801
v  -4.6973 -0.9974 -11.3471
v  -4.7049 -0.8673 -11.1230
v  -4.6062 -0.8187 -11.1544
v  -4.6922 -0.7451 -10.8785
v  -4.5888 -0.6839 -10.9475
v  -4.6645 -1.6275 -11.5509
v  -4.6723 -1.5695 -11.5008
v  -4.4592 -1.5382 -11.5981
v  -4.6582 -1.4912 -11.5070
v  -4.6379 -1.4410 -11.5666
v  -4.6176 -1.4473 -11.6434
v  -4.6114 -1.5068 -11.6936
v  -4.6255 -1.5836 -11.6873
v  -4.6473 -1.6338 -11.6293
v  -4.6709 -1.1479 -11.6152
v  -4.6850 -1.0821 -11.6559
v  -4.4593 -1.1636 -11.7157
v  -4.6772 -1.0633 -11.7312
v  -4.6506 -1.1040 -11.7970
v  -4.6381 -1.1792 -11.8143
v  -4.6208 -1.2451 -11.7751
v  -4.6302 -1.2639 -11.6998
v  -4.6521 -1.2231 -11.6324
v  -4.3356 -1.9498 -12.1009
v  -4.5033 -1.8759 -12.0738
v  -4.3359 -1.7065 -12.3929
v  -4.5035 -1.6668 -12.3243
v  -4.3369 -1.9498 -11.7224
v  -4.5046 -1.8759 -11.7475
v  -4.3367 -1.7065 -11.4304
v  -4.5044 -1.6668 -11.4988
v  -4.3358 -1.0036 -12.2686
v  -4.5034 -1.0630 -12.2180
v  -4.3355 -0.8720 -11.9117
v  -4.5032 -0.9513 -11.9115
v  -4.3368 -1.0036 -11.5548
v  -4.5045 -1.0630 -11.6051
v  -4.3366 -1.3316 -11.3638
v  -4.5044 -1.3460 -11.4411
v  -4.5036 -1.3460 -12.3802
v  -4.5972 -1.7764 -13.5729
v  -3.5924 -2.1134 -13.4640
v  -4.5971 -2.1134 -13.4632
v  -3.5923 -2.4222 -13.2869
v  -4.7036 -2.0836 -13.3926
v  -4.7037 -1.7607 -13.4976
v  -3.4780 -1.9332 -13.4782
v  -3.4777 -2.5256 -13.1365
v  -3.5925 -1.7764 -13.5737
v  -4.5962 -2.1150 -10.3598
v  -3.5914 -1.7764 -10.2508
v  -4.5961 -1.7764 -10.2500
v  -3.5914 -1.4238 -10.2148
v  -4.7027 -1.7607 -10.3252
v  -4.7028 -2.0836 -10.4302
v  -3.4771 -1.9332 -10.3465
v  -3.4770 -1.2513 -10.2744
v  -3.5915 -2.1150 -10.3606
v  -4.5960 -3.1118 -12.0886
v  -3.5926 -3.1118 -11.7352
v  -4.5973 -3.1118 -11.7343
v  -3.5923 -3.0382 -11.3872
v  -4.7039 -3.0366 -11.7421
v  -4.7026 -3.0366 -12.0807
v  -3.4767 -3.0711 -11.9124
v  -3.4778 -2.9284 -11.2431
v  -3.5913 -3.1118 -12.0894
v  -4.5965 -2.8940 -12.7610
v  -3.5916 -3.0382 -12.4373
v  -4.5963 -3.0382 -12.4365
v  -4.7028 -2.9661 -12.4130
v  -4.7031 -2.8281 -12.7217
v  -3.4773 -2.9284 -12.5816
v  -3.5918 -2.8940 -12.7618
v  -3.5916 -0.4253 -10.5392
v  -3.5918 -0.1620 -10.7759
v  -4.5963 -0.4253 -10.5384
v  -4.5965 -0.1620 -10.7751
v  -4.5961 -1.4238 -10.2140
v  -3.5914 -1.0711 -10.2508
v  -4.5961 -1.0711 -10.2500
v  -3.5915 -0.7341 -10.3606
v  -4.7027 -1.0868 -10.3252
v  -4.7027 -1.4222 -10.2891
v  -3.4772 -0.6009 -10.4860
v  -4.5965 0.0465 -12.7610
v  -3.5921 -0.1620 -13.0486
v  -4.5968 -0.1620 -13.0478
v  -3.5923 -0.4253 -13.2853
v  -4.7033 -0.2184 -12.9960
v  -4.7031 -0.0194 -12.7217
v  -3.4775 -0.0915 -12.8794
v  -3.4779 -0.6009 -13.3387
v  -3.5918 0.0465 -12.7618
v  -4.5972 -1.0711 -13.5729
v  -3.5925 -1.4238 -13.6098
v  -4.5972 -1.4238 -13.6089
v  -4.7037 -1.4222 -13.5336
v  -4.7037 -1.0868 -13.4976
v  -3.4780 -1.2513 -13.5503
v  -3.5925 -1.0711 -13.5737
v  -4.5970 0.1907 -11.3864
v  -3.5926 0.2643 -11.7352
v  -4.5973 0.2643 -11.7343
v  -3.5913 0.2643 -12.0894
v  -4.7039 0.1891 -11.7421
v  -4.7036 0.1186 -11.4098
v  -3.4780 0.1875 -11.5691
v  -3.4770 0.1875 -12.2541
v  -3.5923 0.1907 -11.3872
v  -4.7395 -2.0131 -13.2342
v  -4.7412 -1.7247 -13.3267
v  -4.7097 -1.6965 -13.1951
v  -4.7082 -1.4222 -13.2233
v  -4.7396 -1.4222 -13.3596
v  -4.7082 -1.1510 -13.1951
v  -4.7394 -2.2748 -13.0822
v  -4.7035 -2.3767 -13.2233
v  -4.7081 -1.9567 -13.1089
v  -4.7408 -2.4990 -12.8800
v  -4.7033 -2.6291 -12.9960
v  -4.7080 -2.1949 -12.9725
v  -4.7391 -2.6777 -12.6355
v  -4.7094 -2.3987 -12.7891
v  -4.7388 -2.7999 -12.3581
v  -4.7077 -2.5601 -12.5665
v  -4.7402 -2.8642 -12.0634
v  -4.7075 -2.6714 -12.3173
v  -4.7399 -2.8642 -11.7593
v  -4.7088 -2.7278 -12.0477
v  -4.7397 -2.7999 -11.4646
v  -4.7036 -2.9661 -11.4098
v  -4.7086 -2.7278 -11.7735
v  -4.7410 -2.6777 -11.1872
v  -4.7034 -2.8281 -11.1010
v  -4.7084 -2.6714 -11.5054
v  -4.7393 -2.4990 -10.9427
v  -4.7031 -2.6291 -10.8268
v  -4.7097 -2.5585 -11.2546
v  -4.7391 -2.2748 -10.7405
v  -4.7030 -2.3767 -10.5995
v  -4.7080 -2.3987 -11.0336
v  -4.7406 -2.0131 -10.5885
v  -4.7079 -2.1949 -10.8503
v  -4.7389 -1.7247 -10.4960
v  -4.7093 -1.9567 -10.7123
v  -4.7389 -1.4222 -10.4631
v  -4.7077 -1.6965 -10.6277
v  -4.7405 -1.1228 -10.4944
v  -4.7077 -1.4222 -10.5995
v  -4.7390 -0.8344 -10.5885
v  -4.7028 -0.7639 -10.4302
v  -4.7092 -1.1510 -10.6277
v  -4.7391 -0.5727 -10.7405
v  -4.7030 -0.4708 -10.5995
v  -4.7077 -0.8908 -10.7123
v  -4.7408 -0.3485 -10.9427
v  -4.7031 -0.2184 -10.8252
v  -4.7079 -0.6526 -10.8503
v  -4.7395 -0.1698 -11.1872
v  -4.7034 -0.0194 -11.0995
v  -4.7096 -0.4488 -11.0336
v  -4.7397 -0.0476 -11.4631
v  -4.7082 -0.2874 -11.2546
v  -4.7415 0.0167 -11.7593
v  -4.7084 -0.1761 -11.5054
v  -4.7386 0.0167 -12.0618
v  -4.7026 0.1891 -12.0807
v  -4.7102 -0.1197 -11.7735
v  -4.7388 -0.0476 -12.3581
v  -4.7028 0.1186 -12.4130
v  -4.7072 -0.1197 -12.0477
v  -4.7406 -0.1698 -12.6339
v  -4.7075 -0.1761 -12.3173
v  -4.7393 -0.3485 -12.8800
v  -4.7092 -0.2874 -12.5665
v  -4.7394 -0.5727 -13.0822
v  -4.7035 -0.4708 -13.2233
v  -4.7078 -0.4488 -12.7891
v  -4.7411 -0.8344 -13.2342
v  -4.7036 -0.7639 -13.3926
v  -4.7080 -0.6526 -12.9725
v  -4.7396 -1.1228 -13.3267
v  -4.7097 -0.8908 -13.1104
v  -4.7022 -0.2012 -11.6794
v  -4.7163 -0.2561 -11.6496
v  -4.7163 -0.2952 -11.6434
v  -4.7086 -0.2090 -11.7844
v  -4.7023 -0.1777 -11.7797
v  -4.7072 -0.2090 -12.0368
v  -4.7010 -0.1777 -12.0415
v  -4.7152 -0.2561 -12.1716
v  -4.7011 -0.2012 -12.1434
v  -4.7011 -0.2325 -12.2390
v  -4.7152 -0.2952 -12.1778
v  -4.5692 -1.4253 -11.9115
v  -4.6505 -1.3250 -11.5995
v  -4.6444 -1.0977 -11.9114
v  -4.6351 -1.1761 -12.0023
v  -4.6195 -1.2435 -12.0431
v  -4.6289 -1.2607 -12.1183
v  -4.6492 -1.0899 -11.9459
v  -4.6507 -1.0899 -11.8754
v  -4.6494 -1.3234 -12.2233
v  -4.6494 -1.3548 -12.2421
v  -4.6164 -1.4457 -12.1669
v  -4.6101 -1.5053 -12.1168
v  -4.6227 -1.5821 -12.1230
v  -4.6778 -1.4645 -12.4428
v  -4.6809 -1.4818 -12.4161
v  -4.6699 -1.4222 -12.3910
v  -4.6573 -1.4912 -12.3033
v  -4.6573 -1.3908 -12.2892
v  -4.6353 -1.4410 -12.2453
v  -4.6714 -1.5680 -12.3095
v  -4.6635 -1.6259 -12.2594
v  -4.6887 -1.6761 -12.3550
v  -4.6918 -1.5742 -12.3722
v  -4.6824 -1.7090 -12.2985
v  -4.6856 -1.7059 -12.3659
v  -4.6666 -1.6745 -12.1982
v  -4.6447 -1.6322 -12.1826
v  -4.6572 -1.6761 -12.1371
v  -4.6210 -1.6886 -11.9820
v  -4.6068 -1.6589 -11.9115
v  -4.6224 -1.6886 -11.8394
v  -4.6556 -1.6902 -12.1042
v  -4.6584 -1.6761 -11.6857
v  -4.6568 -1.6918 -11.7186
v  -4.6677 -1.6745 -11.6246
v  -4.6833 -1.7106 -11.5243
v  -4.6895 -1.6761 -11.4694
v  -4.6864 -1.7059 -11.4584
v  -4.6817 -1.4833 -11.4067
v  -4.6927 -1.5758 -11.4506
v  -4.6988 -1.8422 -11.3377
v  -4.7081 -2.0162 -11.1496
v  -4.7065 -2.0021 -11.1371
v  -4.6988 -1.8297 -11.3299
v  -4.6616 -1.0554 -11.8252
v  -4.6788 -0.9676 -11.7641
v  -4.7259 -0.9457 -11.8612
v  -4.6976 -0.7513 -11.6920
v  -4.7321 -0.8987 -11.8095
v  -4.7101 -0.4990 -11.6418
v  -4.7226 -0.4959 -11.6622
v  -4.7336 -0.7388 -11.7264
v  -4.7197 -0.9567 -11.9114
v  -4.7244 -0.9457 -11.9600
v  -4.6602 -1.0554 -11.9961
v  -4.7292 -0.8987 -12.0117
v  -4.6775 -0.9676 -12.0572
v  -4.6963 -0.7513 -12.1308
v  -4.7214 -0.4959 -12.1590
v  -4.7089 -0.4990 -12.1810
v  -4.7324 -0.7388 -12.0947
v  -4.5739 -1.7310 -11.9632
v  -4.5802 -1.7921 -11.9632
v  -4.5676 -1.6996 -11.9115
v  -4.5802 -1.8234 -11.9115
v  -4.5817 -1.7921 -11.8582
v  -4.5754 -1.7310 -11.8582
v  -4.6319 -2.6228 -11.9412
v  -4.7071 -2.5194 -11.9114
v  -4.6006 -2.5758 -11.9601
v  -4.5802 -2.6009 -11.9115
v  -4.6021 -2.5758 -11.8629
v  -4.6334 -2.6228 -11.8817
v  -4.3359 -1.3316 -12.4578
v  -3.4773 -2.5256 -10.6882
v  -3.5259 -1.8328 -10.6490
v  -3.5258 -1.2843 -10.5910
v  -3.5261 -2.3109 -10.9249
v  -3.5265 -2.6353 -11.3716
v  -3.5253 -2.7513 -11.9123
v  -3.5258 -2.6353 -12.4515
v  -3.5261 -2.3109 -12.8982
v  -3.5263 -1.8328 -13.1741
v  -3.5264 -1.2843 -13.2321
v  -3.5262 -0.7592 -13.0612
v  -3.5259 -0.3485 -12.6913
v  -3.5255 -0.1244 -12.1882
v  -3.5267 -0.1244 -11.6349
v  -3.5263 -0.3485 -11.1318
v  -3.4775 -0.0915 -10.9437
v  -3.5260 -0.7592 -10.7619
v  -4.5969 -2.4222 -13.2861
v  -4.6190 -0.3987 -11.4538
v  -4.6188 -0.4316 -11.1842
v  -4.6192 -0.3266 -11.6779
v  -4.6194 -0.1683 -11.9083
v  -4.6178 -0.3015 -11.9115
v  -4.6180 -0.3266 -12.1450
v  -4.6182 -0.3987 -12.3691
v  -4.6184 -0.4269 -12.6325
v  -4.6183 -0.5162 -12.5713
v  -4.6185 -0.6730 -12.7469
v  -4.6187 -1.0335 -13.1074
v  -4.6186 -0.8642 -12.8848
v  -4.6186 -1.0789 -12.9804
v  -4.6187 -1.3078 -13.0290
v  -4.6187 -1.5413 -13.0290
v  -4.6187 -1.8015 -13.0839
v  -4.6186 -1.7733 -12.9804
v  -4.6186 -1.9865 -12.8848
v  -4.6185 -2.1777 -12.7469
v  -4.6184 -2.4410 -12.6528
v  -4.6183 -2.3344 -12.5713
v  -4.6182 -2.4520 -12.3691
v  -4.6180 -2.5241 -12.1450
v  -4.6178 -2.6573 -11.9162
v  -4.6178 -2.5491 -11.9115
v  -4.6192 -2.5241 -11.6779
v  -4.6190 -2.4520 -11.4538
v  -4.6188 -2.4441 -11.1748
v  -4.6188 -2.3344 -11.2500
v  -4.6187 -2.1777 -11.0760
v  -4.6186 -1.9865 -10.9381
v  -4.6184 -1.8093 -10.7422
v  -4.6185 -1.7733 -10.8425
v  -4.6185 -1.5429 -10.7939
v  -4.6185 -1.3078 -10.7939
v  -4.6184 -1.0397 -10.7140
v  -4.6185 -1.0789 -10.8425
v  -4.6186 -0.8642 -10.9381
v  -4.6187 -0.6730 -11.0760
v  -4.6188 -0.5162 -11.2516
v  -3.5920 -2.8940 -11.0643
v  -4.5970 -3.0382 -11.3864
v  -3.5918 -2.6855 -10.7759
v  -4.5967 -2.8940 -11.0635
v  -4.5965 -2.6855 -10.7751
v  -4.7078 -2.3360 -12.7296
v  -4.7015 -2.3579 -12.7499
v  -4.7076 -2.4833 -12.5242
v  -4.7014 -2.5115 -12.5399
v  -4.7154 -2.5241 -12.3879
v  -4.7013 -2.5523 -12.4443
v  -4.7157 -2.2169 -12.8095
v  -4.7016 -2.2795 -12.8189
v  -4.6922 -2.1965 -12.8785
v  -4.7012 -2.5836 -12.3471
v  -4.7094 -2.1824 -12.7923
v  -4.7153 -2.4959 -12.3596
v  -4.7231 -2.3234 -12.2578
v  -4.7105 -2.3328 -12.2374
v  -4.7089 -2.3391 -12.2202
v  -4.6979 -2.0993 -12.1308
v  -4.6979 -2.1024 -12.1167
v  -4.6837 -1.9441 -12.0384
v  -4.6806 -1.8814 -12.0619
v  -4.6853 -1.9238 -12.0133
v  -4.6602 -1.8313 -11.9819
v  -4.6649 -1.7749 -12.0603
v  -4.6430 -1.7607 -12.0117
v  -4.6571 -1.7184 -12.0791
v  -4.6664 -1.8611 -11.9114
v  -4.6616 -1.8313 -11.8393
v  -4.6867 -1.9238 -11.8111
v  -4.6868 -1.9096 -11.9114
v  -4.6584 -1.7184 -11.7437
v  -4.6444 -1.7607 -11.8096
v  -4.6663 -1.7749 -11.7625
v  -4.6819 -1.8814 -11.7609
v  -4.6851 -1.9441 -11.7860
v  -4.6991 -2.0993 -11.6935
v  -4.7100 -2.3407 -11.6026
v  -4.7116 -2.3328 -11.5854
v  -4.6991 -2.1040 -11.7076
v  -4.6007 -2.1150 -12.0666
v  -4.6102 -2.3611 -12.1669
v  -4.5755 -1.9645 -11.9930
v  -4.5993 -2.5915 -12.2563
v  -4.5661 -1.9441 -11.9115
v  -4.5770 -1.9661 -11.8300
v  -4.6020 -2.1165 -11.7579
v  -4.6113 -2.3626 -11.6560
v  -4.7021 -2.5836 -11.4772
v  -4.6003 -2.5915 -11.5682
v  -4.6070 -1.8611 -12.1905
v  -4.7340 -1.7843 -12.2342
v  -4.6071 -1.8250 -12.2406
v  -4.7372 -1.7921 -12.3032
v  -4.6181 -1.8344 -12.2939
v  -4.6856 -1.8877 -12.4537
v  -4.7309 -1.8046 -12.1872
v  -4.7324 -1.8422 -12.1543
v  -4.7355 -1.9096 -12.1402
v  -4.6180 -1.9143 -12.1826
v  -4.6337 -2.0789 -12.2030
v  -4.7356 -2.0899 -12.1668
v  -4.6259 -2.3109 -12.2829
v  -4.5806 -2.5021 -12.4021
v  -3.5916 -2.4222 -10.5392
v  -4.5963 -2.4222 -10.5384
v  -4.7203 -2.0319 -12.6590
v  -4.6231 -2.0507 -12.6387
v  -4.5762 -2.2231 -12.7861
v  -4.7077 -2.0147 -12.6747
v  -4.6982 -1.8422 -12.4851
v  -3.5921 -2.6855 -13.0486
v  -4.5968 -2.6855 -13.0478
v  -4.7062 -2.0021 -12.6857
v  -4.7082 -2.4849 -11.2985
v  -4.7019 -2.5115 -11.2844
v  -4.7081 -2.3360 -11.0948
v  -4.7018 -2.3579 -11.0728
v  -4.7158 -2.2184 -11.0133
v  -4.7017 -2.2795 -11.0039
v  -4.7162 -2.5241 -11.4365
v  -4.7020 -2.5523 -11.3800
v  -4.6923 -2.1965 -10.9443
v  -4.7162 -2.4974 -11.4647
v  -4.7096 -2.1824 -11.0305
v  -4.7206 -2.0319 -11.1637
v  -4.6016 -1.7858 -11.3033
v  -4.6062 -1.9582 -11.0996
v  -4.5782 -1.6698 -11.4240
v  -4.5903 -2.1134 -10.9083
v  -4.5719 -1.5852 -11.4178
v  -4.5735 -1.5147 -11.3723
v  -4.6785 -1.4661 -11.3785
v  -4.5953 -1.4927 -11.2061
v  -4.6893 -1.4410 -11.2029
v  -4.7017 -1.4144 -10.9459
v  -4.6045 -1.4723 -10.9412
v  -4.7014 -1.3705 -10.6747
v  -4.5980 -1.4582 -10.6952
v  -4.6081 -1.8266 -11.5823
v  -4.7336 -1.8422 -11.6700
v  -4.6082 -1.8626 -11.6325
v  -4.7367 -1.9112 -11.6841
v  -4.7320 -1.8046 -11.6355
v  -4.6191 -1.9143 -11.6403
v  -4.7351 -1.7858 -11.5900
v  -4.7382 -1.7921 -11.5211
v  -4.6348 -2.0789 -11.6199
v  -4.7367 -2.0899 -11.6574
v  -4.6191 -1.8344 -11.5306
v  -4.6269 -2.3109 -11.5415
v  -4.7241 -2.3234 -11.5665
v  -4.7365 -1.8736 -11.3581
v  -4.6346 -1.9049 -11.3801
v  -4.6235 -2.0523 -11.1842
v  -4.5763 -2.2247 -11.0385
v  -4.5829 -2.5037 -11.4225
v  -4.7078 -1.1698 -10.7155
v  -4.7015 -1.1651 -10.6841
v  -4.7078 -0.9300 -10.7923
v  -4.7015 -0.9159 -10.7656
v  -4.7157 -0.8156 -10.8800
v  -4.7016 -0.8266 -10.8174
v  -4.7156 -1.3125 -10.7186
v  -4.7014 -1.2686 -10.6747
v  -4.7140 -1.3313 -10.7546
v  -4.7095 -0.8219 -10.9192
v  -4.7206 -0.9018 -11.1042
v  -4.7081 -0.8830 -11.1136
v  -4.6973 -1.0084 -11.3377
v  -4.6802 -1.1448 -11.5211
v  -4.6646 -1.2310 -11.5854
v  -4.6536 -1.2874 -11.6026
v  -4.6504 -1.3564 -11.5807
v  -4.6582 -1.3924 -11.5337
v  -4.6723 -1.4238 -11.4318
v  -4.6893 -1.4253 -11.2029
v  -4.7048 -1.3955 -10.9474
v  -4.6033 -1.2372 -11.4287
v  -4.7256 -1.3234 -11.4396
v  -4.6017 -1.2952 -11.4099
v  -4.7287 -1.3595 -11.3800
v  -4.7272 -1.2811 -11.4647
v  -4.6111 -1.3187 -11.3629
v  -4.7303 -1.2310 -11.4694
v  -4.7350 -1.1667 -11.4411
v  -4.6266 -1.3517 -11.1998
v  -4.7269 -1.3893 -11.2013
v  -4.6143 -1.1902 -11.4052
v  -4.6202 -1.3470 -10.9553
v  -4.7173 -1.3752 -10.9506
v  -4.7349 -1.0382 -11.3142
v  -4.6314 -1.0680 -11.2908
v  -4.6218 -0.9285 -11.0901
v  -4.5762 -0.8423 -10.8817
v  -4.5824 -1.2937 -10.7344
v  -4.7080 -0.9285 -13.0289
v  -4.7018 -0.9159 -13.0571
v  -4.7081 -1.1683 -13.1073
v  -4.7018 -1.1636 -13.1371
v  -4.7159 -1.3125 -13.1042
v  -4.7019 -1.2670 -13.1481
v  -4.7158 -0.8156 -12.9427
v  -4.7017 -0.8250 -13.0039
v  -4.6923 -0.7435 -12.9443
v  -4.7019 -1.3689 -13.1465
v  -4.7095 -0.8219 -12.9035
v  -4.7143 -1.3297 -13.0681
v  -4.7173 -1.3736 -12.8722
v  -4.7048 -1.3955 -12.8753
v  -4.7016 -1.4128 -12.8769
v  -4.6889 -1.4253 -12.6199
v  -4.6889 -1.4394 -12.6199
v  -4.7078 -0.8830 -12.7076
v  -4.7203 -0.9018 -12.7186
v  -4.6966 -1.0084 -12.4851
v  -4.7343 -1.0366 -12.5070
v  -4.7342 -1.1667 -12.3800
v  -4.7294 -1.2294 -12.3534
v  -4.6808 -1.1448 -12.3017
v  -4.6635 -1.2294 -12.2374
v  -4.7248 -1.3234 -12.3832
v  -4.7263 -1.2796 -12.3565
v  -4.6541 -1.2874 -12.2202
v  -4.7279 -1.3579 -12.4427
v  -4.7265 -1.3877 -12.6214
v  -4.7046 -0.8673 -12.6982
v  -4.6509 -1.2200 -12.1842
v  -4.6698 -1.1448 -12.2029
v  -4.6871 -1.0821 -12.2860
v  -4.6855 -1.0805 -12.3189
v  -4.6838 -1.0789 -12.1622
v  -4.6759 -1.0601 -12.0870
v  -4.6854 -0.9629 -12.1214
v  -4.6966 -0.9959 -12.4756
v  -4.6933 -1.0335 -12.1951
v  -4.6838 -0.9316 -12.1136
v  -4.6492 -1.1009 -12.0211
v  -4.7058 -0.5037 -12.1982
v  -4.6964 -0.7561 -12.1434
v  -4.4532 -1.7607 -11.9116
v  -4.5962 -0.7341 -10.3598
v  -4.4566 -1.5366 -12.2141
v  -4.4581 -1.1604 -12.1028
v  -4.5789 -1.0350 -12.2955
v  -4.5726 -1.0053 -12.2156
v  -4.5772 -0.9410 -12.1623
v  -4.6010 -0.9567 -12.4428
v  -4.5992 -0.7764 -12.1920
v  -4.6071 -0.5178 -12.2547
v  -4.5962 -0.2796 -12.3174
v  -4.6059 -0.8172 -12.6685
v  -4.5888 -0.6839 -12.8754
v  -4.5974 -0.9081 -11.9412
v  -4.5990 -0.9081 -11.8801
v  -4.6115 -0.8705 -11.8425
v  -4.6302 -0.7247 -11.7625
v  -4.6100 -0.8705 -11.9789
v  -4.6255 -0.4912 -11.6904
v  -4.6289 -0.7247 -12.0603
v  -4.6242 -0.4912 -12.1309
v  -4.5835 -0.2655 -12.1482
v  -4.5847 -0.2655 -11.6732
v  -4.5948 -1.4912 -12.6152
v  -4.6045 -1.4708 -12.8817
v  -4.5728 -1.5147 -12.4507
v  -4.5984 -1.4582 -13.1262
v  -4.5790 -1.6698 -12.4005
v  -4.5712 -1.5852 -12.4052
v  -4.6010 -1.7858 -12.5212
v  -4.6059 -1.9582 -12.7234
v  -4.6982 -1.8297 -12.4929
v  -4.5904 -2.1118 -12.9146
v  -4.5969 -0.4253 -13.2845
v  -4.5763 -0.8407 -12.9413
v  -4.6216 -0.9269 -12.7312
v  -4.6324 -1.0664 -12.5306
v  -4.6135 -1.1886 -12.4177
v  -4.6025 -1.2357 -12.3942
v  -4.6010 -1.2937 -12.4130
v  -4.6104 -1.3187 -12.4600
v  -4.6262 -1.3501 -12.6230
v  -4.6201 -1.3454 -12.8676
v  -4.5827 -1.2921 -13.0870
v  -4.3296 -1.8015 -10.9898
v  -4.3295 -1.4183 -10.9135
v  -4.3303 -1.4183 -11.9151
v  -4.3296 -1.0350 -10.9898
v  -4.3297 -0.7100 -11.2069
v  -4.3300 -0.4929 -11.5318
v  -4.3303 -0.4167 -11.9151
v  -4.3306 -0.4929 -12.2984
v  -4.3309 -0.7100 -12.6233
v  -4.3310 -1.0350 -12.8404
v  -4.3311 -1.4183 -12.9167
v  -4.3310 -1.8015 -12.8404
v  -4.3309 -2.1265 -12.6233
v  -4.3306 -2.3436 -12.2984
v  -4.3303 -2.4198 -11.9151
v  -4.3300 -2.3436 -11.5318
v  -4.3297 -2.1265 -11.2069
v  -4.2422 -1.4289 -10.9150
v  -4.3363 -1.4289 -10.9150
v  -4.2423 -1.7696 -10.9763
v  -4.3363 -1.7696 -10.9762
v  -4.2424 -2.0688 -11.1493
v  -4.3365 -2.0688 -11.1493
v  -4.2419 -2.2905 -12.4092
v  -4.3359 -2.2905 -12.4091
v  -4.2421 -2.0688 -12.6742
v  -4.3361 -2.0688 -12.6741
v  -4.2426 -2.2905 -11.4143
v  -4.3367 -2.2905 -11.4142
v  -4.2429 -2.4094 -11.7387
v  -4.3369 -2.4094 -11.7386
v  -4.2416 -2.4094 -12.0848
v  -4.3356 -2.4094 -12.0847
v  -4.2422 -1.7696 -12.8472
v  -4.3362 -1.7696 -12.8471
v  -4.2422 -1.4289 -12.9085
v  -4.3363 -1.4289 -12.9084
v  -4.2423 -1.0883 -10.9763
v  -4.3363 -1.0883 -10.9762
v  -4.2422 -1.0883 -12.8472
v  -4.3362 -1.0883 -12.8471
v  -4.2421 -0.7873 -12.6742
v  -4.3361 -0.7873 -12.6741
v  -4.2419 -0.5656 -12.4092
v  -4.3359 -0.5656 -12.4091
v  -4.2416 -0.4466 -12.0848
v  -4.3356 -0.4466 -12.0847
v  -4.2429 -0.4466 -11.7387
v  -4.3369 -0.4466 -11.7386
v  -4.2426 -0.5656 -11.4143
v  -4.3367 -0.5656 -11.4142
v  -4.2424 -0.7873 -11.1493
v  -4.3365 -0.7873 -11.1493
v  -4.2465 -1.4183 -10.9136
v  -4.2473 -1.4183 -11.9151
v  -4.2466 -1.0350 -10.9898
v  -4.2466 -1.8015 -10.9898
v  -4.2467 -2.1265 -11.2069
v  -4.2470 -2.3436 -11.5319
v  -4.2473 -2.4198 -11.9151
v  -4.2476 -2.3436 -12.2984
v  -4.2479 -2.1265 -12.6234
v  -4.2480 -1.8015 -12.8405
v  -4.2481 -1.4183 -12.9167
v  -4.2480 -1.0350 -12.8405
v  -4.2479 -0.7100 -12.6234
v  -4.2476 -0.4929 -12.2984
v  -4.2473 -0.4167 -11.9151
v  -4.2470 -0.4929 -11.5319
v  -4.2467 -0.7100 -11.2069
v  -3.5924 -0.7325 -13.4640
v  -4.5971 -0.7325 -13.4632
v  -3.5107 -1.2921 -13.2446
v  -3.5107 -1.0178 -13.1882
v  -3.5404 -1.1745 -13.1114
v  -3.5920 0.0465 -11.0627
v  -3.5402 -0.7075 -12.9060
v  -3.5106 -0.7623 -13.0753
v  -3.5105 -0.5350 -12.9123
v  -4.5967 0.0465 -11.0619
v  -3.5399 -0.3658 -12.5283
v  -3.5103 -0.3470 -12.7054
v  -3.5101 -0.2043 -12.4641
v  -3.5395 -0.2075 -12.0440
v  -3.5099 -0.1166 -12.1976
v  -3.5916 0.1907 -12.4373
v  -4.5960 0.2643 -12.0886
v  -4.5963 0.1907 -12.4365
v  -3.5097 -0.0868 -11.9186
v  -3.5110 -0.1134 -11.6412
v  -3.5108 -0.1996 -11.3747
v  -3.5407 -0.2592 -11.5361
v  -3.5403 -0.5131 -11.0941
v  -3.5106 -0.3376 -11.1302
v  -3.5104 -0.5241 -10.9217
v  -3.5401 -0.9238 -10.7948
v  -3.5103 -0.7498 -10.7556
v  -3.5102 -1.0053 -10.6412
v  -3.5400 -1.4222 -10.6866
v  -3.5102 -1.2780 -10.5816
v  -3.5102 -1.5586 -10.5801
v  -3.5401 -1.9206 -10.7916
v  -3.5102 -1.8328 -10.6365
v  -3.5103 -2.0883 -10.7493
v  -3.5403 -2.3344 -11.0894
v  -3.5104 -2.3156 -10.9123
v  -3.5106 -2.5037 -11.1192
v  -3.5407 -2.5899 -11.5299
v  -3.5108 -2.6463 -11.3606
v  -3.5110 -2.7341 -11.6271
v  -3.5395 -2.6448 -12.0377
v  -3.5112 -2.7639 -11.9061
v  -3.5099 -2.7372 -12.1835
v  -3.5399 -2.4880 -12.5220
v  -3.5101 -2.6510 -12.4499
v  -3.5103 -2.5131 -12.6929
v  -3.5402 -2.1479 -12.9013
v  -3.5104 -2.3266 -12.9029
v  -3.5106 -2.1009 -13.0691
v  -3.5404 -1.6824 -13.1098
v  -3.5107 -1.8454 -13.1835
v  -3.5107 -1.5727 -13.2430
v  -4.5741 -1.5586 -12.1591
v  -4.5852 -1.5727 -12.2641
v  -4.5820 -1.5962 -12.2077
v  -4.5742 -1.4739 -12.2234
v  -4.5694 -1.4990 -12.1670
v  -4.5805 -1.5115 -12.2720
v  -4.5741 -1.2247 -12.1058
v  -4.5866 -1.1291 -12.1513
v  -4.5804 -1.1902 -12.1560
v  -4.5771 -1.1385 -12.0447
v  -4.5709 -1.1996 -12.0510
v  -4.5835 -1.1024 -12.0949
v  -4.5768 -1.5601 -11.6529
v  -4.5752 -1.4755 -11.5886
v  -4.5721 -1.4990 -11.6450
v  -4.5877 -1.5742 -11.5463
v  -4.5846 -1.5977 -11.6027
v  -4.5830 -1.5131 -11.5400
v  -4.5753 -1.2247 -11.7062
v  -4.5785 -1.1385 -11.7673
v  -4.5738 -1.1996 -11.7626
v  -4.5878 -1.1291 -11.6623
v  -4.5831 -1.1902 -11.6560
v  -4.5847 -1.1024 -11.7171
v  -4.6507 -2.5868 -11.9271
v  -4.6523 -2.5868 -11.8957
v  -4.7369 -2.5209 -11.9239
v  -4.6350 -2.5617 -11.8848
v  -4.7385 -2.5209 -11.8988
v  -4.7244 -2.5006 -11.8894
v  -4.7150 -2.4880 -11.9114
v  -4.7228 -2.5006 -11.9333
v  -4.6335 -2.5617 -11.9381
v  -4.6241 -2.5993 -11.9114
v  -4.6171 -1.1871 -13.0337
v  -4.6171 -1.6636 -13.0337
v  -4.6170 -2.0993 -12.8393
v  -4.6170 -0.7513 -12.8393
v  -4.6167 -2.4190 -12.4851
v  -4.6167 -0.4316 -12.4851
v  -4.6163 -2.5664 -12.0321
v  -4.6163 -0.2843 -12.0321
v  -4.6175 -2.5162 -11.5572
v  -4.6175 -0.3344 -11.5572
v  -4.6172 -2.2780 -11.1434
v  -4.6172 -0.5727 -11.1434
v  -4.6170 -1.8924 -10.8629
v  -4.6170 -0.9582 -10.8629
v  -4.6169 -1.4253 -10.7641
v  -4.7238 -1.0852 -13.2092
v  -4.5952 -0.9222 -13.0572
v  -4.7239 -1.2216 -13.2374
v  -4.7238 -0.9504 -13.1668
v  -4.5953 -1.4316 -13.1622
v  -4.7239 -1.5021 -13.2515
v  -4.7239 -1.6416 -13.2358
v  -4.7237 -0.6996 -13.0399
v  -4.5950 -0.5006 -12.7532
v  -4.7239 -1.3626 -13.2515
v  -4.7236 -0.5868 -12.9584
v  -4.7234 -0.3031 -12.6480
v  -4.5946 -0.2372 -12.3049
v  -4.7232 -0.1745 -12.3988
v  -4.7233 -0.2325 -12.5274
v  -4.7231 -0.1307 -12.2656
v  -4.7230 -0.1009 -12.1277
v  -4.5958 -0.1808 -11.7876
v  -4.7243 -0.0852 -11.8487
v  -4.7229 -0.0852 -11.9882
v  -4.7242 -0.0993 -11.7076
v  -4.7241 -0.1275 -11.5712
v  -4.5954 -0.3391 -11.2923
v  -4.7239 -0.2263 -11.3079
v  -4.7240 -0.1698 -11.4365
v  -4.7238 -0.2952 -11.1857
v  -4.7237 -0.3783 -11.0728
v  -4.5950 -0.6839 -10.9036
v  -4.7235 -0.5758 -10.8722
v  -4.7236 -0.4708 -10.9678
v  -4.7235 -0.6887 -10.7891
v  -4.7234 -0.8093 -10.7186
v  -4.5949 -1.1589 -10.6889
v  -4.7233 -1.0711 -10.6167
v  -4.7234 -0.9379 -10.6606
v  -4.7233 -1.2090 -10.5869
v  -4.7233 -1.3485 -10.5712
v  -4.5949 -1.6792 -10.6858
v  -4.7233 -1.6275 -10.5854
v  -4.7233 -1.4880 -10.5712
v  -4.7233 -1.7654 -10.6136
v  -4.7234 -1.9002 -10.6559
v  -4.5950 -2.1557 -10.8958
v  -4.7235 -2.1510 -10.7813
v  -4.7234 -2.0288 -10.7123
v  -4.7235 -2.2639 -10.8644
v  -4.7236 -2.3689 -10.9568
v  -4.5953 -2.5053 -11.2798
v  -4.7238 -2.5476 -11.1747
v  -4.7237 -2.4645 -11.0618
v  -4.7239 -2.6181 -11.2954
v  -4.7240 -2.6761 -11.4239
v  -4.5957 -2.6683 -11.7735
v  -4.7242 -2.7498 -11.6951
v  -4.7241 -2.7200 -11.5571
v  -4.7243 -2.7654 -11.8346
v  -4.7229 -2.7654 -11.9741
v  -4.5946 -2.6165 -12.2923
v  -4.7231 -2.7231 -12.2515
v  -4.7230 -2.7513 -12.1151
v  -4.7232 -2.6808 -12.3863
v  -4.7233 -2.6244 -12.5148
v  -4.5950 -2.3595 -12.7438
v  -4.7235 -2.4723 -12.7499
v  -4.7234 -2.5538 -12.6371
v  -4.7236 -2.3799 -12.8549
v  -4.7236 -2.2748 -12.9505
v  -4.5952 -1.9394 -13.0510
v  -4.7238 -2.0413 -13.1042
v  -4.7237 -2.1620 -13.0336
v  -4.7238 -1.9128 -13.1621
v  -4.7238 -1.7796 -13.2060
v  -4.7238 -0.8219 -13.1104
v  -4.7235 -0.3861 -12.7609
v  -4.7236 -0.4818 -12.8659
v  -4.6171 -1.7968 -13.0353
v  -4.6172 -1.5554 -13.0886
v  -4.7049 -1.8187 -13.0995
v  -4.7049 -2.0570 -12.9913
v  -4.6170 -2.0225 -12.9334
v  -4.7047 -2.2670 -12.8361
v  -4.6169 -2.2216 -12.7876
v  -4.7046 -2.4410 -12.6418
v  -4.6168 -2.3877 -12.6027
v  -4.7044 -2.5711 -12.4145
v  -4.6166 -2.5100 -12.3879
v  -4.7042 -2.6510 -12.1653
v  -4.6164 -2.5852 -12.1513
v  -4.7056 -2.6761 -11.9051
v  -4.6178 -2.6103 -11.9052
v  -4.7054 -2.6479 -11.6449
v  -4.6176 -2.5821 -11.6591
v  -4.7052 -2.5648 -11.3973
v  -4.6174 -2.5053 -11.4240
v  -4.7050 -2.4332 -11.1700
v  -4.6172 -2.3799 -11.2108
v  -4.7048 -2.2576 -10.9772
v  -4.6171 -2.2137 -11.0274
v  -4.7047 -2.0444 -10.8252
v  -4.6170 -2.0115 -10.8832
v  -4.7046 -1.8062 -10.7202
v  -4.6169 -1.7858 -10.7829
v  -4.7046 -1.5491 -10.6669
v  -4.6169 -1.5429 -10.7328
v  -4.7046 -1.2874 -10.6684
v  -4.6169 -1.2952 -10.7343
v  -4.7046 -1.0319 -10.7233
v  -4.6169 -1.0539 -10.7876
v  -4.7047 -0.7937 -10.8315
v  -4.6170 -0.8282 -10.8895
v  -4.7048 -0.5836 -10.9866
v  -4.6171 -0.6291 -11.0353
v  -4.7050 -0.4097 -11.1810
v  -4.6172 -0.4630 -11.2202
v  -4.7052 -0.2796 -11.4082
v  -4.6174 -0.3407 -11.4350
v  -4.7054 -0.1996 -11.6575
v  -4.6176 -0.2655 -11.6716
v  -4.7040 -0.1745 -11.9177
v  -4.6162 -0.2404 -11.9177
v  -4.7042 -0.2028 -12.1778
v  -4.6164 -0.2686 -12.1638
v  -4.7044 -0.2858 -12.4255
v  -4.6166 -0.3454 -12.3989
v  -4.7046 -0.4175 -12.6528
v  -4.6168 -0.4708 -12.6121
v  -4.7047 -0.5930 -12.8455
v  -4.6169 -0.6369 -12.7955
v  -4.7049 -0.8062 -12.9976
v  -4.6170 -0.8391 -12.9397
v  -4.7049 -1.0444 -13.1026
v  -4.6171 -1.0648 -13.0400
v  -4.7050 -1.3015 -13.1559
v  -4.6172 -1.3078 -13.0901
v  -4.7050 -1.5633 -13.1543
# 894 vertices

vn -0.3933 0.3666 0.8431
vn -0.4698 -0.2064 0.8583
vn -0.4306 -0.2160 0.8763
vn -0.4704 -0.1958 0.8604
vn -0.4413 0.0489 0.8960
vn -0.4947 -0.1806 0.8501
vn -0.5513 -0.1692 0.8170
vn -0.5047 -0.1197 0.8550
vn -0.6363 -0.1686 0.7528
vn -0.3918 0.9164 0.0819
vn -0.3939 0.8909 0.2262
vn -0.4371 0.8673 -0.2383
vn -0.3279 0.7646 0.5548
vn -0.2766 0.7781 0.5640
vn -0.3917 0.5007 0.7719
vn -0.4230 0.7725 -0.4735
vn -0.4660 0.7573 -0.4576
vn -0.4671 0.7627 -0.4474
vn -0.4925 0.7578 -0.4280
vn -0.5534 0.7288 -0.4034
vn -0.5021 0.7837 -0.3657
vn -0.6451 0.6639 -0.3783
vn -0.4103 0.5645 -0.7163
vn -0.4326 0.2966 -0.8514
vn -0.9853 0.0829 -0.1493
vn -0.4557 -0.3188 -0.8311
vn -0.4928 -0.7827 -0.3803
vn -0.5385 -0.7844 0.3079
vn -0.5510 -0.2289 0.8025
vn -0.5127 0.4865 0.7074
vn -0.4601 0.7502 0.4749
vn -0.4251 0.8901 -0.1644
vn -0.3927 -0.5435 -0.7419
vn -0.4086 -0.7468 -0.5247
vn -0.9848 -0.1512 -0.0857
vn -0.4206 -0.9060 0.0486
vn -0.4640 -0.5998 0.6519
vn -0.4855 0.0445 0.8731
vn -0.5295 0.6654 0.5262
vn -0.5090 0.8320 -0.2208
vn -0.4563 0.6881 -0.5641
vn -0.4207 0.1017 -0.9015
vn -0.4045 -0.7027 -0.5853
vn -0.4056 -0.7019 -0.5855
vn -0.4030 -0.9152 -0.0014
vn -0.4046 -0.7024 0.5856
vn -0.4012 -0.7023 0.5881
vn -0.3977 -0.7022 0.5906
vn -0.4006 0.8598 -0.3167
vn -0.4034 0.8592 -0.3147
vn -0.4062 0.8586 -0.3128
vn -0.4055 0.8581 0.3149
vn -0.4024 0.8600 0.3138
vn -0.3994 0.8619 0.3126
vn -0.4010 0.4609 0.7917
vn -0.4027 0.4597 0.7915
vn -0.4214 0.2650 0.8673
vn -0.4227 0.0476 0.9050
vn -0.4034 -0.1610 0.9007
vn -0.4049 -0.1617 0.8999
vn -1.0000 -0.0003 -0.0010
vn -1.0000 0.0011 -0.0020
vn -1.0000 0.0057 -0.0040
vn -1.0000 0.0025 -0.0015
vn -1.0000 0.0042 -0.0018
vn -1.0000 0.0070 -0.0018
vn -0.0008 -0.3096 -0.9509
vn 0.2563 -0.3877 -0.8854
vn -0.3076 -0.3892 -0.8683
vn -0.0007 -0.4976 -0.8674
vn -0.5827 -0.2515 -0.7728
vn 0.5619 -0.4131 -0.7167
vn 0.5678 -0.4094 -0.7141
vn 0.3467 -0.2903 -0.8919
vn 0.0008 -0.3083 0.9513
vn 0.2567 -0.2048 0.9445
vn -0.3072 -0.1928 0.9319
vn 0.0008 -0.1017 0.9948
vn -0.5820 -0.2514 0.7734
vn 0.5669 -0.0867 0.8192
vn -0.5838 -0.2502 0.7724
vn 0.5579 -0.0844 0.8256
vn 0.3498 -0.2889 0.8912
vn 0.0000 -1.0000 0.0000
vn 0.2514 -0.9631 0.0962
vn -0.3040 -0.9472 0.1019
vn 0.0002 -0.9783 0.2071
vn -0.5766 -0.8170 -0.0022
vn 0.5534 -0.8145 0.1744
vn 0.5608 -0.8101 0.1711
vn 0.3335 -0.9427 0.0012
vn -0.0003 -0.9138 -0.4061
vn 0.2530 -0.9186 -0.3035
vn -0.3055 -0.9069 -0.2904
vn -0.0002 -0.9783 -0.2071
vn -0.5779 -0.7453 -0.3325
vn 0.5594 -0.8106 -0.1732
vn -0.5812 -0.7438 -0.3301
vn 0.5560 -0.8131 -0.1726
vn 0.3421 -0.8586 -0.3819
vn 0.0006 0.6685 0.7437
vn 0.0008 0.1017 0.9948
vn 0.2563 0.1947 0.9468
vn -0.3052 0.2009 0.9309
vn 0.0008 0.3096 0.9509
vn -0.5824 0.0868 0.8083
vn 0.5645 0.2555 0.7849
vn -0.5732 0.0833 0.8152
vn 0.3433 0.0955 0.9344
vn -0.0005 0.8087 -0.5883
vn 0.2560 0.7216 -0.6433
vn -0.3073 0.7047 -0.6394
vn -0.0006 0.6685 -0.7437
vn -0.5812 0.6588 -0.4777
vn 0.5652 0.5521 -0.6129
vn -0.5824 0.6578 -0.4776
vn 0.5614 0.5530 -0.6157
vn 0.3475 0.7584 -0.5514
vn -0.0008 0.1017 -0.9948
vn 0.2551 0.0046 -0.9669
vn -0.3051 -0.0026 -0.9523
vn -0.0008 -0.1017 -0.9948
vn -0.5743 0.0875 -0.8140
vn 0.5595 -0.0871 -0.8243
vn -0.5834 0.0826 -0.8079
vn 0.5684 -0.0836 -0.8185
vn 0.3419 0.0955 -0.9349
vn 0.0002 0.9783 0.2071
vn 0.2521 0.9618 0.1063
vn -0.3041 0.9478 0.0957
vn 0.0000 1.0000 0.0000
vn -0.5765 0.7992 0.1701
vn 0.5561 0.8311 0.0008
vn 0.5598 0.8286 0.0020
vn 0.3355 0.9217 0.1949
vn -0.9790 -0.0672 -0.1922
vn -0.9985 0.0148 0.0532
vn -0.9985 0.0077 0.0547
vn -0.9738 0.0467 0.2227
vn -0.9742 0.0116 0.2254
vn -0.9999 -0.0062 0.0106
vn -0.9741 -0.0233 0.2248
vn -0.9774 -0.0179 -0.2106
vn -0.9986 0.0285 0.0452
vn -0.9791 -0.1024 -0.1755
vn -0.9748 0.0887 0.2046
vn -0.9744 0.0651 0.2151
vn -0.9985 0.0377 0.0395
vn -0.9772 -0.1387 -0.1605
vn -0.9742 0.1341 0.1815
vn -0.9739 0.1124 0.1972
vn -0.9984 0.0434 0.0351
vn -0.9790 -0.1678 -0.1156
vn -0.9741 0.1676 0.1518
vn -0.9739 0.1554 0.1652
vn -0.9985 0.0501 0.0203
vn -0.9793 -0.1855 -0.0810
vn -0.9745 0.1930 0.1148
vn -0.9741 0.1794 0.1378
vn -0.9986 0.0521 0.0076
vn -0.9768 -0.2081 -0.0498
vn -0.9740 0.2159 0.0690
vn -0.9736 0.2080 0.0936
vn -0.9985 0.0541 -0.0001
vn -0.9788 -0.2047 0.0008
vn -0.9749 0.2218 0.0209
vn -0.9748 0.2195 0.0411
vn -0.9986 0.0518 -0.0128
vn -0.9792 -0.1982 0.0440
vn -0.9749 0.2217 -0.0231
vn -0.9746 0.2241 0.0008
vn -0.9986 0.0479 -0.0230
vn -0.9768 -0.1975 0.0823
vn -0.9741 0.2148 -0.0710
vn -0.9738 0.2227 -0.0461
vn -0.9985 0.0462 -0.0299
vn -0.9791 -0.1609 0.1246
vn -0.9748 0.1928 -0.1118
vn -0.9747 0.2017 -0.0961
vn -0.9986 0.0336 -0.0404
vn -0.9788 -0.1367 0.1523
vn -0.9743 0.1698 -0.1478
vn -0.9739 0.1876 -0.1280
vn -0.9986 0.0250 -0.0467
vn -0.9767 -0.1117 0.1831
vn -0.9745 0.1304 -0.1826
vn -0.9742 0.1513 -0.1673
vn -0.9985 0.0195 -0.0519
vn -0.9791 -0.0571 0.1954
vn -0.9746 0.0908 -0.2045
vn -0.9745 0.1079 -0.1967
vn -0.9986 0.0029 -0.0521
vn -0.9788 -0.0221 0.2036
vn -0.9741 0.0503 -0.2203
vn -0.9737 0.0760 -0.2147
vn -0.9986 -0.0076 -0.0517
vn -0.9766 0.0172 0.2142
vn -0.9748 -0.0028 -0.2233
vn -0.9745 0.0230 -0.2232
vn -0.9986 -0.0142 -0.0518
vn -0.9788 0.0681 0.1933
vn -0.9747 -0.0469 -0.2186
vn -0.9745 -0.0289 -0.2224
vn -0.9986 -0.0291 -0.0441
vn -0.9789 0.1024 0.1770
vn -0.9746 -0.0890 -0.2053
vn -0.9742 -0.0647 -0.2163
vn -0.9985 -0.0381 -0.0383
vn -0.9773 0.1378 0.1611
vn -0.9745 -0.1345 -0.1796
vn -0.9742 -0.1133 -0.1950
vn -0.9985 -0.0438 -0.0339
vn -0.9790 0.1671 0.1166
vn -0.9743 -0.1676 -0.1502
vn -0.9742 -0.1554 -0.1636
vn -0.9986 -0.0499 -0.0185
vn -0.9790 0.1860 0.0832
vn -0.9744 -0.1937 -0.1144
vn -0.9739 -0.1802 -0.1378
vn -0.9986 -0.0521 -0.0102
vn -0.9768 0.2081 0.0511
vn -0.9742 -0.2154 -0.0669
vn -0.9740 -0.2073 -0.0912
vn -0.9985 -0.0543 -0.0047
vn -0.9790 0.2036 -0.0094
vn -0.9749 -0.2215 -0.0246
vn -0.9747 -0.2199 -0.0398
vn -0.9985 -0.0519 0.0144
vn -0.9792 0.1983 -0.0422
vn -0.9748 -0.2222 0.0190
vn -0.9743 -0.2251 -0.0104
vn -0.9985 -0.0488 0.0250
vn -0.9771 0.1967 -0.0808
vn -0.9740 -0.2147 0.0727
vn -0.9737 -0.2227 0.0474
vn -0.9984 -0.0465 0.0318
vn -0.9793 0.1613 -0.1226
vn -0.9742 -0.1950 0.1138
vn -0.9740 -0.2040 0.0980
vn -0.9986 -0.0336 0.0420
vn -0.9791 0.1366 -0.1507
vn -0.9741 -0.1697 0.1495
vn -0.9737 -0.1874 0.1298
vn -0.9985 -0.0250 0.0483
vn -0.9770 0.1118 -0.1816
vn -0.9742 -0.1304 0.1842
vn -0.9740 -0.1513 0.1689
vn -0.9984 -0.0195 0.0535
vn -0.9794 0.0571 -0.1938
vn -0.9743 -0.0908 0.2061
vn -0.9742 -0.1079 0.1983
vn -0.9738 -0.0505 0.2219
vn -0.9734 -0.0760 0.2163
vn -0.9791 0.0223 -0.2021
vn -0.9791 -0.0216 -0.2021
vn -0.9752 0.1654 0.1472
vn -0.9660 0.2516 0.0600
vn -0.9502 0.2962 0.0963
vn -0.9803 0.0311 0.1951
vn -0.9627 0.2679 0.0382
vn -0.9755 0.2183 0.0261
vn -0.9809 0.1940 0.0116
vn -0.9769 0.2123 -0.0224
vn -0.9810 0.1925 -0.0240
vn -0.9631 0.2667 -0.0363
vn -0.9664 0.2505 -0.0584
vn -0.9755 0.1643 -0.1461
vn -0.9510 0.2941 -0.0957
vn -0.9806 0.0311 -0.1936
vn -0.9734 -0.2113 -0.0891
vn -0.9999 -0.0137 0.0001
vn -0.9653 -0.1263 -0.2288
vn -0.9829 0.1066 -0.1502
vn -0.9583 0.2480 -0.1418
vn -0.9662 -0.1153 -0.2306
vn -0.9465 -0.1524 -0.2843
vn -0.9750 -0.2149 -0.0561
vn -0.9646 -0.2633 -0.0171
vn -0.9752 -0.2207 -0.0166
vn -0.9752 -0.2153 0.0506
vn -0.9751 -0.2004 0.0956
vn -0.9752 -0.1550 0.1582
vn -0.9731 -0.2143 0.0848
vn -0.9684 -0.2186 -0.1201
vn -0.9762 -0.2073 -0.0637
vn -0.9429 -0.1709 0.2858
vn -0.9517 -0.1585 0.2629
vn -0.9580 -0.1326 0.2542
vn -0.9727 -0.0923 0.2129
vn -0.9826 0.0974 0.1579
vn -0.9793 0.1488 0.1373
vn -0.9953 0.0908 0.0325
vn -0.9792 0.1437 0.1432
vn -0.9907 0.0853 0.1063
vn -0.9698 0.0446 0.2396
vn -0.9590 -0.0801 0.2719
vn -0.9446 -0.1291 0.3019
vn -0.9586 0.1220 0.2574
vn -0.9637 0.1878 0.1899
vn -0.9881 0.0252 0.1519
vn -0.9461 0.1333 0.2950
vn -0.9293 0.2422 0.2787
vn -0.9512 0.0227 0.3077
vn -0.9938 0.0609 0.0932
vn -0.9978 -0.0406 0.0518
vn -0.9318 0.3230 0.1654
vn -0.9144 0.3739 0.1554
vn -0.9094 0.3780 0.1736
vn -0.9527 0.2666 0.1459
vn -0.9421 0.2550 0.2177
vn -0.9872 0.1590 -0.0084
vn -0.9417 0.2539 -0.2209
vn -0.8579 0.4560 0.2369
vn -0.9099 0.3765 -0.1741
vn -0.8774 0.4160 -0.2391
vn -0.9074 0.3935 -0.1473
vn -0.9246 0.3489 -0.1532
vn -0.9579 0.2136 -0.1921
vn -0.9931 0.0695 -0.0948
vn -0.9855 0.0395 -0.1651
vn -0.9980 -0.0405 -0.0491
vn -0.9539 0.0929 -0.2854
vn -0.9663 0.0153 -0.2568
vn -0.9666 0.1609 -0.1994
vn -0.9222 0.1543 -0.3546
vn -0.9277 0.0407 -0.3710
vn -0.9045 0.2659 -0.3335
vn -0.9986 0.0465 -0.0265
vn -0.9977 0.0468 -0.0500
vn -0.9959 0.0850 0.0296
vn -0.9987 0.0507 0.0021
vn -0.9987 0.0271 -0.0427
vn -0.8583 -0.3957 0.3267
vn -0.8347 -0.3272 0.4429
vn -0.8734 -0.4480 0.1908
vn -0.7724 -0.2204 0.5957
vn -0.7956 -0.2526 0.5507
vn -0.7877 -0.3956 0.4722
vn -0.8400 -0.4480 0.3061
vn -0.8522 -0.1423 0.5036
vn -0.7863 -0.1471 0.6001
vn -0.7128 -0.2412 0.6586
vn -0.8735 -0.4686 0.1318
vn -0.8833 -0.4682 0.0242
vn -0.8843 -0.4667 -0.0160
vn -0.8822 -0.4705 -0.0182
vn -0.8823 -0.4686 -0.0450
vn -0.8742 -0.4433 -0.1984
vn -0.8737 -0.4686 -0.1304
vn -0.7965 -0.3850 -0.4663
vn -0.8475 -0.4291 -0.3124
vn -0.8588 -0.3957 -0.3254
vn -0.8399 -0.3267 -0.4334
vn -0.8068 -0.2523 -0.5342
vn -0.7870 -0.2181 -0.5771
vn -0.8029 -0.1427 -0.5788
vn -0.8688 -0.1378 -0.4757
vn -0.7274 -0.2389 -0.6433
vn -0.9930 0.1019 0.0594
vn -0.9930 0.1012 0.0606
vn -0.9948 0.1014 -0.0129
vn -0.9911 0.1010 -0.0863
vn -0.9912 0.1016 -0.0852
vn -0.4423 -0.0636 -0.8946
vn -0.5611 0.8278 -0.0054
vn 0.0841 0.7371 -0.6705
vn 0.5291 0.8239 0.2030
vn 0.5306 0.8267 -0.1873
vn -0.8115 -0.5840 -0.0207
vn -0.4449 -0.0602 0.8935
vn -0.9865 -0.1275 -0.1027
vn -0.9901 -0.0448 -0.1334
vn -0.9806 -0.0793 -0.1794
vn -0.9868 -0.1523 -0.0557
vn -0.9843 -0.1746 -0.0251
vn -0.9811 -0.1266 -0.1466
vn -0.9787 -0.1639 -0.1237
vn -0.9867 -0.1611 -0.0215
vn -0.9670 -0.2405 -0.0843
vn -0.9681 -0.2131 -0.1320
vn -0.9918 -0.0452 -0.1197
vn -0.9971 -0.0272 -0.0714
vn -0.9955 -0.0623 -0.0720
vn -0.9981 -0.0607 0.0105
vn -0.9961 -0.0565 0.0678
vn -0.9863 -0.0778 0.1457
vn -0.9986 -0.0510 -0.0159
vn -0.4055 -0.1559 -0.9007
vn -0.4238 0.0502 -0.9044
vn -0.4223 0.2634 -0.8673
vn -0.4039 -0.1570 -0.9012
vn -0.4036 0.4562 -0.7930
vn -0.4014 0.4556 -0.7945
vn 0.9880 0.0768 -0.1340
vn 0.9885 0.0465 -0.1441
vn 0.9884 -0.0158 -0.1509
vn 0.9879 0.0162 -0.1541
vn 0.9885 0.1006 -0.1125
vn 0.9881 0.1242 -0.0910
vn 0.9886 0.1332 -0.0708
vn 0.9881 0.1509 -0.0303
vn 0.9886 0.1505 -0.0098
vn 0.9882 0.1502 0.0315
vn 0.9887 0.1413 0.0506
vn 0.9888 0.1002 0.1105
vn 0.9883 0.1238 0.0891
vn 0.9883 0.0765 0.1318
vn 0.9888 0.0463 0.1419
vn 0.9888 -0.0157 0.1486
vn 0.9883 0.0161 0.1518
vn 0.9883 -0.0475 0.1452
vn 0.9887 -0.0660 0.1347
vn 0.9886 -0.1220 0.0878
vn 0.9882 -0.1031 0.1136
vn 0.9881 -0.1408 0.0620
vn 0.9885 -0.1450 0.0420
vn 0.9882 -0.1533 0.0020
vn 0.9885 -0.1496 -0.0200
vn 0.9885 -0.1220 -0.0894
vn 0.9880 -0.1408 -0.0635
vn 0.9880 -0.1544 0.0015
vn 0.9880 -0.1031 -0.1152
vn 0.9884 -0.0847 -0.1261
vn 0.9879 -0.0477 -0.1475
vn -0.5812 -0.4051 -0.7058
vn -0.5863 -0.4053 -0.7014
vn -1.0000 0.0001 0.0008
vn -1.0000 -0.0038 -0.0018
vn -0.9999 -0.0102 0.0009
vn -0.9999 -0.0117 -0.0026
vn -0.9999 -0.0154 0.0045
vn -1.0000 -0.0092 0.0031
vn -1.0000 -0.0017 0.0010
vn -1.0000 -0.0072 0.0007
vn -0.9999 -0.0138 0.0019
vn -0.9999 -0.0120 0.0039
vn 0.5590 -0.6712 0.4868
vn 0.2546 -0.8403 0.4787
vn 0.0003 -0.9131 0.4078
vn 0.5644 -0.6692 0.4833
vn 0.3404 -0.8587 0.3832
vn -0.3041 -0.8235 0.4788
vn 0.0005 -0.8104 0.5858
vn -0.5775 -0.7452 0.3334
vn -0.5771 -0.6617 0.4787
vn -0.5804 -0.6588 0.4786
vn -0.9744 -0.1644 -0.1533
vn -0.9798 -0.1530 -0.1287
vn -0.9772 -0.1830 -0.1078
vn -0.9817 -0.1657 -0.0935
vn -0.9646 -0.2325 -0.1242
vn -0.9676 -0.2331 -0.0972
vn -0.9642 -0.1889 -0.1862
vn -0.9590 -0.1601 -0.2339
vn -0.9505 0.0678 -0.3032
vn -0.9209 -0.1533 -0.3584
vn -0.9761 -0.2159 0.0233
vn -0.9527 -0.2896 -0.0926
vn -0.9299 0.2854 -0.2319
vn -0.9807 -0.1379 0.1388
vn -0.8696 -0.2796 0.4070
vn -0.9285 -0.2050 0.3098
vn -0.9598 -0.1599 0.2305
vn -0.9858 -0.0967 0.1373
vn -0.9956 -0.0663 0.0670
vn -0.9954 0.0105 0.0949
vn -0.9983 0.0264 0.0525
vn -0.9979 0.0496 0.0416
vn -0.9980 0.0612 0.0143
vn -0.9983 0.0503 -0.0298
vn -0.9917 0.1144 0.0581
vn -0.9969 0.0656 0.0428
vn -0.9855 0.1689 0.0166
vn -0.9583 0.2440 0.1489
vn -0.9315 0.2437 0.2702
vn -0.9155 0.2499 0.3155
vn -0.9262 0.2280 0.3003
vn -0.9247 0.2800 0.2580
vn -0.9542 0.2978 -0.0280
vn -0.9573 0.2443 -0.1547
vn -0.9746 0.2241 -0.0023
vn -0.9222 0.3867 -0.0059
vn -0.9202 0.3858 -0.0668
vn -0.9208 0.3861 0.0550
vn -0.9210 0.2947 -0.2547
vn -0.9241 0.2329 -0.3031
vn -0.9132 0.2506 -0.3214
vn -0.9295 0.2453 -0.2754
vn -0.9917 0.1151 -0.0573
vn -0.9985 0.0473 0.0270
vn -0.9970 0.0663 -0.0401
vn -0.9979 0.0480 -0.0428
vn -0.9983 0.0250 -0.0534
vn -0.9955 0.0096 -0.0939
vn -0.9981 0.0580 -0.0186
vn -0.4311 -0.5591 0.7082
vn -0.4644 -0.3478 0.8145
vn -0.4627 -0.3371 0.8199
vn -0.4906 -0.3528 0.7968
vn -0.5531 -0.3425 0.7595
vn -0.5014 -0.4112 0.7613
vn -0.3834 -0.7868 0.4837
vn -0.4175 -0.3423 0.8418
vn -0.6470 -0.3021 0.7001
vn -0.3825 -0.8522 0.3571
vn -0.3254 -0.9455 -0.0069
vn -0.2747 -0.9615 -0.0108
vn -0.3849 -0.7813 -0.4913
vn -0.3891 -0.8483 -0.3592
vn -0.4335 -0.5575 -0.7080
vn -0.4625 -0.3373 -0.8200
vn -0.4126 -0.3370 -0.8463
vn -0.4657 -0.3486 -0.8134
vn -0.4918 -0.3551 -0.7950
vn -0.5544 -0.3425 -0.7585
vn -0.5027 -0.4094 -0.7614
vn -0.6485 -0.2997 -0.6998
vn -0.5822 -0.0826 0.8089
vn -0.5747 -0.0866 0.8138
vn -0.2785 -0.7800 -0.5604
vn -0.3398 -0.9001 -0.2727
vn -0.3278 -0.9418 -0.0741
vn -0.3269 -0.9085 0.2605
vn -0.3416 -0.9109 0.2314
vn -0.3027 -0.8083 0.5049
vn -0.3326 -0.8435 0.4218
vn -0.3970 -0.8516 -0.3423
vn -0.3588 -0.7561 -0.5473
vn -0.3018 -0.6208 -0.7236
vn -0.3090 -0.4141 -0.8562
vn -0.2976 -0.1824 -0.9371
vn -0.3263 -0.0377 -0.9445
vn -0.3450 0.0401 -0.9378
vn -0.3411 -0.0678 -0.9376
vn -0.3113 0.2271 -0.9228
vn -0.3425 0.2040 -0.9171
vn -0.3313 0.1380 -0.9334
vn -0.3472 0.3241 -0.8800
vn -0.3012 0.3710 -0.8784
vn -0.2670 0.4199 -0.8674
vn -0.2383 0.5529 -0.7984
vn -0.2178 0.5883 -0.7788
vn -0.1864 0.6949 -0.6946
vn 0.5604 -0.4140 0.7174
vn 0.2563 -0.5729 0.7785
vn 0.0006 -0.6685 0.7437
vn -0.3054 -0.5579 0.7717
vn 0.0007 -0.5028 0.8644
vn -0.5793 -0.5453 0.6059
vn 0.5698 -0.4134 0.7102
vn -0.5810 -0.5438 0.6055
vn -0.5784 -0.4099 0.7052
vn 0.3422 -0.6283 0.6987
vn -0.5838 -0.4058 0.7032
vn -0.2730 -0.7099 0.6493
vn -0.2611 -0.6963 0.6686
vn -0.2290 -0.5841 0.7787
vn -0.2054 -0.5490 0.8102
vn -0.1686 -0.4160 0.8936
vn -0.8804 0.3722 -0.2940
vn -0.9892 0.1435 -0.0309
vn -0.9827 0.1293 -0.1329
vn -0.9724 -0.2240 0.0651
vn -0.9898 0.1219 -0.0744
vn -0.8626 0.4998 0.0777
vn -0.8336 0.5519 -0.0242
vn -0.8209 0.5401 -0.1853
vn -0.7835 0.5351 -0.3158
vn -0.8432 0.5351 -0.0515
vn -0.8765 0.3123 0.3663
vn -0.8618 0.2167 0.4586
vn -0.8632 0.2633 0.4308
vn -0.8825 0.3764 0.2821
vn -0.8826 0.3805 0.2761
vn -0.8758 0.4383 0.2022
vn -0.8635 0.4828 0.1459
vn -0.8445 0.1166 0.5227
vn -0.8244 -0.0053 0.5661
vn -0.7900 -0.1271 0.5997
vn -0.7725 -0.1733 0.6109
vn -0.7933 -0.2301 0.5637
vn -0.8717 -0.1636 0.4619
vn -0.7030 -0.1989 0.6828
vn -0.7786 0.0231 0.6271
vn -0.8341 0.1498 0.5309
vn 0.5632 -0.6682 -0.4861
vn 0.2553 -0.7158 -0.6500
vn -0.0006 -0.6709 -0.7415
vn -0.3080 -0.7099 -0.6333
vn -0.0005 -0.8089 -0.5879
vn 0.5619 -0.6692 -0.4863
vn 0.3453 -0.6295 -0.6961
vn -0.5820 -0.5444 -0.6040
vn -0.5860 -0.5439 -0.6006
vn -0.5812 -0.6585 -0.4781
vn -0.9940 0.0323 -0.1045
vn -0.9819 0.0978 -0.1620
vn -0.9571 0.1611 -0.2408
vn -0.9253 0.2237 -0.3061
vn -0.8765 0.2821 -0.3900
vn -0.9743 -0.1973 0.1087
vn -0.9792 -0.1721 0.1072
vn -0.9759 -0.1633 0.1445
vn -0.9801 -0.1466 0.1342
vn -0.9630 -0.1936 0.1874
vn -0.9586 -0.1611 0.2347
vn -0.9636 -0.2374 0.1230
vn -0.9660 -0.2385 0.0994
vn -0.9759 -0.2174 -0.0193
vn -0.9525 -0.2895 0.0941
vn -0.9502 0.0600 0.3057
vn -0.9184 -0.1562 0.3636
vn -0.9811 -0.1412 -0.1324
vn -0.9336 0.2731 0.2321
vn -0.8545 0.3076 0.4185
vn -0.9160 0.2391 0.3222
vn -0.9534 0.1690 0.2499
vn -0.9825 0.0957 0.1598
vn -0.9949 0.0241 0.0979
vn -0.4306 0.4875 0.7595
vn -0.4610 0.6658 0.5867
vn -0.4599 0.6736 0.5786
vn -0.4862 0.6443 0.5904
vn -0.5488 0.6118 0.5697
vn -0.4964 0.5927 0.6343
vn -0.3831 0.2009 0.9016
vn -0.4177 0.6942 0.5861
vn -0.6437 0.5673 0.5136
vn -0.3794 0.0527 0.9237
vn -0.3225 -0.2859 0.9024
vn -0.2720 -0.2987 0.9148
vn -0.3910 -0.6927 0.6060
vn -0.3948 -0.5850 0.7085
vn -0.4421 -0.8412 0.3114
vn -0.4734 -0.8782 0.0689
vn -0.4222 -0.9043 0.0640
vn -0.4782 -0.8745 0.0816
vn -0.5021 -0.8606 0.0845
vn -0.5568 -0.8265 0.0824
vn -0.5124 -0.8476 0.1376
vn -0.6388 -0.7669 0.0608
vn -0.2931 -0.7763 0.5581
vn -0.3506 -0.5463 0.7607
vn -0.3398 -0.3645 0.8670
vn -0.3295 -0.0195 0.9439
vn -0.4015 -0.6095 0.6836
vn -0.3628 -0.7677 0.5282
vn -0.3549 0.0408 0.9340
vn -0.3498 -0.0671 0.9344
vn -0.3058 -0.8870 0.3461
vn -0.3101 -0.9422 0.1265
vn -0.2986 -0.9492 -0.0996
vn -0.3280 -0.9122 -0.2456
vn -0.3160 0.2246 0.9218
vn -0.3533 0.2036 0.9131
vn -0.3479 -0.8808 -0.3211
vn -0.3421 -0.9157 -0.2109
vn -0.2666 0.4162 0.8693
vn -0.2737 0.2994 0.9140
vn -0.3335 -0.8446 -0.4188
vn -0.3460 -0.8091 -0.4750
vn -0.3164 -0.8071 -0.4985
vn -0.3517 -0.7396 -0.5738
vn -0.3072 -0.7234 -0.6184
vn -0.2741 -0.6979 -0.6617
vn -0.2423 -0.5772 -0.7798
vn -0.2197 -0.5392 -0.8130
vn -0.1803 -0.3990 -0.8991
vn -0.2369 0.5589 0.7947
vn -0.3181 0.4007 0.8592
vn -0.2162 0.5986 0.7713
vn -0.1803 0.7150 0.6755
vn -0.3576 0.3219 0.8767
vn -0.3424 0.1385 0.9293
vn -0.5824 -0.6581 -0.4771
vn -0.8579 -0.1776 -0.4822
vn -0.7852 -0.2367 -0.5722
vn -0.7671 -0.1766 -0.6168
vn -0.7040 -0.1994 -0.6816
vn -0.7774 0.0215 -0.6286
vn -0.8605 0.2184 -0.4603
vn -0.8314 0.1475 -0.5357
vn -0.8197 -0.0052 -0.5728
vn -0.7839 -0.1263 -0.6079
vn -0.8414 0.1159 -0.5278
vn -0.8766 0.4355 -0.2047
vn -0.8627 0.4999 -0.0764
vn -0.8657 0.4792 -0.1448
vn -0.8819 0.3797 -0.2794
vn -0.8813 0.3822 -0.2780
vn -0.8762 0.3192 -0.3612
vn -0.8612 0.2644 -0.4340
vn -0.8457 0.5303 0.0591
vn -0.8209 0.5390 0.1887
vn -0.7817 0.5383 0.3149
vn -0.7671 0.5276 0.3649
vn -0.7860 0.4646 0.4079
vn -0.8591 0.3961 0.3241
vn -0.7045 0.5819 0.4062
vn -0.7776 0.6050 0.1714
vn -0.8293 0.5587 0.0138
vn -0.5765 -0.7993 0.1697
vn -0.9961 -0.0638 -0.0606
vn -0.9860 -0.0961 -0.1364
vn -0.9578 -0.1629 -0.2369
vn -0.9230 -0.2104 -0.3222
vn -0.8573 -0.2886 -0.4263
vn -0.9757 0.0416 0.2153
vn -0.9800 0.0472 0.1931
vn -0.9760 0.0856 0.2002
vn -0.9788 0.0832 0.1872
vn -0.9643 0.1160 0.2381
vn -0.9585 0.1737 0.2262
vn -0.9635 0.0472 0.2634
vn -0.9667 0.0216 0.2552
vn -0.9777 -0.0982 0.1854
vn -0.9518 0.0000 0.3068
vn -0.9484 0.3155 0.0317
vn -0.9178 0.3003 0.2599
vn -0.9792 -0.1939 0.0593
vn -0.9286 0.3139 -0.1981
vn -0.8566 0.4904 -0.1605
vn -0.9162 0.3803 -0.1263
vn -0.9447 0.3133 -0.0966
vn -0.9736 0.2195 -0.0631
vn -0.9840 0.1747 -0.0361
vn -0.9850 0.1258 -0.1178
vn -0.9961 0.0532 -0.0705
vn -0.9985 -0.0063 -0.0536
vn -0.9989 -0.0304 -0.0350
vn -0.9971 -0.0761 0.0030
vn -0.9926 -0.1143 -0.0401
vn -0.9956 -0.0900 -0.0259
vn -0.9679 -0.1284 -0.2162
vn -0.9552 -0.1233 -0.2689
vn -0.9602 -0.0998 -0.2610
vn -0.9563 -0.1309 -0.2613
vn -0.9471 -0.1767 -0.2679
vn -0.9359 -0.1599 -0.3140
vn -0.9517 -0.1134 -0.2855
vn -0.9921 0.0578 -0.1110
vn -0.9964 0.0807 -0.0248
vn -0.9958 0.0536 -0.0739
vn -0.9980 -0.0286 -0.0561
vn -0.9955 -0.0841 -0.0442
vn -0.9850 -0.1677 -0.0401
vn -0.9985 0.0000 -0.0548
vn -0.2848 0.2887 0.9141
vn -0.3419 0.5466 0.7644
vn -0.3359 0.7030 0.6268
vn -0.3282 0.8871 0.3246
vn -0.3935 0.4576 0.7973
vn -0.3554 0.2702 0.8948
vn -0.3526 0.8992 0.2590
vn -0.3520 0.8634 0.3615
vn -0.3009 0.0703 0.9510
vn -0.3080 -0.1708 0.9359
vn -0.2971 -0.4019 0.8661
vn -0.3235 -0.5210 0.7899
vn -0.3154 0.9463 0.0714
vn -0.3492 0.9326 0.0910
vn -0.3408 -0.5791 0.7406
vn -0.3350 -0.4828 0.8091
vn -0.2692 0.9535 -0.1353
vn -0.2793 0.9601 -0.0111
vn -0.3293 -0.6634 0.6719
vn -0.3393 -0.7051 0.6227
vn -0.3166 -0.7258 0.6107
vn -0.3432 -0.7770 0.5278
vn -0.3090 -0.8124 0.4945
vn -0.2781 -0.8448 0.4572
vn -0.2449 -0.9167 0.3158
vn -0.2205 -0.9359 0.2749
vn -0.1846 -0.9746 0.1265
vn -0.2364 0.9282 -0.2875
vn -0.3175 0.9403 -0.1227
vn -0.2124 0.9205 -0.3281
vn -0.1774 0.8694 -0.4611
vn -0.3504 0.9358 -0.0392
vn -0.3438 0.9257 0.1576
vn -0.5777 -0.7986 -0.1686
vn -0.8522 -0.5231 0.0094
vn -0.7773 -0.6279 0.0385
vn -0.7574 -0.6525 -0.0248
vn -0.6922 -0.7213 -0.0229
vn -0.7697 -0.5987 -0.2214
vn -0.8571 -0.3823 -0.3451
vn -0.8250 -0.4635 -0.3233
vn -0.8164 -0.5540 -0.1627
vn -0.7745 -0.6296 -0.0621
vn -0.8441 -0.4687 -0.2604
vn -0.8772 -0.0763 -0.4741
vn -0.8662 0.0651 -0.4954
vn -0.8699 -0.0183 -0.4928
vn -0.8800 -0.1835 -0.4381
vn -0.8790 -0.1814 -0.4409
vn -0.8720 -0.2796 -0.4019
vn -0.8658 -0.3174 -0.3869
vn -0.8515 0.2053 -0.4824
vn -0.8268 0.3345 -0.4521
vn -0.7870 0.4577 -0.4137
vn -0.7707 0.5037 -0.3902
vn -0.7881 0.5265 -0.3189
vn -0.8575 0.4303 -0.2820
vn -0.7105 0.5582 -0.4286
vn -0.7832 0.3384 -0.5217
vn -0.8341 0.1697 -0.5249
vn 0.5622 0.5529 0.6150
vn -0.9864 -0.1623 0.0271
vn -0.9788 -0.2024 0.0306
vn -0.9494 -0.3076 0.0638
vn -0.9221 -0.3783 0.0818
vn -0.8532 -0.5057 0.1276
vn -0.9752 0.0934 -0.2005
vn -0.9797 0.0756 -0.1856
vn -0.9761 0.0484 -0.2119
vn -0.9792 0.0424 -0.1986
vn -0.9643 0.0467 -0.2607
vn -0.9660 0.0212 -0.2577
vn -0.9638 0.1167 -0.2396
vn -0.9594 0.1717 -0.2240
vn -0.9505 0.3093 -0.0298
vn -0.9204 0.2945 -0.2570
vn -0.9772 -0.1054 -0.1843
vn -0.9508 -0.0048 -0.3097
vn -0.9304 0.3078 0.1989
vn -0.9776 -0.2033 -0.0540
vn -0.8693 -0.4794 -0.1206
vn -0.9283 -0.3635 -0.0781
vn -0.9513 -0.3021 -0.0615
vn -0.9775 -0.2086 -0.0310
vn -0.9839 -0.1763 -0.0279
vn -0.9825 -0.1822 0.0398
vn -0.9948 -0.0915 0.0449
vn -0.9980 -0.0242 0.0586
vn -0.9984 0.0000 0.0561
vn -0.9930 0.0857 0.0812
vn -0.8660 0.4159 0.2777
vn -0.7839 0.5309 0.3219
vn -0.7640 0.5095 0.3959
vn -0.6885 0.5745 0.4427
vn -0.7747 0.3405 0.5329
vn -0.8661 0.0694 0.4950
vn -0.8361 0.1600 0.5247
vn -0.8292 0.3294 0.4515
vn -0.7890 0.4584 0.4090
vn -0.8528 0.1939 0.4849
vn -0.8694 -0.2829 0.4052
vn -0.8527 -0.3928 0.3444
vn -0.8633 -0.3202 0.3901
vn -0.8786 -0.1922 0.4372
vn -0.8754 -0.2032 0.4386
vn -0.8782 -0.0776 0.4719
vn -0.8693 0.0058 0.4943
vn -0.8370 -0.4852 0.2529
vn -0.8088 -0.5647 0.1640
vn -0.7685 -0.6357 0.0725
vn -0.7679 -0.6400 0.0288
vn -0.7939 -0.6071 -0.0350
vn -0.8685 -0.4957 -0.0038
vn -0.7074 -0.7065 0.0229
vn -0.7711 -0.5978 0.2190
vn -0.8167 -0.4794 0.3211
vn -0.9839 0.1743 0.0384
vn -0.9743 0.2162 0.0637
vn -0.9464 0.3082 0.0962
vn -0.9194 0.3731 0.1245
vn -0.8615 0.4826 0.1581
vn -0.9505 -0.1478 0.2734
vn -0.9595 -0.1093 0.2597
vn -0.9601 -0.1181 0.2537
vn -0.9709 -0.1259 0.2035
vn -0.9785 -0.1620 0.1273
vn -0.9938 -0.0985 0.0525
vn -0.9886 -0.1472 0.0304
vn -0.9981 -0.0620 -0.0000
vn -0.9867 -0.1354 0.0895
vn -0.9809 -0.1268 0.1478
vn -0.9924 -0.0300 0.1196
vn -0.9973 -0.0626 0.0395
vn -0.9983 0.0019 0.0591
vn -0.9959 0.0538 0.0730
vn -0.9848 0.1255 0.1200
vn -0.9989 -0.0277 0.0380
vn -0.9861 -0.1292 0.1042
vn -0.9813 -0.0753 0.1772
vn -0.9828 -0.1820 0.0302
vn -0.9969 -0.0240 0.0747
vn -0.9916 -0.0426 0.1217
vn -0.9672 -0.2179 0.1308
vn -0.9642 -0.2524 0.0811
vn -0.9981 -0.0613 -0.0114
vn -0.9955 -0.0625 0.0715
vn -0.9844 -0.0802 -0.1564
vn -0.9958 -0.0575 -0.0716
vn -0.9985 -0.0507 0.0199
vn 0.3438 0.4704 0.8127
vn -0.4024 0.8556 0.3258
vn -0.4258 0.9048 -0.0004
vn -0.9842 0.1770 0.0006
vn -0.4348 0.6809 -0.5894
vn -0.4676 0.1176 -0.8761
vn -0.5130 -0.5186 -0.6840
vn -0.5527 -0.8334 -0.0004
vn -0.5107 -0.5197 0.6849
vn -0.4636 0.1169 0.8783
vn -0.4196 0.4382 0.7949
vn 0.0007 0.5009 0.8655
vn -0.5793 0.5446 0.6064
vn -0.5068 0.1519 -0.8486
vn -0.5541 -0.2333 -0.7991
vn -0.9827 0.0845 0.1647
vn -0.5372 -0.7866 -0.3045
vn -0.4862 -0.7802 0.3937
vn -0.4440 -0.3126 0.8398
vn -0.4236 0.2972 0.8557
vn -0.4022 0.5670 0.7189
vn -0.4225 0.8890 0.1764
vn -0.4618 0.7550 -0.4655
vn -0.5750 0.5452 0.6100
vn -0.4925 0.8598 -0.1351
vn -0.5352 0.6736 -0.5098
vn -0.9836 -0.1498 0.1000
vn -0.4957 0.0388 -0.8676
vn -0.4643 -0.6100 -0.6421
vn -0.4206 -0.9060 -0.0479
vn -0.4078 -0.7468 0.5254
vn -0.3915 -0.5435 0.7425
vn -0.4172 0.1206 0.9008
vn -0.4528 0.6824 0.5739
vn -0.5798 0.4079 0.7053
vn -0.9270 -0.0227 -0.3744
vn -0.9508 -0.0184 -0.3093
vn -0.9770 -0.0177 -0.2126
vn -0.9844 -0.0095 -0.1757
vn -0.4430 0.8633 0.2417
vn -0.4051 0.8870 -0.2217
vn -0.3991 0.9139 -0.0738
vn -0.3317 0.7679 -0.5480
vn -0.2775 0.7847 -0.5543
vn -0.3914 0.3563 -0.8485
vn -0.3935 0.4826 -0.7825
vn -0.4383 0.0317 -0.8982
vn -0.4684 0.7550 0.4589
vn -0.4315 0.7681 0.4732
vn -0.4215 -0.2156 -0.8808
vn -0.4685 -0.2045 -0.8595
vn -0.4715 -0.1921 -0.8607
vn -0.4961 -0.1806 -0.8493
vn -0.5526 -0.1692 -0.8161
vn -0.5061 -0.1197 -0.8541
vn -0.6375 -0.1686 -0.7518
vn -0.4665 0.7613 0.4502
vn -0.4945 0.7564 0.4281
vn -0.5530 0.7288 0.4038
vn -0.5066 0.7801 0.3671
vn -0.6380 0.6703 0.3790
vn -0.5783 0.4078 0.7066
vn -0.2851 0.9585 -0.0071
vn -0.3479 0.8819 -0.3182
vn -0.3304 0.8037 -0.4950
vn -0.3203 0.5668 -0.7591
vn -0.4090 0.8795 -0.2432
vn -0.3699 0.9291 -0.0026
vn -0.3465 0.5144 -0.7844
vn -0.3387 0.6067 -0.7192
vn -0.3080 0.9211 0.2380
vn -0.3138 0.8303 0.4605
vn -0.3016 0.6915 0.6564
vn -0.3283 0.5806 0.7451
vn -0.3163 0.3531 -0.8805
vn -0.3447 0.3689 -0.8632
vn -0.3413 0.5184 0.7841
vn -0.3414 0.6050 0.7193
vn -0.2705 0.1688 -0.9478
vn -0.2806 0.2883 -0.9155
vn -0.3329 0.4295 0.8394
vn -0.3367 0.3715 0.8652
vn -0.3094 0.3556 0.8820
vn -0.3361 0.2550 0.9066
vn -0.3000 0.2128 0.9299
vn -0.2690 0.1668 0.9486
vn -0.2381 0.0204 0.9710
vn -0.2157 -0.0190 0.9763
vn -0.1836 -0.1553 0.9707
vn -0.2397 0.0204 -0.9706
vn -0.3174 0.1770 -0.9316
vn -0.2173 -0.0190 -0.9759
vn -0.1852 -0.1553 -0.9704
vn -0.3497 0.2543 -0.9017
vn -0.3307 0.4327 -0.8387
vn -0.5820 0.2516 0.7733
vn -0.4490 -0.8339 -0.3210
vn -0.4773 -0.8750 -0.0805
vn -0.4759 -0.8767 -0.0695
vn -0.5020 -0.8608 -0.0839
vn -0.5596 -0.8249 -0.0802
vn -0.5126 -0.8475 -0.1376
vn -0.4002 -0.6837 -0.6102
vn -0.4342 -0.8981 -0.0701
vn -0.6464 -0.7610 -0.0551
vn -0.4376 0.4837 -0.7580
vn -0.3857 0.0606 -0.9206
vn -0.3871 0.2094 -0.8979
vn -0.3286 -0.2760 -0.9032
vn -0.2760 -0.2877 -0.9171
vn -0.4026 -0.5723 -0.7144
vn -0.4657 0.6700 -0.5782
vn -0.4238 0.6905 -0.5863
vn -0.4896 0.6426 -0.5894
vn -0.5517 0.6108 -0.5680
vn -0.4975 0.5927 -0.6334
vn -0.4692 0.6615 -0.5851
vn -0.6501 0.5658 -0.5072
vn -0.5820 0.5438 -0.6046
vn -0.5803 0.5452 -0.6050
vn -0.1742 -0.9763 -0.1283
vn -0.2100 -0.9386 -0.2736
vn -0.2319 -0.9203 -0.3152
vn -0.2625 -0.8496 -0.4574
vn -0.3120 -0.8317 -0.4592
vn -0.3437 -0.7041 -0.6214
vn -0.3484 -0.7800 -0.5198
vn -0.3102 -0.7268 -0.6129
vn -0.2705 -0.7835 -0.5594
vn -0.3461 -0.5775 -0.7393
vn -0.3270 -0.2082 -0.9218
vn -0.3401 -0.4828 -0.8070
vn -0.3196 -0.5331 -0.7834
vn -0.3309 -0.6592 -0.6752
vn -0.2803 0.2894 -0.9153
vn -0.3437 -0.0248 -0.9388
vn -0.4079 0.0316 -0.9125
vn -0.3713 0.2657 -0.8897
vn -0.3137 0.4847 -0.8165
vn -0.3225 0.6780 -0.6605
vn -0.3114 0.8295 -0.4636
vn -0.3322 0.8800 -0.3396
vn -0.3488 0.8980 -0.2681
vn -0.3425 0.8558 -0.3878
vn -0.3156 0.9466 -0.0666
vn -0.3457 0.9342 -0.0877
vn -0.3331 0.9296 -0.1576
vn -0.3503 0.9358 0.0398
vn -0.3051 0.9484 0.0860
vn -0.2697 0.9533 0.1360
vn -0.2406 0.9302 0.2771
vn -0.2192 0.9243 0.3124
vn -0.1903 0.8823 0.4304
vn -0.5762 -0.0832 -0.8131
vn -0.5836 -0.0860 -0.8075
vn -0.9865 -0.0073 0.1633
vn -0.9779 -0.0176 0.2082
vn -0.9482 -0.0194 0.3170
vn -0.9198 -0.0253 0.3916
vn -0.8525 -0.0222 0.5223
vn 0.0008 -0.1771 0.9842
vn 0.0007 -0.5006 0.8657
vn -0.0005 -0.7669 -0.6417
vn 0.0003 -0.9389 0.3443
vn -0.0003 -0.9389 -0.3443
vn 0.0005 -0.7669 0.6417
vn -0.0007 -0.5006 -0.8657
vn -0.0008 -0.1771 -0.9842
vn 0.0008 0.1771 0.9842
vn -0.0008 0.1771 -0.9842
vn -0.0007 0.4984 -0.8670
vn -0.0005 0.7669 -0.6417
vn -0.0003 0.9389 -0.3443
vn 0.0003 0.9389 0.3443
vn 0.0005 0.7669 0.6417
vn 0.0007 0.4984 0.8670
vn 1.0000 -0.0001 -0.0010
vn 0.5652 0.2551 -0.7846
vn 0.2558 0.3992 -0.8805
vn -0.0007 0.5028 -0.8644
vn 0.5624 0.2548 -0.7867
vn 0.3453 0.4717 -0.8113
vn -0.3082 0.3845 -0.8701
vn -0.0008 0.3083 -0.9513
vn -0.5849 0.4058 -0.7022
vn -0.5850 0.2502 -0.7715
vn -0.5796 0.4099 -0.7043
vn -0.5832 0.2514 -0.7725
vn -0.9984 0.0494 0.0259
vn -0.9985 0.0549 -0.0040
vn -0.9950 0.0934 -0.0348
vn -0.9986 0.0273 0.0444
vn -0.9976 0.0492 0.0495
vn 0.9635 -0.0541 0.2623
vn 0.5607 0.7563 0.3370
vn 0.9760 -0.0880 0.1994
vn 0.5572 0.7590 0.3369
vn 0.9762 -0.0879 0.1983
vn 0.3417 0.7604 0.5523
vn 0.9626 -0.1582 0.2198
vn 0.0003 0.9138 0.4061
vn 0.9759 -0.1623 0.1461
vn 0.9755 -0.1631 0.1475
vn 0.0005 0.8089 0.5879
vn -0.5774 0.7459 0.3320
vn -0.5758 0.6612 0.4810
vn 0.9630 -0.2323 0.1365
vn -0.5770 0.6608 0.4800
vn 0.9764 -0.2055 0.0671
vn 0.5610 0.7558 -0.3377
vn 0.2542 0.9215 -0.2936
vn -0.0002 0.9783 -0.2071
vn 0.5645 0.7541 -0.3356
vn 0.3376 0.9208 -0.1952
vn -0.3046 0.9051 -0.2967
vn -0.0003 0.9138 -0.4061
vn -0.5777 0.7985 -0.1690
vn -0.5780 0.7459 -0.3311
vn -0.5813 0.7431 -0.3315
vn 0.9760 -0.2072 0.0675
vn -0.5766 0.8170 -0.0021
vn 0.9632 -0.2673 0.0278
vn 0.9629 -0.2565 -0.0838
vn 0.9762 -0.1878 -0.1086
vn 0.9751 -0.1928 -0.1095
vn 0.9631 -0.2002 -0.1799
vn 0.9761 -0.1277 -0.1759
vn -0.9772 0.0659 -0.2020
vn 0.9755 -0.1301 -0.1776
vn -0.9791 0.1020 -0.1758
vn 0.9631 -0.1097 -0.2457
vn 0.9757 -0.0463 -0.2140
vn -0.9773 0.1717 -0.1238
vn -0.9793 0.1851 -0.0819
vn 0.9624 -0.0015 -0.2717
vn -0.9789 0.2000 -0.0417
vn 0.9759 0.0448 -0.2134
vn -0.9769 0.2136 -0.0037
vn 0.9753 0.0444 -0.2165
vn -0.9791 0.1989 0.0430
vn 0.9628 0.1088 -0.2471
vn 0.9756 0.1278 -0.1784
vn -0.9774 0.1707 0.1247
vn 0.9754 0.1281 -0.1795
vn -0.9789 0.1360 0.1528
vn 0.9621 0.2015 -0.1839
vn -0.9787 0.1024 0.1780
vn 0.9760 0.1880 -0.1098
vn -0.9768 0.0660 0.2038
vn 0.9749 0.1914 -0.1139
vn -0.9788 0.0218 0.2036
vn 0.9630 0.2557 -0.0850
vn 0.9775 0.2098 -0.0204
vn -0.9768 -0.0659 0.2035
vn 0.9758 0.2172 -0.0240
vn -0.9789 -0.1020 0.1773
vn 0.9645 0.2623 0.0299
vn 0.9759 0.2080 0.0665
vn -0.9769 -0.1725 0.1260
vn -0.9792 -0.1852 0.0835
vn 0.9629 0.2349 0.1326
vn -0.9788 -0.2004 0.0433
vn 0.9763 0.1614 0.1440
vn -0.9771 -0.2127 -0.0038
vn 0.9757 0.1643 0.1452
vn -0.9792 -0.1985 -0.0414
vn 0.9637 0.1587 0.2148
vn -0.9789 -0.1867 -0.0826
vn 0.9763 0.0887 0.1974
vn -0.9774 -0.1716 -0.1237
vn -0.9791 -0.1365 -0.1508
vn 0.9634 0.0573 0.2617
vn -0.9790 -0.1024 -0.1765
vn 0.9762 0.0007 0.2168
vn -0.9775 -0.0655 -0.2006
vn 0.9759 0.0012 0.2183
vn -0.9910 0.0846 0.1042
vn -0.9932 0.0814 0.0837
vn -0.9918 0.0880 0.0926
vn -0.9920 0.0835 0.0945
vn -0.9877 0.0943 0.1250
vn -0.9944 0.0846 0.0636
vn -0.9914 -0.1036 0.0803
vn -0.9937 -0.0854 0.0719
vn -0.9930 -0.1058 0.0521
vn -0.9920 -0.0876 0.0908
vn -0.9877 -0.1124 0.1086
vn -0.9948 -0.0580 0.0834
vn -0.9921 0.0869 -0.0903
vn -0.9919 0.0881 -0.0911
vn -0.9923 0.0856 -0.0900
vn -0.9920 0.0859 -0.0926
vn -0.9931 -0.0869 -0.0792
vn -0.9942 -0.0769 -0.0753
vn -0.9947 -0.0814 -0.0630
vn -0.9932 -0.0785 -0.0860
vn -0.9918 -0.0861 -0.0950
vn -0.9949 -0.0561 -0.0832
vn -0.5035 -0.6348 -0.5861
vn -0.5155 -0.6470 0.5619
vn -0.9616 -0.0361 -0.2720
vn 0.4413 0.7020 0.5590
vn -0.6966 -0.2727 0.6636
vn -0.6057 -0.7948 -0.0373
vn -0.3455 0.8774 0.3329
vn -0.2329 -0.2695 0.9344
vn 0.0308 0.9859 0.1645
vn -0.3124 0.2725 -0.9100
vn 0.1406 0.2797 -0.9497
vn 0.6369 0.5199 0.5693
vn 0.6936 0.7151 -0.0867
vn 0.6586 0.5377 0.5263
vn -0.2383 -0.2666 -0.9339
vn 0.9769 -0.2130 -0.0195
vn 0.0732 -0.2745 0.9588
vn 0.0733 0.2077 0.9754
vn 0.0719 0.0000 0.9974
vn 0.0705 -0.4014 0.9132
vn 0.0733 0.5860 0.8070
vn 0.0715 0.4063 0.9109
vn 0.0741 -0.5860 0.8069
vn 0.0730 -0.4063 0.9108
vn 0.0732 0.8633 0.4993
vn 0.0719 0.7404 0.6683
vn 0.0732 -0.8633 0.4993
vn 0.0721 -0.7404 0.6683
vn 0.0731 0.9919 0.1042
vn 0.0713 0.9486 0.3085
vn 0.0728 -0.9919 0.1042
vn 0.0710 -0.9486 0.3085
vn 0.0733 0.9486 -0.3078
vn 0.0716 0.9919 -0.1046
vn 0.0725 -0.9487 -0.3078
vn 0.0714 -0.9920 -0.1046
vn 0.0731 0.7418 -0.6667
vn 0.0718 0.8644 -0.4977
vn 0.0718 -0.7418 -0.6667
vn 0.0706 -0.8644 -0.4978
vn 0.0722 0.4055 -0.9113
vn 0.0712 0.5868 -0.8066
vn 0.0719 -0.4055 -0.9113
vn 0.0698 -0.5869 -0.8066
vn 0.0720 0.0000 -0.9974
vn 0.0700 0.2063 -0.9760
vn 0.0708 -0.2063 -0.9759
vn 0.0706 0.0031 0.9975
vn 0.9745 -0.2239 -0.0168
vn 0.0708 0.4077 0.9104
vn 0.6690 0.1505 -0.7279
vn 0.6348 0.2865 -0.7176
vn 0.5987 0.2398 -0.7642
vn 0.6356 -0.0293 -0.7714
vn 0.6004 -0.0892 -0.7947
vn 0.6702 0.4339 -0.6022
vn 0.6368 0.5517 -0.5386
vn 0.5701 0.0000 -0.8216
vn 0.5968 0.0798 -0.7984
vn 0.6732 0.6374 -0.3750
vn 0.6358 0.7244 -0.2666
vn 0.5975 0.7308 -0.3302
vn 0.6709 0.6400 -0.3746
vn 0.5690 0.7809 -0.2577
vn 0.6727 0.7357 -0.0788
vn 0.6366 0.7694 0.0526
vn 0.5948 0.8038 0.0062
vn 0.6789 0.7296 -0.0825
vn 0.5696 0.8179 0.0813
vn 0.6721 0.7054 0.2249
vn 0.6403 0.6798 0.3577
vn 0.6028 0.7308 0.3203
vn 0.6774 0.7020 0.2198
vn 0.5764 0.7119 0.4011
vn 0.6714 0.5547 0.4915
vn 0.6373 0.4780 0.6045
vn 0.5989 0.5394 0.5919
vn 0.6751 0.5539 0.4872
vn 0.5714 0.4867 0.6608
vn 0.6733 0.3048 0.6736
vn 0.6361 0.1896 0.7480
vn 0.5988 0.2507 0.7607
vn 0.5699 0.1735 0.8032
vn 0.6719 0.0045 0.7406
vn 0.6323 -0.1315 0.7635
vn 0.5934 -0.0810 0.8008
vn 0.6655 0.0000 0.7464
vn 0.5652 -0.1654 0.8082
vn 0.6718 -0.2990 0.6777
vn 0.6367 -0.4294 0.6405
vn 0.6043 -0.3917 0.6938
vn 0.6733 -0.2974 0.6769
vn 0.5714 -0.4867 0.6608
vn 0.6720 -0.5480 0.4982
vn 0.6371 -0.6522 0.4108
vn 0.6001 -0.6444 0.4739
vn 0.5719 -0.7085 0.4136
vn 0.6734 -0.7021 0.2313
vn 0.6376 -0.7624 0.1103
vn 0.5994 -0.7825 0.1685
vn 0.5726 -0.8148 0.0911
vn 0.6747 -0.7346 -0.0717
vn 0.6370 -0.7419 -0.2090
vn 0.5988 -0.7842 -0.1627
vn 0.6715 -0.7372 -0.0743
vn 0.5712 -0.7830 -0.2463
vn 0.6727 -0.6427 -0.3665
vn 0.6343 -0.5939 -0.4950
vn 0.5947 -0.6515 -0.4710
vn 0.6668 -0.6453 -0.3728
vn 0.5682 -0.6174 -0.5441
vn 0.6728 -0.4365 -0.5973
vn 0.6394 -0.3393 -0.6899
vn 0.6035 -0.4021 -0.6885
vn 0.6760 -0.4366 -0.5936
vn 0.5750 -0.3363 -0.7458
vn 0.6737 -0.1581 -0.7219
vn 0.6032 -0.2494 -0.7576
vn 0.6705 -0.1565 -0.7252
vn 0.0704 0.7427 0.6659
vn 0.5990 0.3999 -0.6937
vn 0.5692 0.3304 -0.7529
vn 0.6012 0.6433 -0.4740
vn 0.6024 0.5273 -0.5992
vn 0.5727 0.6059 -0.5522
vn 0.0707 0.9491 0.3071
vn 0.5979 0.7834 -0.1696
vn 0.0706 0.9918 -0.1070
vn 0.5986 0.7845 0.1618
vn 0.0703 0.8628 -0.5006
vn 0.6088 0.6392 0.4700
vn 0.0688 0.5827 -0.8097
vn 0.6006 0.4036 0.6902
vn 0.5976 0.0896 0.7968
vn 0.0684 -0.2115 -0.9750
vn 0.5935 -0.2412 0.7679
vn 0.5949 -0.5315 0.6030
vn 0.6003 -0.7291 0.3285
vn 0.0697 -0.9925 -0.1009
vn 0.6011 -0.7992 0.0063
vn 0.0704 -0.9482 0.3099
vn 0.6007 -0.7318 -0.3218
vn 0.5980 -0.5394 -0.5929
vn -0.6101 0.2760 0.7427
vn -0.6048 0.1149 0.7880
vn -0.6113 0.2501 0.7508
vn -0.6096 0.3767 0.6975
vn -0.6066 0.4250 0.6719
vn -0.6051 0.5144 0.6076
vn -0.6027 0.5556 0.5727
vn -0.6022 0.6302 0.4902
vn -0.6023 0.6632 0.4443
vn -0.6033 0.7181 0.3469
vn -0.6058 0.7391 0.2945
vn -0.6070 0.7724 0.1868
vn -0.6055 0.7850 0.1312
vn -0.6023 0.7979 0.0218
vn -0.6028 0.7972 -0.0328
vn -0.6056 0.7827 -0.1433
vn -0.6045 0.7717 -0.1978
vn -0.6004 0.7403 -0.3023
vn -0.6000 0.7179 -0.3529
vn -0.6039 0.6590 -0.4485
vn -0.6064 0.6240 -0.4929
vn -0.6060 0.5495 -0.5751
vn -0.6051 0.5077 -0.6133
vn -0.6052 0.4173 -0.6779
vn -0.6038 0.3712 -0.7055
vn -0.6024 0.2708 -0.7509
vn -0.6013 0.2173 -0.7689
vn -0.6017 0.1069 -0.7916
vn -0.6023 0.0508 -0.7966
vn -0.6028 -0.0594 -0.7957
vn -0.6061 -0.1149 -0.7871
vn -0.6094 -0.2228 -0.7609
vn -0.6113 -0.2760 -0.7417
vn -0.6107 -0.3767 -0.6966
vn -0.6077 -0.4250 -0.6709
vn -0.6061 -0.5144 -0.6066
vn -0.6036 -0.5556 -0.5718
vn -0.6029 -0.6302 -0.4893
vn -0.6030 -0.6632 -0.4433
vn -0.6038 -0.7181 -0.3460
vn -0.6063 -0.7391 -0.2935
vn -0.6074 -0.7718 -0.1882
vn -0.6055 -0.7843 -0.1352
vn -0.6026 -0.7977 -0.0258
vn -0.6028 -0.7973 0.0312
vn -0.6054 -0.7827 0.1442
vn -0.6042 -0.7717 0.1988
vn -0.6000 -0.7403 0.3033
vn -0.5995 -0.7179 0.3539
vn -0.6031 -0.6590 0.4494
vn -0.6056 -0.6240 0.4938
vn -0.6051 -0.5495 0.5761
vn -0.6041 -0.5077 0.6142
vn -0.6042 -0.4173 0.6788
vn -0.6026 -0.3712 0.7064
vn -0.6012 -0.2708 0.7518
vn -0.6001 -0.2173 0.7699
vn -0.6004 -0.1069 0.7925
vn -0.6011 -0.0508 0.7976
vn -0.6015 0.0594 0.7967
vn -0.6004 0.1678 0.7819
vn -0.9812 0.1918 -0.0208
vn -0.9808 0.1915 -0.0359
vn -0.9815 0.1818 -0.0602
vn -0.9812 0.1780 -0.0740
vn -0.9820 0.1887 0.0004
vn -0.9815 0.1903 -0.0198
vn -0.9802 0.1976 -0.0103
vn -0.9784 0.2021 -0.0429
vn -0.9806 0.1911 0.0438
vn -0.9816 0.1903 0.0132
vn -0.9819 0.1801 -0.0585
vn -0.9842 0.1763 0.0184
vn -0.9791 0.1855 -0.0829
vn -0.9779 0.2045 0.0431
vn -0.9819 0.1644 -0.0944
vn -0.9810 0.1595 -0.1101
vn -0.9807 0.1765 0.0842
vn -0.9812 0.1834 0.0596
vn -0.9814 0.1661 -0.0965
vn -0.9808 0.1860 0.0592
vn -0.9786 0.1659 -0.1214
vn -0.9784 0.1891 0.0838
vn -0.9814 0.1422 -0.1287
vn -0.9808 0.1334 -0.1421
vn -0.9813 0.1122 -0.1565
vn -0.9814 0.1000 -0.1642
vn -0.9818 0.0768 -0.1735
vn -0.9811 0.0636 -0.1827
vn -0.9784 0.1369 -0.1546
vn -0.9815 0.0390 -0.1873
vn -0.9811 0.0195 -0.1926
vn -0.9824 0.1112 -0.1502
vn -0.9813 0.0000 -0.1923
vn -0.9793 0.0999 -0.1763
vn -0.9818 -0.0273 -0.1880
vn -0.9818 -0.0012 -0.1899
vn -0.9817 -0.0663 -0.1787
vn -0.9815 -0.0404 -0.1873
vn -0.9818 -0.1021 -0.1601
vn -0.9816 -0.0793 -0.1738
vn -0.9818 -0.1334 -0.1353
vn -0.9817 -0.1135 -0.1528
vn -0.9817 -0.1587 -0.1051
vn -0.9813 -0.1440 -0.1281
vn -0.9819 -0.1427 -0.1249
vn -0.9815 -0.1783 -0.0700
vn -0.9815 -0.1667 -0.0946
vn -0.9819 -0.1653 -0.0925
vn -0.9799 -0.1953 -0.0414
vn -0.9810 -0.1850 -0.0586
vn -0.9803 -0.1962 -0.0240
vn -0.9798 -0.1998 -0.0021
vn -0.9780 -0.2045 -0.0415
vn -0.9781 -0.2071 -0.0199
vn -0.9816 -0.1849 0.0480
vn -0.9813 -0.1914 0.0215
vn -0.9767 -0.2143 -0.0102
vn -0.9818 -0.1698 0.0848
vn -0.9817 -0.1804 0.0613
vn -0.9813 -0.1827 0.0610
vn -0.9815 -0.1499 0.1190
vn -0.9815 -0.1653 0.0965
vn -0.9818 -0.1637 0.0964
vn -0.9813 -0.1224 0.1484
vn -0.9812 -0.1422 0.1303
vn -0.9816 -0.0883 0.1691
vn -0.9813 -0.1113 0.1568
vn -0.9809 -0.1135 0.1580
vn -0.9815 -0.0516 0.1844
vn -0.9815 -0.0770 0.1754
vn -0.9807 -0.0146 0.1952
vn -0.9812 -0.0390 0.1890
vn -0.9810 0.0000 0.1938
vn -0.9806 0.0215 0.1949
vn -0.9815 0.0011 0.1915
vn -0.9786 0.0229 0.2046
vn -0.9783 -0.0206 0.2064
vn -0.9812 0.0403 0.1885
vn -0.9806 0.0563 0.1876
vn -0.9812 0.0795 0.1759
vn -0.9808 0.0939 0.1711
vn -0.9814 0.1137 0.1547
vn -0.9809 0.1268 0.1474
vn -0.9782 0.0647 0.1972
vn -0.9815 0.1424 0.1282
vn -0.9806 0.1559 0.1191
vn -0.9811 0.1675 0.0967
vn -0.9785 0.1037 0.1783
vn -0.9814 0.1661 0.0966
vn -0.9788 0.0616 -0.1955
vn -0.9813 0.0387 -0.1885
vn -0.9785 0.0208 -0.2050
vn -0.9787 0.1379 0.1522
vn -0.9809 0.1457 0.1291
vn -0.9782 0.1681 0.1222
vn -0.9815 -0.1830 -0.0567
vn -0.9816 -0.1898 0.0221
vn -0.9785 -0.1891 -0.0822
vn -0.9783 -0.2021 0.0444
vn -0.9787 -0.1659 -0.1213
vn -0.9790 -0.1855 0.0845
vn -0.9789 -0.1379 -0.1507
vn -0.9785 -0.1659 0.1229
vn -0.9788 -0.1037 -0.1768
vn -0.9782 -0.1369 0.1562
vn -0.9785 -0.0647 -0.1957
vn -0.9789 -0.0229 -0.2030
vn -0.9785 -0.0616 0.1970
# 1506 vertex normals

vt 0.2050 0.3402 0.0000
vt 0.1994 0.3708 0.0000
vt 0.2141 0.3417 0.0000
vt 0.2082 0.3745 0.0000
vt 0.1981 0.4217 0.0000
vt 0.1878 0.4193 0.0000
vt 0.1905 0.4724 0.0000
vt 0.1757 0.4638 0.0000
vt 0.1802 0.3221 0.0000
vt 0.1819 0.3136 0.0000
vt 0.1760 0.3138 0.0000
vt 0.1989 0.3226 0.0000
vt 0.1949 0.3278 0.0000
vt 0.2124 0.3361 0.0000
vt 0.1528 0.3368 0.0000
vt 0.1464 0.3295 0.0000
vt 0.1046 0.3537 0.0000
vt 0.1103 0.3630 0.0000
vt 0.0588 0.3767 0.0000
vt 0.0716 0.3879 0.0000
vt 0.1848 0.2116 0.0000
vt 0.1752 0.2226 0.0000
vt 0.1932 0.2284 0.0000
vt 0.1765 0.2370 0.0000
vt 0.1875 0.2465 0.0000
vt 0.2018 0.2453 0.0000
vt 0.2114 0.2343 0.0000
vt 0.2102 0.2199 0.0000
vt 0.1991 0.2106 0.0000
vt 0.1966 0.3013 0.0000
vt 0.2043 0.3138 0.0000
vt 0.2154 0.2984 0.0000
vt 0.2183 0.3172 0.0000
vt 0.2306 0.3097 0.0000
vt 0.2341 0.2955 0.0000
vt 0.2264 0.2832 0.0000
vt 0.2124 0.2798 0.0000
vt 0.2001 0.2874 0.0000
vt 0.1740 0.6679 0.0000
vt 0.1796 0.6842 0.0000
vt 0.1112 0.7217 0.0000
vt 0.1259 0.7304 0.0000
vt 0.2558 0.6679 0.0000
vt 0.2501 0.6842 0.0000
vt 0.3185 0.7217 0.0000
vt 0.3039 0.7304 0.0000
vt 0.1379 0.8771 0.0000
vt 0.1488 0.8638 0.0000
vt 0.2149 0.9057 0.0000
vt 0.2149 0.8884 0.0000
vt 0.2919 0.8771 0.0000
vt 0.2810 0.8638 0.0000
vt 0.3328 0.8045 0.0000
vt 0.3160 0.8013 0.0000
vt 0.1137 0.8013 0.0000
vt 0.8506 0.2516 0.0000
vt 0.6497 0.2937 0.0000
vt 0.8508 0.2937 0.0000
vt 0.6497 0.3363 0.0000
vt 0.8767 0.2937 0.0000
vt 0.8767 0.2516 0.0000
vt 0.6235 0.2570 0.0000
vt 0.6235 0.3361 0.0000
vt 0.6497 0.2516 0.0000
vt 0.8506 0.3363 0.0000
vt 0.9641 0.1550 0.0000
vt 0.9451 0.1636 0.0000
vt 0.9587 0.2067 0.0000
vt 0.9480 0.2092 0.0000
vt 0.9524 0.2521 0.0000
vt 0.9634 0.2521 0.0000
vt 0.9480 0.2944 0.0000
vt 0.9792 0.2023 0.0000
vt 0.9226 0.1244 0.0000
vt 0.9397 0.1119 0.0000
vt 0.9350 0.1683 0.0000
vt 0.8928 0.0909 0.0000
vt 0.9070 0.0749 0.0000
vt 0.9138 0.1311 0.0000
vt 0.8567 0.0640 0.0000
vt 0.8672 0.0458 0.0000
vt 0.8855 0.0990 0.0000
vt 0.8159 0.0458 0.0000
vt 0.8225 0.0256 0.0000
vt 0.8513 0.0739 0.0000
vt 0.7722 0.0362 0.0000
vt 0.7744 0.0153 0.0000
vt 0.8125 0.0564 0.0000
vt 0.7278 0.0362 0.0000
vt 0.7256 0.0153 0.0000
vt 0.7712 0.0475 0.0000
vt 0.6841 0.0458 0.0000
vt 0.6775 0.0256 0.0000
vt 0.7288 0.0475 0.0000
vt 0.6431 0.0643 0.0000
vt 0.6328 0.0458 0.0000
vt 0.6875 0.0564 0.0000
vt 0.6072 0.0907 0.0000
vt 0.5930 0.0749 0.0000
vt 0.6487 0.0739 0.0000
vt 0.5771 0.1244 0.0000
vt 0.5603 0.1119 0.0000
vt 0.6145 0.0990 0.0000
vt 0.5549 0.1636 0.0000
vt 0.5359 0.1550 0.0000
vt 0.5862 0.1311 0.0000
vt 0.5413 0.2067 0.0000
vt 0.5208 0.2023 0.0000
vt 0.5649 0.1683 0.0000
vt 0.5364 0.2521 0.0000
vt 0.5156 0.2521 0.0000
vt 0.5520 0.2092 0.0000
vt 0.5410 0.2969 0.0000
vt 0.5208 0.3013 0.0000
vt 0.5476 0.2521 0.0000
vt 0.5549 0.3400 0.0000
vt 0.5359 0.3487 0.0000
vt 0.5520 0.2944 0.0000
vt 0.5771 0.3792 0.0000
vt 0.5603 0.3918 0.0000
vt 0.5649 0.3353 0.0000
vt 0.6070 0.4139 0.0000
vt 0.5930 0.4287 0.0000
vt 0.5862 0.3726 0.0000
vt 0.6433 0.4396 0.0000
vt 0.6328 0.4578 0.0000
vt 0.6145 0.4046 0.0000
vt 0.6841 0.4578 0.0000
vt 0.6775 0.4780 0.0000
vt 0.6487 0.4297 0.0000
vt 0.7275 0.4674 0.0000
vt 0.7253 0.4884 0.0000
vt 0.6873 0.4477 0.0000
vt 0.7722 0.4674 0.0000
vt 0.7744 0.4884 0.0000
vt 0.7288 0.4561 0.0000
vt 0.8159 0.4578 0.0000
vt 0.8225 0.4780 0.0000
vt 0.7722 0.4568 0.0000
vt 0.8567 0.4396 0.0000
vt 0.8672 0.4578 0.0000
vt 0.8125 0.4472 0.0000
vt 0.8928 0.4130 0.0000
vt 0.9070 0.4287 0.0000
vt 0.8511 0.4300 0.0000
vt 0.9226 0.3792 0.0000
vt 0.9397 0.3918 0.0000
vt 0.8855 0.4046 0.0000
vt 0.9451 0.3400 0.0000
vt 0.9641 0.3487 0.0000
vt 0.9138 0.3726 0.0000
vt 0.9587 0.2969 0.0000
vt 0.9792 0.3013 0.0000
vt 0.9350 0.3353 0.0000
vt 0.9844 0.2521 0.0000
vt 0.2085 0.4785 0.0000
vt 0.2030 0.4679 0.0000
vt 0.2018 0.4606 0.0000
vt 0.2097 0.4728 0.0000
vt 0.2284 0.4770 0.0000
vt 0.2274 0.4826 0.0000
vt 0.2756 0.4770 0.0000
vt 0.2764 0.4826 0.0000
vt 0.2941 0.4728 0.0000
vt 0.2953 0.4785 0.0000
vt 0.3133 0.4724 0.0000
vt 0.3007 0.4679 0.0000
vt 0.3020 0.4606 0.0000
vt 0.2520 0.2495 0.0000
vt 0.1937 0.2683 0.0000
vt 0.2520 0.3109 0.0000
vt 0.2690 0.2960 0.0000
vt 0.2766 0.2837 0.0000
vt 0.2906 0.2803 0.0000
vt 0.2587 0.3123 0.0000
vt 0.2454 0.3123 0.0000
vt 0.3103 0.2686 0.0000
vt 0.3138 0.2627 0.0000
vt 0.3000 0.2456 0.0000
vt 0.2904 0.2346 0.0000
vt 0.2916 0.2201 0.0000
vt 0.3514 0.2421 0.0000
vt 0.3465 0.2387 0.0000
vt 0.3418 0.2500 0.0000
vt 0.3253 0.2373 0.0000
vt 0.3226 0.2558 0.0000
vt 0.3143 0.2468 0.0000
vt 0.3266 0.2228 0.0000
vt 0.3170 0.2118 0.0000
vt 0.3349 0.2028 0.0000
vt 0.3381 0.2216 0.0000
vt 0.3244 0.1964 0.0000
vt 0.3369 0.1971 0.0000
vt 0.3057 0.2030 0.0000
vt 0.3027 0.2108 0.0000
vt 0.2943 0.2025 0.0000
vt 0.2653 0.2003 0.0000
vt 0.2520 0.2059 0.0000
vt 0.2387 0.2003 0.0000
vt 0.2882 0.1998 0.0000
vt 0.2097 0.2025 0.0000
vt 0.2161 0.1998 0.0000
vt 0.1986 0.2028 0.0000
vt 0.1797 0.1964 0.0000
vt 0.1693 0.2028 0.0000
vt 0.1671 0.1971 0.0000
vt 0.1575 0.2387 0.0000
vt 0.1659 0.2216 0.0000
vt 0.1447 0.1717 0.0000
vt 0.1095 0.1391 0.0000
vt 0.1073 0.1416 0.0000
vt 0.1432 0.1739 0.0000
vt 0.2360 0.3187 0.0000
vt 0.2247 0.3351 0.0000
vt 0.2427 0.3393 0.0000
vt 0.2109 0.3755 0.0000
vt 0.2331 0.3478 0.0000
vt 0.2016 0.4224 0.0000
vt 0.2055 0.4234 0.0000
vt 0.2173 0.3779 0.0000
vt 0.2520 0.3371 0.0000
vt 0.2611 0.3393 0.0000
vt 0.2678 0.3187 0.0000
vt 0.2707 0.3478 0.0000
vt 0.2793 0.3351 0.0000
vt 0.2929 0.3755 0.0000
vt 0.2983 0.4234 0.0000
vt 0.3025 0.4224 0.0000
vt 0.2865 0.3779 0.0000
vt 0.4915 0.4804 0.0000
vt 0.4902 0.4584 0.0000
vt 0.4720 0.4924 0.0000
vt 0.4725 0.4484 0.0000
vt 0.4528 0.4591 0.0000
vt 0.4531 0.4814 0.0000
vt 0.0669 0.0029 0.0000
vt 0.0537 0.0220 0.0000
vt 0.0751 0.0291 0.0000
vt 0.0537 0.0452 0.0000
vt 0.0325 0.0291 0.0000
vt 0.0406 0.0029 0.0000
vt 0.0970 0.8045 0.0000
vt 0.9448 0.1067 0.0000
vt 0.8703 0.0387 0.0000
vt 0.9160 0.1281 0.0000
vt 0.9509 0.2072 0.0000
vt 0.9856 0.1996 0.0000
vt 0.8525 0.0700 0.0000
vt 0.7715 0.0431 0.0000
vt 0.7751 0.0071 0.0000
vt 0.6868 0.0522 0.0000
vt 0.6755 0.0177 0.0000
vt 0.6128 0.0953 0.0000
vt 0.5627 0.1651 0.0000
vt 0.5303 0.1503 0.0000
vt 0.5889 0.0682 0.0000
vt 0.5452 0.2496 0.0000
vt 0.5095 0.2494 0.0000
vt 0.5630 0.3344 0.0000
vt 0.5305 0.3487 0.0000
vt 0.6133 0.4043 0.0000
vt 0.5896 0.4310 0.0000
vt 0.6763 0.4817 0.0000
vt 0.7759 0.4926 0.0000
vt 0.8533 0.4302 0.0000
vt 0.9165 0.3726 0.0000
vt 0.9453 0.3935 0.0000
vt 0.8711 0.4613 0.0000
vt 0.9512 0.2935 0.0000
vt 0.9858 0.3011 0.0000
vt 0.8767 0.3363 0.0000
vt 0.1661 0.4408 0.0000
vt 0.1154 0.4349 0.0000
vt 0.2082 0.4545 0.0000
vt 0.2515 0.4841 0.0000
vt 0.2520 0.4589 0.0000
vt 0.2958 0.4545 0.0000
vt 0.3379 0.4408 0.0000
vt 0.3871 0.4357 0.0000
vt 0.3758 0.4190 0.0000
vt 0.4088 0.3897 0.0000
vt 0.4762 0.3224 0.0000
vt 0.4346 0.3542 0.0000
vt 0.4526 0.3143 0.0000
vt 0.4617 0.2712 0.0000
vt 0.4617 0.2277 0.0000
vt 0.4720 0.1793 0.0000
vt 0.4526 0.1847 0.0000
vt 0.4346 0.1448 0.0000
vt 0.4088 0.1093 0.0000
vt 0.3911 0.0599 0.0000
vt 0.3758 0.0799 0.0000
vt 0.3379 0.0579 0.0000
vt 0.2958 0.0445 0.0000
vt 0.2527 0.0198 0.0000
vt 0.2520 0.0398 0.0000
vt 0.2082 0.0445 0.0000
vt 0.1664 0.0579 0.0000
vt 0.1137 0.0594 0.0000
vt 0.1280 0.0799 0.0000
vt 0.0955 0.1093 0.0000
vt 0.0694 0.1448 0.0000
vt 0.0325 0.1778 0.0000
vt 0.0514 0.1847 0.0000
vt 0.0423 0.2275 0.0000
vt 0.0423 0.2715 0.0000
vt 0.0276 0.3214 0.0000
vt 0.0514 0.3141 0.0000
vt 0.0694 0.3542 0.0000
vt 0.0955 0.3897 0.0000
vt 0.1282 0.4190 0.0000
vt 0.4051 0.0794 0.0000
vt 0.4090 0.0753 0.0000
vt 0.3667 0.0516 0.0000
vt 0.3694 0.0467 0.0000
vt 0.3492 0.0440 0.0000
vt 0.3517 0.0388 0.0000
vt 0.4176 0.0936 0.0000
vt 0.4218 0.0897 0.0000
vt 0.4329 0.1054 0.0000
vt 0.4201 0.1015 0.0000
vt 0.3335 0.0330 0.0000
vt 0.3411 0.0440 0.0000
vt 0.4167 0.1081 0.0000
vt 0.3357 0.0494 0.0000
vt 0.3167 0.0817 0.0000
vt 0.3130 0.0799 0.0000
vt 0.3098 0.0787 0.0000
vt 0.2931 0.1235 0.0000
vt 0.2904 0.1228 0.0000
vt 0.2756 0.1526 0.0000
vt 0.2803 0.1643 0.0000
vt 0.2710 0.1565 0.0000
vt 0.2653 0.1736 0.0000
vt 0.2798 0.1842 0.0000
vt 0.2707 0.1869 0.0000
vt 0.2835 0.1947 0.0000
vt 0.2520 0.1680 0.0000
vt 0.2387 0.1736 0.0000
vt 0.2331 0.1563 0.0000
vt 0.2520 0.1590 0.0000
vt 0.2205 0.1947 0.0000
vt 0.2331 0.1869 0.0000
vt 0.2242 0.1842 0.0000
vt 0.2240 0.1641 0.0000
vt 0.2284 0.1526 0.0000
vt 0.2112 0.1235 0.0000
vt 0.1942 0.0785 0.0000
vt 0.1912 0.0799 0.0000
vt 0.2139 0.1228 0.0000
vt 0.2810 0.1206 0.0000
vt 0.3000 0.0746 0.0000
vt 0.2673 0.1484 0.0000
vt 0.3165 0.0315 0.0000
vt 0.2520 0.1526 0.0000
vt 0.2368 0.1484 0.0000
vt 0.2232 0.1203 0.0000
vt 0.2043 0.0743 0.0000
vt 0.1708 0.0330 0.0000
vt 0.1878 0.0315 0.0000
vt 0.3084 0.1722 0.0000
vt 0.3123 0.1824 0.0000
vt 0.3135 0.1746 0.0000
vt 0.3251 0.1810 0.0000
vt 0.3234 0.1732 0.0000
vt 0.3537 0.1629 0.0000
vt 0.3037 0.1785 0.0000
vt 0.2975 0.1714 0.0000
vt 0.3042 0.1680 0.0000
vt 0.2946 0.1590 0.0000
vt 0.3027 0.1582 0.0000
vt 0.3066 0.1274 0.0000
vt 0.2998 0.1254 0.0000
vt 0.3214 0.0841 0.0000
vt 0.3473 0.0489 0.0000
vt 0.3918 0.1362 0.0000
vt 0.3881 0.1325 0.0000
vt 0.4105 0.1098 0.0000
vt 0.3948 0.1391 0.0000
vt 0.3593 0.1717 0.0000
vt 0.3970 0.1418 0.0000
vt 0.1373 0.0516 0.0000
vt 0.1346 0.0464 0.0000
vt 0.0992 0.0792 0.0000
vt 0.0952 0.0750 0.0000
vt 0.0866 0.0936 0.0000
vt 0.0822 0.0897 0.0000
vt 0.1548 0.0440 0.0000
vt 0.1526 0.0386 0.0000
vt 0.1632 0.0440 0.0000
vt 0.0714 0.1051 0.0000
vt 0.0842 0.1012 0.0000
vt 0.1683 0.0491 0.0000
vt 0.0874 0.1081 0.0000
vt 0.1122 0.1362 0.0000
vt 0.1381 0.1822 0.0000
vt 0.1002 0.1499 0.0000
vt 0.1607 0.2037 0.0000
vt 0.0645 0.1208 0.0000
vt 0.1597 0.2194 0.0000
vt 0.1511 0.2326 0.0000
vt 0.1526 0.2419 0.0000
vt 0.1201 0.2370 0.0000
vt 0.1196 0.2465 0.0000
vt 0.0714 0.2514 0.0000
vt 0.0706 0.2407 0.0000
vt 0.0209 0.2597 0.0000
vt 0.0246 0.2431 0.0000
vt 0.1959 0.1722 0.0000
vt 0.2067 0.1714 0.0000
vt 0.1998 0.1678 0.0000
vt 0.2094 0.1587 0.0000
vt 0.2006 0.1785 0.0000
vt 0.2013 0.1580 0.0000
vt 0.1920 0.1822 0.0000
vt 0.1905 0.1746 0.0000
vt 0.1789 0.1810 0.0000
vt 0.1976 0.1272 0.0000
vt 0.2045 0.1252 0.0000
vt 0.1809 0.1732 0.0000
vt 0.1826 0.0841 0.0000
vt 0.1875 0.0817 0.0000
vt 0.1487 0.1658 0.0000
vt 0.1526 0.1599 0.0000
vt 0.1162 0.1323 0.0000
vt 0.0906 0.0971 0.0000
vt 0.1679 0.0557 0.0000
vt 0.0283 0.2972 0.0000
vt 0.0226 0.2982 0.0000
vt 0.0428 0.3422 0.0000
vt 0.0377 0.3446 0.0000
vt 0.0524 0.3586 0.0000
vt 0.0475 0.3615 0.0000
vt 0.0263 0.2783 0.0000
vt 0.0207 0.2788 0.0000
vt 0.0290 0.2705 0.0000
vt 0.0591 0.3635 0.0000
vt 0.0357 0.2671 0.0000
vt 0.0665 0.3623 0.0000
vt 0.1009 0.3473 0.0000
vt 0.1029 0.3508 0.0000
vt 0.1447 0.3273 0.0000
vt 0.1792 0.3018 0.0000
vt 0.1910 0.2859 0.0000
vt 0.1942 0.2752 0.0000
vt 0.1902 0.2624 0.0000
vt 0.1811 0.2556 0.0000
vt 0.1622 0.2500 0.0000
vt 0.1194 0.2495 0.0000
vt 0.0719 0.2549 0.0000
vt 0.1612 0.2788 0.0000
vt 0.1637 0.2683 0.0000
vt 0.1583 0.2737 0.0000
vt 0.1526 0.2619 0.0000
vt 0.1686 0.2764 0.0000
vt 0.1494 0.2693 0.0000
vt 0.1693 0.2859 0.0000
vt 0.1617 0.2847 0.0000
vt 0.1642 0.2977 0.0000
vt 0.1189 0.2634 0.0000
vt 0.1191 0.2563 0.0000
vt 0.1573 0.2935 0.0000
vt 0.0731 0.2641 0.0000
vt 0.0724 0.2590 0.0000
vt 0.1405 0.3219 0.0000
vt 0.1361 0.3163 0.0000
vt 0.0984 0.3424 0.0000
vt 0.0571 0.3559 0.0000
vt 0.0416 0.2695 0.0000
vt 0.4612 0.3424 0.0000
vt 0.4664 0.3449 0.0000
vt 0.4757 0.2974 0.0000
vt 0.4814 0.2984 0.0000
vt 0.4774 0.2783 0.0000
vt 0.4834 0.2791 0.0000
vt 0.4514 0.3588 0.0000
vt 0.4565 0.3615 0.0000
vt 0.4452 0.3769 0.0000
vt 0.4447 0.3635 0.0000
vt 0.4831 0.2600 0.0000
vt 0.4750 0.2708 0.0000
vt 0.4376 0.3625 0.0000
vt 0.4683 0.2673 0.0000
vt 0.4317 0.2593 0.0000
vt 0.4322 0.2551 0.0000
vt 0.4324 0.2517 0.0000
vt 0.3847 0.2495 0.0000
vt 0.3844 0.2468 0.0000
vt 0.4012 0.3510 0.0000
vt 0.4031 0.3473 0.0000
vt 0.3593 0.3275 0.0000
vt 0.3635 0.3221 0.0000
vt 0.3399 0.2979 0.0000
vt 0.3345 0.2859 0.0000
vt 0.3249 0.3021 0.0000
vt 0.3128 0.2862 0.0000
vt 0.3401 0.2686 0.0000
vt 0.3354 0.2766 0.0000
vt 0.3096 0.2754 0.0000
vt 0.3514 0.2619 0.0000
vt 0.3849 0.2566 0.0000
vt 0.3992 0.3539 0.0000
vt 0.3032 0.2879 0.0000
vt 0.3064 0.3018 0.0000
vt 0.3221 0.3138 0.0000
vt 0.3281 0.3141 0.0000
vt 0.2990 0.3143 0.0000
vt 0.2847 0.3177 0.0000
vt 0.2914 0.3361 0.0000
vt 0.3573 0.3297 0.0000
vt 0.3052 0.3226 0.0000
vt 0.2897 0.3417 0.0000
vt 0.2724 0.3101 0.0000
vt 0.3057 0.4217 0.0000
vt 0.2956 0.3745 0.0000
vt 0.2520 0.1869 0.0000
vt 0.3086 0.2287 0.0000
vt 0.2877 0.2989 0.0000
vt 0.3236 0.3224 0.0000
vt 0.3089 0.3280 0.0000
vt 0.2990 0.3402 0.0000
vt 0.3512 0.3371 0.0000
vt 0.3044 0.3708 0.0000
vt 0.3162 0.4193 0.0000
vt 0.3281 0.4638 0.0000
vt 0.3935 0.3632 0.0000
vt 0.4322 0.3882 0.0000
vt 0.2520 0.3451 0.0000
vt 0.2461 0.3461 0.0000
vt 0.2392 0.3532 0.0000
vt 0.2577 0.3461 0.0000
vt 0.2242 0.3804 0.0000
vt 0.2646 0.3532 0.0000
vt 0.2107 0.4242 0.0000
vt 0.2798 0.3804 0.0000
vt 0.2931 0.4242 0.0000
vt 0.2929 0.4677 0.0000
vt 0.2060 0.4557 0.0000
vt 0.3837 0.2370 0.0000
vt 0.4334 0.2409 0.0000
vt 0.3529 0.2328 0.0000
vt 0.4794 0.2434 0.0000
vt 0.3436 0.2037 0.0000
vt 0.3443 0.2196 0.0000
vt 0.3660 0.1822 0.0000
vt 0.4039 0.1499 0.0000
vt 0.3608 0.1741 0.0000
vt 0.4395 0.1210 0.0000
vt 0.4339 0.3569 0.0000
vt 0.4053 0.3427 0.0000
vt 0.3679 0.3165 0.0000
vt 0.3468 0.2938 0.0000
vt 0.3421 0.2849 0.0000
vt 0.3428 0.2791 0.0000
vt 0.3458 0.2739 0.0000
vt 0.3546 0.2695 0.0000
vt 0.3852 0.2637 0.0000
vt 0.4309 0.2644 0.0000
vt 0.4723 0.2781 0.0000
vt 0.4165 0.7032 0.0000
vt 0.4330 0.7859 0.0000
vt 0.2170 0.7859 0.0000
vt 0.4165 0.8685 0.0000
vt 0.3697 0.9386 0.0000
vt 0.2996 0.9854 0.0000
vt 0.2170 0.9982 0.0000
vt 0.1343 0.9854 0.0000
vt 0.0643 0.9386 0.0000
vt 0.0175 0.8685 0.0000
vt 0.0010 0.7859 0.0000
vt 0.0175 0.7032 0.0000
vt 0.0643 0.6332 0.0000
vt 0.1343 0.5864 0.0000
vt 0.2170 0.5699 0.0000
vt 0.2996 0.5864 0.0000
vt 0.3697 0.6332 0.0000
vt 0.1880 0.7390 0.0000
vt 0.2417 0.7390 0.0000
vt 0.1880 0.8288 0.0000
vt 0.2417 0.8288 0.0000
vt 0.5011 0.0036 0.0000
vt 0.4937 0.0036 0.0000
vt 0.4974 0.0405 0.0000
vt 0.4937 0.0405 0.0000
vt 0.5011 0.0405 0.0000
vt 0.4506 0.4631 0.0000
vt 0.4888 0.4584 0.0000
vt 0.4683 0.4496 0.0000
vt 0.4738 0.4936 0.0000
vt 0.4533 0.4851 0.0000
vt 0.4888 0.4834 0.0000
vt 0.4907 0.4611 0.0000
vt 0.4504 0.4799 0.0000
vt 0.4523 0.4577 0.0000
vt 0.4686 0.4927 0.0000
vt 0.4925 0.4626 0.0000
vt 0.4895 0.4846 0.0000
vt 0.4541 0.4577 0.0000
vt 0.4747 0.4491 0.0000
vt 0.4698 0.4489 0.0000
vt 0.4536 0.4839 0.0000
vt 0.4516 0.4618 0.0000
vt 0.0418 0.0185 0.0000
vt 0.5030 0.0043 0.0000
vt 0.5038 0.0577 0.0000
vt 0.5023 0.0577 0.0000
vt 0.5011 0.0577 0.0000
vt 0.4642 0.0046 0.0000
vt 0.4642 0.0112 0.0000
vt 0.4629 0.0112 0.0000
vt 0.4629 0.0046 0.0000
vt 0.4615 0.0112 0.0000
vt 0.4615 0.0046 0.0000
vt 0.4602 0.0046 0.0000
vt 0.4595 0.1702 0.0000
vt 0.4715 0.2150 0.0000
vt 0.4710 0.1658 0.0000
vt 0.4489 0.1225 0.0000
vt 0.4383 0.1291 0.0000
vt 0.4179 0.0846 0.0000
vt 0.4090 0.0934 0.0000
vt 0.3797 0.0538 0.0000
vt 0.3731 0.0643 0.0000
vt 0.3362 0.0317 0.0000
vt 0.3317 0.0432 0.0000
vt 0.2887 0.0190 0.0000
vt 0.2867 0.0313 0.0000
vt 0.2397 0.0166 0.0000
vt 0.2405 0.0288 0.0000
vt 0.1912 0.0242 0.0000
vt 0.1944 0.0361 0.0000
vt 0.1455 0.0415 0.0000
vt 0.1511 0.0528 0.0000
vt 0.1044 0.0682 0.0000
vt 0.1122 0.0777 0.0000
vt 0.0697 0.1027 0.0000
vt 0.0792 0.1105 0.0000
vt 0.0428 0.1435 0.0000
vt 0.0541 0.1492 0.0000
vt 0.0254 0.1891 0.0000
vt 0.0374 0.1922 0.0000
vt 0.0177 0.2373 0.0000
vt 0.0303 0.2380 0.0000
vt 0.0202 0.2859 0.0000
vt 0.0325 0.2840 0.0000
vt 0.0330 0.3331 0.0000
vt 0.0445 0.3285 0.0000
vt 0.0551 0.3764 0.0000
vt 0.0657 0.3698 0.0000
vt 0.0861 0.4144 0.0000
vt 0.0950 0.4056 0.0000
vt 0.1243 0.4452 0.0000
vt 0.1309 0.4347 0.0000
vt 0.1679 0.4672 0.0000
vt 0.1723 0.4557 0.0000
vt 0.2154 0.4799 0.0000
vt 0.2173 0.4677 0.0000
vt 0.2643 0.4824 0.0000
vt 0.2636 0.4699 0.0000
vt 0.3128 0.4748 0.0000
vt 0.3096 0.4628 0.0000
vt 0.3586 0.4574 0.0000
vt 0.3529 0.4462 0.0000
vt 0.3997 0.4308 0.0000
vt 0.3918 0.4212 0.0000
vt 0.4344 0.3963 0.0000
vt 0.4248 0.3884 0.0000
vt 0.4612 0.3554 0.0000
vt 0.4499 0.3498 0.0000
vt 0.4787 0.3099 0.0000
vt 0.4666 0.3067 0.0000
vt 0.4863 0.2617 0.0000
vt 0.4738 0.2610 0.0000
vt 0.4838 0.2130 0.0000
vt 0.2001 0.0070 0.0000
vt 0.2259 0.0031 0.0000
vt 0.1750 0.0139 0.0000
vt 0.2520 0.0016 0.0000
vt 0.2781 0.0031 0.0000
vt 0.1506 0.0232 0.0000
vt 0.1275 0.0349 0.0000
vt 0.3039 0.0070 0.0000
vt 0.3290 0.0139 0.0000
vt 0.1056 0.0491 0.0000
vt 0.0852 0.0653 0.0000
vt 0.3534 0.0232 0.0000
vt 0.0505 0.1039 0.0000
vt 0.0667 0.0836 0.0000
vt 0.0244 0.1487 0.0000
vt 0.0081 0.1979 0.0000
vt 0.0362 0.1257 0.0000
vt 0.0027 0.2495 0.0000
vt 0.0042 0.2754 0.0000
vt 0.0150 0.3260 0.0000
vt 0.0081 0.3011 0.0000
vt 0.0362 0.3733 0.0000
vt 0.0244 0.3503 0.0000
vt 0.0667 0.4153 0.0000
vt 0.0505 0.3950 0.0000
vt 0.1056 0.4498 0.0000
vt 0.0852 0.4337 0.0000
vt 0.1506 0.4758 0.0000
vt 0.1275 0.4640 0.0000
vt 0.2001 0.4919 0.0000
vt 0.2259 0.4958 0.0000
vt 0.2520 0.4973 0.0000
vt 0.3039 0.4919 0.0000
vt 0.2781 0.4958 0.0000
vt 0.3534 0.4758 0.0000
vt 0.3290 0.4851 0.0000
vt 0.3984 0.4498 0.0000
vt 0.3765 0.4640 0.0000
vt 0.4373 0.4153 0.0000
vt 0.4189 0.4337 0.0000
vt 0.4679 0.3733 0.0000
vt 0.4536 0.3950 0.0000
vt 0.4890 0.3260 0.0000
vt 0.4797 0.3503 0.0000
vt 0.4998 0.2754 0.0000
vt 0.5013 0.2495 0.0000
vt 0.4998 0.2236 0.0000
vt 0.4959 0.3011 0.0000
vt 0.4959 0.1979 0.0000
vt 0.4797 0.1487 0.0000
vt 0.4890 0.1729 0.0000
vt 0.4536 0.1039 0.0000
vt 0.4189 0.0653 0.0000
vt 0.4679 0.1257 0.0000
vt 0.3765 0.0349 0.0000
vt 0.0150 0.1729 0.0000
vt 0.0042 0.2236 0.0000
vt 0.4373 0.0836 0.0000
vt 0.3984 0.0491 0.0000
vt 0.1750 0.4851 0.0000
# 734 texture coords

o part_026
g part_026
usemtl llanta2_Porsche_911_GT2_default
s 1
f 1/1/1 2/2/2 3/3/3 
f 2/2/2 4/4/4 3/3/5 
f 4/4/4 2/2/2 5/5/6 
f 6/6/7 5/5/6 2/2/2 
f 5/5/6 6/6/7 7/7/8 
f 8/8/9 7/7/9 6/6/7 
f 9/9/10 10/10/11 11/11/12 
f 10/10/11 9/9/10 12/12/13 
f 13/13/14 12/12/13 9/9/10 
f 1/1/1 12/12/13 13/13/14 
f 12/12/13 1/1/1 14/14/15 
f 3/3/5 14/14/15 1/1/1 
f 9/9/10 11/11/16 15/15/17 
f 11/11/12 16/16/18 15/15/17 
f 17/17/19 15/15/17 16/16/18 
f 15/15/17 17/17/19 18/18/20 
f 19/19/21 18/18/20 17/17/19 
f 20/20/22 18/18/20 19/19/22 
f 21/21/23 22/22/24 23/23/25 
f 24/24/26 23/23/25 22/22/24 
f 25/25/27 23/23/25 24/24/26 
f 26/26/28 23/23/25 25/25/27 
f 27/27/29 23/23/25 26/26/28 
f 28/28/30 23/23/25 27/27/29 
f 23/23/25 28/28/30 29/29/31 
f 21/21/32 23/23/25 29/29/32 
f 30/30/33 31/31/34 32/32/35 
f 33/33/36 32/32/35 31/31/34 
f 34/34/37 32/32/35 33/33/36 
f 35/35/38 32/32/35 34/34/37 
f 36/36/39 32/32/35 35/35/38 
f 37/37/40 32/32/35 36/36/39 
f 32/32/35 37/37/40 38/38/41 
f 30/30/42 32/32/35 38/38/42 
f 39/39/43 40/40/43 41/41/43 
f 42/42/44 41/41/43 40/40/43 
f 43/43/45 44/44/45 39/39/45 
f 40/40/45 39/39/45 44/44/45 
f 45/45/46 46/46/47 43/43/47 
f 44/44/48 43/43/47 46/46/47 
f 47/47/49 48/48/50 49/49/50 
f 50/50/51 49/49/50 48/48/50 
f 49/49/52 50/50/53 51/51/53 
f 52/52/54 51/51/53 50/50/53 
f 51/51/55 52/52/56 53/53/57 
f 54/54/58 53/53/57 52/52/56 
f 53/53/57 54/54/58 45/45/59 
f 46/46/60 45/45/59 54/54/58 
f 54/54/61 42/42/61 46/46/62 
f 40/40/62 46/46/62 42/42/61 
f 44/44/63 46/46/62 40/40/62 
f 55/55/61 42/42/61 54/54/61 
f 52/52/64 55/55/61 54/54/61 
f 55/55/61 52/52/64 48/48/65 
f 50/50/66 48/48/65 52/52/64 
f 56/56/67 57/57/68 58/58/69 
f 59/59/70 58/58/69 57/57/68 
f 60/60/71 61/61/71 58/58/69 
f 62/62/72 63/63/72 57/57/68 
f 56/56/71 58/58/69 61/61/71 
f 59/59/73 57/57/68 63/63/73 
f 64/64/67 57/57/68 56/56/67 
f 64/64/74 62/62/74 57/57/68 
f 65/56/75 66/57/76 67/58/77 
f 68/59/78 67/58/77 66/57/76 
f 69/60/79 70/61/79 67/58/77 
f 71/62/80 72/63/80 66/57/76 
f 65/56/81 67/58/77 70/61/81 
f 68/59/82 66/57/76 72/63/82 
f 73/64/75 66/57/76 65/56/75 
f 73/64/83 71/62/83 66/57/76 
f 74/56/84 75/57/85 76/58/86 
f 77/59/87 76/58/86 75/57/85 
f 78/60/88 79/61/88 76/58/86 
f 80/62/89 81/63/89 75/57/85 
f 74/56/88 76/58/86 79/61/88 
f 77/59/90 75/57/85 81/63/90 
f 82/64/84 75/57/85 74/56/84 
f 82/64/91 80/62/91 75/57/85 
f 83/56/92 84/57/93 85/58/94 
f 82/59/95 85/58/94 84/57/93 
f 86/60/96 87/61/96 85/58/94 
f 88/62/97 80/63/97 84/57/93 
f 83/56/98 85/58/94 87/61/98 
f 82/59/99 84/57/93 80/63/99 
f 89/64/92 84/57/93 83/56/92 
f 89/64/100 88/62/100 84/57/93 
f 90/57/101 91/59/101 92/58/101 
f 93/65/101 92/58/101 91/59/101 
f 94/56/102 95/57/103 96/58/104 
f 97/59/105 96/58/104 95/57/103 
f 98/60/106 99/61/106 96/58/104 
f 72/62/107 100/63/107 95/57/103 
f 94/56/108 96/58/104 99/61/108 
f 97/59/107 95/57/103 100/63/107 
f 68/64/102 95/57/103 94/56/102 
f 68/64/109 72/62/109 95/57/103 
f 101/56/110 102/57/111 103/58/112 
f 104/59/113 103/58/112 102/57/111 
f 105/60/114 106/61/114 103/58/112 
f 107/62/115 108/63/115 102/57/111 
f 101/56/116 103/58/112 106/61/116 
f 104/59/117 102/57/111 108/63/117 
f 109/64/110 102/57/111 101/56/110 
f 109/64/118 107/62/118 102/57/111 
f 110/56/119 111/57/120 112/58/121 
f 64/59/122 112/58/121 111/57/120 
f 113/60/123 114/61/123 112/58/121 
f 115/62/124 62/63/124 111/57/120 
f 110/56/125 112/58/121 114/61/125 
f 64/59/126 111/57/120 62/63/126 
f 116/64/119 111/57/120 110/56/119 
f 116/64/127 115/62/127 111/57/120 
f 117/56/128 118/57/129 119/58/130 
f 120/59/131 119/58/130 118/57/129 
f 121/60/132 122/61/132 119/58/130 
f 123/62/133 124/63/133 118/57/129 
f 117/56/132 119/58/130 122/61/132 
f 120/59/134 118/57/129 124/63/134 
f 125/64/128 118/57/129 117/56/128 
f 125/64/135 123/62/135 118/57/129 
f 60/66/136 126/67/137 127/68/138 
f 128/69/139 127/68/138 126/67/137 
f 129/70/140 127/68/138 128/69/139 
f 127/68/138 129/70/140 130/71/141 
f 131/72/142 130/71/141 129/70/140 
f 127/68/138 130/71/141 61/73/143 
f 132/74/144 126/67/137 133/75/145 
f 134/76/146 126/67/137 132/74/144 
f 126/67/137 134/76/146 128/69/147 
f 135/77/148 132/74/144 136/78/149 
f 137/79/150 132/74/144 135/77/148 
f 132/74/144 137/79/150 134/76/151 
f 138/80/152 135/77/148 87/81/153 
f 139/82/154 135/77/148 138/80/152 
f 135/77/148 139/82/154 137/79/155 
f 140/83/156 138/80/152 86/84/157 
f 141/85/158 138/80/152 140/83/156 
f 138/80/152 141/85/158 139/82/159 
f 142/86/160 140/83/156 79/87/161 
f 143/88/162 140/83/156 142/86/160 
f 140/83/156 143/88/162 141/85/163 
f 144/89/164 142/86/160 78/90/165 
f 145/91/166 142/86/160 144/89/164 
f 142/86/160 145/91/166 143/88/167 
f 146/92/168 144/89/164 147/93/169 
f 148/94/170 144/89/164 146/92/168 
f 144/89/164 148/94/170 145/91/171 
f 149/95/172 146/92/168 150/96/173 
f 151/97/174 146/92/168 149/95/172 
f 146/92/168 151/97/174 148/94/175 
f 152/98/176 149/95/172 153/99/177 
f 154/100/178 149/95/172 152/98/176 
f 149/95/172 154/100/178 151/97/179 
f 155/101/180 152/98/176 156/102/181 
f 157/103/182 152/98/176 155/101/180 
f 152/98/176 157/103/182 154/100/183 
f 158/104/184 155/101/180 70/105/185 
f 159/106/186 155/101/180 158/104/184 
f 155/101/180 159/106/186 157/103/187 
f 160/107/188 158/104/184 69/108/189 
f 161/109/190 158/104/184 160/107/188 
f 158/104/184 161/109/190 159/106/191 
f 162/110/192 160/107/188 99/111/193 
f 163/112/194 160/107/188 162/110/192 
f 160/107/188 163/112/194 161/109/195 
f 164/113/196 162/110/192 98/114/197 
f 165/115/198 162/110/192 164/113/196 
f 162/110/192 165/115/198 163/112/199 
f 166/116/200 164/113/196 167/117/201 
f 168/118/202 164/113/196 166/116/200 
f 164/113/196 168/118/202 165/115/203 
f 169/119/204 166/116/200 170/120/205 
f 171/121/206 166/116/200 169/119/204 
f 166/116/200 171/121/206 168/118/207 
f 172/122/208 169/119/204 173/123/209 
f 174/124/210 169/119/204 172/122/208 
f 169/119/204 174/124/210 171/121/211 
f 175/125/212 172/122/208 176/126/213 
f 177/127/214 172/122/208 175/125/212 
f 172/122/208 177/127/214 174/124/215 
f 178/128/216 175/125/212 122/129/217 
f 179/130/218 175/125/212 178/128/216 
f 175/125/212 179/130/218 177/127/219 
f 180/131/220 178/128/216 121/132/221 
f 181/133/222 178/128/216 180/131/220 
f 178/128/216 181/133/222 179/130/223 
f 182/134/224 180/131/220 183/135/225 
f 184/136/226 180/131/220 182/134/224 
f 180/131/220 184/136/226 181/133/227 
f 185/137/228 182/134/224 186/138/229 
f 187/139/230 182/134/224 185/137/228 
f 182/134/224 187/139/230 184/136/231 
f 188/140/232 185/137/228 106/141/233 
f 189/142/234 185/137/228 188/140/232 
f 185/137/228 189/142/234 187/139/235 
f 190/143/236 188/140/232 105/144/237 
f 191/145/238 188/140/232 190/143/236 
f 188/140/232 191/145/238 189/142/239 
f 192/146/240 190/143/236 193/147/241 
f 194/148/242 190/143/236 192/146/240 
f 190/143/236 194/148/242 191/145/243 
f 195/149/244 192/146/240 196/150/245 
f 197/151/246 192/146/240 195/149/244 
f 192/146/240 197/151/246 194/148/247 
f 198/152/248 195/149/244 114/153/249 
f 199/154/250 195/149/244 198/152/248 
f 195/149/244 199/154/250 197/151/251 
f 131/72/252 199/154/253 198/152/248 
f 130/71/141 198/152/248 113/155/254 
f 198/152/248 130/71/141 131/72/252 
f 113/155/255 61/73/255 130/71/141 
f 7/7/256 200/156/257 201/157/258 
f 202/158/259 7/7/256 201/157/259 
f 201/159/260 200/156/257 203/160/261 
f 204/161/262 203/160/261 200/156/257 
f 203/160/261 204/161/262 205/162/263 
f 206/163/264 205/162/263 204/161/262 
f 207/164/265 205/162/263 208/165/266 
f 206/163/264 208/165/266 205/162/263 
f 209/166/267 207/167/268 208/165/266 
f 209/166/267 210/168/269 207/167/269 
f 36/36/270 211/169/271 37/37/272 
f 27/27/273 211/169/271 28/28/274 
f 26/26/275 211/169/271 27/27/273 
f 211/169/271 26/26/275 37/37/272 
f 212/170/276 37/37/272 26/26/275 
f 36/36/270 35/35/277 211/169/278 
f 213/171/279 211/169/271 35/35/277 
f 211/169/271 213/171/279 214/172/280 
f 215/173/281 211/169/271 214/172/280 
f 211/169/271 215/173/281 216/174/282 
f 213/171/279 217/175/280 214/172/283 
f 213/171/279 35/35/284 218/176/285 
f 219/177/286 220/178/287 216/174/288 
f 221/179/289 216/174/288 220/178/287 
f 216/174/288 221/179/289 211/169/271 
f 222/180/290 211/169/271 221/179/289 
f 223/181/291 211/169/271 222/180/290 
f 224/182/292 225/183/293 226/184/294 
f 227/185/295 226/184/294 225/183/293 
f 226/184/294 227/185/295 228/186/296 
f 229/187/297 228/186/296 227/185/295 
f 228/186/296 229/187/297 220/178/287 
f 221/179/289 220/178/287 229/187/297 
f 227/185/295 225/183/293 230/188/298 
f 231/189/299 230/188/298 232/190/300 
f 233/191/301 230/188/298 225/183/302 
f 230/188/298 233/191/301 232/190/303 
f 234/192/304 232/190/300 235/193/305 
f 232/190/300 234/192/304 231/189/299 
f 236/194/306 231/189/299 234/192/304 
f 231/189/299 236/194/306 237/195/307 
f 238/196/308 237/195/307 236/194/306 
f 237/195/307 238/196/308 223/181/309 
f 239/197/310 223/181/309 238/196/308 
f 223/181/309 239/197/310 211/169/271 
f 240/198/311 211/169/271 239/197/310 
f 241/199/312 211/169/271 240/198/311 
f 242/200/313 239/197/310 238/196/308 
f 243/201/314 241/199/312 244/202/315 
f 211/169/271 241/199/312 28/28/274 
f 243/201/314 28/28/274 241/199/312 
f 28/28/274 243/201/314 29/29/316 
f 245/203/317 29/29/316 243/201/314 
f 29/29/316 245/203/317 21/21/318 
f 246/204/319 21/21/318 245/203/317 
f 21/21/318 246/204/319 247/205/320 
f 248/206/321 247/205/320 246/204/319 
f 21/21/318 247/205/320 22/22/322 
f 24/24/323 22/22/322 249/207/324 
f 250/208/325 22/22/322 247/205/326 
f 250/208/325 249/207/324 22/22/327 
f 246/204/319 251/209/328 248/206/329 
f 252/210/330 253/211/331 251/209/328 
f 254/212/332 251/209/328 253/211/331 
f 251/209/328 254/212/332 248/206/321 
f 255/213/333 256/214/334 257/215/335 
f 256/214/334 258/216/336 259/217/337 
f 259/217/338 257/215/335 256/214/339 
f 260/218/340 261/219/341 258/216/336 
f 262/220/342 258/216/336 261/219/341 
f 258/216/336 262/220/342 259/217/338 
f 255/213/343 257/215/335 218/176/344 
f 263/221/345 218/176/344 257/215/335 
f 218/176/344 263/221/345 213/171/346 
f 213/171/346 263/221/345 217/175/347 
f 264/222/348 217/175/347 263/221/345 
f 217/175/347 264/222/348 265/223/349 
f 266/224/350 267/225/351 264/222/348 
f 265/223/352 264/222/348 267/225/353 
f 267/225/353 266/224/354 268/226/355 
f 268/226/355 269/227/356 270/228/357 
f 269/227/356 268/226/355 271/229/358 
f 266/224/350 271/229/358 268/226/355 
f 272/230/359 273/231/360 274/232/361 
f 275/233/361 274/232/361 273/231/360 
f 276/234/362 274/232/361 275/233/361 
f 277/235/363 274/232/361 276/234/362 
f 278/236/364 279/237/365 280/238/366 
f 281/239/367 280/238/366 279/237/365 
f 282/240/368 281/239/368 279/237/365 
f 278/236/369 283/241/369 279/237/365 
f 283/241/370 282/240/370 279/237/365 
f 12/12/371 14/14/372 31/31/373 
f 12/12/371 31/31/374 10/10/375 
f 33/33/376 31/31/374 14/14/372 
f 30/30/377 10/10/378 31/31/374 
f 34/34/379 218/176/285 35/35/277 
f 218/176/285 34/34/379 255/213/380 
f 33/33/376 255/213/380 34/34/379 
f 255/213/380 33/33/376 256/214/381 
f 14/14/372 256/214/381 33/33/376 
f 256/214/381 14/14/372 3/3/382 
f 256/214/381 3/3/383 258/216/384 
f 258/216/384 5/5/385 260/218/386 
f 5/5/385 258/216/384 4/4/387 
f 3/3/382 4/4/387 258/216/384 
f 41/41/388 42/42/388 284/242/389 
f 55/55/390 284/242/389 42/42/391 
f 284/242/389 55/55/390 47/47/392 
f 48/48/393 47/47/392 55/55/390 
f 71/243/394 285/244/394 286/245/395 
f 287/246/396 72/247/397 286/245/395 
f 288/248/398 286/245/395 285/244/394 
f 71/243/397 286/245/395 72/247/397 
f 288/248/398 285/244/399 289/249/400 
f 289/249/400 81/250/401 290/251/402 
f 81/250/399 289/249/400 285/244/399 
f 290/251/402 80/252/403 291/253/404 
f 80/252/401 290/251/402 81/250/401 
f 292/254/405 291/253/404 63/255/406 
f 88/256/403 291/253/404 80/252/403 
f 292/254/405 63/255/407 293/257/408 
f 62/258/407 293/257/408 63/255/407 
f 294/259/409 293/257/408 115/260/410 
f 294/259/409 115/260/411 295/261/412 
f 62/258/410 115/260/410 293/257/408 
f 108/262/411 295/261/412 115/260/411 
f 296/133/413 295/261/412 107/263/414 
f 296/133/413 107/263/415 297/139/416 
f 297/139/416 124/264/417 298/265/418 
f 124/264/415 297/139/416 107/263/415 
f 299/266/419 298/265/418 300/267/420 
f 123/268/421 298/265/418 124/264/421 
f 299/266/419 300/267/422 301/269/423 
f 100/270/422 301/269/423 300/267/422 
f 287/246/396 301/269/423 72/247/424 
f 302/65/70 58/58/69 59/59/70 
f 58/58/69 302/65/425 60/60/425 
f 133/271/426 60/60/426 302/65/426 
f 303/272/427 304/273/427 305/274/428 
f 306/275/429 305/274/428 304/273/427 
f 305/274/428 306/275/429 307/276/430 
f 307/276/430 306/275/429 308/277/431 
f 308/277/431 306/275/429 309/278/432 
f 310/279/433 309/278/432 306/275/429 
f 309/278/432 310/279/433 311/280/427 
f 312/281/427 311/280/427 310/279/433 
f 313/282/427 314/283/427 310/279/433 
f 310/279/433 314/283/427 312/281/427 
f 313/282/427 315/284/427 314/283/427 
f 315/284/427 313/282/427 316/285/427 
f 316/285/427 313/282/427 317/286/427 
f 318/287/427 317/286/427 313/282/427 
f 317/286/427 318/287/427 319/288/427 
f 319/288/427 318/287/427 320/289/427 
f 320/289/427 318/287/427 321/290/427 
f 322/291/427 321/290/427 318/287/427 
f 321/290/427 322/291/427 323/292/427 
f 323/292/427 322/291/427 324/293/427 
f 324/293/427 322/291/427 325/294/427 
f 326/295/434 325/294/427 322/291/427 
f 325/294/427 326/295/434 327/296/62 
f 327/296/62 326/295/434 328/297/435 
f 328/297/435 326/295/434 329/298/436 
f 330/299/433 329/298/436 326/295/434 
f 329/298/436 330/299/433 331/300/427 
f 331/300/427 330/299/433 332/301/427 
f 332/301/427 330/299/433 333/302/427 
f 334/303/427 333/302/427 330/299/433 
f 333/302/427 334/303/427 335/304/427 
f 335/304/427 334/303/427 336/305/427 
f 336/305/427 334/303/427 337/306/427 
f 338/307/427 337/306/427 334/303/427 
f 337/306/427 338/307/427 339/308/427 
f 339/308/427 338/307/427 340/309/427 
f 340/309/427 338/307/427 341/310/427 
f 304/273/427 341/310/427 338/307/427 
f 341/310/427 304/273/427 342/311/427 
f 342/311/427 304/273/427 303/272/427 
f 81/62/437 285/63/437 343/57/438 
f 77/64/439 343/57/438 344/56/439 
f 345/59/440 343/57/438 285/63/440 
f 77/64/441 81/62/441 343/57/438 
f 346/58/442 345/59/443 347/65/443 
f 345/59/443 346/58/442 343/57/438 
f 344/56/439 343/57/438 346/58/442 
f 150/60/444 147/61/444 346/58/442 
f 346/58/442 347/65/445 150/60/445 
f 344/56/444 346/58/442 147/61/444 
f 153/271/446 150/60/446 347/65/446 
f 348/312/447 349/313/448 350/314/449 
f 351/315/450 350/314/449 349/313/448 
f 352/316/451 350/314/449 353/317/452 
f 351/315/450 353/317/452 350/314/449 
f 354/318/453 355/319/454 348/312/447 
f 349/313/448 348/312/447 355/319/454 
f 356/320/455 355/319/454 354/321/456 
f 357/322/457 352/323/458 353/317/452 
f 358/324/459 356/320/455 354/321/459 
f 357/322/457 359/325/460 352/323/460 
f 360/326/461 359/325/462 361/327/463 
f 357/322/464 361/327/463 359/325/462 
f 362/328/465 361/327/463 357/322/464 
f 361/327/466 362/328/467 363/329/468 
f 364/330/469 363/329/468 362/328/467 
f 363/329/468 364/330/469 365/331/470 
f 366/332/471 363/329/468 365/331/472 
f 365/331/470 367/333/473 366/332/471 
f 368/334/474 366/332/471 367/333/473 
f 366/332/471 368/334/474 369/335/475 
f 370/336/476 369/335/475 368/334/474 
f 369/335/475 370/336/476 371/337/477 
f 239/197/310 371/337/477 370/336/476 
f 371/337/477 239/197/310 242/200/478 
f 368/334/474 367/333/473 372/338/479 
f 373/339/480 372/338/479 374/340/481 
f 375/341/482 372/338/479 367/333/483 
f 375/341/482 374/340/481 372/338/484 
f 244/202/485 241/199/312 376/342/486 
f 377/343/487 376/342/486 241/199/312 
f 376/342/486 377/343/487 378/344/488 
f 373/339/480 378/344/488 377/343/487 
f 378/344/488 373/339/480 379/345/489 
f 374/340/481 379/345/489 373/339/480 
f 379/345/489 374/340/481 380/346/490 
f 379/345/489 380/346/491 381/347/492 
f 381/347/492 382/348/493 383/349/494 
f 382/348/493 381/347/492 384/350/495 
f 380/346/490 384/350/495 381/347/492 
f 365/331/496 364/330/497 385/351/498 
f 362/328/499 385/351/498 364/330/497 
f 385/351/498 362/328/499 386/352/500 
f 357/322/501 386/352/500 362/328/499 
f 387/353/502 365/331/503 385/351/498 
f 388/354/504 386/352/500 357/322/504 
f 387/353/502 367/333/505 365/331/496 
f 367/333/505 387/353/502 375/341/506 
f 389/355/507 375/341/506 387/353/502 
f 390/356/508 375/341/506 389/355/507 
f 375/341/506 390/356/508 374/340/509 
f 380/346/510 374/340/509 390/356/508 
f 390/356/508 391/357/511 380/346/512 
f 391/357/511 384/350/513 380/346/510 
f 384/350/513 391/357/511 382/348/514 
f 392/358/515 382/348/514 391/357/511 
f 382/348/514 392/358/515 393/359/516 
f 394/360/517 393/359/517 392/358/515 
f 94/65/78 67/58/77 68/59/78 
f 67/58/77 94/65/518 69/60/518 
f 99/271/519 69/60/519 94/65/519 
f 395/361/520 396/362/521 397/363/522 
f 398/364/523 397/363/522 396/362/521 
f 397/363/522 398/364/523 399/365/524 
f 400/366/525 399/365/526 398/364/523 
f 396/362/521 395/361/527 401/367/528 
f 401/367/528 395/361/529 402/368/530 
f 402/368/530 395/369/531 403/370/532 
f 404/371/533 403/370/532 395/369/534 
f 405/372/535 406/373/536 404/371/533 
f 403/370/532 404/371/537 406/373/536 
f 406/373/536 405/372/538 360/326/539 
f 407/374/540 360/326/539 405/372/535 
f 360/326/539 407/374/540 359/325/541 
f 408/375/542 359/325/541 407/374/540 
f 359/325/541 408/375/542 352/323/543 
f 285/62/544 71/63/544 409/57/545 
f 347/56/546 409/57/545 410/58/547 
f 73/59/548 410/58/547 409/57/545 
f 156/60/549 153/61/549 410/58/547 
f 73/59/550 409/57/545 71/63/550 
f 347/56/551 410/58/547 153/61/551 
f 65/65/548 410/58/547 73/59/548 
f 410/58/547 65/65/552 156/60/552 
f 345/64/553 285/62/553 409/57/545 
f 345/64/546 409/57/545 347/56/546 
f 70/271/554 156/60/554 65/65/554 
f 400/366/525 411/376/555 412/377/556 
f 358/324/557 412/377/556 411/376/555 
f 412/377/556 358/324/557 413/378/558 
f 354/321/559 413/378/558 358/324/557 
f 414/379/560 411/376/561 415/380/562 
f 400/366/563 415/380/562 411/376/561 
f 415/380/562 400/366/563 398/364/564 
f 398/364/564 396/362/565 234/192/566 
f 234/192/567 415/380/562 398/364/568 
f 236/194/569 234/192/567 396/362/565 
f 371/337/570 402/368/571 369/335/572 
f 402/368/571 371/337/570 401/367/573 
f 242/200/574 401/367/573 371/337/570 
f 238/196/575 401/367/573 242/200/574 
f 401/367/573 238/196/575 396/362/565 
f 236/194/576 396/362/565 238/196/575 
f 369/335/577 402/368/571 366/332/578 
f 366/332/578 403/370/579 363/329/580 
f 363/329/580 360/326/581 361/327/582 
f 360/326/581 363/329/580 406/373/583 
f 403/370/584 406/373/583 363/329/580 
f 403/370/584 366/332/585 402/368/571 
f 89/59/586 416/57/587 88/63/586 
f 302/56/588 416/57/587 417/58/589 
f 89/59/590 417/58/589 416/57/587 
f 63/62/591 88/63/591 416/57/587 
f 59/64/592 63/62/592 416/57/587 
f 136/60/593 133/61/593 417/58/589 
f 83/65/590 417/58/589 89/59/590 
f 302/56/594 417/58/589 133/61/594 
f 417/58/589 83/65/595 136/60/595 
f 418/381/596 356/320/597 414/379/598 
f 358/324/599 414/379/598 356/320/597 
f 411/376/600 414/379/598 358/324/599 
f 419/382/601 420/383/602 421/384/603 
f 422/385/604 421/384/603 420/383/602 
f 423/386/605 421/384/603 424/387/606 
f 422/385/604 424/387/606 421/384/603 
f 425/388/607 426/389/608 419/382/601 
f 420/383/602 419/382/601 426/389/608 
f 393/359/609 426/389/608 425/390/610 
f 427/391/611 423/392/612 424/387/606 
f 428/393/613 393/359/609 425/390/613 
f 427/391/611 429/394/614 423/392/614 
f 430/395/615 429/394/616 252/210/617 
f 427/391/618 252/210/617 429/394/616 
f 253/211/619 252/210/617 427/391/618 
f 248/206/620 254/212/621 431/396/622 
f 253/211/623 431/396/622 254/212/621 
f 431/396/622 253/211/623 432/397/624 
f 427/391/625 432/397/624 253/211/623 
f 433/398/626 248/206/627 431/396/622 
f 434/399/628 432/397/624 427/391/628 
f 433/398/626 247/205/629 248/206/620 
f 247/205/629 433/398/626 250/208/630 
f 435/400/631 250/208/630 433/398/626 
f 436/401/632 250/208/630 435/400/631 
f 250/208/630 436/401/632 249/207/633 
f 437/402/634 249/207/633 436/401/632 
f 436/401/632 438/403/635 437/402/636 
f 438/403/635 439/404/637 437/402/634 
f 439/404/637 438/403/635 440/405/638 
f 441/406/639 440/405/638 438/403/635 
f 440/405/638 441/406/639 442/407/640 
f 443/408/641 442/407/641 441/406/639 
f 59/64/588 416/57/587 302/56/588 
f 444/409/642 445/410/643 446/411/644 
f 447/412/645 446/411/644 445/410/643 
f 445/410/643 444/409/646 448/413/647 
f 449/414/648 446/411/644 447/412/649 
f 448/413/647 444/409/650 450/415/651 
f 450/415/651 444/416/652 451/417/653 
f 452/418/654 449/414/648 453/419/655 
f 454/420/656 451/417/653 444/416/657 
f 455/421/658 452/418/654 456/422/659 
f 451/417/653 454/420/660 457/423/661 
f 458/424/662 457/423/661 454/420/656 
f 457/423/661 458/424/663 430/395/664 
f 459/425/665 430/395/664 458/424/662 
f 430/395/664 459/425/665 429/394/666 
f 460/426/667 429/394/666 459/425/665 
f 429/394/666 460/426/667 423/392/668 
f 428/393/669 455/421/658 456/422/670 
f 455/421/658 428/393/669 461/427/671 
f 425/390/672 461/427/671 428/393/669 
f 453/419/655 456/422/670 452/418/673 
f 447/412/645 453/419/655 449/414/674 
f 87/271/675 136/60/675 83/65/675 
f 383/349/676 456/422/677 381/347/678 
f 453/419/679 381/347/678 456/422/677 
f 381/347/678 453/419/679 447/412/680 
f 447/412/680 445/410/681 379/345/682 
f 379/345/683 381/347/678 447/412/684 
f 378/344/685 379/345/683 445/410/681 
f 243/201/686 450/415/687 245/203/688 
f 450/415/687 243/201/686 448/413/689 
f 244/202/690 448/413/689 243/201/686 
f 376/342/691 448/413/689 244/202/690 
f 448/413/689 376/342/691 445/410/681 
f 378/344/692 445/410/681 376/342/691 
f 245/203/693 450/415/687 246/204/694 
f 246/204/694 451/417/695 251/209/696 
f 251/209/696 430/395/697 252/210/698 
f 430/395/697 251/209/696 457/423/699 
f 451/417/700 457/423/699 251/209/696 
f 451/417/700 246/204/701 450/415/687 
f 344/65/87 76/58/86 77/59/87 
f 76/58/86 344/65/702 78/60/702 
f 147/271/702 78/60/702 344/65/702 
f 382/348/703 393/359/704 383/349/705 
f 428/393/706 383/349/705 393/359/704 
f 456/422/707 383/349/705 428/393/706 
f 462/428/708 463/429/709 464/430/710 
f 465/431/711 464/430/710 463/429/709 
f 466/432/712 464/430/710 467/433/713 
f 465/431/711 467/433/713 464/430/710 
f 468/434/714 469/435/715 462/428/708 
f 463/429/709 462/428/708 469/435/715 
f 442/407/716 469/435/715 468/436/717 
f 19/19/718 466/437/719 467/433/713 
f 470/438/720 442/407/716 468/436/720 
f 19/19/718 471/439/721 466/437/721 
f 472/440/722 471/439/723 473/441/724 
f 19/19/725 473/441/724 471/439/723 
f 17/17/726 473/441/724 19/19/725 
f 473/441/727 17/17/728 474/442/729 
f 16/16/730 474/442/729 17/17/728 
f 474/442/729 16/16/730 11/11/731 
f 475/443/732 474/442/729 11/11/733 
f 11/11/731 10/10/378 475/443/732 
f 30/30/377 475/443/732 10/10/378 
f 475/443/732 30/30/377 476/444/734 
f 38/38/735 476/444/734 30/30/377 
f 476/444/734 38/38/735 477/445/736 
f 37/37/272 477/445/736 38/38/735 
f 477/445/736 37/37/272 212/170/737 
f 212/170/737 26/26/275 478/446/738 
f 25/25/739 478/446/738 26/26/275 
f 478/446/738 25/25/739 479/447/740 
f 24/24/323 479/447/740 25/25/739 
f 479/447/740 24/24/323 480/448/741 
f 249/207/324 480/448/741 24/24/323 
f 480/448/741 249/207/324 437/402/742 
f 480/448/741 437/402/743 481/449/744 
f 481/449/744 440/405/745 482/450/746 
f 440/405/745 481/449/744 439/404/747 
f 437/402/742 439/404/747 481/449/744 
f 483/451/748 484/452/749 485/453/750 
f 486/454/751 485/453/750 484/452/749 
f 484/452/749 483/451/752 487/455/753 
f 488/456/754 485/453/750 486/454/755 
f 487/455/753 483/451/756 489/457/757 
f 489/457/757 483/458/758 490/459/759 
f 491/460/760 488/456/754 492/461/761 
f 493/462/762 490/459/759 483/458/763 
f 494/463/764 491/460/760 495/464/765 
f 490/459/759 493/462/766 496/465/767 
f 497/466/768 496/465/767 493/462/762 
f 496/465/767 497/466/769 472/440/770 
f 498/467/771 472/440/770 497/466/768 
f 472/440/770 498/467/771 471/439/772 
f 499/468/773 471/439/772 498/467/771 
f 471/439/772 499/468/773 466/437/774 
f 470/438/775 494/463/764 495/464/776 
f 494/463/764 470/438/775 500/469/777 
f 468/436/778 500/469/777 470/438/775 
f 492/461/761 495/464/776 491/460/779 
f 486/454/751 492/461/761 488/456/780 
f 74/65/95 85/58/94 82/59/95 
f 85/58/94 74/65/781 86/60/781 
f 79/271/781 86/60/781 74/65/781 
f 482/450/782 495/464/783 481/449/784 
f 492/461/785 481/449/784 495/464/783 
f 481/449/784 492/461/785 486/454/786 
f 486/454/786 484/452/787 480/448/788 
f 480/448/789 481/449/784 486/454/790 
f 479/447/791 480/448/789 484/452/787 
f 477/445/792 489/457/793 476/444/794 
f 489/457/793 477/445/792 487/455/795 
f 212/170/796 487/455/795 477/445/792 
f 478/446/797 487/455/795 212/170/796 
f 487/455/795 478/446/797 484/452/787 
f 479/447/798 484/452/787 478/446/797 
f 476/444/799 489/457/793 475/443/800 
f 475/443/800 490/459/801 474/442/802 
f 474/442/802 472/440/803 473/441/804 
f 472/440/803 474/442/802 496/465/805 
f 490/459/806 496/465/805 474/442/802 
f 490/459/806 475/443/807 489/457/793 
f 100/62/808 300/63/808 90/57/808 
f 440/405/809 442/407/810 482/450/811 
f 470/438/812 482/450/811 442/407/810 
f 495/464/813 482/450/811 470/438/812 
f 501/470/814 502/471/815 503/472/816 
f 504/473/817 503/472/816 502/471/815 
f 505/474/818 503/472/816 506/475/819 
f 504/473/817 506/475/819 503/472/816 
f 507/476/820 508/477/821 501/470/814 
f 502/471/815 501/470/814 508/477/821 
f 509/478/822 508/477/821 507/479/823 
f 510/480/824 505/481/825 506/475/819 
f 511/482/826 509/478/822 507/479/826 
f 510/480/824 512/483/827 505/481/827 
f 513/484/828 512/483/829 514/485/830 
f 510/480/831 514/485/830 512/483/829 
f 515/486/832 514/485/830 510/480/831 
f 514/485/833 515/486/834 516/487/835 
f 517/488/836 516/487/835 515/486/834 
f 516/487/835 517/488/836 224/182/292 
f 226/184/294 516/487/835 224/182/837 
f 518/489/838 519/490/839 520/491/840 
f 521/492/841 520/491/840 519/490/839 
f 520/491/840 521/492/841 522/493/842 
f 522/493/842 523/494/843 524/495/844 
f 524/495/845 520/491/840 522/493/846 
f 525/496/847 524/495/845 523/494/843 
f 220/178/848 526/497/849 228/186/850 
f 526/497/849 220/178/848 527/498/851 
f 219/177/852 527/498/851 220/178/848 
f 528/499/853 527/498/851 219/177/852 
f 527/498/851 528/499/853 523/494/843 
f 525/496/854 523/494/843 528/499/853 
f 228/186/855 526/497/849 226/184/856 
f 226/184/856 529/500/857 516/487/858 
f 516/487/858 513/484/859 514/485/860 
f 513/484/859 516/487/858 530/501/861 
f 529/500/862 530/501/861 516/487/858 
f 529/500/862 226/184/863 526/497/849 
f 91/59/808 90/57/808 300/63/808 
f 531/502/864 509/478/865 518/489/866 
f 511/482/867 518/489/866 509/478/865 
f 519/490/868 518/489/866 511/482/867 
f 219/177/869 216/174/288 528/499/870 
f 532/503/871 528/499/870 216/174/288 
f 528/499/870 532/503/871 525/496/872 
f 533/504/873 525/496/872 532/503/871 
f 525/496/872 533/504/873 524/495/874 
f 534/505/875 524/495/874 533/504/873 
f 524/495/874 534/505/875 535/506/876 
f 533/504/873 536/507/877 534/505/875 
f 537/508/878 538/509/879 536/507/877 
f 524/495/874 535/506/880 520/491/881 
f 520/491/881 531/502/882 518/489/883 
f 531/502/882 520/491/881 539/510/884 
f 535/506/876 539/510/884 520/491/881 
f 540/511/885 536/507/877 538/509/886 
f 536/507/877 540/511/885 534/505/887 
f 541/512/888 538/509/879 267/225/889 
f 537/508/878 267/225/889 538/509/879 
f 267/225/889 537/508/878 265/223/890 
f 542/513/891 265/223/890 537/508/878 
f 265/223/890 542/513/891 217/175/280 
f 214/172/280 217/175/280 542/513/891 
f 267/225/889 268/226/892 541/512/893 
f 270/228/894 543/514/895 268/226/892 
f 544/515/896 268/226/892 543/514/895 
f 268/226/892 544/515/896 541/512/888 
f 97/64/897 100/62/897 90/57/897 
f 368/334/898 372/338/899 545/516/900 
f 373/339/901 545/516/900 372/338/899 
f 377/343/902 545/516/900 373/339/901 
f 241/199/903 545/516/900 377/343/902 
f 240/198/904 545/516/900 241/199/903 
f 239/197/905 545/516/900 240/198/904 
f 370/336/906 545/516/900 239/197/905 
f 545/516/900 370/336/906 368/334/907 
f 97/64/908 90/57/908 546/56/908 
f 92/58/908 546/56/908 90/57/908 
f 92/58/909 93/65/909 170/60/909 
f 223/181/910 222/180/911 547/517/912 
f 221/179/913 547/517/912 222/180/911 
f 229/187/914 547/517/912 221/179/913 
f 227/185/915 547/517/912 229/187/914 
f 230/188/916 547/517/912 227/185/915 
f 547/517/912 230/188/916 231/189/917 
f 547/517/912 231/189/918 237/195/918 
f 237/195/919 223/181/919 547/517/912 
f 173/271/920 170/60/920 93/65/920 
f 216/174/921 215/173/922 548/518/923 
f 214/172/924 548/518/923 215/173/922 
f 542/513/925 548/518/923 214/172/924 
f 537/508/926 548/518/923 542/513/925 
f 536/507/927 548/518/923 537/508/926 
f 548/518/923 536/507/927 533/504/928 
f 548/518/923 533/504/929 532/503/929 
f 532/503/930 216/174/930 548/518/923 
f 546/56/931 92/58/931 167/61/931 
f 269/227/794 210/168/932 270/228/933 
f 209/166/934 270/228/933 210/168/932 
f 543/514/935 270/228/933 209/166/934 
f 535/506/936 534/505/937 549/519/938 
f 540/511/939 549/519/938 534/505/937 
f 549/519/938 540/511/939 550/520/940 
f 550/520/940 540/511/939 551/521/941 
f 538/509/942 551/521/941 540/511/939 
f 551/521/941 538/509/942 541/512/943 
f 549/519/938 552/522/944 535/506/945 
f 551/521/941 541/512/946 553/523/947 
f 541/512/943 544/515/948 553/523/947 
f 543/514/949 553/523/947 544/515/948 
f 553/523/947 543/514/949 554/524/950 
f 209/166/951 554/524/950 543/514/949 
f 555/525/952 554/524/950 209/166/952 
f 552/522/944 539/510/953 535/506/936 
f 539/510/953 552/522/944 531/502/954 
f 556/526/955 531/502/954 552/522/944 
f 531/502/954 556/526/955 509/478/956 
f 557/527/957 509/478/957 556/526/955 
f 170/60/958 167/61/958 92/58/958 
f 558/528/959 257/215/960 559/529/961 
f 259/217/962 559/529/961 257/215/960 
f 257/215/960 558/528/963 263/221/964 
f 560/530/965 559/529/961 259/217/966 
f 263/221/964 558/528/967 264/222/968 
f 264/222/968 558/531/969 266/224/970 
f 561/532/971 560/530/965 262/220/972 
f 562/533/973 266/224/970 558/531/974 
f 563/534/975 561/532/971 261/219/976 
f 266/224/970 562/533/977 271/229/978 
f 564/535/979 271/229/978 562/533/973 
f 271/229/978 564/535/980 269/227/981 
f 565/536/982 269/227/981 564/535/979 
f 269/227/981 565/536/982 210/168/983 
f 566/537/984 210/168/983 565/536/982 
f 210/168/983 566/537/984 207/167/985 
f 202/158/986 563/534/975 261/219/987 
f 563/534/975 202/158/986 567/538/988 
f 201/157/989 567/538/988 202/158/986 
f 262/220/972 261/219/987 561/532/990 
f 259/217/962 262/220/972 560/530/991 
f 546/65/105 96/58/104 97/59/105 
f 96/58/104 546/65/992 98/60/992 
f 167/271/992 98/60/992 546/65/992 
f 224/182/993 517/488/994 568/539/995 
f 515/486/996 568/539/995 517/488/994 
f 568/539/995 515/486/996 569/540/997 
f 510/480/998 569/540/997 515/486/996 
f 570/541/999 224/182/1000 568/539/995 
f 571/542/1001 569/540/997 510/480/1001 
f 235/193/1002 232/190/1003 572/543/1004 
f 233/191/1005 572/543/1004 232/190/1003 
f 572/543/1004 233/191/1005 573/544/1006 
f 573/544/1006 233/191/1005 570/541/999 
f 225/183/1007 570/541/999 233/191/1005 
f 570/541/999 225/183/1007 224/182/993 
f 572/543/1004 574/545/1008 235/193/1009 
f 418/381/1010 575/546/1011 356/320/1012 
f 575/546/1011 418/381/1010 574/545/1008 
f 576/547/1013 574/545/1008 418/381/1010 
f 574/545/1008 576/547/1013 235/193/1002 
f 577/548/1014 356/320/1014 575/546/1011 
f 578/65/113 103/58/112 104/59/113 
f 103/58/112 578/65/1015 105/60/1015 
f 193/271/1016 105/60/1016 578/65/1016 
f 507/479/1017 579/549/1018 511/482/1019 
f 580/550/1020 511/482/1019 579/549/1018 
f 511/482/1019 580/550/1020 519/490/1021 
f 521/492/1022 519/490/1021 581/551/1023 
f 580/550/1020 581/551/1024 519/490/1025 
f 581/551/1024 582/552/1026 521/492/1022 
f 582/552/1026 583/553/1027 522/493/1028 
f 522/493/1029 521/492/1022 582/552/1030 
f 584/554/1031 523/494/1032 583/553/1027 
f 522/493/1029 583/553/1027 523/494/1032 
f 523/494/1032 584/554/1033 527/498/1034 
f 527/498/1034 584/554/1035 526/497/1036 
f 526/497/1036 584/555/1037 529/500/1038 
f 585/556/1039 529/500/1038 584/555/1040 
f 586/557/1041 530/501/1042 585/556/1039 
f 529/500/1038 585/556/1043 530/501/1042 
f 530/501/1042 586/557/1044 513/484/1045 
f 587/558/1046 513/484/1045 586/557/1041 
f 513/484/1045 587/558/1046 512/483/1047 
f 588/559/1048 512/483/1047 587/558/1046 
f 512/483/1047 588/559/1048 505/481/1049 
f 56/65/122 112/58/121 64/59/122 
f 112/58/121 56/65/1050 113/60/1050 
f 61/271/1051 113/60/1051 56/65/1051 
f 5/5/1052 7/7/1053 260/218/1054 
f 202/158/1055 260/218/1054 7/7/1053 
f 261/219/1056 260/218/1054 202/158/1055 
f 589/560/427 590/561/427 591/562/427 
f 592/563/427 591/562/427 590/561/427 
f 593/564/427 591/562/427 592/563/427 
f 594/565/427 591/562/427 593/564/427 
f 595/566/427 591/562/427 594/565/427 
f 596/567/427 591/562/427 595/566/427 
f 597/568/427 591/562/427 596/567/427 
f 598/569/427 591/562/427 597/568/427 
f 599/570/427 591/562/427 598/569/427 
f 600/571/427 591/562/427 599/570/427 
f 601/572/427 591/562/427 600/571/427 
f 602/573/427 591/562/427 601/572/427 
f 603/574/427 591/562/427 602/573/427 
f 604/575/427 591/562/427 603/574/427 
f 605/576/427 591/562/427 604/575/427 
f 591/562/427 605/576/427 589/560/427 
f 606/577/1057 607/578/1057 608/579/1057 
f 609/580/1057 608/579/1057 607/578/1057 
f 608/577/1058 609/578/1058 610/579/1058 
f 611/580/1058 610/579/1058 609/578/1058 
f 612/577/1059 613/578/1059 614/579/1059 
f 615/580/1059 614/579/1059 613/578/1059 
f 616/577/1060 617/578/1060 618/579/1060 
f 619/580/1060 618/579/1060 617/578/1060 
f 618/577/84 619/578/84 620/579/84 
f 621/580/84 620/579/84 619/578/84 
f 620/577/1061 621/578/1061 612/579/1061 
f 613/580/1061 612/579/1061 621/578/1061 
f 610/577/1062 611/578/1062 616/579/1062 
f 617/580/1062 616/579/1062 611/578/1062 
f 614/577/1063 615/578/1063 622/579/1063 
f 623/580/1063 622/579/1063 615/578/1063 
f 622/577/1064 623/578/1064 624/579/1064 
f 625/580/1064 624/579/1064 623/578/1064 
f 626/577/1065 627/578/1065 606/579/1065 
f 607/580/1065 606/579/1065 627/578/1065 
f 624/577/1066 625/578/1066 628/579/1066 
f 629/580/1066 628/579/1066 625/578/1066 
f 628/577/1067 629/578/1067 630/579/1067 
f 631/580/1067 630/579/1067 629/578/1067 
f 630/577/1068 631/578/1068 632/579/1068 
f 633/580/1068 632/579/1068 631/578/1068 
f 632/577/1069 633/578/1069 634/579/1069 
f 635/580/1069 634/579/1069 633/578/1069 
f 634/577/131 635/578/131 636/579/131 
f 637/580/131 636/579/131 635/578/131 
f 636/577/1070 637/578/1070 638/579/1070 
f 639/580/1070 638/579/1070 637/578/1070 
f 638/577/1071 639/578/1071 640/579/1071 
f 641/580/1071 640/579/1071 639/578/1071 
f 640/577/1072 641/578/1072 626/579/1072 
f 627/580/1072 626/579/1072 641/578/1072 
f 642/561/1073 643/562/1073 644/563/1073 
f 645/560/1073 643/562/1073 642/561/1073 
f 646/576/1073 643/562/1073 645/560/1073 
f 647/575/1073 643/562/1073 646/576/1073 
f 648/574/1073 643/562/1073 647/575/1073 
f 649/573/1073 643/562/1073 648/574/1073 
f 650/572/1073 643/562/1073 649/573/1073 
f 651/571/1073 643/562/1073 650/572/1073 
f 652/570/1073 643/562/1073 651/571/1073 
f 653/569/1073 643/562/1073 652/570/1073 
f 654/568/1073 643/562/1073 653/569/1073 
f 655/567/1073 643/562/1073 654/568/1073 
f 656/566/1073 643/562/1073 655/567/1073 
f 657/565/1073 643/562/1073 656/566/1073 
f 658/564/1073 643/562/1073 657/565/1073 
f 643/562/1073 658/564/1073 644/563/1073 
f 108/62/1074 115/63/1074 659/57/1075 
f 104/64/1076 659/57/1075 578/56/1076 
f 116/59/1077 659/57/1075 115/63/1077 
f 104/64/1078 108/62/1078 659/57/1075 
f 660/58/1079 116/59/1080 110/65/1080 
f 116/59/1080 660/58/1079 659/57/1075 
f 578/56/1076 659/57/1075 660/58/1079 
f 196/60/1081 193/61/1081 660/58/1079 
f 660/58/1079 110/65/1082 196/60/1082 
f 578/56/1083 660/58/1079 193/61/1083 
f 114/271/1084 196/60/1084 110/65/1084 
f 415/380/1085 418/381/1086 414/379/1087 
f 418/381/1086 415/380/1085 576/547/1088 
f 235/193/305 576/547/1088 415/380/1085 
f 234/192/304 235/193/1089 415/380/1085 
f 661/581/1090 662/582/1090 663/583/1090 
f 300/62/1091 123/63/1091 664/57/1091 
f 665/584/1092 663/585/1092 666/582/1092 
f 125/59/1093 664/57/1093 123/63/1093 
f 662/581/1094 666/582/1094 663/585/1094 
f 91/64/1095 300/62/1095 664/57/1095 
f 666/581/1096 667/582/1096 665/583/1096 
f 664/57/1097 125/59/1097 668/58/1097 
f 669/584/1098 665/585/1098 670/582/1098 
f 117/65/1097 668/58/1097 125/59/1097 
f 667/581/1099 670/582/1099 665/585/1099 
f 91/64/1100 664/57/1100 93/56/1100 
f 668/58/1100 93/56/1100 664/57/1100 
f 668/58/1101 117/65/1101 176/60/1101 
f 122/271/1101 176/60/1101 117/65/1101 
f 93/56/1102 668/58/1102 173/61/1102 
f 670/581/1103 671/582/1103 669/583/1103 
f 176/60/1104 173/61/1104 668/58/1104 
f 672/584/1105 669/585/1105 673/582/1105 
f 124/62/1106 107/63/1106 674/57/1107 
f 120/64/1108 674/57/1107 675/56/1108 
f 109/59/1109 674/57/1107 107/63/1109 
f 120/64/1110 124/62/1110 674/57/1107 
f 676/58/1111 109/59/1112 101/65/1112 
f 109/59/1112 676/58/1111 674/57/1107 
f 675/56/1108 674/57/1107 676/58/1111 
f 186/60/1113 183/61/1113 676/58/1111 
f 676/58/1111 101/65/1114 186/60/1114 
f 675/56/1113 676/58/1111 183/61/1113 
f 106/271/1115 186/60/1115 101/65/1115 
f 671/581/1116 673/582/1116 669/585/1116 
f 675/65/131 119/58/130 120/59/131 
f 119/58/130 675/65/1117 121/60/1117 
f 183/271/1117 121/60/1117 675/65/1117 
f 673/581/1118 677/582/1118 672/583/1118 
f 108/262/414 107/263/414 295/261/414 
f 678/581/1119 679/582/1119 680/583/1119 
f 123/268/420 300/267/420 298/265/420 
f 681/584/1120 680/585/1120 682/582/1120 
f 100/270/424 72/247/424 301/269/424 
f 679/581/1121 682/582/1121 680/585/1121 
f 88/256/406 63/255/406 291/253/406 
f 682/581/1122 683/582/1122 681/583/1122 
f 114/153/254 113/155/254 198/152/254 
f 684/584/1123 681/585/1123 685/582/1123 
f 196/150/1124 114/153/1124 195/149/1124 
f 683/581/1125 685/582/1125 681/585/1125 
f 193/147/1126 196/150/1126 192/146/1126 
f 685/581/1127 686/582/1127 684/583/1127 
f 105/144/241 193/147/241 190/143/241 
f 687/584/1128 684/585/1128 688/582/1128 
f 106/141/1129 105/144/1129 188/140/1129 
f 686/581/1128 688/582/1128 684/585/1128 
f 186/138/1130 106/141/1130 185/137/1130 
f 688/581/1131 689/582/1131 687/583/1131 
f 183/135/1132 186/138/1132 182/134/1132 
f 690/584/1133 687/585/1133 691/582/1133 
f 121/132/1134 183/135/1134 180/131/1134 
f 689/581/1135 691/582/1135 687/585/1135 
f 122/129/1136 121/132/1136 178/128/1136 
f 691/581/1137 692/582/1137 690/583/1137 
f 176/126/217 122/129/217 175/125/217 
f 693/584/1138 690/585/1138 694/582/1138 
f 173/123/1139 176/126/1139 172/122/1139 
f 692/581/1140 694/582/1140 690/585/1140 
f 170/120/1141 173/123/1141 169/119/1141 
f 694/581/1142 695/582/1142 693/583/1142 
f 167/117/1143 170/120/1143 166/116/1143 
f 696/584/1144 693/585/1144 697/582/1144 
f 98/114/1145 167/117/1145 164/113/1145 
f 695/581/1146 697/582/1146 693/585/1146 
f 99/111/1147 98/114/1147 162/110/1147 
f 697/581/1148 698/582/1148 696/583/1148 
f 69/108/193 99/111/193 160/107/193 
f 699/584/1149 696/585/1149 700/582/1149 
f 70/105/1150 69/108/1150 158/104/1150 
f 698/581/1151 700/582/1151 696/585/1151 
f 156/102/1152 70/105/1152 155/101/1152 
f 700/581/1153 701/582/1153 699/583/1153 
f 153/99/181 156/102/181 152/98/181 
f 702/584/1154 699/585/1154 703/582/1154 
f 150/96/1155 153/99/1155 149/95/1155 
f 701/581/1154 703/582/1154 699/585/1154 
f 147/93/1156 150/96/1156 146/92/1156 
f 703/581/1157 704/582/1157 702/583/1157 
f 78/90/1158 147/93/1158 144/89/1158 
f 705/584/1159 702/585/1159 706/582/1159 
f 79/87/1160 78/90/1160 142/86/1160 
f 704/581/1161 706/582/1161 702/585/1161 
f 86/84/1162 79/87/1162 140/83/1162 
f 706/581/1163 707/582/1163 705/583/1163 
f 87/81/1164 86/84/1164 138/80/1164 
f 708/584/1165 705/585/1165 709/582/1165 
f 136/78/1166 87/81/1166 135/77/1166 
f 707/581/1165 709/582/1165 705/585/1165 
f 133/75/1167 136/78/1167 132/74/1167 
f 709/581/1168 710/582/1168 708/583/1168 
f 60/66/1169 133/75/1169 126/67/1169 
f 663/584/1170 708/585/1170 661/582/1170 
f 61/73/1171 60/66/1171 127/68/1171 
f 710/581/1172 661/582/1172 708/585/1172 
f 711/586/1173 712/587/1174 713/588/1175 
f 714/589/1176 711/586/1173 715/590/1177 
f 711/586/1173 714/589/1176 712/587/1174 
f 716/230/1178 712/587/1174 714/589/1176 
f 717/233/1179 718/591/1180 719/592/1181 
f 720/593/1182 717/233/1179 721/594/1183 
f 717/233/1179 720/593/1182 718/591/1180 
f 722/595/1184 718/591/1180 720/593/1182 
f 723/596/1185 724/595/1185 725/597/1186 
f 726/598/1185 723/596/1185 727/599/1187 
f 723/596/1185 726/598/1185 724/595/1185 
f 728/593/1188 724/595/1185 726/598/1185 
f 729/600/1189 730/230/1190 731/231/1191 
f 732/601/1192 729/600/1189 733/602/1193 
f 729/600/1189 732/601/1192 730/230/1190 
f 734/589/1194 730/230/1190 732/601/1192 
f 735/603/1195 736/603/1196 737/603/1197 
f 736/603/1196 738/603/1198 739/603/1199 
f 739/603/1199 737/603/1197 736/603/1200 
f 740/603/1201 739/603/1199 738/603/1202 
f 739/603/1199 740/603/1201 737/603/1197 
f 741/603/1203 737/603/1197 740/603/1201 
f 737/603/1197 741/603/1203 742/603/1204 
f 743/603/1205 742/603/1204 741/603/1203 
f 742/603/1204 743/603/1205 735/603/1195 
f 741/603/1203 740/603/1201 744/603/1206 
f 738/603/1198 744/603/1207 740/603/1201 
f 744/603/1207 743/603/1208 741/603/1203 
f 737/603/1197 742/603/1204 735/603/1209 
f 680/584/1210 672/585/1210 678/582/1210 
f 745/604/1211 746/604/1212 663/605/1213 
f 663/605/1214 665/605/1214 745/604/1211 
f 746/604/1212 747/604/1215 708/605/1216 
f 748/604/1217 745/604/1211 665/605/1218 
f 747/604/1215 749/604/1219 705/605/1220 
f 750/604/1221 748/604/1217 669/605/1222 
f 749/604/1219 751/581/1223 702/605/1224 
f 752/581/1225 750/604/1221 672/606/1226 
f 751/581/1223 753/581/1227 699/606/1228 
f 754/581/1229 752/581/1225 680/606/1230 
f 753/581/1227 755/581/1231 696/606/1232 
f 756/581/1233 754/581/1229 681/607/1234 
f 755/581/1231 757/581/1235 693/607/1236 
f 758/581/1237 756/581/1233 684/607/1238 
f 757/581/1235 759/581/1239 690/607/1240 
f 759/581/1239 758/581/1237 687/607/1241 
f 708/605/1242 663/605/1242 746/604/1242 
f 677/581/1243 678/582/1243 672/585/1243 
f 705/605/1244 708/605/1244 747/604/1244 
f 760/608/1245 761/609/1246 762/608/1245 
f 763/608/1247 761/609/1246 760/608/1247 
f 764/609/1248 762/608/1245 761/609/1246 
f 765/608/1249 764/609/1248 766/608/1249 
f 761/609/1246 767/608/1250 768/609/1251 
f 769/608/1252 764/609/1248 765/608/1252 
f 770/608/1250 768/609/1251 767/608/1250 
f 762/608/1253 764/609/1248 769/608/1253 
f 768/609/1251 771/608/1254 772/610/1255 
f 773/611/1256 772/610/1255 774/608/1256 
f 774/608/1257 772/610/1255 771/608/1257 
f 775/611/1258 772/610/1255 773/611/1258 
f 772/610/1255 776/611/1259 777/610/1260 
f 778/611/1261 777/610/1260 779/611/1261 
f 779/611/1262 777/610/1260 776/611/1262 
f 780/611/1263 777/610/1260 778/611/1263 
f 777/610/1260 781/611/1264 782/612/1265 
f 783/613/1266 782/612/1265 784/613/1266 
f 784/613/1267 782/612/1265 781/611/1267 
f 785/613/1268 782/612/1265 783/613/1268 
f 782/612/1265 786/613/1269 787/612/1270 
f 788/613/1271 787/612/1270 789/613/1271 
f 789/613/1272 787/612/1270 786/613/1272 
f 790/613/1273 787/612/1270 788/613/1273 
f 787/612/1270 791/613/1274 792/612/1275 
f 793/613/1276 792/612/1275 794/613/1276 
f 794/613/1274 792/612/1275 791/613/1274 
f 795/614/1277 792/612/1275 793/613/1277 
f 792/612/1275 796/614/1278 797/612/1279 
f 798/614/1280 797/612/1279 799/614/1280 
f 799/614/1281 797/612/1279 796/614/1281 
f 800/614/1282 797/612/1279 798/614/1282 
f 797/612/1279 801/613/1283 802/612/1284 
f 803/613/1285 802/612/1284 804/613/1285 
f 804/613/1286 802/612/1284 801/613/1286 
f 805/613/1287 802/612/1284 803/613/1287 
f 802/612/1284 806/613/1288 807/612/1289 
f 808/613/1290 807/612/1289 809/613/1290 
f 809/613/1288 807/612/1289 806/613/1288 
f 810/613/1291 807/612/1289 808/613/1291 
f 807/612/1289 811/613/1292 812/610/1293 
f 813/611/1294 812/610/1293 814/613/1294 
f 814/613/1292 812/610/1293 811/613/1292 
f 815/611/1295 812/610/1293 813/611/1295 
f 812/610/1293 816/611/1296 817/610/1297 
f 818/611/1298 817/610/1297 819/611/1298 
f 819/611/1299 817/610/1297 816/611/1299 
f 820/611/1300 817/610/1297 818/611/1300 
f 817/610/1297 821/611/1301 822/609/1302 
f 823/608/1303 822/609/1302 824/608/1303 
f 824/608/1304 822/609/1302 821/611/1304 
f 825/608/1305 822/609/1302 823/608/1305 
f 822/609/1302 826/608/1306 827/609/1307 
f 828/608/1308 827/609/1307 829/608/1308 
f 829/608/1309 827/609/1307 826/608/1309 
f 830/608/1310 827/609/1307 828/608/1310 
f 827/609/1307 831/608/1311 764/609/1248 
f 831/608/1312 827/609/1307 830/608/1312 
f 766/608/1313 764/609/1248 831/608/1313 
f 702/605/1314 705/605/1314 749/604/1314 
f 767/608/1315 761/609/1246 832/608/1315 
f 832/608/1316 761/609/1246 763/608/1316 
f 771/608/1317 768/609/1251 833/608/1317 
f 834/608/1318 768/609/1251 770/608/1318 
f 833/608/1319 768/609/1251 834/608/1319 
f 699/606/1320 702/605/1320 751/581/1320 
f 776/611/1321 772/610/1255 775/611/1321 
f 696/606/1322 699/606/1322 753/581/1322 
f 781/611/1323 777/610/1260 780/611/1323 
f 693/607/1324 696/606/1324 755/581/1324 
f 786/613/1325 782/612/1265 785/613/1325 
f 690/607/1326 693/607/1326 757/581/1326 
f 791/613/1327 787/612/1270 790/613/1327 
f 687/607/1240 690/607/1240 759/581/1240 
f 796/614/1328 792/612/1275 795/614/1328 
f 684/607/1329 687/607/1329 758/581/1329 
f 801/613/1330 797/612/1279 800/614/1330 
f 681/607/1238 684/607/1238 756/581/1238 
f 806/613/1331 802/612/1284 805/613/1331 
f 680/606/1234 681/607/1234 754/581/1234 
f 811/613/1332 807/612/1289 810/613/1332 
f 672/606/1333 680/606/1333 752/581/1333 
f 816/611/1334 812/610/1293 815/611/1334 
f 669/605/1335 672/606/1335 750/604/1335 
f 821/611/1336 817/610/1297 820/611/1336 
f 665/605/1222 669/605/1222 748/604/1222 
f 826/608/1337 822/609/1302 825/608/1337 
f 835/615/1338 836/616/1339 837/617/1340 
f 838/618/1341 835/615/1338 837/617/1340 
f 835/615/1338 838/618/1341 839/619/1342 
f 840/620/1343 839/619/1342 838/618/1341 
f 839/619/1342 840/620/1343 841/621/1344 
f 842/622/1345 841/621/1344 840/620/1343 
f 841/621/1344 842/622/1345 843/623/1346 
f 844/624/1347 843/623/1346 842/622/1345 
f 843/623/1346 844/624/1347 845/625/1348 
f 846/626/1349 845/625/1348 844/624/1347 
f 845/625/1348 846/626/1349 847/627/1350 
f 848/628/1351 847/627/1350 846/626/1349 
f 847/627/1350 848/628/1351 849/629/1352 
f 850/630/1353 849/629/1352 848/628/1351 
f 849/629/1352 850/630/1353 851/631/1354 
f 852/632/1355 851/631/1354 850/630/1353 
f 851/631/1354 852/632/1355 853/633/1356 
f 854/634/1357 853/633/1356 852/632/1355 
f 853/633/1356 854/634/1357 855/635/1358 
f 856/636/1359 855/635/1358 854/634/1357 
f 855/635/1358 856/636/1359 857/637/1360 
f 858/638/1361 857/637/1360 856/636/1359 
f 857/637/1360 858/638/1361 859/639/1362 
f 860/640/1363 859/639/1362 858/638/1361 
f 859/639/1362 860/640/1363 861/641/1364 
f 862/642/1365 861/641/1364 860/640/1363 
f 861/641/1364 862/642/1365 863/643/1366 
f 864/644/1367 863/643/1366 862/642/1365 
f 863/643/1366 864/644/1367 865/645/1368 
f 866/646/1369 865/645/1368 864/644/1367 
f 865/645/1368 866/646/1369 867/647/1370 
f 868/648/1371 867/647/1370 866/646/1369 
f 867/647/1370 868/648/1371 869/649/1372 
f 870/650/1373 869/649/1372 868/648/1371 
f 869/649/1372 870/650/1373 871/651/1374 
f 872/652/1375 871/651/1374 870/650/1373 
f 871/651/1374 872/652/1375 873/653/1376 
f 874/654/1377 873/653/1376 872/652/1375 
f 873/653/1376 874/654/1377 875/655/1378 
f 876/656/1379 875/655/1378 874/654/1377 
f 875/655/1378 876/656/1379 877/657/1380 
f 878/658/1381 877/657/1380 876/656/1379 
f 877/657/1380 878/658/1381 879/659/1382 
f 880/660/1383 879/659/1382 878/658/1381 
f 879/659/1382 880/660/1383 881/661/1384 
f 882/662/1385 881/661/1384 880/660/1383 
f 881/661/1384 882/662/1385 883/663/1386 
f 884/664/1387 883/663/1386 882/662/1385 
f 883/663/1386 884/664/1387 885/665/1388 
f 886/666/1389 885/665/1388 884/664/1387 
f 885/665/1388 886/666/1389 887/667/1390 
f 888/668/1391 887/667/1390 886/666/1389 
f 887/667/1390 888/668/1391 889/669/1392 
f 890/670/1393 889/669/1392 888/668/1391 
f 889/669/1392 890/670/1393 891/671/1394 
f 892/672/1395 891/671/1394 890/670/1393 
f 891/671/1394 892/672/1395 893/673/1396 
f 894/674/1397 893/673/1396 892/672/1395 
f 893/673/1396 894/674/1397 836/616/1339 
f 837/617/1398 836/616/1339 894/674/1397 
f 813/675/1399 850/630/1400 815/676/1399 
f 850/630/1400 814/677/1401 852/632/1402 
f 848/628/1403 815/676/1404 850/630/1400 
f 816/678/1405 815/676/1405 848/628/1403 
f 850/630/1400 813/675/1406 814/677/1406 
f 846/626/1407 819/679/1408 848/628/1403 
f 811/680/1409 852/632/1402 814/677/1409 
f 816/678/1410 848/628/1403 819/679/1410 
f 852/632/1402 811/680/1411 810/681/1411 
f 846/626/1407 818/682/1412 819/679/1412 
f 852/632/1402 810/681/1413 854/634/1414 
f 844/624/1415 820/683/1416 846/626/1407 
f 808/684/1417 854/634/1414 810/681/1417 
f 818/682/1418 846/626/1407 820/683/1418 
f 854/634/1414 808/684/1419 809/685/1419 
f 844/624/1415 821/686/1420 820/683/1420 
f 854/634/1414 809/685/1421 856/636/1422 
f 856/636/1422 805/687/1423 858/638/1424 
f 806/688/1421 856/636/1422 809/685/1421 
f 858/638/1424 804/689/1425 860/640/1426 
f 856/636/1422 806/688/1427 805/687/1427 
f 860/640/1426 800/690/1428 862/642/1429 
f 803/691/1430 858/638/1424 805/687/1430 
f 799/692/1431 796/693/1431 862/642/1429 
f 858/638/1424 803/691/1432 804/689/1432 
f 864/644/1433 862/642/1429 796/693/1434 
f 866/646/1435 864/644/1433 793/694/1436 
f 795/695/1436 793/694/1436 864/644/1433 
f 868/648/1437 866/646/1435 791/696/1438 
f 794/697/1438 791/696/1438 866/646/1435 
f 870/650/1439 868/648/1437 788/698/1440 
f 790/699/1440 788/698/1440 868/648/1437 
f 872/652/1441 870/650/1439 786/700/1442 
f 789/701/1443 786/700/1443 870/650/1439 
f 874/654/1444 872/652/1441 783/702/1445 
f 785/703/1446 783/702/1446 872/652/1441 
f 876/656/1447 874/654/1444 781/704/1448 
f 876/656/1447 780/705/1449 878/658/1450 
f 781/704/1451 780/705/1451 876/656/1447 
f 778/706/1452 878/658/1450 780/705/1452 
f 880/660/1453 878/658/1450 776/707/1454 
f 778/706/1455 779/708/1455 878/658/1450 
f 882/662/1456 880/660/1453 773/709/1457 
f 775/710/1458 773/709/1458 880/660/1453 
f 884/664/1459 882/662/1456 771/711/1460 
f 774/712/1461 771/711/1461 882/662/1456 
f 886/666/1462 884/664/1459 834/713/1463 
f 833/714/1463 834/713/1463 884/664/1459 
f 888/668/1464 886/666/1462 767/715/1465 
f 770/716/1466 767/715/1466 886/666/1462 
f 890/670/1467 888/668/1464 763/717/1468 
f 832/718/1468 763/717/1468 888/668/1464 
f 892/672/1469 890/670/1467 762/719/1470 
f 769/720/1471 765/721/1471 892/672/1469 
f 760/722/1470 762/719/1470 890/670/1467 
f 894/674/1472 892/672/1469 765/721/1473 
f 894/674/1472 765/721/1474 766/723/1474 
f 892/672/1469 762/719/1475 769/720/1475 
f 894/674/1472 766/723/1476 837/617/1477 
f 837/617/1477 830/724/1478 838/618/1479 
f 831/725/1476 837/617/1477 766/723/1476 
f 838/618/1479 829/726/1480 840/620/1481 
f 837/617/1477 831/725/1482 830/724/1482 
f 840/620/1481 825/727/1483 842/622/1484 
f 828/728/1478 838/618/1479 830/724/1478 
f 842/622/1484 824/729/1485 844/624/1415 
f 838/618/1479 828/728/1486 829/726/1486 
f 821/686/1487 844/624/1415 824/729/1487 
f 801/730/1425 860/640/1426 804/689/1425 
f 860/640/1426 801/730/1488 800/690/1488 
f 798/731/1489 862/642/1429 800/690/1489 
f 862/642/1429 798/731/1490 799/692/1490 
f 826/732/1480 840/620/1481 829/726/1480 
f 840/620/1481 826/732/1491 825/727/1491 
f 823/733/1492 842/622/1484 825/727/1492 
f 842/622/1484 823/733/1493 824/729/1493 
f 784/734/1494 781/704/1494 874/654/1444 
f 779/708/1495 776/707/1495 878/658/1450 
f 783/702/1496 784/734/1496 874/654/1496 
f 776/707/1497 775/710/1497 880/660/1497 
f 786/700/1498 785/703/1498 872/652/1498 
f 773/709/1499 774/712/1499 882/662/1499 
f 788/698/1500 789/701/1500 870/650/1500 
f 771/711/1501 833/714/1501 884/664/1501 
f 791/696/1502 790/699/1502 868/648/1502 
f 834/713/1503 770/716/1503 886/666/1503 
f 793/694/1504 794/697/1504 866/646/1504 
f 767/715/1152 832/718/1152 888/668/1152 
f 796/693/1505 795/695/1505 864/644/1505 
f 763/717/1506 760/722/1506 890/670/1506 
# 0 polygons - 1339 triangles

