# 3ds Max Wavefront OBJ Exporter v0.99 - (c)2007 guruware
# File Created: 22.03.2025 22:51:25

mtllib llanta1.mtl

#
# object part_028
#

v  -13.6291 -0.9410 21.3771
v  -13.5226 -0.9316 21.3268
v  -13.6072 -0.7764 21.4068
v  -13.5100 -0.7561 21.3582
v  -13.5006 -0.5037 21.4130
v  -13.5993 -0.5178 21.4695
v  -13.5052 -0.2325 21.4538
v  -13.6102 -0.2796 21.5322
v  -13.5131 -1.0335 21.4099
v  -13.6275 -1.0366 21.5087
v  -13.5193 -1.0821 21.4992
v  -13.6338 -1.0053 21.4304
v  -13.5210 -0.9629 21.3362
v  -13.5209 -1.0805 21.5322
v  -13.6054 -0.9582 21.6561
v  -13.5098 -0.9974 21.6889
v  -13.5017 -0.8673 21.9130
v  -13.6005 -0.8187 21.8818
v  -13.5141 -0.7451 22.1575
v  -13.6176 -0.6839 22.0887
v  -13.8726 -1.9498 20.9357
v  -13.8728 -1.7065 20.6437
v  -13.7049 -1.8759 20.9626
v  -13.7051 -1.6668 20.7120
v  -13.8707 -1.9498 21.3142
v  -13.7030 -1.8759 21.2888
v  -13.8705 -1.7065 21.6062
v  -13.7028 -1.6668 21.5375
v  -13.8729 -1.3316 20.5788
v  -13.8727 -1.0036 20.7680
v  -13.7051 -1.3460 20.6562
v  -13.7050 -1.0630 20.8184
v  -13.8724 -0.8720 21.1249
v  -13.7047 -0.9513 21.1248
v  -13.8706 -1.0036 21.4818
v  -13.7029 -1.0630 21.4312
v  -13.6134 -1.7764 19.4633
v  -15.2344 -1.7764 19.4646
v  -13.6134 -1.4238 19.4272
v  -15.2345 -1.4238 19.4285
v  -13.6134 -1.0711 19.4633
v  -15.3488 -1.2513 19.4882
v  -15.3488 -1.9332 19.5603
v  -13.5068 -1.4222 19.5024
v  -13.5068 -1.0868 19.5384
v  -15.2344 -1.0711 19.4646
v  -13.6133 -0.7325 19.5730
v  -15.2343 -0.7325 19.5743
v  -13.6132 -0.4253 19.7517
v  -15.3487 -0.6009 19.6998
v  -13.5067 -0.7639 19.6434
v  -13.5066 -0.4708 19.8127
v  -15.2342 -0.4253 19.7530
v  -13.4912 -0.2561 21.3864
v  -13.5053 -0.2012 21.3566
v  -13.4912 -0.2952 21.3926
v  -13.4991 -0.2090 21.2516
v  -13.5054 -0.1777 21.2563
v  -13.5009 -0.2090 20.9992
v  -13.5072 -0.1777 20.9945
v  -13.4932 -0.2561 20.8644
v  -13.5073 -0.2012 20.8927
v  -13.5073 -0.2325 20.7970
v  -13.4932 -0.2952 20.8582
v  -13.6098 0.0465 21.9742
v  -13.5033 -0.0194 21.9365
v  -13.6101 0.1907 21.6498
v  -13.5035 0.1186 21.6262
v  -13.6128 0.0465 20.2752
v  -15.2338 0.0465 20.2765
v  -13.6125 0.1907 20.5996
v  -15.2335 0.1907 20.6009
v  -13.6122 0.2643 20.9476
v  -15.3478 0.1875 20.7844
v  -15.3483 -0.0915 20.1590
v  -13.5059 0.1186 20.6231
v  -13.5056 0.1891 20.9553
v  -15.2332 0.2643 20.9489
v  -13.5428 -1.6275 21.4852
v  -13.5601 -1.6338 21.4068
v  -13.7482 -1.5382 21.4383
v  -13.5350 -1.5695 21.5353
v  -13.5491 -1.4912 21.5290
v  -13.5695 -1.4410 21.4695
v  -13.5899 -1.4473 21.3927
v  -13.5962 -1.5068 21.3426
v  -13.5821 -1.5836 21.3488
v  -13.5366 -1.1479 21.4209
v  -13.5554 -1.2231 21.4037
v  -13.7483 -1.1636 21.3207
v  -13.5225 -1.0821 21.3801
v  -13.5304 -1.0633 21.3049
v  -13.5571 -1.1040 21.2391
v  -13.5697 -1.1792 21.2219
v  -13.5869 -1.2451 21.2611
v  -13.5774 -1.2639 21.3363
v  -13.6387 -1.4253 21.1247
v  -13.5570 -1.3250 21.4366
v  -13.5635 -1.0977 21.1247
v  -13.5730 -1.1761 21.0338
v  -13.5887 -1.2435 20.9930
v  -13.5793 -1.2607 20.9178
v  -13.5588 -1.0899 21.0902
v  -13.5572 -1.0899 21.1607
v  -13.5591 -1.3548 20.7940
v  -13.5590 -1.3234 20.8128
v  -13.5919 -1.4457 20.8692
v  -13.5981 -1.5053 20.9194
v  -13.5856 -1.5821 20.9131
v  -13.5388 -1.4222 20.6450
v  -13.5279 -1.4818 20.6199
v  -13.5310 -1.4645 20.5933
v  -13.5513 -1.4912 20.7328
v  -13.5513 -1.3908 20.7469
v  -13.5732 -1.4410 20.7908
v  -13.5372 -1.5680 20.7265
v  -13.5168 -1.5742 20.6638
v  -13.5200 -1.6761 20.6811
v  -13.5202 -1.4253 20.4162
v  -13.5450 -1.6259 20.7767
v  -13.5078 -1.4128 20.1591
v  -13.5047 -1.3955 20.1607
v  -13.5202 -1.4394 20.4162
v  -13.5871 -1.6886 21.0542
v  -13.5511 -1.6761 20.8990
v  -13.5637 -1.6322 20.8535
v  -13.5418 -1.6745 20.8378
v  -13.5262 -1.7090 20.7375
v  -13.5231 -1.7059 20.6701
v  -13.5527 -1.6902 20.9319
v  -13.5107 -1.8422 20.5510
v  -13.5014 -2.0147 20.3613
v  -13.5030 -2.0021 20.3503
v  -13.5107 -1.8297 20.5431
v  -13.5462 -1.0554 21.2109
v  -13.4820 -0.9457 21.1748
v  -13.5289 -0.9676 21.2720
v  -13.4756 -0.8987 21.2265
v  -13.5100 -0.7513 21.3441
v  -13.4849 -0.4959 21.3738
v  -13.4975 -0.4990 21.3942
v  -13.4740 -0.7388 21.3096
v  -13.4883 -0.9567 21.1246
v  -13.4836 -0.9457 21.0760
v  -13.5479 -1.0554 21.0400
v  -13.4789 -0.8987 21.0243
v  -13.5307 -0.9676 20.9789
v  -13.5120 -0.7513 20.9052
v  -13.4995 -0.4990 20.8550
v  -13.4869 -0.4959 20.8770
v  -13.4759 -0.7388 20.9412
v  -13.6104 0.2643 21.3018
v  -15.2314 0.2643 21.3031
v  -15.3457 0.1875 21.4694
v  -13.5038 0.1891 21.2939
v  -15.2311 0.1907 21.6511
v  -13.8704 -1.3316 21.6728
v  -13.7028 -1.3460 21.5952
v  -15.3447 -1.9332 22.6919
v  -15.3447 -1.2513 22.7640
v  -15.2964 -1.8328 22.3894
v  -15.2963 -1.2843 22.4474
v  -15.2965 -0.7592 22.2765
v  -15.3450 -2.5256 22.3502
v  -15.3448 -0.6009 22.5524
v  -15.2966 -2.3109 22.1135
v  -15.2967 -0.3485 21.9066
v  -15.3452 -0.0915 22.0947
v  -15.2969 -2.6353 21.6668
v  -15.2989 -2.7513 21.1261
v  -15.3454 -2.9284 21.7954
v  -15.2994 -2.6353 20.5869
v  -15.3475 -3.0711 21.1261
v  -15.2971 -0.1244 21.4035
v  -15.2997 -2.3109 20.1402
v  -15.3485 -2.5256 19.9020
v  -15.2999 -1.8328 19.8643
v  -15.2992 -0.1244 20.8502
v  -15.3000 -1.2843 19.8063
v  -15.2999 -0.7592 19.9772
v  -15.2996 -0.3485 20.3471
v  -15.2343 -2.1134 19.5743
v  -13.6133 -2.1134 19.5730
v  -15.2342 -2.4222 19.7514
v  -13.5067 -2.0836 19.6434
v  -13.5068 -1.7607 19.5384
v  -13.6132 -2.4222 19.7501
v  -13.5016 -0.6526 20.0635
v  -13.5002 -0.8908 19.9256
v  -13.4689 -0.8344 19.8017
v  -13.4706 -1.1228 19.7093
v  -13.5018 -1.1510 19.8409
v  -13.4706 -1.4222 19.6763
v  -13.4690 -1.7247 19.7093
v  -13.4705 -2.0131 19.8017
v  -13.5003 -1.6965 19.8409
v  -13.5018 -1.4222 19.8127
v  -13.5066 -2.3767 19.8127
v  -13.5018 -1.9567 19.9271
v  -13.4704 -2.2748 19.9538
v  -13.5064 -2.6291 20.0400
v  -13.5016 -2.1949 20.0635
v  -13.4687 -2.4990 20.1560
v  -13.5061 -2.8281 20.3143
v  -13.4999 -2.3987 20.2469
v  -13.4700 -2.6777 20.4005
v  -13.5059 -2.9661 20.6231
v  -13.5013 -2.5601 20.4695
v  -13.4698 -2.7999 20.6779
v  -13.5056 -3.0366 20.9553
v  -13.5011 -2.6714 20.7187
v  -13.4680 -2.8642 20.9726
v  -13.5038 -3.0366 21.2939
v  -13.4993 -2.7278 20.9883
v  -13.4678 -2.8642 21.2766
v  -13.5035 -2.9661 21.6262
v  -13.4991 -2.7278 21.2626
v  -13.4675 -2.7999 21.5713
v  -13.5033 -2.8281 21.9350
v  -13.4989 -2.6714 21.5306
v  -13.4657 -2.6777 21.8487
v  -13.5031 -2.6291 22.2093
v  -13.4971 -2.5585 21.7814
v  -13.4671 -2.4990 22.0932
v  -13.5029 -2.3767 22.4365
v  -13.4985 -2.3987 22.0024
v  -13.4670 -2.2748 22.2954
v  -13.5028 -2.0836 22.6058
v  -13.4984 -2.1949 22.1857
v  -13.4653 -2.0131 22.4475
v  -13.5027 -1.7607 22.7108
v  -13.4967 -1.9567 22.3237
v  -13.4668 -1.7247 22.5399
v  -13.5026 -1.4222 22.7469
v  -13.4982 -1.6965 22.4083
v  -13.4667 -1.4222 22.5729
v  -13.5027 -1.0868 22.7108
v  -13.4982 -1.4222 22.4365
v  -13.4652 -1.1228 22.5415
v  -13.5028 -0.7639 22.6058
v  -13.4966 -1.1510 22.4083
v  -13.4668 -0.8344 22.4475
v  -13.5029 -0.4708 22.4365
v  -13.4983 -0.8908 22.3237
v  -13.4670 -0.5727 22.2954
v  -13.5031 -0.2184 22.2108
v  -13.4984 -0.6526 22.1857
v  -13.4656 -0.3485 22.0932
v  -13.4970 -0.4488 22.0024
v  -13.4673 -0.1698 21.8487
v  -13.4987 -0.2874 21.7814
v  -13.4675 -0.0476 21.5729
v  -13.4989 -0.1761 21.5306
v  -13.4662 0.0167 21.2766
v  -13.4976 -0.1197 21.2626
v  -13.4696 0.0167 20.9741
v  -13.5009 -0.1197 20.9883
v  -13.4698 -0.0476 20.6779
v  -13.5061 -0.0194 20.3143
v  -13.5011 -0.1761 20.7187
v  -13.4685 -0.1698 20.4020
v  -13.5064 -0.2184 20.0400
v  -13.4998 -0.2874 20.4695
v  -13.4702 -0.3485 20.1560
v  -13.5015 -0.4488 20.2469
v  -13.4704 -0.5727 19.9538
v  -13.5729 -2.5617 21.1513
v  -13.4694 -2.5209 21.1371
v  -13.4835 -2.5006 21.1466
v  -13.4710 -2.5209 21.1121
v  -13.4930 -2.4880 21.1246
v  -13.4851 -2.5006 21.1027
v  -13.5745 -2.5617 21.0980
v  -13.5572 -2.5868 21.1090
v  -13.5839 -2.5993 21.1247
v  -13.5556 -2.5868 21.1403
v  -13.5015 -2.3360 20.3065
v  -13.5013 -2.4833 20.5118
v  -13.5077 -2.3579 20.2861
v  -13.5076 -2.5115 20.4961
v  -13.4933 -2.5241 20.6481
v  -13.5075 -2.5523 20.5917
v  -13.4937 -2.2169 20.2265
v  -13.5078 -2.2795 20.2171
v  -13.5172 -2.1965 20.1576
v  -13.5074 -2.5836 20.6889
v  -13.4999 -2.1824 20.2438
v  -13.4933 -2.4959 20.6763
v  -13.4979 -2.3328 20.7986
v  -13.4854 -2.3234 20.7782
v  -13.5104 -2.0993 20.9052
v  -13.4728 -2.0899 20.8691
v  -13.4728 -1.9096 20.8958
v  -13.4759 -1.8422 20.8817
v  -13.5276 -1.8814 20.9742
v  -13.5432 -1.7749 20.9758
v  -13.5511 -1.7184 20.9570
v  -13.4775 -1.8046 20.8487
v  -13.4744 -1.7843 20.8017
v  -13.4713 -1.7921 20.7328
v  -13.4889 -2.0319 20.3770
v  -13.5232 -1.8877 20.5823
v  -13.4987 -2.4849 21.7375
v  -13.4986 -2.3360 21.9412
v  -13.5050 -2.5115 21.7516
v  -13.5048 -2.3579 21.9632
v  -13.4907 -2.2184 22.0227
v  -13.5048 -2.2795 22.0321
v  -13.4910 -2.5241 21.5995
v  -13.5051 -2.5523 21.6560
v  -13.5052 -2.5836 21.5588
v  -13.5141 -2.1965 22.0917
v  -13.4910 -2.4974 21.5713
v  -13.4970 -2.1824 22.0055
v  -13.4986 -2.0162 21.8864
v  -13.4861 -2.0319 21.8723
v  -13.5082 -1.8422 21.6983
v  -13.4706 -1.8736 21.6779
v  -13.4691 -1.7921 21.5149
v  -13.4723 -1.7858 21.4459
v  -13.5240 -1.7106 21.5118
v  -13.5398 -1.6745 21.4115
v  -13.5492 -1.6761 21.3504
v  -13.4755 -1.8046 21.4005
v  -13.5508 -1.6918 21.3174
v  -13.5493 -1.7184 21.2924
v  -13.4740 -1.8422 21.3660
v  -13.5414 -1.7749 21.2736
v  -13.5258 -1.8814 21.2751
v  -13.4708 -1.9112 21.3519
v  -13.5085 -2.0993 21.3425
v  -13.4833 -2.3234 21.4694
v  -13.4958 -2.3328 21.4506
v  -13.4708 -2.0899 21.3785
v  -15.2309 -2.8940 21.9740
v  -13.6099 -2.8940 21.9727
v  -13.6101 -3.0382 21.6498
v  -15.2306 -2.6855 22.2624
v  -13.6096 -2.6855 22.2611
v  -15.2311 -3.0382 21.6511
v  -13.4974 -2.3407 21.4334
v  -13.5085 -2.1040 21.3284
v  -13.5226 -1.9441 21.2500
v  -13.5854 -1.6886 21.1968
v  -13.5634 -1.7607 21.2266
v  -13.5462 -1.8313 21.1968
v  -13.5211 -1.9238 21.2250
v  -13.5416 -1.8611 21.1247
v  -13.5212 -1.9096 21.1246
v  -13.5228 -1.9238 21.0228
v  -13.5479 -1.8313 21.0541
v  -13.5244 -1.9441 20.9977
v  -13.5651 -1.7607 21.0244
v  -13.4995 -2.3391 20.8158
v  -13.5104 -2.1024 20.9193
v  -13.5177 -1.6761 21.5666
v  -13.5208 -1.7059 21.5776
v  -13.6011 -1.6589 21.1247
v  -13.5145 -1.5758 21.5854
v  -13.5255 -1.4833 21.6293
v  -13.5570 -1.3564 21.4554
v  -13.5491 -1.3924 21.5024
v  -13.5349 -1.4238 21.6043
v  -13.5286 -1.4661 21.6576
v  -13.5175 -1.4253 21.8331
v  -13.5016 -1.3955 22.0886
v  -13.5047 -1.4144 22.0901
v  -13.5175 -1.4410 21.8331
v  -13.6057 -2.1165 21.2783
v  -13.5962 -2.3626 21.3802
v  -13.6308 -1.9661 21.2062
v  -13.6071 -2.5915 21.4680
v  -13.6325 -1.9645 21.0432
v  -13.6419 -1.9441 21.1247
v  -13.6075 -2.1150 20.9695
v  -13.5982 -2.3611 20.8692
v  -13.6092 -2.5915 20.7799
v  -13.4983 -1.1698 22.3205
v  -13.4983 -0.9300 22.2437
v  -13.5045 -1.1651 22.3519
v  -13.5046 -0.9159 22.2704
v  -13.4906 -0.8156 22.1560
v  -13.5046 -0.8266 22.2187
v  -13.4904 -1.3125 22.3174
v  -13.5045 -1.2686 22.3613
v  -13.5045 -1.3705 22.3613
v  -13.4920 -1.3313 22.2814
v  -13.4969 -0.8219 22.1168
v  -13.4986 -0.8830 21.9224
v  -13.4861 -0.9018 21.9318
v  -13.5097 -1.0084 21.6983
v  -13.4721 -1.0382 21.7218
v  -13.4722 -1.1667 21.5948
v  -13.4769 -1.2310 21.5666
v  -13.5271 -1.1448 21.5149
v  -13.5429 -1.2310 21.4507
v  -13.5539 -1.2874 21.4334
v  -13.4801 -1.2811 21.5713
v  -13.4816 -1.3234 21.5964
v  -13.4784 -1.3595 21.6560
v  -13.4891 -1.3752 22.0854
v  -13.4799 -1.3893 21.8346
v  -15.2302 -1.7764 22.7874
v  -13.6092 -1.7764 22.7861
v  -13.6093 -2.1150 22.6764
v  -15.2302 -1.4238 22.8235
v  -13.6092 -1.4238 22.8222
v  -15.2303 -2.1150 22.6777
v  -13.6115 -1.4927 21.8300
v  -13.6019 -1.4723 22.0949
v  -13.6336 -1.5147 21.6639
v  -13.6080 -1.4582 22.3410
v  -13.6289 -1.6698 21.6122
v  -13.6352 -1.5852 21.6185
v  -13.6053 -1.7858 21.7329
v  -13.5082 -1.8297 21.7061
v  -13.5002 -2.0021 21.8989
v  -13.6005 -1.9582 21.9366
v  -13.6160 -2.1134 22.1278
v  -13.5017 -0.9285 20.0071
v  -13.5018 -1.1683 19.9287
v  -13.5080 -0.9159 19.9789
v  -13.5080 -1.1636 19.8989
v  -13.4939 -1.3125 19.9318
v  -13.5081 -1.2670 19.8880
v  -13.4938 -0.8156 20.0933
v  -13.5079 -0.8250 20.0322
v  -13.5173 -0.7435 20.0917
v  -13.5081 -1.3689 19.8895
v  -13.5000 -0.8219 20.1325
v  -13.4955 -1.3297 19.9679
v  -13.4922 -1.3736 20.1638
v  -13.4826 -1.3877 20.4146
v  -13.4808 -1.3579 20.5933
v  -13.4839 -1.3234 20.6528
v  -13.4823 -1.2796 20.6795
v  -13.5543 -1.2874 20.8159
v  -13.4792 -1.2294 20.6826
v  -13.5450 -1.2294 20.7986
v  -13.5278 -1.1448 20.7344
v  -13.4745 -1.1667 20.6560
v  -13.5122 -1.0084 20.5510
v  -13.4889 -0.9018 20.3174
v  -13.5014 -0.8830 20.3284
v  -13.4746 -1.0366 20.5290
v  -13.5046 -0.8673 20.3378
v  -13.5122 -0.9959 20.5604
v  -13.5231 -1.0805 20.7171
v  -13.5574 -1.2200 20.8519
v  -13.5387 -1.1448 20.8331
v  -13.5215 -1.0821 20.7500
v  -13.5245 -1.0789 20.8739
v  -13.5323 -1.0601 20.9491
v  -13.5229 -0.9629 20.9146
v  -13.5151 -1.0335 20.8409
v  -13.5245 -0.9316 20.9225
v  -13.5589 -1.1009 21.0150
v  -13.5026 -0.5037 20.8378
v  -13.5120 -0.7561 20.8927
v  -15.2304 -2.4222 22.4990
v  -13.6094 -2.4222 22.4977
v  -13.6078 -0.9567 20.5934
v  -13.6033 -0.8172 20.3677
v  -13.6296 -1.0350 20.7407
v  -13.6207 -0.6839 20.1608
v  -13.6358 -1.0053 20.8207
v  -13.6311 -0.9410 20.8739
v  -13.6092 -0.7764 20.8441
v  -13.6014 -0.5178 20.7814
v  -13.6124 -0.2796 20.7188
v  -13.7547 -1.7607 21.1248
v  -13.7518 -1.5366 20.8223
v  -13.7502 -1.1604 20.9336
v  -13.8784 -1.8015 20.1962
v  -13.8776 -1.4183 21.1215
v  -13.8782 -2.1265 20.4133
v  -13.8779 -2.3436 20.7382
v  -13.8776 -2.4198 21.1215
v  -13.8773 -2.3436 21.5048
v  -13.8771 -2.1265 21.8297
v  -13.8769 -1.8015 22.0469
v  -13.8768 -1.4183 22.1231
v  -13.8769 -1.0350 22.0469
v  -13.8771 -0.7100 21.8297
v  -13.8773 -0.4929 21.5048
v  -13.8776 -0.4167 21.1215
v  -13.8779 -0.4929 20.7382
v  -13.8782 -0.7100 20.4133
v  -13.8784 -1.0350 20.1962
v  -13.8784 -1.4183 20.1200
v  -13.9614 -1.0350 20.1963
v  -13.9606 -1.4183 21.1216
v  -13.9612 -0.7100 20.4134
v  -13.9609 -0.4929 20.7383
v  -13.9606 -0.4167 21.1216
v  -13.9603 -0.4929 21.5049
v  -13.9601 -0.7100 21.8298
v  -13.9599 -1.0350 22.0469
v  -13.9598 -1.4183 22.1232
v  -13.9599 -1.8015 22.0469
v  -13.9601 -2.1265 21.8298
v  -13.9603 -2.3436 21.5049
v  -13.9606 -2.4198 21.1216
v  -13.9609 -2.3436 20.7383
v  -13.9612 -2.1265 20.4134
v  -13.9614 -1.8015 20.1963
v  -13.9614 -1.4183 20.1200
v  -15.2338 -2.8940 20.2765
v  -15.3481 -2.9284 20.4568
v  -15.2340 -2.6855 19.9897
v  -13.6130 -2.6855 19.9884
v  -13.6128 -2.8940 20.2752
v  -13.9641 -1.4289 22.1217
v  -13.9642 -1.7696 22.0604
v  -13.8701 -1.4289 22.1216
v  -13.8701 -1.7696 22.0604
v  -13.9643 -2.0688 21.8874
v  -13.8703 -2.0688 21.8873
v  -13.9669 -2.2905 20.6275
v  -13.9671 -2.0688 20.3626
v  -13.8728 -2.2905 20.6275
v  -13.8731 -2.0688 20.3625
v  -13.9645 -2.2905 21.6225
v  -13.9648 -2.4094 21.2980
v  -13.8705 -2.2905 21.6224
v  -13.8707 -2.4094 21.2980
v  -13.9666 -2.4094 20.9520
v  -13.8726 -2.4094 20.9519
v  -13.9672 -1.7696 20.1896
v  -13.8732 -1.7696 20.1895
v  -13.9673 -1.4289 20.1283
v  -13.8732 -1.4289 20.1282
v  -13.9642 -1.0883 22.0604
v  -13.8701 -1.0883 22.0604
v  -13.9672 -1.0883 20.1896
v  -13.8732 -1.0883 20.1895
v  -13.9671 -0.7873 20.3626
v  -13.8731 -0.7873 20.3625
v  -13.9669 -0.5656 20.6275
v  -13.8728 -0.5656 20.6275
v  -13.9666 -0.4466 20.9520
v  -13.8726 -0.4466 20.9519
v  -13.9648 -0.4466 21.2980
v  -13.8707 -0.4466 21.2980
v  -13.9645 -0.5656 21.6225
v  -13.8705 -0.5656 21.6224
v  -13.9643 -0.7873 21.8874
v  -13.8703 -0.7873 21.8873
v  -13.6033 -1.9582 20.3128
v  -13.6079 -1.7858 20.5150
v  -13.6297 -1.6698 20.6357
v  -13.6192 -2.1118 20.1216
v  -13.6376 -1.5852 20.6310
v  -13.6360 -1.5147 20.5856
v  -13.6142 -1.4912 20.4210
v  -13.6050 -1.4708 20.1545
v  -13.6115 -1.4582 19.9100
v  -13.5821 -0.4912 21.3457
v  -13.5775 -0.7247 21.2736
v  -13.6229 -0.2655 21.3630
v  -13.5964 -0.8705 21.1937
v  -13.6089 -0.9081 21.1561
v  -13.6105 -0.9081 21.0949
v  -13.5980 -0.8705 21.0573
v  -13.5793 -0.7247 20.9758
v  -13.5841 -0.4912 20.9053
v  -13.6248 -0.2655 20.8880
v  -13.5848 -0.9285 21.9460
v  -13.6301 -0.8423 22.1545
v  -13.5755 -1.0680 21.7454
v  -13.5929 -1.1902 21.6310
v  -13.6039 -1.2372 21.6075
v  -13.6054 -1.2952 21.6263
v  -13.5960 -1.3187 21.6733
v  -13.5802 -1.3517 21.8363
v  -13.5862 -1.3470 22.0808
v  -13.6237 -1.2937 22.3018
v  -15.2314 -3.1118 21.3031
v  -13.6104 -3.1118 21.3018
v  -13.6122 -3.1118 20.9476
v  -15.2332 -3.1118 20.9489
v  -13.5952 -1.1886 20.6184
v  -13.6062 -1.2357 20.6420
v  -13.5765 -1.0664 20.5056
v  -13.6078 -1.2937 20.6231
v  -13.5984 -1.3187 20.5761
v  -13.5829 -1.3501 20.4131
v  -13.6333 -0.8407 20.0950
v  -13.5877 -0.9269 20.3050
v  -13.5893 -1.3454 20.1686
v  -13.6271 -1.2921 19.9492
v  -15.2335 -3.0382 20.6009
v  -13.6125 -3.0382 20.5996
v  -15.2304 -0.4253 22.4990
v  -15.2306 -0.1620 22.2624
v  -15.2303 -0.7341 22.6777
v  -13.6094 -0.4253 22.4977
v  -13.5804 -2.3109 21.4946
v  -13.5727 -2.0789 21.4162
v  -13.6242 -2.5037 21.6138
v  -13.5884 -1.9143 21.3959
v  -13.5993 -1.8626 21.4037
v  -13.5993 -1.8266 21.4539
v  -13.5883 -1.8344 21.5056
v  -13.5725 -1.9049 21.6560
v  -13.5833 -2.0523 21.8520
v  -13.6302 -2.2247 21.9978
v  -13.6096 -0.1620 22.2611
v  -13.6093 -0.7341 22.6764
v  -13.5860 -2.0507 20.3974
v  -13.6332 -2.2231 20.2501
v  -13.5904 -1.8344 20.7423
v  -13.6014 -1.8250 20.7956
v  -13.6013 -1.8611 20.8457
v  -13.5904 -1.9143 20.8535
v  -13.5747 -2.0789 20.8331
v  -13.5826 -2.3109 20.7532
v  -13.6282 -2.5021 20.6341
v  -13.5905 -0.3987 20.6670
v  -13.5886 -0.1683 21.1278
v  -13.5903 -0.3266 20.8912
v  -13.5907 -0.4269 20.4037
v  -13.5907 -0.5162 20.4648
v  -13.5908 -0.6730 20.2893
v  -13.5901 -0.3015 21.1247
v  -13.5884 -0.3266 21.3582
v  -13.5880 -0.4316 21.8520
v  -13.5882 -0.3987 21.5824
v  -13.5881 -0.5162 21.7846
v  -13.5879 -0.6730 21.9601
v  -13.5876 -1.0397 22.3222
v  -13.5878 -0.8642 22.0980
v  -13.5877 -1.0789 22.1937
v  -13.5877 -1.3078 22.2422
v  -13.5876 -1.8093 22.2940
v  -13.5877 -1.5429 22.2422
v  -13.5877 -1.7733 22.1937
v  -13.5878 -1.9865 22.0980
v  -13.5880 -2.4441 21.8614
v  -13.5879 -2.1777 21.9601
v  -13.5880 -2.3344 21.7861
v  -13.5882 -2.4520 21.5824
v  -13.5901 -2.6573 21.1200
v  -13.5884 -2.5241 21.3582
v  -13.5901 -2.5491 21.1247
v  -13.5903 -2.5241 20.8912
v  -13.5907 -2.4410 20.3833
v  -13.5905 -2.4520 20.6670
v  -13.5907 -2.3344 20.4648
v  -13.5908 -2.1777 20.2893
v  -13.5911 -1.8015 19.9523
v  -13.5909 -1.9865 20.1513
v  -13.5910 -1.7733 20.0557
v  -13.5910 -1.5413 20.0071
v  -13.5911 -1.0335 19.9288
v  -13.5910 -1.3078 20.0071
v  -13.5910 -1.0789 20.0557
v  -13.5909 -0.8642 20.1513
v  -15.3157 -1.2921 19.7938
v  -15.2858 -1.1745 19.9270
v  -15.3156 -1.0178 19.8502
v  -15.2302 -1.0711 22.7874
v  -13.6092 -1.0711 22.7861
v  -15.2856 -0.7075 20.1323
v  -15.3155 -0.7623 19.9631
v  -15.3154 -0.5350 20.1261
v  -15.2340 -0.1620 19.9897
v  -13.6130 -0.1620 19.9884
v  -15.2853 -0.3658 20.5101
v  -15.3152 -0.3470 20.3330
v  -15.3150 -0.2043 20.5744
v  -15.2849 -0.2075 20.9944
v  -15.3148 -0.1166 20.8408
v  -15.3146 -0.0868 21.1198
v  -15.2309 0.0465 21.9755
v  -15.3128 -0.1134 21.3972
v  -15.2830 -0.2592 21.5022
v  -15.3126 -0.1996 21.6637
v  -15.2826 -0.5131 21.9442
v  -15.3124 -0.3376 21.9082
v  -15.3123 -0.5241 22.1167
v  -15.2824 -0.9238 22.2436
v  -15.3121 -0.7498 22.2828
v  -15.3120 -1.0053 22.3972
v  -15.2823 -1.4222 22.3517
v  -15.3120 -1.2780 22.4568
v  -15.3120 -1.5586 22.4583
v  -15.2824 -1.9206 22.2467
v  -15.3120 -1.8328 22.4019
v  -15.3121 -2.0883 22.2891
v  -15.2826 -2.3344 21.9489
v  -15.3122 -2.3156 22.1261
v  -15.3124 -2.5037 21.9192
v  -15.2830 -2.5899 21.5085
v  -15.3126 -2.6463 21.6778
v  -13.6389 -1.4990 20.8693
v  -13.6342 -1.5586 20.8771
v  -13.6343 -1.4739 20.8128
v  -13.6233 -1.5727 20.7721
v  -13.6264 -1.5962 20.8285
v  -13.6280 -1.5115 20.7642
v  -13.6373 -1.1996 20.9852
v  -13.6342 -1.2247 20.9304
v  -13.6310 -1.1385 20.9915
v  -13.6217 -1.1291 20.8849
v  -13.6280 -1.1902 20.8802
v  -13.6248 -1.1024 20.9413
v  -13.6228 -1.5977 21.4335
v  -13.6307 -1.5601 21.3833
v  -13.6196 -1.5742 21.4899
v  -13.6322 -1.4755 21.4476
v  -13.6354 -1.4990 21.3912
v  -13.6243 -1.5131 21.4962
v  -13.6244 -1.1902 21.3802
v  -13.6323 -1.2247 21.3301
v  -13.6197 -1.1291 21.3739
v  -13.6292 -1.1385 21.2689
v  -13.6339 -1.1996 21.2736
v  -13.6229 -1.1024 21.3191
v  -13.6403 -1.6996 21.1247
v  -13.6278 -1.7921 21.0730
v  -13.6341 -1.7310 21.0730
v  -13.6278 -1.8234 21.1247
v  -13.6262 -1.7921 21.1780
v  -13.6324 -1.7310 21.1780
v  -13.5761 -2.6228 21.0949
v  -13.5008 -2.5194 21.1246
v  -13.5744 -2.6228 21.1545
v  -13.6074 -2.5758 21.0761
v  -13.6278 -2.6009 21.1247
v  -13.6058 -2.5758 21.1733
v  -15.3128 -2.7341 21.4113
v  -13.5926 -1.1871 20.0024
v  -13.5926 -1.6636 20.0024
v  -15.2858 -1.6824 19.9286
v  -13.5924 -0.7513 20.1968
v  -13.5924 -2.0993 20.1968
v  -15.2856 -2.1479 20.1370
v  -13.5922 -0.4316 20.5510
v  -13.5922 -2.4190 20.5510
v  -15.2853 -2.4880 20.5163
v  -13.5918 -0.2843 21.0040
v  -13.5918 -2.5664 21.0040
v  -15.2849 -2.6448 21.0007
v  -13.5899 -0.3344 21.4789
v  -13.5899 -2.5162 21.4789
v  -13.5895 -0.5727 21.8927
v  -13.5895 -2.2780 21.8927
v  -13.5893 -0.9582 22.1733
v  -13.5893 -1.8924 22.1733
v  -13.5892 -1.4253 22.2720
v  -13.5049 -1.8187 19.9365
v  -13.5926 -1.7968 20.0009
v  -13.5048 -2.0570 20.0447
v  -13.5926 -1.5554 19.9476
v  -13.5925 -2.0225 20.1028
v  -13.5047 -2.2670 20.1999
v  -13.5924 -2.2216 20.2485
v  -13.5045 -2.4410 20.3942
v  -13.5923 -2.3877 20.4335
v  -13.5043 -2.5711 20.6215
v  -13.5921 -2.5100 20.6482
v  -13.5041 -2.6510 20.8707
v  -13.5919 -2.5852 20.8849
v  -13.5024 -2.6761 21.1309
v  -13.5901 -2.6103 21.1310
v  -13.5022 -2.6479 21.3911
v  -13.5899 -2.5821 21.3770
v  -13.5020 -2.5648 21.6387
v  -13.5898 -2.5053 21.6122
v  -13.5018 -2.4332 21.8660
v  -13.5896 -2.3799 21.8253
v  -13.5016 -2.2576 22.0588
v  -13.5894 -2.2137 22.0087
v  -13.5015 -2.0444 22.2108
v  -13.5893 -2.0115 22.1529
v  -13.5014 -1.8062 22.3158
v  -13.5892 -1.7858 22.2532
v  -13.5014 -1.5491 22.3691
v  -13.5892 -1.5429 22.3034
v  -13.5014 -1.2874 22.3676
v  -13.5892 -1.2952 22.3018
v  -13.5014 -1.0319 22.3127
v  -13.5892 -1.0539 22.2485
v  -13.5015 -0.7937 22.2046
v  -13.5893 -0.8282 22.1466
v  -13.5016 -0.5836 22.0494
v  -13.5894 -0.6291 22.0009
v  -13.5018 -0.4097 21.8550
v  -13.5896 -0.4630 21.8159
v  -13.5020 -0.2796 21.6278
v  -13.5898 -0.3407 21.6012
v  -13.5022 -0.1996 21.3785
v  -13.5900 -0.2655 21.3645
v  -13.5039 -0.1745 21.1184
v  -13.5917 -0.2404 21.1184
v  -13.5042 -0.2028 20.8582
v  -13.5919 -0.2686 20.8723
v  -13.5043 -0.2858 20.6105
v  -13.5921 -0.3454 20.6372
v  -13.5045 -0.4175 20.3832
v  -13.5923 -0.4708 20.4241
v  -13.5047 -0.5930 20.1905
v  -13.5924 -0.6369 20.2407
v  -13.5048 -0.8062 20.0384
v  -13.5925 -0.8391 20.0965
v  -13.5049 -1.0444 19.9334
v  -13.5049 -1.5633 19.8817
v  -13.5927 -1.3078 19.9460
v  -13.5049 -1.3015 19.8801
v  -13.5926 -1.0648 19.9962
v  -13.4834 -2.7498 21.3409
v  -13.4835 -2.7654 21.2014
v  -13.4833 -2.7200 21.4788
v  -13.4852 -2.7654 21.0619
v  -13.4853 -2.7513 20.9209
v  -13.4832 -2.6761 21.6121
v  -13.4854 -2.7231 20.7845
v  -13.4855 -2.6808 20.6497
v  -13.4856 -2.6244 20.5212
v  -13.4857 -2.5538 20.3989
v  -13.4858 -2.4723 20.2861
v  -13.4859 -2.3799 20.1810
v  -13.4860 -2.2748 20.0854
v  -13.4860 -2.1620 20.0024
v  -13.4861 -2.0413 19.9318
v  -13.4861 -1.9128 19.8738
v  -13.4862 -1.7796 19.8300
v  -13.4862 -1.6416 19.8002
v  -13.4862 -1.5021 19.7845
v  -13.4862 -1.2216 19.7986
v  -13.4862 -1.3626 19.7845
v  -13.4862 -1.0852 19.8268
v  -13.4861 -0.9504 19.8691
v  -13.4861 -0.8219 19.9256
v  -13.4860 -0.6996 19.9961
v  -13.4859 -0.4818 20.1701
v  -13.4860 -0.5868 20.0776
v  -13.4857 -0.3031 20.3879
v  -13.4855 -0.1745 20.6372
v  -13.4856 -0.2325 20.5086
v  -13.4853 -0.1009 20.9083
v  -13.4854 -0.1307 20.7704
v  -13.4834 -0.0993 21.3284
v  -13.4833 -0.1275 21.4647
v  -13.4835 -0.0852 21.1873
v  -13.4831 -0.2263 21.7281
v  -13.4832 -0.1698 21.5995
v  -13.4829 -0.3783 21.9632
v  -13.4827 -0.5758 22.1638
v  -13.4830 -0.2952 21.8503
v  -13.4826 -0.8093 22.3174
v  -13.4825 -1.0711 22.4193
v  -13.4826 -0.9379 22.3754
v  -13.4825 -1.3485 22.4647
v  -13.4825 -1.6275 22.4506
v  -13.4825 -1.7654 22.4224
v  -13.4825 -1.4880 22.4647
v  -13.4826 -1.9002 22.3801
v  -13.4826 -2.0288 22.3237
v  -13.4827 -2.1510 22.2547
v  -13.4827 -2.2639 22.1716
v  -13.4828 -2.3689 22.0791
v  -13.4829 -2.4645 21.9741
v  -13.4830 -2.5476 21.8613
v  -13.4831 -2.6181 21.7406
v  -15.3130 -2.7639 21.1323
v  -13.4828 -0.4708 22.0682
v  -13.4827 -0.6887 22.2469
v  -13.4825 -1.2090 22.4491
v  -13.4858 -0.3861 20.2751
v  -15.3148 -2.7372 20.8549
v  -15.3150 -2.6510 20.5885
v  -13.4852 -0.0852 21.0478
v  -13.6147 -1.4316 19.8739
v  -13.6146 -0.9222 19.9790
v  -13.6143 -0.5006 20.2830
v  -13.6140 -0.2372 20.7313
v  -13.6120 -0.1808 21.2485
v  -13.6116 -0.3391 21.7438
v  -13.6113 -0.6839 22.1325
v  -13.6111 -1.1589 22.3473
v  -13.6111 -1.6792 22.3504
v  -13.6113 -2.1557 22.1404
v  -13.6116 -2.5053 21.7564
v  -13.6120 -2.6683 21.2626
v  -13.6140 -2.6165 20.7438
v  -13.6143 -2.3595 20.2924
v  -13.6146 -1.9394 19.9852
v  -15.3152 -2.5131 20.3455
v  -15.3154 -2.3266 20.1355
v  -15.3155 -2.1009 19.9693
v  -15.3156 -1.8454 19.8549
v  -15.3157 -1.5727 19.7954
# 894 vertices

vn 0.3947 0.3666 0.8425
vn 0.4320 -0.2160 0.8756
vn 0.4712 -0.2064 0.8575
vn 0.4427 0.0489 0.8953
vn 0.4718 -0.1958 0.8597
vn 0.4961 -0.1806 0.8493
vn 0.5526 -0.1692 0.8161
vn 0.5061 -0.1197 0.8541
vn 0.6375 -0.1686 0.7518
vn 0.3288 0.7646 0.5543
vn 0.3932 0.9115 0.1204
vn 0.3942 0.8909 0.2255
vn 0.2775 0.7781 0.5635
vn 0.3930 0.5008 0.7712
vn 0.4367 0.8673 -0.2390
vn 0.3854 0.9224 -0.0259
vn 0.4653 0.7573 -0.4583
vn 0.4223 0.7725 -0.4742
vn 0.4664 0.7627 -0.4482
vn 0.4918 0.7578 -0.4287
vn 0.5527 0.7288 -0.4042
vn 0.5015 0.7837 -0.3665
vn 0.6445 0.6639 -0.3793
vn 0.4036 -0.7027 -0.5859
vn 0.4047 -0.7019 -0.5861
vn 0.4030 -0.9152 -0.0020
vn 0.4056 -0.7024 0.5850
vn 0.4021 -0.7023 0.5875
vn 0.3987 -0.7022 0.5899
vn 0.4255 0.1583 -0.8910
vn 0.4024 0.4562 -0.7937
vn 0.4209 0.2634 -0.8680
vn 0.4001 0.4556 -0.7952
vn 0.4024 -0.1570 -0.9019
vn 0.4041 -0.1559 -0.9013
vn 0.4001 0.8598 -0.3173
vn 0.4029 0.8592 -0.3154
vn 0.4057 0.8586 -0.3135
vn 0.4060 0.8581 0.3143
vn 0.4030 0.8600 0.3131
vn 0.3999 0.8618 0.3120
vn -0.0008 -0.1017 -0.9948
vn 0.3036 -0.0026 -0.9528
vn -0.3075 -0.0157 -0.9514
vn -0.0008 0.1017 -0.9948
vn -0.5608 -0.0871 -0.8234
vn 0.5729 0.0875 -0.8149
vn -0.5697 -0.0836 -0.8176
vn -0.3433 0.0955 -0.9344
vn -0.0008 0.3083 -0.9513
vn 0.3069 0.3845 -0.8706
vn -0.3082 0.3738 -0.8748
vn -0.0007 0.5028 -0.8644
vn -0.5664 0.2551 -0.7836
vn 0.5838 0.4058 -0.7032
vn -0.5636 0.2548 -0.7858
vn -0.3467 0.4717 -0.8108
vn 0.9754 0.1654 0.1457
vn 0.9504 0.2963 0.0949
vn 0.9661 0.2516 0.0585
vn 0.9806 0.0311 0.1936
vn 0.9755 0.2184 0.0245
vn 0.9628 0.2679 0.0367
vn 0.9809 0.1941 0.0100
vn 0.9769 0.2124 -0.0240
vn 0.9809 0.1926 -0.0256
vn 0.9630 0.2667 -0.0378
vn 0.9663 0.2505 -0.0600
vn 0.9753 0.1642 -0.1477
vn 0.9508 0.2941 -0.0972
vn 0.9803 0.0311 -0.1952
vn 0.5780 0.7459 0.3311
vn -0.0003 0.9138 -0.4061
vn 0.3042 0.9051 -0.2972
vn -0.3053 0.9010 -0.3083
vn -0.0002 0.9783 -0.2071
vn -0.5615 0.7559 -0.3368
vn 0.5774 0.7986 -0.1699
vn -0.5650 0.7541 -0.3347
vn -0.3379 0.9208 -0.1947
vn 0.4249 0.8901 -0.1651
vn 0.9851 0.0829 -0.1508
vn 0.4312 0.2966 -0.8521
vn 0.4091 0.5644 -0.7170
vn 0.4544 -0.3188 -0.8318
vn 0.4922 -0.7827 -0.3811
vn 0.5390 -0.7844 0.3071
vn 0.5522 -0.2288 0.8017
vn 0.5139 0.4865 0.7066
vn 0.4608 0.7502 0.4742
vn 0.4193 0.1017 -0.9022
vn 0.9846 -0.1512 -0.0873
vn 0.4078 -0.7468 -0.5254
vn 0.3915 -0.5435 -0.7425
vn 0.4206 -0.9060 0.0479
vn 0.4650 -0.5997 0.6512
vn 0.4869 0.0445 0.8723
vn 0.5303 0.6654 0.5254
vn 0.5086 0.8320 -0.2216
vn 0.4554 0.6881 -0.5649
vn 0.9732 -0.2113 -0.0907
vn 0.9649 -0.1263 -0.2303
vn 0.9999 -0.0137 -0.0015
vn 0.9581 0.2480 -0.1433
vn 0.9826 0.1067 -0.1518
vn 0.9658 -0.1153 -0.2322
vn 0.9461 -0.1524 -0.2859
vn 0.9645 -0.2633 -0.0186
vn 0.9749 -0.2149 -0.0576
vn 0.9752 -0.2207 -0.0181
vn 0.9753 -0.2153 0.0490
vn 0.9752 -0.2003 0.0940
vn 0.9754 -0.1550 0.1567
vn 0.9732 -0.2143 0.0832
vn 0.9761 -0.2073 -0.0653
vn 0.9682 -0.2186 -0.1216
vn 0.9584 -0.1325 0.2526
vn 0.9522 -0.1585 0.2613
vn 0.9435 -0.1707 0.2841
vn 0.9730 -0.0923 0.2113
vn 0.9829 0.0974 0.1563
vn 0.9795 0.1487 0.1357
vn 0.9908 0.0852 0.1047
vn 0.9696 0.1695 0.1764
vn 0.9954 0.0907 0.0309
vn 0.9702 0.0446 0.2381
vn 0.9594 -0.0801 0.2703
vn 0.9451 -0.1291 0.3003
vn 0.9654 0.0814 0.2479
vn 0.9466 0.1333 0.2935
vn 0.9517 0.0227 0.3062
vn 0.9931 0.0856 0.0797
vn 0.9981 -0.0243 0.0570
vn 0.9640 0.1878 0.1884
vn 0.9883 0.0252 0.1503
vn 0.9949 -0.0915 0.0433
vn 0.9825 -0.1823 0.0382
vn 0.9985 0.0000 0.0545
vn 0.9298 0.2422 0.2772
vn 0.9425 0.2550 0.2162
vn 0.9529 0.2666 0.1444
vn 0.9097 0.3780 0.1722
vn 0.9146 0.3739 0.1540
vn 0.9321 0.3230 0.1639
vn 0.9939 0.0608 0.0916
vn 0.9979 -0.0407 0.0503
vn 0.8583 0.4559 0.2355
vn 0.9985 0.0493 0.0244
vn 0.9976 0.0492 0.0479
vn 0.9950 0.0933 -0.0363
vn 0.9985 0.0549 -0.0055
vn 0.9987 0.0272 0.0429
vn 0.8588 -0.3957 0.3254
vn 0.8737 -0.4480 0.1894
vn 0.8354 -0.3272 0.4415
vn 0.7965 -0.2526 0.5494
vn 0.7733 -0.2204 0.5945
vn 0.7885 -0.3956 0.4709
vn 0.8405 -0.4480 0.3048
vn 0.7873 -0.1471 0.5988
vn 0.8530 -0.1423 0.5021
vn 0.7138 -0.2412 0.6575
vn 0.8833 -0.4682 0.0227
vn 0.8737 -0.4686 0.1304
vn 0.8843 -0.4667 -0.0174
vn 0.8822 -0.4705 -0.0196
vn 0.8822 -0.4686 -0.0464
vn 0.8738 -0.4433 -0.1998
vn 0.8735 -0.4686 -0.1318
vn 0.7957 -0.3850 -0.4676
vn 0.8470 -0.4292 -0.3137
vn 0.8583 -0.3957 -0.3267
vn 0.8392 -0.3268 -0.4348
vn 0.7860 -0.2181 -0.5784
vn 0.8059 -0.2523 -0.5356
vn 0.8679 -0.1379 -0.4772
vn 0.8019 -0.1428 -0.5802
vn 0.7264 -0.2389 -0.6445
vn 0.0000 1.0000 0.0000
vn 0.3042 0.9478 0.0952
vn -0.3021 0.9495 0.0848
vn 0.0002 0.9783 0.2071
vn -0.5561 0.8311 0.0017
vn 0.5768 0.7992 0.1692
vn -0.5598 0.8286 0.0029
vn -0.3352 0.9217 0.1954
vn 0.9808 -0.1266 -0.1482
vn 0.9923 -0.0333 -0.1196
vn 0.9870 -0.1343 -0.0885
vn 0.9785 -0.1639 -0.1252
vn 0.9867 -0.1612 -0.0231
vn 0.9863 -0.1275 -0.1043
vn 0.9803 -0.0793 -0.1811
vn 0.9843 -0.1747 -0.0267
vn 0.9669 -0.2405 -0.0858
vn 0.9679 -0.2131 -0.1336
vn 0.9916 -0.0452 -0.1214
vn 0.9970 -0.0272 -0.0731
vn 0.9981 -0.0607 0.0088
vn 0.9953 -0.0623 -0.0737
vn 0.9865 -0.0778 0.1443
vn 0.9962 -0.0565 0.0662
vn 0.9985 -0.0510 -0.0177
vn 0.4228 0.2650 0.8666
vn 0.4039 0.4597 0.7909
vn 0.4022 0.4609 0.7911
vn 0.4242 0.0476 0.9043
vn 0.4049 -0.1610 0.9001
vn 0.4064 -0.1618 0.8993
vn 1.0000 0.0006 -0.0029
vn 1.0000 -0.0007 -0.0026
vn 1.0000 0.0017 -0.0041
vn 1.0000 0.0057 -0.0056
vn 1.0000 0.0025 -0.0031
vn 1.0000 0.0042 -0.0034
vn 1.0000 0.0070 -0.0034
vn -0.9882 0.0162 -0.1525
vn -0.9887 0.0465 -0.1425
vn -0.9887 -0.0158 -0.1493
vn -0.9882 -0.0477 -0.1459
vn -0.9886 -0.0755 -0.1299
vn -0.9882 0.0768 -0.1324
vn -0.9887 0.1006 -0.1109
vn -0.9886 -0.1220 -0.0878
vn -0.9882 -0.1031 -0.1136
vn -0.9887 0.1332 -0.0692
vn -0.9882 0.1242 -0.0894
vn -0.9886 0.1505 -0.0082
vn -0.9881 0.1509 -0.0287
vn -0.9886 0.1370 0.0618
vn -0.9881 0.1502 0.0331
vn -0.9881 -0.1409 -0.0620
vn -0.9886 -0.1474 -0.0293
vn -0.9886 0.1002 0.1121
vn -0.9881 0.1238 0.0907
vn -0.9880 -0.1544 0.0030
vn -0.9886 0.0463 0.1435
vn -0.9881 0.0765 0.1334
vn -0.9885 -0.1450 0.0436
vn -0.9882 -0.1533 0.0036
vn -0.9885 -0.0157 0.1501
vn -0.9880 0.0161 0.1534
vn -0.9885 -0.0753 0.1310
vn -0.9880 -0.0475 0.1468
vn -0.9885 -0.1220 0.0894
vn -0.9880 -0.1408 0.0635
vn -0.9880 -0.1031 0.1152
vn -0.5630 -0.4131 -0.7158
vn -0.3089 -0.4002 -0.8628
vn 0.3062 -0.3892 -0.8688
vn -0.0008 -0.3096 -0.9509
vn -0.0007 -0.4976 -0.8674
vn 0.5814 -0.2515 -0.7738
vn -0.5690 -0.4094 -0.7132
vn 0.5800 -0.4051 -0.7067
vn -0.3481 -0.2903 -0.8914
vn 0.9745 -0.1079 0.1967
vn 0.9746 -0.0908 0.2045
vn 0.9999 -0.0096 0.0042
vn 0.9999 -0.0125 0.0087
vn 0.9791 0.0571 -0.1954
vn 0.9741 -0.0505 0.2203
vn 0.9737 -0.0760 0.2147
vn 0.9788 0.0223 -0.2036
vn 0.9999 -0.0062 0.0090
vn 0.9788 -0.0216 -0.2036
vn 0.9999 -0.0047 0.0098
vn 0.9771 -0.0179 -0.2122
vn 0.9999 -0.0051 0.0127
vn 0.9787 -0.0672 -0.1938
vn 0.9741 0.0467 0.2211
vn 0.9746 0.0116 0.2238
vn 0.9745 -0.0233 0.2232
vn 0.9787 -0.1024 -0.1781
vn 0.9748 0.0651 0.2136
vn 0.9751 0.0887 0.2030
vn 0.9999 0.0004 0.0104
vn 0.9789 -0.1024 -0.1771
vn 0.9788 -0.1365 -0.1524
vn 0.9742 0.1124 0.1956
vn 0.9745 0.1341 0.1800
vn 0.9999 0.0022 0.0103
vn 0.9770 -0.1387 -0.1621
vn 0.9772 -0.1716 -0.1253
vn 0.9742 0.1554 0.1636
vn 0.9743 0.1676 0.1502
vn 0.9999 0.0044 0.0135
vn 0.9788 -0.1678 -0.1172
vn 0.9788 -0.1867 -0.0842
vn 0.9743 0.1794 0.1362
vn 0.9746 0.1930 0.1132
vn 0.9999 0.0079 0.0083
vn 0.9792 -0.1855 -0.0825
vn 0.9792 -0.1985 -0.0429
vn 0.9738 0.2080 0.0921
vn 0.9741 0.2159 0.0675
vn 1.0000 0.0071 0.0041
vn 0.9768 -0.2081 -0.0514
vn 0.9771 -0.2127 -0.0053
vn 0.9748 0.2195 0.0395
vn 0.9749 0.2218 0.0194
vn 0.9999 0.0109 0.0057
vn 0.9788 -0.2047 -0.0008
vn 0.9788 -0.2004 0.0418
vn 0.9746 0.2241 -0.0008
vn 0.9748 0.2216 -0.0247
vn 0.9999 0.0115 0.0020
vn 0.9792 -0.1982 0.0424
vn 0.9793 -0.1852 0.0819
vn 0.9737 0.2226 -0.0477
vn 0.9740 0.2148 -0.0726
vn 0.9999 0.0105 0.0007
vn 0.9770 -0.1975 0.0808
vn 0.9771 -0.1725 0.1244
vn 0.9746 0.2017 -0.0976
vn 0.9747 0.1929 -0.1133
vn 0.9999 0.0153 -0.0006
vn 0.9793 -0.1609 0.1231
vn 0.9792 -0.1363 0.1506
vn 0.9737 0.1876 -0.1296
vn 0.9741 0.1698 -0.1494
vn 0.9999 0.0106 -0.0050
vn 0.9791 -0.1020 0.1758
vn 0.9740 0.1513 -0.1689
vn 0.9742 0.1304 -0.1841
vn 0.9999 0.0096 -0.0058
vn 0.9770 -0.1118 0.1816
vn 0.9772 -0.0660 0.2020
vn 0.9742 0.1079 -0.1983
vn 0.9743 0.0908 -0.2061
vn 0.9999 0.0126 -0.0103
vn 0.9794 -0.0571 0.1938
vn 0.9793 -0.0215 0.2013
vn 0.9734 0.0760 -0.2163
vn 0.9738 0.0503 -0.2219
vn 0.9999 0.0062 -0.0102
vn 0.9791 0.0218 0.2021
vn 0.9741 0.0230 -0.2247
vn 0.9744 -0.0028 -0.2248
vn 0.9999 0.0050 -0.0099
vn 0.9770 0.0172 0.2126
vn 0.9771 0.0660 0.2023
vn 0.9742 -0.0288 -0.2239
vn 0.9743 -0.0469 -0.2201
vn 0.9999 0.0051 -0.0147
vn 0.9791 0.0681 0.1918
vn 0.9790 0.1024 0.1765
vn 0.9738 -0.0648 -0.2179
vn 0.9743 -0.0890 -0.2069
vn 0.9999 -0.0010 -0.0123
vn 0.9791 0.1024 0.1755
vn 0.9791 0.1359 0.1512
vn 0.9739 -0.1133 -0.1965
vn 0.9742 -0.1345 -0.1812
vn 0.9999 -0.0026 -0.0122
vn 0.9775 0.1378 0.1595
vn 0.9776 0.1707 0.1231
vn 0.9739 -0.1554 -0.1651
vn 0.9741 -0.1676 -0.1518
vn 0.9999 -0.0047 -0.0156
vn 0.9792 0.1670 0.1150
vn 0.9791 0.1863 0.0820
vn 0.9737 -0.1802 -0.1393
vn 0.9742 -0.1937 -0.1160
vn 0.9999 -0.0076 -0.0097
vn 0.9791 0.1989 0.0414
vn 0.9739 -0.2073 -0.0928
vn 0.9741 -0.2153 -0.0684
vn 0.9999 -0.0070 -0.0108
vn 0.9769 0.2081 0.0495
vn 0.9769 0.2136 -0.0053
vn 0.9747 -0.2198 -0.0414
vn 0.9748 -0.2215 -0.0261
vn 0.9999 -0.0111 -0.0126
vn 0.9790 0.2036 -0.0109
vn 0.9788 0.2000 -0.0432
vn 0.9743 -0.2251 -0.0119
vn 0.9748 -0.2222 0.0174
vn 0.9999 -0.0117 -0.0035
vn 0.9792 0.1982 -0.0438
vn 0.9792 0.1851 -0.0835
vn 0.9738 -0.2227 0.0458
vn 0.9741 -0.2148 0.0711
vn 0.9999 -0.0114 -0.0019
vn 0.9770 0.1967 -0.0824
vn 0.9772 0.1716 -0.1254
vn 0.9742 -0.2041 0.0965
vn 0.9744 -0.1950 0.1123
vn 0.9999 -0.0155 -0.0008
vn 0.9791 0.1613 -0.1242
vn 0.9789 0.1363 -0.1522
vn 0.9739 -0.1873 0.1283
vn 0.9743 -0.1696 0.1480
vn 0.9999 -0.0106 0.0034
vn 0.9788 0.1020 -0.1774
vn 0.9742 -0.1513 0.1673
vn 0.9745 -0.1304 0.1826
vn 0.9767 0.1117 -0.1831
vn 0.9768 0.0660 -0.2036
vn 0.2343 -0.2695 0.9341
vn 0.6977 -0.2727 0.6625
vn 0.3460 0.8774 0.3322
vn 0.9612 -0.0361 -0.2735
vn -0.0305 0.9859 0.1645
vn 0.3110 0.2726 -0.9105
vn -0.1421 0.2797 -0.9495
vn 0.5026 -0.6348 -0.5869
vn -0.6360 0.5199 0.5703
vn 0.2368 -0.2665 -0.9343
vn 0.6056 -0.7948 -0.0383
vn 0.5163 -0.6470 0.5610
vn -0.4405 0.7019 0.5597
vn -0.6937 0.7151 -0.0856
vn -0.6578 0.5378 0.5273
vn 0.9742 -0.1643 -0.1549
vn 0.9770 -0.1831 -0.1094
vn 0.9796 -0.1530 -0.1303
vn 0.9815 -0.1658 -0.0952
vn 0.9645 -0.2324 -0.1257
vn 0.9674 -0.2331 -0.0988
vn 0.9639 -0.1889 -0.1877
vn 0.9586 -0.1601 -0.2354
vn 0.9500 0.0679 -0.3047
vn 0.9203 -0.1533 -0.3599
vn 0.9762 -0.2158 0.0217
vn 0.9525 -0.2895 -0.0941
vn 0.9296 0.2854 -0.2334
vn 0.9809 -0.1380 0.1371
vn 0.8725 -0.1636 0.4604
vn 0.7942 -0.2301 0.5624
vn 0.7735 -0.1733 0.6097
vn 0.7041 -0.1989 0.6817
vn 0.7796 0.0231 0.6259
vn 0.8625 0.2167 0.4572
vn 0.8349 0.1498 0.5296
vn 0.8252 -0.0053 0.5648
vn 0.7910 -0.1271 0.5985
vn 0.8454 0.1166 0.5213
vn 0.8638 0.2633 0.4295
vn 0.8771 0.3123 0.3649
vn 0.8829 0.3764 0.2807
vn 0.8830 0.3805 0.2747
vn 0.8761 0.4383 0.2008
vn 0.8628 0.4998 0.0763
vn 0.8637 0.4828 0.1446
vn 0.8431 0.5351 -0.0529
vn 0.8206 0.5401 -0.1867
vn 0.7830 0.5351 -0.3170
vn 0.9824 0.1293 -0.1345
vn 0.9896 0.1219 -0.0760
vn 0.8336 0.5518 -0.0255
vn 0.9891 0.1435 -0.0325
vn 0.8799 0.3721 -0.2954
vn 0.9725 -0.2240 0.0635
vn 0.5852 -0.4054 -0.7023
vn 0.9745 -0.1973 0.1072
vn 0.9761 -0.1634 0.1430
vn 0.9794 -0.1722 0.1057
vn 0.9802 -0.1467 0.1327
vn 0.9633 -0.1936 0.1858
vn 0.9590 -0.1611 0.2332
vn 0.9638 -0.2374 0.1214
vn 0.9662 -0.2385 0.0979
vn 0.9759 -0.2174 -0.0209
vn 0.9527 -0.2895 0.0926
vn 0.9507 0.0600 0.3042
vn 0.9189 -0.1562 0.3622
vn 0.9809 -0.1412 -0.1341
vn 0.9339 0.2730 0.2307
vn 0.8596 0.3962 0.3228
vn 0.7866 0.4646 0.4067
vn 0.7677 0.5276 0.3638
vn 0.7051 0.5820 0.4052
vn 0.7778 0.6050 0.1702
vn 0.8626 0.4999 -0.0778
vn 0.8293 0.5587 0.0124
vn 0.8211 0.5391 0.1874
vn 0.7821 0.5384 0.3137
vn 0.8458 0.5304 0.0578
vn 0.8655 0.4792 -0.1462
vn 0.8763 0.4355 -0.2061
vn 0.8815 0.3797 -0.2808
vn 0.8808 0.3822 -0.2794
vn 0.8756 0.3192 -0.3627
vn 0.8598 0.2184 -0.4616
vn 0.8605 0.2644 -0.4354
vn 0.8406 0.1159 -0.5292
vn 0.8188 -0.0052 -0.5741
vn 0.7829 -0.1262 -0.6092
vn 0.7661 -0.1766 -0.6179
vn 0.7765 0.0215 -0.6298
vn 0.8306 0.1474 -0.5371
vn 0.7844 -0.2366 -0.5734
vn 0.8572 -0.1775 -0.4834
vn 0.7030 -0.1993 -0.6827
vn -0.5583 -0.6712 0.4877
vn -0.3044 -0.8172 0.4894
vn 0.3049 -0.8235 0.4784
vn 0.0003 -0.9131 0.4078
vn 0.0005 -0.8104 0.5858
vn 0.5780 -0.7452 0.3324
vn -0.5636 -0.6692 0.4842
vn 0.5778 -0.6617 0.4778
vn -0.3398 -0.8587 0.3837
vn 0.9954 0.0095 -0.0957
vn 0.9982 0.0249 -0.0551
vn 0.9979 0.0479 -0.0446
vn 0.9981 0.0579 -0.0204
vn 0.9986 0.0472 0.0253
vn 0.9916 0.1151 -0.0589
vn 0.9969 0.0663 -0.0417
vn 0.9236 0.2329 -0.3045
vn 0.9413 0.2538 -0.2224
vn 0.9208 0.2947 -0.2554
vn 0.9127 0.2506 -0.3228
vn 0.9291 0.2453 -0.2769
vn 0.9570 0.2442 -0.1562
vn 0.9855 0.1679 -0.0232
vn 0.9472 0.3204 -0.0088
vn 0.9222 0.3867 -0.0074
vn 0.9209 0.3861 0.0536
vn 0.9201 0.3858 -0.0683
vn 0.9585 0.2441 0.1474
vn 0.9855 0.1689 0.0150
vn 0.9918 0.1144 0.0566
vn 0.9982 0.0503 -0.0315
vn 0.9319 0.2436 0.2688
vn 0.9159 0.2498 0.3140
vn 0.9267 0.2280 0.2989
vn 0.9251 0.2801 0.2565
vn 0.9970 0.0656 0.0412
vn 0.9980 0.0497 0.0400
vn 0.9983 0.0264 0.0510
vn 0.9956 0.0104 0.0936
vn 0.9980 0.0612 0.0125
vn 0.9929 0.0695 -0.0964
vn 0.9852 0.0396 -0.1667
vn 0.9979 -0.0404 -0.0507
vn 0.9575 0.2136 -0.1936
vn 0.9243 0.3489 -0.1547
vn 0.9072 0.3935 -0.1487
vn 0.9096 0.3765 -0.1756
vn 0.9872 0.1590 -0.0099
vn 0.8769 0.4161 -0.2405
vn 0.9441 0.1367 -0.2999
vn 0.9217 0.1543 -0.3560
vn 0.9040 0.2659 -0.3349
vn 0.9272 0.0407 -0.3724
vn 0.9659 0.0153 -0.2584
vn 0.9802 0.1243 -0.1544
vn 0.9467 -0.1767 -0.2694
vn 0.9559 -0.1308 -0.2628
vn 0.9354 -0.1600 -0.3155
vn 0.9512 -0.1134 -0.2870
vn 0.9920 0.0577 -0.1126
vn 0.9964 0.0806 -0.0263
vn 0.9979 -0.0286 -0.0577
vn 0.9957 0.0534 -0.0754
vn 0.9850 -0.1675 -0.0417
vn 0.9954 -0.0841 -0.0458
vn 0.9984 0.0000 -0.0564
vn 0.4324 -0.5575 -0.7087
vn 0.4643 -0.3487 -0.8141
vn 0.4612 -0.3373 -0.8207
vn 0.4905 -0.3551 -0.7958
vn 0.5532 -0.3425 -0.7594
vn 0.5015 -0.4094 -0.7622
vn 0.3841 -0.7813 -0.4919
vn 0.4112 -0.3370 -0.8469
vn 0.6474 -0.2997 -0.7008
vn 0.3254 -0.9455 -0.0075
vn 0.3856 -0.8055 0.4501
vn 0.3831 -0.8522 0.3564
vn 0.2747 -0.9615 -0.0112
vn 0.3885 -0.8483 -0.3599
vn 0.4640 -0.3371 0.8192
vn 0.4188 -0.3422 0.8411
vn 0.4323 -0.5592 0.7074
vn 0.3775 -0.7303 0.5694
vn 0.4657 -0.3478 0.8137
vn 0.4919 -0.3528 0.7960
vn 0.5543 -0.3425 0.7586
vn 0.5026 -0.4111 0.7605
vn 0.6481 -0.3021 0.6991
vn 0.5812 -0.6588 0.4776
vn 0.9760 0.0416 0.2139
vn 0.9763 0.0856 0.1986
vn 0.9803 0.0473 0.1916
vn 0.9791 0.0831 0.1855
vn 0.9647 0.1160 0.2365
vn 0.9589 0.1736 0.2246
vn 0.9640 0.0472 0.2619
vn 0.9670 0.0216 0.2537
vn 0.9780 -0.0982 0.1838
vn 0.9523 0.0000 0.3053
vn 0.9484 0.3155 0.0302
vn 0.9182 0.3003 0.2584
vn 0.9793 -0.1939 0.0578
vn 0.9282 0.3139 -0.1996
vn 0.8571 0.4303 -0.2833
vn 0.7876 0.5265 -0.3202
vn 0.7701 0.5037 -0.3915
vn 0.7098 0.5582 -0.4297
vn 0.7823 0.3385 -0.5229
vn 0.8654 0.0651 -0.4968
vn 0.8333 0.1697 -0.5262
vn 0.8261 0.3346 -0.4535
vn 0.7864 0.4576 -0.4149
vn 0.8508 0.2054 -0.4838
vn 0.8691 -0.0183 -0.4942
vn 0.8764 -0.0763 -0.4755
vn 0.8793 -0.1835 -0.4395
vn 0.8783 -0.1814 -0.4423
vn 0.8713 -0.2796 -0.4032
vn 0.8566 -0.3823 -0.3465
vn 0.8652 -0.3173 -0.3882
vn 0.8437 -0.4687 -0.2617
vn 0.8162 -0.5540 -0.1640
vn 0.7744 -0.6295 -0.0633
vn 0.7573 -0.6525 -0.0260
vn 0.7694 -0.5987 -0.2227
vn 0.8245 -0.4634 -0.3246
vn 0.7774 -0.6279 0.0373
vn 0.8522 -0.5231 0.0080
vn 0.6922 -0.7213 -0.0240
vn -0.5656 -0.0867 0.8201
vn -0.3061 -0.1813 0.9346
vn 0.3087 -0.1928 0.9314
vn 0.0008 -0.3083 0.9513
vn 0.0008 -0.1017 0.9948
vn 0.5832 -0.2514 0.7725
vn -0.5566 -0.0844 0.8265
vn 0.5850 -0.2502 0.7715
vn 0.5834 -0.0826 0.8080
vn -0.3484 -0.2889 0.8917
vn 0.4426 -0.8412 0.3107
vn 0.4783 -0.8745 0.0808
vn 0.4735 -0.8782 0.0681
vn 0.5023 -0.8606 0.0837
vn 0.5569 -0.8265 0.0815
vn 0.5126 -0.8476 0.1368
vn 0.3919 -0.6927 0.6054
vn 0.4223 -0.9043 0.0633
vn 0.6389 -0.7669 0.0597
vn 0.3239 -0.2859 0.9018
vn 0.3866 0.1694 0.9065
vn 0.3808 0.0527 0.9231
vn 0.2735 -0.2987 0.9143
vn 0.3959 -0.5850 0.7078
vn 0.4608 0.6736 0.5778
vn 0.4186 0.6943 0.5854
vn 0.4318 0.4875 0.7588
vn 0.3768 0.2852 0.8813
vn 0.4619 0.6658 0.5860
vn 0.4872 0.6442 0.5896
vn 0.5497 0.6118 0.5688
vn 0.4975 0.5927 0.6335
vn 0.6445 0.5673 0.5126
vn 0.9749 0.0934 -0.2020
vn 0.9758 0.0484 -0.2134
vn 0.9794 0.0756 -0.1871
vn 0.9788 0.0424 -0.2001
vn 0.9639 0.0467 -0.2622
vn 0.9656 0.0212 -0.2593
vn 0.9634 0.1167 -0.2412
vn 0.9590 0.1717 -0.2255
vn 0.9505 0.3093 -0.0313
vn 0.9200 0.2945 -0.2585
vn 0.9769 -0.1054 -0.1859
vn 0.9503 -0.0048 -0.3112
vn 0.9307 0.3078 0.1975
vn 0.9775 -0.2033 -0.0556
vn 0.8685 -0.4957 -0.0052
vn 0.7939 -0.6070 -0.0363
vn 0.7679 -0.6399 0.0276
vn 0.7075 -0.7064 0.0217
vn 0.7715 -0.5978 0.2178
vn 0.8533 -0.3928 0.3430
vn 0.8173 -0.4793 0.3199
vn 0.8091 -0.5647 0.1627
vn 0.7686 -0.6357 0.0713
vn 0.8374 -0.4851 0.2517
vn 0.8639 -0.3203 0.3887
vn 0.8700 -0.2829 0.4038
vn 0.8793 -0.1922 0.4358
vn 0.8761 -0.2032 0.4373
vn 0.8789 -0.0776 0.4706
vn 0.8669 0.0693 0.4937
vn 0.8701 0.0057 0.4929
vn 0.8536 0.1939 0.4836
vn 0.8299 0.3295 0.4502
vn 0.7896 0.4585 0.4078
vn 0.7646 0.5096 0.3947
vn 0.7755 0.3405 0.5317
vn 0.8369 0.1599 0.5234
vn 0.7844 0.5310 0.3207
vn 0.8664 0.4159 0.2763
vn 0.6891 0.5745 0.4416
vn 0.5760 -0.0866 0.8129
vn 0.9850 0.1255 0.1185
vn 0.9960 0.0537 0.0713
vn 0.9983 0.0017 0.0574
vn 0.9990 -0.0280 0.0363
vn 0.9981 -0.0621 -0.0017
vn 0.9938 -0.0985 0.0509
vn 0.9973 -0.0626 0.0379
vn 0.9599 -0.1092 0.2581
vn 0.9509 -0.1479 0.2719
vn 0.9604 -0.1181 0.2522
vn 0.9713 -0.1259 0.2020
vn 0.9787 -0.1620 0.1258
vn 0.9887 -0.1472 0.0288
vn 0.9862 -0.1552 0.0584
vn 0.9811 -0.1268 0.1463
vn 0.9903 -0.0414 0.1325
vn 0.9863 -0.1292 0.1026
vn 0.9829 -0.1820 0.0287
vn 0.9816 -0.0753 0.1757
vn 0.9918 -0.0426 0.1202
vn 0.9970 -0.0240 0.0733
vn 0.9674 -0.2178 0.1293
vn 0.9644 -0.2524 0.0796
vn 0.9956 -0.0625 0.0699
vn 0.9980 -0.0612 -0.0127
vn 0.9957 -0.0575 -0.0730
vn 0.9842 -0.0801 -0.1579
vn 0.9985 -0.0506 0.0186
vn -0.5593 -0.4140 0.7182
vn -0.3059 -0.5475 0.7789
vn -0.3411 -0.6283 0.6993
vn -0.5687 -0.4134 0.7112
vn 0.0007 -0.5028 0.8644
vn 0.3066 -0.5579 0.7712
vn 0.0006 -0.6685 0.7437
vn 0.5796 -0.4099 0.7043
vn 0.5803 -0.5453 0.6050
vn 0.5820 -0.5438 0.6046
vn 0.4434 0.8633 0.2410
vn 0.4672 0.7613 0.4495
vn 0.4692 0.7550 0.4581
vn 0.4952 0.7564 0.4273
vn 0.5536 0.7288 0.4029
vn 0.5072 0.7801 0.3663
vn 0.3990 0.9139 -0.0744
vn 0.4322 0.7680 0.4725
vn 0.6386 0.6703 0.3780
vn 0.4048 0.8870 -0.2224
vn 0.3308 0.7679 -0.5485
vn 0.2766 0.7847 -0.5547
vn 0.3908 0.3970 -0.8305
vn 0.3922 0.4825 -0.7831
vn 0.4671 -0.2045 -0.8602
vn 0.4200 -0.2156 -0.8815
vn 0.4369 0.0317 -0.8990
vn 0.3840 0.2420 -0.8910
vn 0.4701 -0.1921 -0.8614
vn 0.4947 -0.1806 -0.8501
vn 0.5513 -0.1692 -0.8170
vn 0.5047 -0.1197 -0.8550
vn 0.6363 -0.1686 -0.7528
vn 0.5020 -0.7564 0.4193
vn 0.5527 -0.8334 -0.0012
vn 0.9842 0.1770 -0.0009
vn 0.5119 -0.5186 -0.6849
vn 0.4663 0.1176 -0.8768
vn 0.4339 0.6809 -0.5901
vn 0.4258 0.9048 -0.0012
vn 0.4029 0.8556 0.3251
vn 0.4209 0.4382 0.7942
vn 0.4570 -0.2174 0.8625
vn 0.5849 -0.4058 0.7022
vn 0.4794 -0.8754 0.0621
vn 0.5367 -0.7866 -0.3053
vn 0.9830 0.0846 0.1631
vn 0.5528 -0.2333 -0.8000
vn 0.5054 0.1519 -0.8494
vn 0.4365 -0.5925 0.6771
vn 0.4679 0.8703 -0.1538
vn 0.4611 0.7550 -0.4662
vn 0.4227 0.8891 0.1757
vn 0.4250 0.2972 0.8550
vn 0.4075 0.0001 0.9132
vn 0.4033 0.5670 0.7182
vn 0.4503 -0.2951 -0.8427
vn 0.4943 0.0388 -0.8684
vn 0.9838 -0.1498 0.0984
vn 0.5344 0.6736 -0.5106
vn 0.4923 0.8598 -0.1359
vn 0.4118 -0.8399 -0.3534
vn 0.4613 0.4246 0.7790
vn 0.4537 0.6824 0.5731
vn 0.4187 0.1206 0.9001
vn 0.4086 -0.7468 0.5248
vn 0.3883 -0.8838 0.2611
vn 0.3927 -0.5435 0.7419
vn 1.0000 -0.0001 -0.0010
vn -1.0000 0.0001 0.0008
vn -0.5640 -0.6682 -0.4852
vn -0.3072 -0.7183 -0.6242
vn -0.5627 -0.6692 -0.4854
vn -0.3464 -0.6295 -0.6955
vn 0.3070 -0.7099 -0.6338
vn -0.0006 -0.6709 -0.7415
vn -0.0005 -0.8089 -0.5879
vn 0.5811 -0.5444 -0.6050
vn 0.5851 -0.5439 -0.6016
vn 0.5805 -0.6585 -0.4790
vn 0.0008 -0.1771 0.9842
vn 0.0007 -0.5006 0.8657
vn -0.0005 -0.7669 -0.6417
vn 0.0003 -0.9389 0.3443
vn 0.0000 -1.0000 0.0000
vn -0.0003 -0.9389 -0.3443
vn 0.0005 -0.7669 0.6417
vn -0.0007 -0.5006 -0.8657
vn -0.0008 -0.1771 -0.9842
vn 0.0008 0.1771 0.9842
vn -0.0008 0.1771 -0.9842
vn -0.0007 0.4984 -0.8670
vn -0.0005 0.7669 -0.6417
vn -0.0003 0.9389 -0.3443
vn 0.0003 0.9389 0.3443
vn 0.0005 0.7669 0.6417
vn 0.0007 0.4984 0.8670
vn 0.4965 0.5927 -0.6342
vn 0.5508 0.6107 -0.5688
vn 0.4886 0.6426 -0.5902
vn 0.4648 0.6700 -0.5789
vn 0.4682 0.6615 -0.5858
vn 0.4364 0.4836 -0.7587
vn 0.3857 0.2093 -0.8986
vn 0.4228 0.6905 -0.5869
vn 0.6493 0.5658 -0.5083
vn 0.3842 0.0606 -0.9213
vn 0.3272 -0.2759 -0.9038
vn 0.2756 -0.2875 -0.9173
vn 0.3992 -0.6580 -0.6385
vn 0.4015 -0.5724 -0.7150
vn 0.4758 -0.8767 -0.0703
vn 0.4341 -0.8981 -0.0708
vn 0.4485 -0.8339 -0.3217
vn 0.3967 -0.7485 -0.5314
vn 0.4772 -0.8750 -0.0813
vn 0.5018 -0.8608 -0.0848
vn 0.5595 -0.8249 -0.0811
vn 0.5124 -0.8475 -0.1384
vn 0.6463 -0.7610 -0.0561
vn 0.2690 0.1688 -0.9482
vn 0.3041 0.2146 -0.9282
vn 0.3149 0.3531 -0.8810
vn 0.2381 0.0204 -0.9710
vn 0.2157 -0.0190 -0.9763
vn 0.1836 -0.1553 -0.9707
vn 0.3434 0.3689 -0.8637
vn 0.3483 0.2543 -0.9022
vn 0.3453 0.5144 -0.7849
vn 0.3191 0.5668 -0.7596
vn 0.3293 0.4327 -0.8392
vn 0.3375 0.6067 -0.7197
vn 0.3296 0.8037 -0.4955
vn 0.3474 0.8819 -0.3188
vn 0.2851 0.9585 -0.0075
vn 0.3699 0.9290 -0.0032
vn 0.4087 0.8795 -0.2438
vn 0.3146 0.8303 0.4600
vn 0.3083 0.9211 0.2376
vn 0.3226 0.5679 0.7572
vn 0.3026 0.6916 0.6558
vn 0.3374 0.3437 0.8763
vn 0.3343 0.4295 0.8389
vn 0.3113 0.1773 0.9336
vn 0.3376 0.2550 0.9061
vn 0.2397 0.0204 0.9706
vn 0.2705 0.1668 0.9481
vn 0.2173 -0.0190 0.9759
vn 0.1852 -0.1552 0.9704
vn 0.3108 0.3556 0.8815
vn 0.2808 0.2827 0.9172
vn 0.3426 0.5184 0.7835
vn 0.3385 0.4257 0.8391
vn 0.3426 0.6050 0.7188
vn 0.5817 -0.6581 -0.4781
vn 0.2454 -0.9167 0.3154
vn 0.2788 -0.8448 0.4567
vn 0.3191 -0.8274 0.4622
vn 0.2209 -0.9359 0.2745
vn 0.1848 -0.9746 0.1263
vn 0.3386 -0.7233 0.6019
vn 0.3440 -0.7770 0.5272
vn 0.3176 -0.7258 0.6102
vn 0.2901 -0.7794 0.5553
vn 0.3187 -0.5400 0.7790
vn 0.3304 -0.6634 0.6714
vn 0.3420 -0.5791 0.7401
vn 0.3430 -0.6673 0.6611
vn 0.3095 -0.1708 0.9354
vn 0.2985 -0.4020 0.8656
vn 0.3569 0.2702 0.8942
vn 0.3025 0.0703 0.9506
vn 0.3363 -0.4827 0.8086
vn 0.3432 0.5467 0.7638
vn 0.3949 0.4577 0.7966
vn 0.3359 0.7038 0.6260
vn 0.2863 0.2887 0.9136
vn 0.3287 0.8871 0.3241
vn 0.3530 0.8992 0.2584
vn 0.3525 0.8634 0.3610
vn 0.3156 0.9462 0.0709
vn 0.3494 0.9326 0.0904
vn 0.3441 0.9257 0.1571
vn 0.3503 0.9358 -0.0398
vn 0.3051 0.9484 -0.0860
vn 0.2690 0.9535 -0.1357
vn 0.2359 0.9282 -0.2878
vn 0.2119 0.9204 -0.3284
vn 0.1767 0.8694 -0.4614
vn -0.5531 -0.8145 0.1753
vn -0.3013 -0.9465 0.1158
vn 0.3041 -0.9472 0.1014
vn 0.0002 -0.9783 0.2071
vn 0.5766 -0.8170 -0.0031
vn -0.5605 -0.8101 0.1720
vn 0.5768 -0.7993 0.1688
vn -0.3335 -0.9427 0.0017
vn 0.9487 -0.0194 0.3155
vn 0.9782 -0.0176 0.2068
vn 0.9868 -0.0074 0.1620
vn 0.9204 -0.0253 0.3902
vn 0.8534 -0.0222 0.5208
vn 0.3449 -0.5776 -0.7399
vn 0.3388 -0.4829 -0.8075
vn 0.3256 -0.2083 -0.9223
vn 0.3092 -0.7268 -0.6134
vn 0.3427 -0.7041 -0.6220
vn 0.3422 -0.0248 -0.9393
vn 0.2788 0.2894 -0.9157
vn 0.3183 -0.5331 -0.7839
vn 0.3299 -0.6592 -0.6758
vn 0.3699 0.2656 -0.8903
vn 0.4065 0.0315 -0.9131
vn 0.3476 -0.7800 -0.5204
vn 0.2978 -0.8169 -0.4939
vn 0.3215 0.6781 -0.6610
vn 0.3124 0.4847 -0.8170
vn 0.3260 0.8912 -0.3152
vn 0.3107 0.8295 -0.4641
vn 0.3433 0.9373 -0.0597
vn 0.3329 0.9296 -0.1581
vn 0.3175 0.9403 0.1227
vn 0.3503 0.9358 0.0392
vn 0.2314 -0.9203 -0.3156
vn 0.2096 -0.9386 -0.2740
vn 0.1740 -0.9763 -0.1285
vn 0.2618 -0.8496 -0.4578
vn 0.2411 0.9302 0.2767
vn 0.2699 0.9533 0.1356
vn 0.2197 0.9243 0.3121
vn 0.1910 0.8823 0.4301
vn 0.3155 0.9466 -0.0671
vn 0.2793 0.9601 0.0111
vn 0.3484 0.8980 -0.2687
vn 0.3493 0.9258 -0.1447
vn 0.3418 0.8558 -0.3883
vn 0.9503 -0.0184 -0.3108
vn 0.9263 -0.0227 -0.3760
vn 0.9767 -0.0177 -0.2141
vn 0.9841 -0.0094 -0.1771
vn -0.5597 -0.8106 -0.1723
vn -0.3039 -0.9110 -0.2788
vn 0.3050 -0.9069 -0.2909
vn -0.0003 -0.9138 -0.4061
vn -0.0002 -0.9783 -0.2071
vn 0.5774 -0.7453 -0.3334
vn -0.5562 -0.8131 -0.1717
vn 0.5807 -0.7438 -0.3310
vn 0.5774 -0.7987 -0.1696
vn -0.3427 -0.8586 -0.3813
vn 0.9466 0.3082 0.0947
vn 0.9744 0.2161 0.0621
vn 0.9840 0.1743 0.0368
vn 0.9196 0.3731 0.1230
vn 0.8617 0.4826 0.1568
vn 0.9512 -0.3021 -0.0631
vn 0.9282 -0.3635 -0.0796
vn 0.8691 -0.4794 -0.1220
vn 0.9774 -0.2087 -0.0326
vn 0.9839 -0.1764 -0.0295
vn 0.9495 -0.3075 0.0623
vn 0.9789 -0.2023 0.0291
vn 0.9864 -0.1622 0.0255
vn 0.9222 -0.3783 0.0804
vn 0.8535 -0.5056 0.1262
vn -0.5612 0.5529 0.6159
vn 0.9926 -0.1143 -0.0416
vn 0.9971 -0.0761 0.0014
vn 0.9675 -0.1284 -0.2177
vn 0.9548 -0.1234 -0.2704
vn 0.9598 -0.0998 -0.2624
vn 0.9956 -0.0900 -0.0275
vn 0.9985 -0.0063 -0.0552
vn 0.9960 0.0532 -0.0721
vn 0.9848 0.1258 -0.1194
vn 0.9989 -0.0304 -0.0366
vn 0.9446 0.3133 -0.0981
vn 0.9160 0.3803 -0.1277
vn 0.8563 0.4904 -0.1618
vn 0.9735 0.2195 -0.0646
vn 0.9839 0.1747 -0.0377
vn -0.3425 0.4705 0.8133
vn 0.9574 -0.1630 -0.2384
vn 0.9858 -0.0962 -0.1380
vn 0.9960 -0.0639 -0.0624
vn 0.9225 -0.2104 -0.3236
vn 0.8567 -0.2886 -0.4276
vn 0.0006 0.6685 0.7437
vn 0.2680 0.4162 0.8689
vn 0.3052 0.3675 0.8785
vn 0.3174 0.2246 0.9213
vn 0.2382 0.5589 0.7943
vn 0.2174 0.5986 0.7710
vn 0.1814 0.7149 0.6752
vn 0.3547 0.2036 0.9125
vn 0.3590 0.3219 0.8761
vn 0.3564 0.0407 0.9335
vn 0.3311 -0.0195 0.9434
vn 0.3439 0.1385 0.9287
vn 0.3513 -0.0671 0.9339
vn 0.3412 -0.3645 0.8665
vn 0.3518 -0.5463 0.7602
vn 0.2940 -0.7763 0.5577
vn 0.3637 -0.7677 0.5276
vn 0.4027 -0.6095 0.6829
vn 0.3104 -0.9422 0.1260
vn 0.3064 -0.8870 0.3456
vn 0.3202 -0.9100 -0.2635
vn 0.2984 -0.9492 -0.1001
vn 0.3433 -0.7956 -0.4991
vn 0.3328 -0.8446 -0.4194
vn 0.3183 -0.6961 -0.6435
vn 0.3508 -0.7396 -0.5744
vn 0.2410 -0.5772 -0.7802
vn 0.2730 -0.6979 -0.6621
vn 0.2184 -0.5391 -0.8134
vn 0.1789 -0.3989 -0.8994
vn 0.3156 -0.8071 -0.4990
vn 0.2807 -0.7745 -0.5669
vn 0.3474 -0.8808 -0.3217
vn 0.3483 -0.8341 -0.4276
vn 0.3418 -0.9157 -0.2115
vn 0.9985 0.0466 -0.0280
vn 0.9987 0.0507 0.0006
vn 0.9960 0.0850 0.0280
vn 0.9987 0.0272 -0.0441
vn 0.9976 0.0467 -0.0517
vn 0.9538 0.1690 0.2484
vn 0.9164 0.2392 0.3208
vn 0.8552 0.3077 0.4172
vn 0.9827 0.0957 0.1583
vn 0.9951 0.0241 0.0964
vn 0.0007 0.5009 0.8655
vn 0.5803 0.5446 0.6055
vn 0.9567 0.1611 -0.2423
vn 0.9817 0.0977 -0.1635
vn 0.9938 0.0323 -0.1060
vn 0.9249 0.2237 -0.3075
vn 0.8759 0.2820 -0.3914
vn 0.5760 0.5452 0.6091
vn 0.2621 -0.6963 0.6682
vn 0.2740 -0.7099 0.6488
vn 0.3035 -0.8083 0.5045
vn 0.2303 -0.5841 0.7783
vn 0.2067 -0.5490 0.8098
vn 0.1700 -0.4161 0.8933
vn 0.3198 -0.9068 0.2746
vn 0.3394 -0.8817 0.3277
vn 0.3420 -0.9109 0.2308
vn 0.3277 -0.9418 -0.0746
vn 0.3393 -0.9001 -0.2732
vn 0.2776 -0.7800 -0.5608
vn 0.3580 -0.7561 -0.5479
vn 0.3965 -0.8516 -0.3428
vn 0.3076 -0.4141 -0.8567
vn 0.3006 -0.6208 -0.7241
vn 0.3171 -0.0225 -0.9481
vn 0.2961 -0.1825 -0.9376
vn 0.3394 0.2322 -0.9115
vn 0.3299 0.1380 -0.9339
vn 0.3121 0.4034 -0.8602
vn 0.3457 0.3241 -0.8806
vn 0.2370 0.5529 -0.7988
vn 0.2656 0.4199 -0.8678
vn 0.2166 0.5882 -0.7792
vn 0.1853 0.6948 -0.6949
vn 0.3098 0.2271 -0.9233
vn 0.2740 0.3050 -0.9121
vn 0.3434 0.0401 -0.9383
vn 0.3433 0.1476 -0.9276
vn 0.3396 -0.0678 -0.9381
vn 0.5809 0.4079 0.7044
vn 0.9602 -0.1600 0.2290
vn 0.9290 -0.2049 0.3082
vn 0.8703 -0.2796 0.4055
vn 0.9860 -0.0968 0.1359
vn 0.9956 -0.0664 0.0657
vn 0.5795 0.4078 0.7056
vn 1.0000 -0.0092 0.0015
vn 1.0000 -0.0098 -0.0010
vn 0.9999 -0.0154 0.0029
vn 1.0000 -0.0017 -0.0006
vn 0.9999 -0.0118 0.0005
vn 1.0000 -0.0058 -0.0048
vn 0.9999 -0.0138 0.0037
vn 1.0000 -0.0082 -0.0006
vn 0.9999 -0.0137 0.0003
vn 1.0000 0.0001 -0.0042
vn 1.0000 0.0003 -0.0075
vn -0.9631 -0.0541 0.2638
vn -0.5632 0.2555 0.7858
vn -0.3056 0.2122 0.9282
vn 0.3066 0.2009 0.9304
vn 0.0008 0.1017 0.9948
vn 0.0008 0.3096 0.9509
vn 0.5836 0.0868 0.8074
vn 0.5745 0.0833 0.8143
vn 0.5832 0.2516 0.7724
vn -0.3418 0.0955 0.9349
vn -0.9756 -0.0880 0.2010
vn -0.9759 -0.0879 0.1998
vn -0.9623 -0.1582 0.2214
vn -0.5662 0.5521 -0.6120
vn -0.3081 0.6964 -0.6481
vn 0.3063 0.7047 -0.6399
vn -0.0005 0.8087 -0.5883
vn -0.0006 0.6685 -0.7437
vn 0.5804 0.6588 -0.4786
vn -0.5624 0.5530 -0.6148
vn 0.5817 0.6578 -0.4785
vn 0.5810 0.5438 -0.6055
vn -0.3484 0.7584 -0.5509
vn -0.9756 -0.1623 0.1476
vn -0.9753 -0.1631 0.1491
vn 0.5793 0.5452 -0.6059
vn -0.9628 -0.2322 0.1380
vn 0.5748 -0.0832 -0.8140
vn 0.5821 0.0826 -0.8089
vn 0.5823 -0.0860 -0.8084
vn -0.9762 -0.2060 0.0681
vn -0.9759 -0.2072 0.0690
vn 0.5838 0.2502 -0.7724
vn 0.5785 0.4099 -0.7052
vn 0.5819 0.2514 -0.7734
vn -0.9632 -0.2673 0.0293
vn -0.5602 0.7563 0.3379
vn -0.9630 -0.2565 -0.0822
vn -0.5566 0.7590 0.3378
vn -0.9764 -0.1878 -0.1071
vn -0.3408 0.7604 0.5529
vn -0.9753 -0.1928 -0.1080
vn 0.0003 0.9138 0.4061
vn 0.0005 0.8089 0.5879
vn -0.9634 -0.2002 -0.1784
vn -0.9764 -0.1277 -0.1743
vn 0.5765 0.6612 0.4801
vn -0.9757 -0.1302 -0.1760
vn 0.5778 0.6608 0.4791
vn -0.9635 -0.1097 -0.2442
vn -0.9761 -0.0463 -0.2124
vn 0.5774 0.7459 -0.3320
vn 0.5808 0.7431 -0.3324
vn -0.9628 -0.0015 -0.2701
vn 0.5766 0.8170 -0.0030
vn -0.9763 0.0448 -0.2119
vn -0.9756 0.0444 -0.2150
vn -0.9632 0.1088 -0.2456
vn -0.9759 0.1278 -0.1769
vn -0.9757 0.1281 -0.1779
vn -0.9624 0.2015 -0.1824
vn 0.9772 -0.0655 -0.2022
vn -0.9762 0.1880 -0.1083
vn 0.9879 0.0943 0.1234
vn 0.9911 0.0847 0.1026
vn 0.9922 0.0835 0.0930
vn 0.9933 0.0814 0.0822
vn 0.9920 0.0881 0.0910
vn 0.9945 0.0845 0.0622
vn 0.9879 -0.1123 0.1070
vn 0.9915 -0.1035 0.0788
vn 0.9922 -0.0876 0.0892
vn 0.9939 -0.0854 0.0704
vn 0.9931 -0.1058 0.0506
vn 0.9950 -0.0580 0.0819
vn 0.9921 0.0857 -0.0916
vn 0.9920 0.0870 -0.0919
vn 0.9918 0.0880 -0.0926
vn 0.9918 0.0859 -0.0942
vn 0.9916 -0.0861 -0.0965
vn 0.9929 -0.0869 -0.0808
vn 0.9931 -0.0785 -0.0876
vn 0.9941 -0.0769 -0.0769
vn 0.9946 -0.0814 -0.0646
vn 0.9948 -0.0560 -0.0849
vn 0.9947 0.1014 -0.0144
vn 0.9931 0.1012 0.0590
vn 0.9931 0.1019 0.0579
vn 0.9910 0.1010 -0.0878
vn 0.9910 0.1017 -0.0867
vn -0.9751 0.1914 -0.1123
vn 0.8114 -0.5840 -0.0220
vn 0.5610 0.8278 -0.0063
vn -0.0852 0.7371 -0.6704
vn 0.4409 -0.0636 -0.8953
vn -0.5288 0.8239 0.2038
vn -0.5309 0.8267 -0.1866
vn 0.4463 -0.0601 0.8929
vn -0.9632 0.2556 -0.0834
vn -0.0454 -0.2749 0.9604
vn -0.0445 0.0000 0.9990
vn -0.0450 0.1394 0.9892
vn -0.0437 -0.4020 0.9146
vn -0.0436 0.0031 0.9990
vn -0.0459 -0.6421 0.7653
vn -0.0453 -0.4069 0.9123
vn -0.0443 0.4069 0.9124
vn -0.0453 0.5290 0.8474
vn -0.0447 -0.7408 0.6702
vn -0.0439 0.4083 0.9118
vn -0.0457 -0.8978 0.4381
vn -0.0449 0.7415 0.6694
vn -0.0455 0.8277 0.5593
vn -0.0444 -0.9496 0.3104
vn -0.0440 0.7438 0.6670
vn -0.0459 -0.9983 0.0351
vn -0.0448 -0.9500 0.3090
vn -0.0450 0.9500 0.3090
vn -0.0460 0.9837 0.1740
vn -0.0445 -0.9939 -0.1011
vn -0.0446 0.9505 0.3076
vn -0.0464 -0.9262 -0.3741
vn -0.0456 -0.9935 -0.1047
vn -0.0458 0.9934 -0.1047
vn -0.0466 0.9693 -0.2414
vn -0.0453 -0.8662 -0.4976
vn -0.0451 0.9932 -0.1071
vn -0.0464 -0.6941 -0.7184
vn -0.0464 0.8657 -0.4984
vn -0.0470 0.7877 -0.6143
vn -0.0453 -0.5885 -0.8072
vn -0.0454 0.8641 -0.5012
vn -0.0465 -0.3420 -0.9385
vn -0.0464 0.5877 -0.8077
vn -0.0466 0.4684 -0.8823
vn -0.0449 -0.2118 -0.9763
vn -0.0449 0.5836 -0.8108
vn -0.0469 0.0700 -0.9964
vn -0.0464 -0.2066 -0.9773
vn -0.0458 0.2066 -0.9773
vn 0.6125 0.2501 0.7499
vn 0.6113 0.2760 0.7417
vn 0.6107 0.3275 0.7210
vn 0.6061 0.1149 0.7870
vn 0.6100 0.4009 0.6835
vn 0.6077 0.4250 0.6709
vn 0.6080 0.4720 0.6384
vn 0.6045 0.5352 0.5900
vn 0.6036 0.5556 0.5718
vn 0.6030 0.5946 0.5318
vn 0.6022 0.6473 0.4673
vn 0.6030 0.6632 0.4433
vn 0.5996 0.6947 0.3972
vn 0.6052 0.7290 0.3198
vn 0.6063 0.7391 0.2935
vn 0.6032 0.7596 0.2432
vn 0.6087 0.7777 0.1569
vn 0.6057 0.7850 0.1303
vn 0.6059 0.7923 0.0722
vn 0.6000 0.8000 -0.0050
vn 0.6028 0.7972 -0.0337
vn 0.5977 0.7970 -0.0869
vn 0.6085 0.7745 -0.1728
vn 0.6042 0.7717 -0.1988
vn 0.6060 0.7540 -0.2534
vn 0.5963 0.7327 -0.3280
vn 0.5995 0.7179 -0.3538
vn 0.5942 0.6958 -0.4035
vn 0.6068 0.6396 -0.4719
vn 0.6056 0.6240 -0.4938
vn 0.6054 0.5882 -0.5361
vn 0.6042 0.5294 -0.5955
vn 0.6041 0.5077 -0.6142
vn 0.6023 0.4633 -0.6501
vn 0.6044 0.3938 -0.6925
vn 0.6026 0.3712 -0.7064
vn 0.6024 0.3218 -0.7305
vn 0.5999 0.2449 -0.7616
vn 0.6001 0.2173 -0.7699
vn 0.5976 0.1627 -0.7851
vn 0.6011 0.0788 -0.7953
vn 0.6011 0.0508 -0.7976
vn 0.5991 -0.0048 -0.8006
vn 0.6020 -0.0867 -0.7937
vn 0.6048 -0.1149 -0.7880
vn 0.6004 -0.1678 -0.7819
vn 0.6113 -0.2501 -0.7508
vn 0.6101 -0.2760 -0.7427
vn 0.6095 -0.3275 -0.7219
vn 0.6089 -0.4009 -0.6845
vn 0.6066 -0.4250 -0.6718
vn 0.6070 -0.4720 -0.6393
vn 0.6036 -0.5352 -0.5910
vn 0.6027 -0.5556 -0.5727
vn 0.6021 -0.5946 -0.5328
vn 0.6015 -0.6473 -0.4683
vn 0.6023 -0.6632 -0.4443
vn 0.5990 -0.6947 -0.3981
vn 0.6047 -0.7290 -0.3208
vn 0.6058 -0.7391 -0.2945
vn 0.6028 -0.7596 -0.2441
vn 0.6085 -0.7770 -0.1614
vn 0.6053 -0.7843 -0.1361
vn 0.6062 -0.7912 -0.0804
vn 0.6000 -0.8000 0.0002
vn 0.6028 -0.7973 0.0303
vn 0.5978 -0.7970 0.0859
vn 0.6087 -0.7745 0.1719
vn 0.6045 -0.7717 0.1978
vn 0.6064 -0.7540 0.2525
vn 0.5968 -0.7327 0.3271
vn 0.6000 -0.7179 0.3529
vn 0.5948 -0.6958 0.4026
vn 0.6076 -0.6396 0.4709
vn 0.6064 -0.6240 0.4929
vn 0.6063 -0.5882 0.5352
vn 0.6052 -0.5294 0.5945
vn 0.6051 -0.5077 0.6132
vn 0.6034 -0.4633 0.6491
vn 0.6055 -0.3938 0.6916
vn 0.6037 -0.3712 0.7055
vn 0.6036 -0.3218 0.7295
vn 0.6028 0.0594 0.7957
vn 0.6017 0.1678 0.7809
vn 0.6023 -0.0508 0.7966
vn 0.6016 -0.1069 0.7916
vn 0.6013 -0.2174 0.7689
vn 0.6011 -0.2449 0.7607
vn 0.9812 0.1917 -0.0223
vn 0.9808 0.1915 -0.0375
vn 0.9811 0.1780 -0.0756
vn 0.9814 0.1818 -0.0618
vn 0.9820 0.1887 -0.0012
vn 0.9815 0.1903 -0.0214
vn 0.9802 0.1976 -0.0118
vn 0.9784 0.2021 -0.0444
vn 0.9807 0.1911 0.0422
vn 0.9817 0.1903 0.0116
vn 0.9818 0.1802 -0.0602
vn 0.9842 0.1763 0.0168
vn 0.9809 0.1860 0.0576
vn 0.9780 0.2045 0.0415
vn 0.9808 0.1766 0.0826
vn 0.9813 0.1834 0.0580
vn 0.9785 0.1891 0.0822
vn 0.9815 0.1661 0.0950
vn 0.9808 0.1560 0.1175
vn 0.9813 0.1675 0.0951
vn 0.9811 0.1457 0.1276
vn 0.9784 0.1681 0.1206
vn 0.9812 0.1268 0.1458
vn 0.9817 0.1423 0.1266
vn 0.9789 0.1379 0.1506
vn 0.9818 0.1131 0.1528
vn 0.9810 0.0939 0.1695
vn 0.9815 0.0792 0.1743
vn 0.9788 0.1037 0.1767
vn 0.9809 0.0563 0.1861
vn 0.9785 0.0647 0.1957
vn 0.9815 0.0406 0.1873
vn 0.9809 0.0215 0.1933
vn 0.9789 0.0229 0.2030
vn 0.9818 0.0011 0.1899
vn 0.9810 -0.0146 0.1936
vn 0.9815 -0.0390 0.1874
vn 0.9811 -0.0541 0.1860
vn 0.9814 0.0000 0.1922
vn 0.9786 -0.0206 0.2048
vn 0.9788 -0.0616 0.1954
vn 0.9818 -0.0770 0.1739
vn 0.9812 -0.0918 0.1698
vn 0.9816 -0.1113 0.1552
vn 0.9808 -0.1260 0.1488
vn 0.9814 -0.1422 0.1287
vn 0.9810 -0.1539 0.1184
vn 0.9811 -0.1135 0.1564
vn 0.9817 -0.1653 0.0950
vn 0.9813 -0.1737 0.0831
vn 0.9784 -0.1369 0.1547
vn 0.9818 -0.1804 0.0597
vn 0.9809 -0.1892 0.0455
vn 0.9819 -0.1637 0.0949
vn 0.9813 -0.1914 0.0200
vn 0.9798 -0.1998 -0.0037
vn 0.9814 -0.1827 0.0594
vn 0.9798 -0.1952 -0.0429
vn 0.9802 -0.1962 -0.0256
vn 0.9779 -0.2045 -0.0431
vn 0.9781 -0.2070 -0.0215
vn 0.9809 -0.1849 -0.0601
vn 0.9807 -0.1810 -0.0746
vn 0.9813 -0.1667 -0.0962
vn 0.9808 -0.1605 -0.1107
vn 0.9814 -0.1830 -0.0583
vn 0.9810 -0.1440 -0.1297
vn 0.9809 -0.1345 -0.1407
vn 0.9784 -0.1891 -0.0837
vn 0.9815 -0.1135 -0.1544
vn 0.9808 -0.1025 -0.1658
vn 0.9818 -0.1653 -0.0940
vn 0.9813 -0.0793 -0.1754
vn 0.9806 -0.0659 -0.1844
vn 0.9785 -0.1659 -0.1229
vn 0.9812 -0.0404 -0.1888
vn 0.9808 -0.0262 -0.1933
vn 0.9815 -0.0012 -0.1915
vn 0.9808 0.0195 -0.1942
vn 0.9810 0.0387 -0.1900
vn 0.9810 0.0000 -0.1938
vn 0.9808 0.0636 -0.1842
vn 0.9812 0.0390 -0.1889
vn 0.9782 0.0208 -0.2066
vn 0.9814 0.0768 -0.1757
vn 0.9785 0.0616 -0.1971
vn 0.9811 0.1000 -0.1657
vn 0.9790 0.0999 -0.1779
vn 0.9821 0.1112 -0.1518
vn 0.9806 0.1334 -0.1437
vn 0.9810 0.1122 -0.1581
vn 0.9812 0.1422 -0.1302
vn 0.9782 0.1369 -0.1562
vn 0.9809 0.1595 -0.1117
vn 0.9785 0.1659 -0.1229
vn 0.9814 0.1653 -0.0974
vn 0.9817 0.1644 -0.0960
vn -0.9776 0.2098 -0.0189
vn 0.9817 -0.1427 -0.1264
vn 0.9787 -0.1379 -0.1522
vn 0.9785 -0.1037 -0.1783
vn 0.9782 -0.0647 -0.1972
vn -0.9759 0.2171 -0.0224
vn 0.9786 -0.0229 -0.2046
vn 0.9786 -0.1659 0.1214
vn -0.9645 0.2623 0.0314
vn 0.9784 -0.2021 0.0428
vn -0.9757 0.2080 0.0681
vn 0.9816 -0.1898 0.0205
vn 0.9767 -0.2143 -0.0117
vn -0.6017 -0.0893 -0.7937
vn -0.6369 -0.0293 -0.7704
vn -0.6359 0.2865 -0.7166
vn -0.6709 0.1498 -0.7263
vn -0.5714 0.0000 -0.8206
vn -0.5981 0.0798 -0.7974
vn -0.6377 0.5517 -0.5376
vn -0.6711 0.4339 -0.6011
vn -0.6034 0.5273 -0.5983
vn -0.5735 0.6060 -0.5512
vn -0.6362 0.7244 -0.2656
vn -0.6738 0.6374 -0.3739
vn -0.5980 0.7308 -0.3293
vn -0.6714 0.6401 -0.3735
vn -0.5694 0.7809 -0.2568
vn -0.6365 0.7694 0.0536
vn -0.6728 0.7357 -0.0777
vn -0.5948 0.8038 0.0071
vn -0.6790 0.7296 -0.0814
vn -0.5695 0.8179 0.0823
vn -0.6397 0.6798 0.3587
vn -0.6718 0.7054 0.2260
vn -0.6023 0.7308 0.3213
vn -0.6771 0.7020 0.2210
vn -0.5758 0.7119 0.4021
vn -0.6363 0.4780 0.6055
vn -0.6706 0.5547 0.4926
vn -0.5979 0.5394 0.5929
vn -0.6744 0.5539 0.4883
vn -0.5703 0.4867 0.6617
vn -0.6349 0.1896 0.7490
vn -0.6722 0.3048 0.6747
vn -0.5976 0.2507 0.7616
vn -0.5687 0.1735 0.8041
vn -0.6311 -0.1315 0.7645
vn -0.6707 0.0045 0.7417
vn -0.5921 -0.0811 0.8018
vn -0.6643 0.0000 0.7474
vn -0.5639 -0.1654 0.8091
vn -0.6357 -0.4294 0.6416
vn -0.6707 -0.2990 0.6788
vn -0.6032 -0.3917 0.6948
vn -0.6722 -0.2974 0.6780
vn -0.5703 -0.4867 0.6617
vn -0.6364 -0.6522 0.4118
vn -0.6712 -0.5480 0.4993
vn -0.5994 -0.6444 0.4748
vn -0.5712 -0.7085 0.4145
vn -0.6375 -0.7624 0.1113
vn -0.6730 -0.7022 0.2324
vn -0.5991 -0.7825 0.1694
vn -0.5724 -0.8148 0.0920
vn -0.6374 -0.7419 -0.2080
vn -0.6748 -0.7346 -0.0707
vn -0.5990 -0.7842 -0.1617
vn -0.6716 -0.7372 -0.0732
vn -0.5716 -0.7830 -0.2454
vn -0.6351 -0.5939 -0.4940
vn -0.6733 -0.6427 -0.3655
vn -0.5954 -0.6515 -0.4701
vn -0.6674 -0.6453 -0.3717
vn -0.5691 -0.6174 -0.5432
vn -0.6405 -0.3393 -0.6889
vn -0.6738 -0.4365 -0.5963
vn -0.6046 -0.4021 -0.6876
vn -0.6769 -0.4366 -0.5926
vn -0.5762 -0.3363 -0.7449
vn -0.6748 -0.1581 -0.7208
vn -0.6044 -0.2494 -0.7566
vn -0.6716 -0.1565 -0.7242
vn -0.5989 -0.5394 -0.5919
vn -0.6012 -0.7318 -0.3208
vn -0.9627 0.2349 0.1341
vn -0.6011 -0.7992 0.0072
vn -0.9761 0.1614 0.1455
vn -0.5998 -0.7291 0.3295
vn -0.9754 0.1643 0.1467
vn -0.5939 -0.5315 0.6040
vn -0.9633 0.1587 0.2164
vn -0.5922 -0.2412 0.7688
vn -0.9760 0.0888 0.1990
vn -0.5963 0.0896 0.7977
vn -0.5995 0.4036 0.6911
vn -0.9630 0.0573 0.2633
vn -0.6080 0.6391 0.4710
vn -0.9759 0.0007 0.2184
vn -0.5983 0.7845 0.1628
vn -0.9755 0.0012 0.2199
vn -0.5982 0.7834 -0.1686
vn -0.9769 -0.2130 -0.0179
vn -0.6020 0.6433 -0.4731
vn -0.9745 -0.2238 -0.0152
vn -0.5999 0.2398 -0.7633
vn -0.6001 0.3999 -0.6928
vn -0.5704 0.3303 -0.7520
# 1549 vertex normals

vt 0.2050 0.3402 0.0000
vt 0.2141 0.3417 0.0000
vt 0.1994 0.3708 0.0000
vt 0.2082 0.3745 0.0000
vt 0.1981 0.4217 0.0000
vt 0.1878 0.4193 0.0000
vt 0.1905 0.4724 0.0000
vt 0.1757 0.4638 0.0000
vt 0.1989 0.3226 0.0000
vt 0.1802 0.3221 0.0000
vt 0.1819 0.3136 0.0000
vt 0.1949 0.3278 0.0000
vt 0.2124 0.3361 0.0000
vt 0.1760 0.3138 0.0000
vt 0.1528 0.3368 0.0000
vt 0.1464 0.3295 0.0000
vt 0.1046 0.3537 0.0000
vt 0.1103 0.3630 0.0000
vt 0.0588 0.3767 0.0000
vt 0.0716 0.3879 0.0000
vt 0.1740 0.6679 0.0000
vt 0.1112 0.7217 0.0000
vt 0.1796 0.6842 0.0000
vt 0.1259 0.7304 0.0000
vt 0.2558 0.6679 0.0000
vt 0.2501 0.6842 0.0000
vt 0.3185 0.7217 0.0000
vt 0.3039 0.7304 0.0000
vt 0.0970 0.8045 0.0000
vt 0.1379 0.8771 0.0000
vt 0.1137 0.8013 0.0000
vt 0.1488 0.8638 0.0000
vt 0.2149 0.9057 0.0000
vt 0.2149 0.8884 0.0000
vt 0.2919 0.8771 0.0000
vt 0.2810 0.8638 0.0000
vt 0.8506 0.3363 0.0000
vt 0.6497 0.3363 0.0000
vt 0.8508 0.2937 0.0000
vt 0.6497 0.2937 0.0000
vt 0.8506 0.2516 0.0000
vt 0.6235 0.2570 0.0000
vt 0.6235 0.3361 0.0000
vt 0.8767 0.2937 0.0000
vt 0.8767 0.2516 0.0000
vt 0.6497 0.2516 0.0000
vt 0.2030 0.4679 0.0000
vt 0.2085 0.4785 0.0000
vt 0.2018 0.4606 0.0000
vt 0.2284 0.4770 0.0000
vt 0.2097 0.4728 0.0000
vt 0.2274 0.4826 0.0000
vt 0.2756 0.4770 0.0000
vt 0.2764 0.4826 0.0000
vt 0.2941 0.4728 0.0000
vt 0.2953 0.4785 0.0000
vt 0.3133 0.4724 0.0000
vt 0.3007 0.4679 0.0000
vt 0.3020 0.4606 0.0000
vt 0.8767 0.3363 0.0000
vt 0.1848 0.2116 0.0000
vt 0.1991 0.2106 0.0000
vt 0.1932 0.2284 0.0000
vt 0.1752 0.2226 0.0000
vt 0.1765 0.2370 0.0000
vt 0.1875 0.2465 0.0000
vt 0.2018 0.2453 0.0000
vt 0.2114 0.2343 0.0000
vt 0.2102 0.2199 0.0000
vt 0.1966 0.3013 0.0000
vt 0.2001 0.2874 0.0000
vt 0.2154 0.2984 0.0000
vt 0.2043 0.3138 0.0000
vt 0.2183 0.3172 0.0000
vt 0.2306 0.3097 0.0000
vt 0.2341 0.2955 0.0000
vt 0.2264 0.2832 0.0000
vt 0.2124 0.2798 0.0000
vt 0.2520 0.2495 0.0000
vt 0.1937 0.2683 0.0000
vt 0.2520 0.3109 0.0000
vt 0.2690 0.2960 0.0000
vt 0.2766 0.2837 0.0000
vt 0.2906 0.2803 0.0000
vt 0.2587 0.3123 0.0000
vt 0.2454 0.3123 0.0000
vt 0.3138 0.2627 0.0000
vt 0.3103 0.2686 0.0000
vt 0.3000 0.2456 0.0000
vt 0.2904 0.2346 0.0000
vt 0.2916 0.2201 0.0000
vt 0.3418 0.2500 0.0000
vt 0.3465 0.2387 0.0000
vt 0.3514 0.2421 0.0000
vt 0.3253 0.2373 0.0000
vt 0.3226 0.2558 0.0000
vt 0.3143 0.2468 0.0000
vt 0.3266 0.2228 0.0000
vt 0.3381 0.2216 0.0000
vt 0.3349 0.2028 0.0000
vt 0.3847 0.2495 0.0000
vt 0.3170 0.2118 0.0000
vt 0.4324 0.2517 0.0000
vt 0.4322 0.2551 0.0000
vt 0.3844 0.2468 0.0000
vt 0.2653 0.2003 0.0000
vt 0.2943 0.2025 0.0000
vt 0.3027 0.2108 0.0000
vt 0.3057 0.2030 0.0000
vt 0.3244 0.1964 0.0000
vt 0.3369 0.1971 0.0000
vt 0.2882 0.1998 0.0000
vt 0.3593 0.1717 0.0000
vt 0.3948 0.1391 0.0000
vt 0.3970 0.1418 0.0000
vt 0.3608 0.1741 0.0000
vt 0.2360 0.3187 0.0000
vt 0.2427 0.3393 0.0000
vt 0.2247 0.3351 0.0000
vt 0.2331 0.3478 0.0000
vt 0.2109 0.3755 0.0000
vt 0.2055 0.4234 0.0000
vt 0.2016 0.4224 0.0000
vt 0.2173 0.3779 0.0000
vt 0.2520 0.3371 0.0000
vt 0.2611 0.3393 0.0000
vt 0.2678 0.3187 0.0000
vt 0.2707 0.3478 0.0000
vt 0.2793 0.3351 0.0000
vt 0.2929 0.3755 0.0000
vt 0.3025 0.4224 0.0000
vt 0.2983 0.4234 0.0000
vt 0.2865 0.3779 0.0000
vt 0.3328 0.8045 0.0000
vt 0.3160 0.8013 0.0000
vt 0.9448 0.1067 0.0000
vt 0.9856 0.1996 0.0000
vt 0.9160 0.1281 0.0000
vt 0.9509 0.2072 0.0000
vt 0.9512 0.2935 0.0000
vt 0.8703 0.0387 0.0000
vt 0.9858 0.3011 0.0000
vt 0.8525 0.0700 0.0000
vt 0.9165 0.3726 0.0000
vt 0.9453 0.3935 0.0000
vt 0.7715 0.0431 0.0000
vt 0.6868 0.0522 0.0000
vt 0.7751 0.0071 0.0000
vt 0.6128 0.0953 0.0000
vt 0.6755 0.0177 0.0000
vt 0.8533 0.4302 0.0000
vt 0.5627 0.1651 0.0000
vt 0.5303 0.1503 0.0000
vt 0.8711 0.4613 0.0000
vt 0.7759 0.4926 0.0000
vt 0.5452 0.2496 0.0000
vt 0.7722 0.4568 0.0000
vt 0.5630 0.3344 0.0000
vt 0.5305 0.3487 0.0000
vt 0.6133 0.4043 0.0000
vt 0.5095 0.2494 0.0000
vt 0.5896 0.4310 0.0000
vt 0.6873 0.4477 0.0000
vt 0.6763 0.4817 0.0000
vt 0.9138 0.3726 0.0000
vt 0.9350 0.3353 0.0000
vt 0.9451 0.3400 0.0000
vt 0.9587 0.2969 0.0000
vt 0.9792 0.3013 0.0000
vt 0.9480 0.2944 0.0000
vt 0.9844 0.2521 0.0000
vt 0.9634 0.2521 0.0000
vt 0.9792 0.2023 0.0000
vt 0.9587 0.2067 0.0000
vt 0.9451 0.1636 0.0000
vt 0.9641 0.1550 0.0000
vt 0.9480 0.2092 0.0000
vt 0.9524 0.2521 0.0000
vt 0.9397 0.1119 0.0000
vt 0.9350 0.1683 0.0000
vt 0.9226 0.1244 0.0000
vt 0.9070 0.0749 0.0000
vt 0.9138 0.1311 0.0000
vt 0.8928 0.0909 0.0000
vt 0.8672 0.0458 0.0000
vt 0.8855 0.0990 0.0000
vt 0.8567 0.0640 0.0000
vt 0.8225 0.0256 0.0000
vt 0.8513 0.0739 0.0000
vt 0.8159 0.0458 0.0000
vt 0.7744 0.0153 0.0000
vt 0.8125 0.0564 0.0000
vt 0.7722 0.0362 0.0000
vt 0.7256 0.0153 0.0000
vt 0.7712 0.0475 0.0000
vt 0.7278 0.0362 0.0000
vt 0.6775 0.0256 0.0000
vt 0.7288 0.0475 0.0000
vt 0.6841 0.0458 0.0000
vt 0.6328 0.0458 0.0000
vt 0.6875 0.0564 0.0000
vt 0.6431 0.0643 0.0000
vt 0.5930 0.0749 0.0000
vt 0.6487 0.0739 0.0000
vt 0.6072 0.0907 0.0000
vt 0.5603 0.1119 0.0000
vt 0.6145 0.0990 0.0000
vt 0.5771 0.1244 0.0000
vt 0.5359 0.1550 0.0000
vt 0.5862 0.1311 0.0000
vt 0.5549 0.1636 0.0000
vt 0.5208 0.2023 0.0000
vt 0.5649 0.1683 0.0000
vt 0.5413 0.2067 0.0000
vt 0.5156 0.2521 0.0000
vt 0.5520 0.2092 0.0000
vt 0.5364 0.2521 0.0000
vt 0.5208 0.3013 0.0000
vt 0.5476 0.2521 0.0000
vt 0.5410 0.2969 0.0000
vt 0.5359 0.3487 0.0000
vt 0.5520 0.2944 0.0000
vt 0.5549 0.3400 0.0000
vt 0.5603 0.3918 0.0000
vt 0.5649 0.3353 0.0000
vt 0.5771 0.3792 0.0000
vt 0.5930 0.4287 0.0000
vt 0.5862 0.3726 0.0000
vt 0.6070 0.4139 0.0000
vt 0.6328 0.4578 0.0000
vt 0.6145 0.4046 0.0000
vt 0.6433 0.4396 0.0000
vt 0.6775 0.4780 0.0000
vt 0.6487 0.4297 0.0000
vt 0.6841 0.4578 0.0000
vt 0.7253 0.4884 0.0000
vt 0.7275 0.4674 0.0000
vt 0.7744 0.4884 0.0000
vt 0.7288 0.4561 0.0000
vt 0.7722 0.4674 0.0000
vt 0.8225 0.4780 0.0000
vt 0.8159 0.4578 0.0000
vt 0.8672 0.4578 0.0000
vt 0.8125 0.4472 0.0000
vt 0.8567 0.4396 0.0000
vt 0.9070 0.4287 0.0000
vt 0.8511 0.4300 0.0000
vt 0.8928 0.4130 0.0000
vt 0.9397 0.3918 0.0000
vt 0.8855 0.4046 0.0000
vt 0.9226 0.3792 0.0000
vt 0.9641 0.3487 0.0000
vt 0.0418 0.0185 0.0000
vt 0.4051 0.0794 0.0000
vt 0.3667 0.0516 0.0000
vt 0.4090 0.0753 0.0000
vt 0.3694 0.0467 0.0000
vt 0.3492 0.0440 0.0000
vt 0.3517 0.0388 0.0000
vt 0.4176 0.0936 0.0000
vt 0.4218 0.0897 0.0000
vt 0.4329 0.1054 0.0000
vt 0.4201 0.1015 0.0000
vt 0.3335 0.0330 0.0000
vt 0.3411 0.0440 0.0000
vt 0.4167 0.1081 0.0000
vt 0.3357 0.0494 0.0000
vt 0.3130 0.0799 0.0000
vt 0.3167 0.0817 0.0000
vt 0.2931 0.1235 0.0000
vt 0.2998 0.1254 0.0000
vt 0.2946 0.1590 0.0000
vt 0.2975 0.1714 0.0000
vt 0.2803 0.1643 0.0000
vt 0.2798 0.1842 0.0000
vt 0.2835 0.1947 0.0000
vt 0.3037 0.1785 0.0000
vt 0.3123 0.1824 0.0000
vt 0.3251 0.1810 0.0000
vt 0.3918 0.1362 0.0000
vt 0.3537 0.1629 0.0000
vt 0.1373 0.0516 0.0000
vt 0.0992 0.0792 0.0000
vt 0.1346 0.0464 0.0000
vt 0.0952 0.0750 0.0000
vt 0.0866 0.0936 0.0000
vt 0.0822 0.0897 0.0000
vt 0.1548 0.0440 0.0000
vt 0.1526 0.0386 0.0000
vt 0.1708 0.0330 0.0000
vt 0.1632 0.0440 0.0000
vt 0.0714 0.1051 0.0000
vt 0.0842 0.1012 0.0000
vt 0.1683 0.0491 0.0000
vt 0.0874 0.1081 0.0000
vt 0.1095 0.1391 0.0000
vt 0.1122 0.1362 0.0000
vt 0.1447 0.1717 0.0000
vt 0.1487 0.1658 0.0000
vt 0.1789 0.1810 0.0000
vt 0.1920 0.1822 0.0000
vt 0.1797 0.1964 0.0000
vt 0.1986 0.2028 0.0000
vt 0.2097 0.2025 0.0000
vt 0.2006 0.1785 0.0000
vt 0.2161 0.1998 0.0000
vt 0.2205 0.1947 0.0000
vt 0.2067 0.1714 0.0000
vt 0.2242 0.1842 0.0000
vt 0.2240 0.1641 0.0000
vt 0.2094 0.1587 0.0000
vt 0.2112 0.1235 0.0000
vt 0.1875 0.0817 0.0000
vt 0.1912 0.0799 0.0000
vt 0.2045 0.1252 0.0000
vt 0.1942 0.0785 0.0000
vt 0.2139 0.1228 0.0000
vt 0.2284 0.1526 0.0000
vt 0.2387 0.2003 0.0000
vt 0.2331 0.1869 0.0000
vt 0.2387 0.1736 0.0000
vt 0.2331 0.1563 0.0000
vt 0.2520 0.1680 0.0000
vt 0.2520 0.1590 0.0000
vt 0.2710 0.1565 0.0000
vt 0.2653 0.1736 0.0000
vt 0.2756 0.1526 0.0000
vt 0.2707 0.1869 0.0000
vt 0.3098 0.0787 0.0000
vt 0.2904 0.1228 0.0000
vt 0.1693 0.2028 0.0000
vt 0.1671 0.1971 0.0000
vt 0.2520 0.2059 0.0000
vt 0.1659 0.2216 0.0000
vt 0.1575 0.2387 0.0000
vt 0.1902 0.2624 0.0000
vt 0.1811 0.2556 0.0000
vt 0.1622 0.2500 0.0000
vt 0.1526 0.2419 0.0000
vt 0.1194 0.2495 0.0000
vt 0.0719 0.2549 0.0000
vt 0.0714 0.2514 0.0000
vt 0.1196 0.2465 0.0000
vt 0.2232 0.1203 0.0000
vt 0.2043 0.0743 0.0000
vt 0.2368 0.1484 0.0000
vt 0.1878 0.0315 0.0000
vt 0.2673 0.1484 0.0000
vt 0.2520 0.1526 0.0000
vt 0.2810 0.1206 0.0000
vt 0.3000 0.0746 0.0000
vt 0.3165 0.0315 0.0000
vt 0.0283 0.2972 0.0000
vt 0.0428 0.3422 0.0000
vt 0.0226 0.2982 0.0000
vt 0.0377 0.3446 0.0000
vt 0.0524 0.3586 0.0000
vt 0.0475 0.3615 0.0000
vt 0.0263 0.2783 0.0000
vt 0.0207 0.2788 0.0000
vt 0.0209 0.2597 0.0000
vt 0.0290 0.2705 0.0000
vt 0.0591 0.3635 0.0000
vt 0.0357 0.2671 0.0000
vt 0.0665 0.3623 0.0000
vt 0.1029 0.3508 0.0000
vt 0.1009 0.3473 0.0000
vt 0.1447 0.3273 0.0000
vt 0.1405 0.3219 0.0000
vt 0.1642 0.2977 0.0000
vt 0.1693 0.2859 0.0000
vt 0.1792 0.3018 0.0000
vt 0.1910 0.2859 0.0000
vt 0.1942 0.2752 0.0000
vt 0.1686 0.2764 0.0000
vt 0.1637 0.2683 0.0000
vt 0.1526 0.2619 0.0000
vt 0.0724 0.2590 0.0000
vt 0.1191 0.2563 0.0000
vt 0.1201 0.2370 0.0000
vt 0.0706 0.2407 0.0000
vt 0.1511 0.2326 0.0000
vt 0.0246 0.2431 0.0000
vt 0.1607 0.2037 0.0000
vt 0.1597 0.2194 0.0000
vt 0.1381 0.1822 0.0000
vt 0.1432 0.1739 0.0000
vt 0.1073 0.1416 0.0000
vt 0.1002 0.1499 0.0000
vt 0.0645 0.1208 0.0000
vt 0.4612 0.3424 0.0000
vt 0.4757 0.2974 0.0000
vt 0.4664 0.3449 0.0000
vt 0.4814 0.2984 0.0000
vt 0.4774 0.2783 0.0000
vt 0.4834 0.2791 0.0000
vt 0.4514 0.3588 0.0000
vt 0.4565 0.3615 0.0000
vt 0.4452 0.3769 0.0000
vt 0.4447 0.3635 0.0000
vt 0.4831 0.2600 0.0000
vt 0.4750 0.2708 0.0000
vt 0.4376 0.3625 0.0000
vt 0.4683 0.2673 0.0000
vt 0.4317 0.2593 0.0000
vt 0.3849 0.2566 0.0000
vt 0.3514 0.2619 0.0000
vt 0.3401 0.2686 0.0000
vt 0.3354 0.2766 0.0000
vt 0.3096 0.2754 0.0000
vt 0.3345 0.2859 0.0000
vt 0.3128 0.2862 0.0000
vt 0.3249 0.3021 0.0000
vt 0.3399 0.2979 0.0000
vt 0.3593 0.3275 0.0000
vt 0.4031 0.3473 0.0000
vt 0.4012 0.3510 0.0000
vt 0.3635 0.3221 0.0000
vt 0.3992 0.3539 0.0000
vt 0.3573 0.3297 0.0000
vt 0.3281 0.3141 0.0000
vt 0.3032 0.2879 0.0000
vt 0.3064 0.3018 0.0000
vt 0.3221 0.3138 0.0000
vt 0.2990 0.3143 0.0000
vt 0.2847 0.3177 0.0000
vt 0.2914 0.3361 0.0000
vt 0.3052 0.3226 0.0000
vt 0.2897 0.3417 0.0000
vt 0.2724 0.3101 0.0000
vt 0.3057 0.4217 0.0000
vt 0.2956 0.3745 0.0000
vt 0.3512 0.3371 0.0000
vt 0.3935 0.3632 0.0000
vt 0.3236 0.3224 0.0000
vt 0.4322 0.3882 0.0000
vt 0.3089 0.3280 0.0000
vt 0.2990 0.3402 0.0000
vt 0.3044 0.3708 0.0000
vt 0.3162 0.4193 0.0000
vt 0.3281 0.4638 0.0000
vt 0.2520 0.1869 0.0000
vt 0.3086 0.2287 0.0000
vt 0.2877 0.2989 0.0000
vt 0.0175 0.7032 0.0000
vt 0.2170 0.7859 0.0000
vt 0.0643 0.6332 0.0000
vt 0.1343 0.5864 0.0000
vt 0.2170 0.5699 0.0000
vt 0.2996 0.5864 0.0000
vt 0.3697 0.6332 0.0000
vt 0.4165 0.7032 0.0000
vt 0.4330 0.7859 0.0000
vt 0.4165 0.8685 0.0000
vt 0.3697 0.9386 0.0000
vt 0.2996 0.9854 0.0000
vt 0.2170 0.9982 0.0000
vt 0.1343 0.9854 0.0000
vt 0.0643 0.9386 0.0000
vt 0.0175 0.8685 0.0000
vt 0.0010 0.7859 0.0000
vt 0.1880 0.7390 0.0000
vt 0.1880 0.8288 0.0000
vt 0.2417 0.7390 0.0000
vt 0.2417 0.8288 0.0000
vt 0.4039 0.1499 0.0000
vt 0.3660 0.1822 0.0000
vt 0.3436 0.2037 0.0000
vt 0.4395 0.1210 0.0000
vt 0.3443 0.2196 0.0000
vt 0.3529 0.2328 0.0000
vt 0.3837 0.2370 0.0000
vt 0.4334 0.2409 0.0000
vt 0.4794 0.2434 0.0000
vt 0.2107 0.4242 0.0000
vt 0.2242 0.3804 0.0000
vt 0.2060 0.4557 0.0000
vt 0.2392 0.3532 0.0000
vt 0.2461 0.3461 0.0000
vt 0.2520 0.3451 0.0000
vt 0.2577 0.3461 0.0000
vt 0.2646 0.3532 0.0000
vt 0.2798 0.3804 0.0000
vt 0.2931 0.4242 0.0000
vt 0.2929 0.4677 0.0000
vt 0.0984 0.3424 0.0000
vt 0.0571 0.3559 0.0000
vt 0.1361 0.3163 0.0000
vt 0.1573 0.2935 0.0000
vt 0.1617 0.2847 0.0000
vt 0.1612 0.2788 0.0000
vt 0.1583 0.2737 0.0000
vt 0.1494 0.2693 0.0000
vt 0.1189 0.2634 0.0000
vt 0.0731 0.2641 0.0000
vt 0.0416 0.2695 0.0000
vt 0.3468 0.2938 0.0000
vt 0.3421 0.2849 0.0000
vt 0.3679 0.3165 0.0000
vt 0.3428 0.2791 0.0000
vt 0.3458 0.2739 0.0000
vt 0.3546 0.2695 0.0000
vt 0.3852 0.2637 0.0000
vt 0.4339 0.3569 0.0000
vt 0.4053 0.3427 0.0000
vt 0.4309 0.2644 0.0000
vt 0.4723 0.2781 0.0000
vt 0.1826 0.0841 0.0000
vt 0.1976 0.1272 0.0000
vt 0.1679 0.0557 0.0000
vt 0.2013 0.1580 0.0000
vt 0.1998 0.1678 0.0000
vt 0.1959 0.1722 0.0000
vt 0.1905 0.1746 0.0000
vt 0.1809 0.1732 0.0000
vt 0.1526 0.1599 0.0000
vt 0.1162 0.1323 0.0000
vt 0.0906 0.0971 0.0000
vt 0.3881 0.1325 0.0000
vt 0.4105 0.1098 0.0000
vt 0.3234 0.1732 0.0000
vt 0.3135 0.1746 0.0000
vt 0.3084 0.1722 0.0000
vt 0.3042 0.1680 0.0000
vt 0.3027 0.1582 0.0000
vt 0.3066 0.1274 0.0000
vt 0.3214 0.0841 0.0000
vt 0.3473 0.0489 0.0000
vt 0.3379 0.4408 0.0000
vt 0.2515 0.4841 0.0000
vt 0.2958 0.4545 0.0000
vt 0.3871 0.4357 0.0000
vt 0.3758 0.4190 0.0000
vt 0.4088 0.3897 0.0000
vt 0.2520 0.4589 0.0000
vt 0.2082 0.4545 0.0000
vt 0.1154 0.4349 0.0000
vt 0.1661 0.4408 0.0000
vt 0.1282 0.4190 0.0000
vt 0.0955 0.3897 0.0000
vt 0.0276 0.3214 0.0000
vt 0.0694 0.3542 0.0000
vt 0.0514 0.3141 0.0000
vt 0.0423 0.2715 0.0000
vt 0.0325 0.1778 0.0000
vt 0.0423 0.2275 0.0000
vt 0.0514 0.1847 0.0000
vt 0.0694 0.1448 0.0000
vt 0.1137 0.0594 0.0000
vt 0.0955 0.1093 0.0000
vt 0.1280 0.0799 0.0000
vt 0.1664 0.0579 0.0000
vt 0.2527 0.0198 0.0000
vt 0.2082 0.0445 0.0000
vt 0.2520 0.0398 0.0000
vt 0.2958 0.0445 0.0000
vt 0.3911 0.0599 0.0000
vt 0.3379 0.0579 0.0000
vt 0.3758 0.0799 0.0000
vt 0.4088 0.1093 0.0000
vt 0.4720 0.1793 0.0000
vt 0.4346 0.1448 0.0000
vt 0.4526 0.1847 0.0000
vt 0.4617 0.2277 0.0000
vt 0.4762 0.3224 0.0000
vt 0.4617 0.2712 0.0000
vt 0.4526 0.3143 0.0000
vt 0.4346 0.3542 0.0000
vt 0.5011 0.0036 0.0000
vt 0.4974 0.0405 0.0000
vt 0.4937 0.0036 0.0000
vt 0.4937 0.0405 0.0000
vt 0.5011 0.0405 0.0000
vt 0.5889 0.0682 0.0000
vt 0.4533 0.4851 0.0000
vt 0.4506 0.4631 0.0000
vt 0.4738 0.4936 0.0000
vt 0.4888 0.4584 0.0000
vt 0.4683 0.4496 0.0000
vt 0.4915 0.4804 0.0000
vt 0.4523 0.4577 0.0000
vt 0.4725 0.4484 0.0000
vt 0.4504 0.4799 0.0000
vt 0.4888 0.4834 0.0000
vt 0.4907 0.4611 0.0000
vt 0.4686 0.4927 0.0000
vt 0.4747 0.4491 0.0000
vt 0.4925 0.4626 0.0000
vt 0.4541 0.4577 0.0000
vt 0.4895 0.4846 0.0000
vt 0.4516 0.4618 0.0000
vt 0.4698 0.4489 0.0000
vt 0.4536 0.4839 0.0000
vt 0.4902 0.4584 0.0000
vt 0.4720 0.4924 0.0000
vt 0.4528 0.4591 0.0000
vt 0.4531 0.4814 0.0000
vt 0.0669 0.0029 0.0000
vt 0.0537 0.0220 0.0000
vt 0.0406 0.0029 0.0000
vt 0.0751 0.0291 0.0000
vt 0.0537 0.0452 0.0000
vt 0.0325 0.0291 0.0000
vt 0.5030 0.0043 0.0000
vt 0.5038 0.0577 0.0000
vt 0.5023 0.0577 0.0000
vt 0.5011 0.0577 0.0000
vt 0.4710 0.1658 0.0000
vt 0.4595 0.1702 0.0000
vt 0.4489 0.1225 0.0000
vt 0.4715 0.2150 0.0000
vt 0.4383 0.1291 0.0000
vt 0.4179 0.0846 0.0000
vt 0.4090 0.0934 0.0000
vt 0.3797 0.0538 0.0000
vt 0.3731 0.0643 0.0000
vt 0.3362 0.0317 0.0000
vt 0.3317 0.0432 0.0000
vt 0.2887 0.0190 0.0000
vt 0.2867 0.0313 0.0000
vt 0.2397 0.0166 0.0000
vt 0.2405 0.0288 0.0000
vt 0.1912 0.0242 0.0000
vt 0.1944 0.0361 0.0000
vt 0.1455 0.0415 0.0000
vt 0.1511 0.0528 0.0000
vt 0.1044 0.0682 0.0000
vt 0.1122 0.0777 0.0000
vt 0.0697 0.1027 0.0000
vt 0.0792 0.1105 0.0000
vt 0.0428 0.1435 0.0000
vt 0.0541 0.1492 0.0000
vt 0.0254 0.1891 0.0000
vt 0.0374 0.1922 0.0000
vt 0.0177 0.2373 0.0000
vt 0.0303 0.2380 0.0000
vt 0.0202 0.2859 0.0000
vt 0.0325 0.2840 0.0000
vt 0.0330 0.3331 0.0000
vt 0.0445 0.3285 0.0000
vt 0.0551 0.3764 0.0000
vt 0.0657 0.3698 0.0000
vt 0.0861 0.4144 0.0000
vt 0.0950 0.4056 0.0000
vt 0.1243 0.4452 0.0000
vt 0.1309 0.4347 0.0000
vt 0.1679 0.4672 0.0000
vt 0.1723 0.4557 0.0000
vt 0.2154 0.4799 0.0000
vt 0.2173 0.4677 0.0000
vt 0.2643 0.4824 0.0000
vt 0.2636 0.4699 0.0000
vt 0.3128 0.4748 0.0000
vt 0.3096 0.4628 0.0000
vt 0.3586 0.4574 0.0000
vt 0.3529 0.4462 0.0000
vt 0.3997 0.4308 0.0000
vt 0.3918 0.4212 0.0000
vt 0.4344 0.3963 0.0000
vt 0.4248 0.3884 0.0000
vt 0.4612 0.3554 0.0000
vt 0.4499 0.3498 0.0000
vt 0.4787 0.3099 0.0000
vt 0.4838 0.2130 0.0000
vt 0.4738 0.2610 0.0000
vt 0.4863 0.2617 0.0000
vt 0.4666 0.3067 0.0000
vt 0.2001 0.0070 0.0000
vt 0.2259 0.0031 0.0000
vt 0.1750 0.0139 0.0000
vt 0.2520 0.0016 0.0000
vt 0.2781 0.0031 0.0000
vt 0.1506 0.0232 0.0000
vt 0.3039 0.0070 0.0000
vt 0.3290 0.0139 0.0000
vt 0.3534 0.0232 0.0000
vt 0.3765 0.0349 0.0000
vt 0.3984 0.0491 0.0000
vt 0.4189 0.0653 0.0000
vt 0.4373 0.0836 0.0000
vt 0.4536 0.1039 0.0000
vt 0.4679 0.1257 0.0000
vt 0.4797 0.1487 0.0000
vt 0.4890 0.1729 0.0000
vt 0.4959 0.1979 0.0000
vt 0.4998 0.2236 0.0000
vt 0.4998 0.2754 0.0000
vt 0.5013 0.2495 0.0000
vt 0.4959 0.3011 0.0000
vt 0.4890 0.3260 0.0000
vt 0.4797 0.3503 0.0000
vt 0.4679 0.3733 0.0000
vt 0.4373 0.4153 0.0000
vt 0.4536 0.3950 0.0000
vt 0.3984 0.4498 0.0000
vt 0.3534 0.4758 0.0000
vt 0.3765 0.4640 0.0000
vt 0.3039 0.4919 0.0000
vt 0.3290 0.4851 0.0000
vt 0.2259 0.4958 0.0000
vt 0.2001 0.4919 0.0000
vt 0.2520 0.4973 0.0000
vt 0.1506 0.4758 0.0000
vt 0.1750 0.4851 0.0000
vt 0.1056 0.4498 0.0000
vt 0.0667 0.4153 0.0000
vt 0.1275 0.4640 0.0000
vt 0.0362 0.3733 0.0000
vt 0.0150 0.3260 0.0000
vt 0.0244 0.3503 0.0000
vt 0.0042 0.2754 0.0000
vt 0.0042 0.2236 0.0000
vt 0.0081 0.1979 0.0000
vt 0.0027 0.2495 0.0000
vt 0.0150 0.1729 0.0000
vt 0.0244 0.1487 0.0000
vt 0.0362 0.1257 0.0000
vt 0.0505 0.1039 0.0000
vt 0.0667 0.0836 0.0000
vt 0.0852 0.0653 0.0000
vt 0.1056 0.0491 0.0000
vt 0.1275 0.0349 0.0000
vt 0.0852 0.4337 0.0000
vt 0.0505 0.3950 0.0000
vt 0.0081 0.3011 0.0000
vt 0.4189 0.4337 0.0000
vt 0.2781 0.4958 0.0000
vt 0.4642 0.0046 0.0000
vt 0.4642 0.0112 0.0000
vt 0.4629 0.0112 0.0000
vt 0.4629 0.0046 0.0000
vt 0.4615 0.0112 0.0000
vt 0.4615 0.0046 0.0000
vt 0.4602 0.0046 0.0000
# 734 texture coords

o part_028
g part_028
usemtl llanta1_Porsche_911_GT2_default
s 1
f 1/1/1 2/2/2 3/3/3 
f 2/2/4 4/4/5 3/3/3 
f 5/5/6 3/3/3 4/4/5 
f 3/3/3 5/5/6 6/6/7 
f 7/7/8 6/6/7 5/5/6 
f 8/8/9 6/6/7 7/7/9 
f 9/9/10 10/10/11 11/11/12 
f 10/10/11 9/9/10 12/12/13 
f 12/12/13 9/9/10 1/1/1 
f 13/13/14 1/1/1 9/9/10 
f 1/1/1 13/13/14 2/2/4 
f 14/14/15 11/11/12 10/10/16 
f 10/10/11 15/15/17 14/14/18 
f 15/15/17 16/16/19 14/14/15 
f 16/16/19 15/15/17 17/17/20 
f 18/18/21 17/17/20 15/15/17 
f 17/17/20 18/18/21 19/19/22 
f 20/20/23 19/19/23 18/18/21 
f 21/21/24 22/22/24 23/23/24 
f 24/24/25 23/23/24 22/22/24 
f 25/25/26 21/21/26 26/26/26 
f 23/23/26 26/26/26 21/21/26 
f 27/27/27 25/25/28 28/28/28 
f 26/26/29 28/28/28 25/25/28 
f 29/29/30 30/30/31 31/31/32 
f 32/32/33 31/31/32 30/30/31 
f 31/31/32 24/24/34 29/29/34 
f 22/22/35 29/29/30 24/24/35 
f 30/30/36 33/33/37 32/32/37 
f 34/34/38 32/32/37 33/33/37 
f 33/33/39 35/35/40 34/34/40 
f 36/36/41 34/34/40 35/35/40 
f 37/37/42 38/38/42 39/39/43 
f 40/40/44 39/39/43 38/38/42 
f 39/39/43 40/40/44 41/41/45 
f 42/42/46 40/40/44 43/43/46 
f 44/44/47 39/39/43 45/45/47 
f 38/38/48 43/43/48 40/40/44 
f 46/46/45 41/41/45 40/40/45 
f 46/46/49 40/40/44 42/42/49 
f 41/37/50 46/38/50 47/39/51 
f 48/40/52 47/39/51 46/38/50 
f 47/39/51 48/40/52 49/41/53 
f 50/42/54 48/40/52 42/43/54 
f 51/44/55 47/39/51 52/45/55 
f 46/38/56 42/43/56 48/40/52 
f 53/46/57 48/40/52 50/42/57 
f 7/7/58 54/47/59 55/48/60 
f 56/49/61 54/47/61 7/7/58 
f 57/50/62 55/48/60 54/51/63 
f 55/48/60 57/50/62 58/52/64 
f 59/53/65 58/52/64 57/50/62 
f 60/54/66 58/52/64 59/53/65 
f 61/55/67 62/56/68 59/53/65 
f 60/54/66 59/53/65 62/56/68 
f 63/57/69 62/56/68 61/58/70 
f 63/57/69 61/58/71 64/59/71 
f 65/39/72 66/44/72 67/37/72 
f 68/60/72 67/37/72 66/44/72 
f 69/37/73 70/38/73 71/39/74 
f 72/40/75 71/39/74 70/38/73 
f 71/39/74 72/40/75 73/41/76 
f 74/42/77 72/40/75 75/43/77 
f 76/44/78 71/39/74 77/45/78 
f 70/38/79 75/43/79 72/40/75 
f 78/46/80 72/40/75 74/42/80 
f 79/61/81 80/62/81 81/63/82 
f 81/63/82 82/64/83 79/61/84 
f 82/64/83 81/63/82 83/65/85 
f 83/65/85 81/63/82 84/66/86 
f 84/66/86 81/63/82 85/67/87 
f 85/67/87 81/63/82 86/68/88 
f 86/68/88 81/63/82 87/69/89 
f 80/62/90 87/69/89 81/63/82 
f 88/70/91 89/71/91 90/72/92 
f 90/72/92 91/73/93 88/70/94 
f 91/73/93 90/72/92 92/74/95 
f 92/74/95 90/72/92 93/75/96 
f 93/75/96 90/72/92 94/76/97 
f 94/76/97 90/72/92 95/77/98 
f 95/77/98 90/72/92 96/78/99 
f 89/71/100 96/78/99 90/72/92 
f 95/77/101 96/78/102 97/79/103 
f 87/69/104 97/79/103 86/68/105 
f 86/68/105 97/79/103 85/67/106 
f 96/78/102 85/67/106 97/79/103 
f 85/67/106 96/78/102 98/80/107 
f 95/77/101 97/79/108 94/76/109 
f 94/76/109 97/79/103 99/81/110 
f 100/82/111 99/81/110 97/79/103 
f 100/82/111 97/79/103 101/83/112 
f 102/84/113 101/83/112 97/79/103 
f 99/81/110 100/82/114 103/85/111 
f 99/81/110 104/86/115 94/76/116 
f 102/84/117 105/87/118 106/88/119 
f 105/87/118 102/84/117 107/89/120 
f 97/79/103 107/89/120 102/84/117 
f 107/89/120 97/79/103 108/90/121 
f 108/90/121 97/79/103 109/91/122 
f 110/92/123 111/93/124 112/94/125 
f 111/93/124 110/92/123 113/95/126 
f 114/96/127 113/95/126 110/92/123 
f 113/95/126 114/96/127 115/97/128 
f 105/87/118 115/97/128 114/96/127 
f 115/97/128 105/87/118 107/89/120 
f 113/95/126 116/98/129 111/93/124 
f 117/99/130 116/98/129 118/100/131 
f 110/92/123 112/94/132 119/101/133 
f 120/102/134 118/100/135 116/98/129 
f 119/101/133 121/103/136 122/104/137 
f 121/103/136 119/101/133 123/105/138 
f 112/94/125 123/105/138 119/101/133 
f 117/99/130 111/93/124 116/98/139 
f 97/79/103 124/106/140 109/91/141 
f 125/107/142 109/91/141 124/106/140 
f 109/91/141 125/107/142 126/108/143 
f 127/109/144 126/108/143 125/107/142 
f 126/108/143 127/109/144 120/102/134 
f 128/110/145 120/102/134 127/109/144 
f 120/102/134 128/110/145 118/100/135 
f 129/111/146 118/100/135 128/110/145 
f 130/112/147 125/107/142 124/106/140 
f 128/110/145 131/113/148 129/111/149 
f 132/114/150 133/115/151 131/113/148 
f 134/116/152 131/113/148 133/115/151 
f 131/113/148 134/116/152 129/111/146 
f 135/117/153 136/118/154 137/119/155 
f 137/119/155 138/120/156 139/121/157 
f 138/120/158 137/119/159 136/118/154 
f 139/121/157 140/122/160 141/123/161 
f 140/122/160 139/121/157 142/124/162 
f 138/120/158 142/124/162 139/121/157 
f 104/86/163 136/118/154 135/117/164 
f 136/118/154 104/86/163 143/125/165 
f 99/81/166 143/125/165 104/86/163 
f 103/85/167 143/125/165 99/81/166 
f 143/125/165 103/85/167 144/126/168 
f 145/127/169 144/126/168 103/85/167 
f 146/128/170 144/126/168 147/129/171 
f 145/127/172 147/129/173 144/126/168 
f 147/129/173 148/130/174 146/128/175 
f 149/131/176 150/132/177 148/130/174 
f 151/133/178 148/130/174 150/132/177 
f 148/130/174 151/133/178 146/128/170 
f 73/37/179 78/38/179 152/39/180 
f 153/40/181 152/39/180 78/38/179 
f 152/39/180 153/40/181 67/41/182 
f 154/42/183 153/40/181 74/43/183 
f 155/44/184 152/39/180 68/45/184 
f 78/38/185 74/43/185 153/40/181 
f 156/46/186 153/40/181 154/42/186 
f 92/74/187 13/13/188 91/73/189 
f 88/70/190 91/73/189 11/11/191 
f 9/9/192 91/73/189 13/13/193 
f 91/73/189 9/9/192 11/11/194 
f 94/76/109 104/86/115 93/75/195 
f 135/117/196 93/75/195 104/86/115 
f 93/75/195 135/117/196 92/74/187 
f 137/119/197 92/74/187 135/117/196 
f 92/74/187 137/119/197 13/13/188 
f 2/2/198 13/13/188 137/119/197 
f 137/119/197 139/121/199 2/2/200 
f 141/123/201 5/5/202 139/121/199 
f 4/4/203 139/121/199 5/5/202 
f 139/121/199 4/4/203 2/2/198 
f 157/134/204 36/36/205 35/35/206 
f 36/36/205 157/134/204 158/135/207 
f 27/27/208 158/135/207 157/134/204 
f 158/135/207 27/27/208 28/28/209 
f 31/31/210 158/135/210 24/24/211 
f 28/28/210 24/24/211 158/135/210 
f 24/24/211 28/28/210 23/23/212 
f 26/26/213 23/23/212 28/28/210 
f 36/36/214 158/135/210 31/31/211 
f 32/32/215 36/36/214 31/31/210 
f 36/36/214 32/32/215 34/34/216 
f 159/136/217 160/137/217 161/138/218 
f 162/139/219 161/138/218 160/137/217 
f 162/139/219 160/137/220 163/140/221 
f 159/136/222 161/138/218 164/141/222 
f 165/142/220 163/140/221 160/137/220 
f 166/143/223 164/141/222 161/138/218 
f 167/144/224 163/140/221 168/145/225 
f 166/143/223 169/146/226 164/141/227 
f 169/146/226 170/147/228 171/148/229 
f 171/148/227 164/141/227 169/146/226 
f 170/147/228 172/149/230 173/150/231 
f 167/144/224 168/145/232 174/151/233 
f 175/152/234 176/153/235 172/149/230 
f 154/154/236 74/155/236 174/151/233 
f 175/152/234 177/156/237 176/153/238 
f 178/157/239 174/151/233 74/155/240 
f 179/158/241 42/159/242 177/156/237 
f 179/158/241 180/160/243 42/159/244 
f 43/161/242 177/156/237 42/159/242 
f 50/162/244 42/159/244 180/160/243 
f 181/163/245 178/157/239 75/164/246 
f 181/163/245 75/164/247 180/160/243 
f 50/162/247 180/160/243 75/164/247 
f 43/42/248 182/40/249 176/43/248 
f 183/39/250 182/40/249 37/41/251 
f 182/40/249 183/39/250 184/38/252 
f 185/44/253 183/39/250 186/45/253 
f 184/38/254 176/43/254 182/40/249 
f 37/41/253 186/45/253 183/39/250 
f 187/37/252 184/38/252 183/39/250 
f 183/39/250 185/44/255 187/37/255 
f 38/46/256 182/40/249 43/42/256 
f 188/165/257 189/166/258 190/167/259 
f 191/168/260 190/167/259 189/166/258 
f 190/167/259 191/168/260 45/169/261 
f 192/170/262 191/168/260 189/166/263 
f 44/171/264 191/168/260 193/172/265 
f 192/170/262 193/172/265 191/168/260 
f 44/171/266 193/172/265 186/173/266 
f 45/169/264 191/168/260 44/171/264 
f 194/174/267 186/173/268 193/172/265 
f 194/174/267 195/175/269 185/176/270 
f 195/175/269 194/174/267 196/177/271 
f 196/177/271 194/174/267 197/178/272 
f 193/172/265 197/178/272 194/174/267 
f 197/178/272 193/172/265 192/170/273 
f 185/176/274 195/175/269 198/179/274 
f 196/177/275 199/180/276 195/175/269 
f 200/181/277 195/175/269 199/180/276 
f 195/175/269 200/181/277 198/179/278 
f 198/179/279 200/181/277 201/182/279 
f 199/180/280 202/183/281 200/181/277 
f 203/184/282 200/181/277 202/183/281 
f 200/181/277 203/184/282 201/182/283 
f 201/182/284 203/184/282 204/185/284 
f 202/183/285 205/186/286 203/184/282 
f 206/187/287 203/184/282 205/186/286 
f 203/184/282 206/187/287 204/185/288 
f 204/185/289 206/187/287 207/188/289 
f 205/186/290 208/189/291 206/187/287 
f 209/190/292 206/187/287 208/189/291 
f 206/187/287 209/190/292 207/188/293 
f 207/188/294 209/190/292 210/191/294 
f 208/189/295 211/192/296 209/190/292 
f 212/193/297 209/190/292 211/192/296 
f 209/190/292 212/193/297 210/191/298 
f 210/191/299 212/193/297 213/194/299 
f 211/192/300 214/195/301 212/193/297 
f 215/196/302 212/193/297 214/195/301 
f 212/193/297 215/196/302 213/194/303 
f 213/194/304 215/196/302 216/197/304 
f 214/195/305 217/198/306 215/196/302 
f 218/199/307 215/196/302 217/198/306 
f 215/196/302 218/199/307 216/197/308 
f 216/197/309 218/199/307 219/200/309 
f 217/198/310 220/201/311 218/199/307 
f 221/202/312 218/199/307 220/201/311 
f 218/199/307 221/202/312 219/200/313 
f 219/200/314 221/202/312 222/203/314 
f 220/201/315 223/204/316 221/202/312 
f 224/205/317 221/202/312 223/204/316 
f 221/202/312 224/205/317 222/203/318 
f 222/203/319 224/205/317 225/206/319 
f 223/204/320 226/207/321 224/205/317 
f 227/208/322 224/205/317 226/207/321 
f 224/205/317 227/208/322 225/206/319 
f 225/206/323 227/208/322 228/209/323 
f 226/207/324 229/210/325 227/208/322 
f 230/211/326 227/208/322 229/210/325 
f 227/208/322 230/211/326 228/209/327 
f 228/209/328 230/211/326 231/212/328 
f 229/210/329 232/213/330 230/211/326 
f 233/214/331 230/211/326 232/213/330 
f 230/211/326 233/214/331 231/212/332 
f 231/212/333 233/214/331 234/215/333 
f 232/213/334 235/216/335 233/214/331 
f 236/217/336 233/214/331 235/216/335 
f 233/214/331 236/217/336 234/215/333 
f 234/215/337 236/217/336 237/218/337 
f 235/216/338 238/219/339 236/217/336 
f 239/220/340 236/217/336 238/219/339 
f 236/217/336 239/220/340 237/218/341 
f 237/218/342 239/220/340 240/221/342 
f 238/219/343 241/222/344 239/220/340 
f 242/223/345 239/220/340 241/222/344 
f 239/220/340 242/223/345 240/221/346 
f 240/221/347 242/223/345 243/224/347 
f 241/222/348 244/225/349 242/223/345 
f 245/226/350 242/223/345 244/225/349 
f 242/223/345 245/226/350 243/224/351 
f 243/224/352 245/226/350 246/227/352 
f 244/225/353 247/228/354 245/226/350 
f 248/229/355 245/226/350 247/228/354 
f 245/226/350 248/229/355 246/227/356 
f 246/227/357 248/229/355 66/230/357 
f 247/228/358 249/231/359 248/229/355 
f 250/232/360 248/229/355 249/231/359 
f 248/229/355 250/232/360 66/230/361 
f 66/230/362 250/232/360 68/233/362 
f 249/231/363 251/234/364 250/232/360 
f 252/235/365 250/232/360 251/234/364 
f 250/232/360 252/235/365 68/233/362 
f 68/233/366 252/235/365 155/236/366 
f 251/234/367 253/163/368 252/235/365 
f 254/237/369 252/235/365 253/163/368 
f 252/235/365 254/237/369 155/236/370 
f 155/236/371 254/237/369 77/238/371 
f 253/163/372 255/239/373 254/237/369 
f 256/240/374 254/237/369 255/239/373 
f 254/237/369 256/240/374 77/238/375 
f 77/238/376 256/240/374 76/241/376 
f 255/239/377 257/157/378 256/240/374 
f 258/242/379 256/240/374 257/157/378 
f 256/240/374 258/242/379 76/241/380 
f 76/241/381 258/242/379 259/243/381 
f 257/157/382 260/244/383 258/242/379 
f 261/245/384 258/242/379 260/244/383 
f 258/242/379 261/245/384 259/243/385 
f 259/243/386 261/245/384 262/246/386 
f 260/244/387 263/247/388 261/245/384 
f 264/248/389 261/245/384 263/247/388 
f 261/245/384 264/248/389 262/246/390 
f 262/246/391 264/248/389 52/249/391 
f 263/247/392 265/250/393 264/248/389 
f 266/251/394 264/248/389 265/250/393 
f 264/248/389 266/251/394 52/249/391 
f 52/249/395 266/251/394 51/252/395 
f 265/250/396 188/165/397 266/251/394 
f 190/167/259 266/251/394 188/165/397 
f 266/251/394 190/167/259 51/252/398 
f 51/252/399 190/167/259 45/169/399 
f 267/253/400 268/253/401 269/253/402 
f 270/253/403 269/253/402 268/253/401 
f 269/253/402 270/253/403 271/253/404 
f 272/253/405 271/253/404 270/253/403 
f 271/253/404 272/253/405 273/253/406 
f 274/253/407 273/253/406 272/253/405 
f 271/253/404 275/253/408 269/253/402 
f 270/253/403 274/253/409 272/253/405 
f 268/253/401 276/253/410 270/253/403 
f 274/253/407 270/253/403 276/253/411 
f 276/253/411 268/253/401 267/253/412 
f 267/253/412 269/253/402 275/253/413 
f 275/253/413 271/253/404 273/253/414 
f 38/46/251 37/41/251 182/40/251 
f 277/254/415 278/255/416 279/256/417 
f 280/257/418 279/256/417 278/255/416 
f 281/258/419 282/259/420 278/255/416 
f 280/257/418 278/255/416 282/259/420 
f 283/260/421 277/254/415 284/261/422 
f 279/256/417 284/261/422 277/254/415 
f 285/262/423 283/263/424 284/261/422 
f 286/264/425 282/259/420 281/265/426 
f 287/266/427 283/263/427 285/262/423 
f 286/264/425 281/265/428 288/267/428 
f 289/268/429 290/269/430 291/270/431 
f 292/271/432 291/270/431 290/269/430 
f 291/270/431 292/271/432 293/272/433 
f 293/272/433 294/273/434 295/274/435 
f 295/274/436 291/270/431 293/272/437 
f 296/275/438 295/274/436 294/273/434 
f 296/275/439 294/273/434 297/276/440 
f 298/277/441 297/276/440 294/273/434 
f 297/276/440 298/277/441 130/112/442 
f 130/112/442 298/277/441 125/107/443 
f 299/278/444 125/107/443 298/277/441 
f 125/107/443 299/278/444 127/109/445 
f 127/109/446 299/278/444 128/110/447 
f 128/110/447 300/279/448 131/113/449 
f 300/279/450 128/110/451 299/278/444 
f 131/113/449 301/280/452 132/114/453 
f 301/280/452 131/113/449 302/281/454 
f 300/279/450 302/281/454 131/113/449 
f 198/60/455 187/37/455 185/44/455 
f 303/282/456 304/283/457 305/284/458 
f 306/285/459 305/284/458 304/283/457 
f 307/286/460 308/287/461 304/283/457 
f 306/285/459 304/283/457 308/287/461 
f 309/288/462 303/282/456 310/289/463 
f 305/284/458 310/289/463 303/282/456 
f 311/290/464 309/291/465 310/289/463 
f 312/292/466 308/287/461 307/293/467 
f 313/294/468 309/291/468 311/290/464 
f 312/292/466 307/293/469 314/295/469 
f 315/296/470 316/297/471 317/298/472 
f 318/299/473 317/298/472 316/297/471 
f 317/298/472 318/299/473 319/300/474 
f 319/300/474 320/301/475 321/302/476 
f 321/302/477 317/298/472 319/300/478 
f 322/303/479 321/302/477 320/301/475 
f 322/303/480 320/301/475 323/304/481 
f 324/305/482 323/304/481 320/301/475 
f 323/304/481 324/305/482 325/306/483 
f 325/306/483 324/305/482 326/307/484 
f 327/308/485 326/307/484 324/305/482 
f 326/307/484 327/308/485 328/309/486 
f 328/309/487 327/308/485 329/310/488 
f 329/310/488 330/311/489 331/312/490 
f 330/311/491 329/310/492 327/308/485 
f 331/312/490 332/313/493 333/314/494 
f 332/313/493 331/312/490 334/315/495 
f 330/311/491 334/315/495 331/312/490 
f 171/42/496 335/40/497 164/43/496 
f 336/39/498 335/40/497 337/41/499 
f 335/40/497 336/39/498 338/38/500 
f 219/44/501 336/39/498 216/45/501 
f 338/38/502 164/43/502 335/40/497 
f 337/41/501 216/45/501 336/39/498 
f 339/37/500 338/38/500 336/39/498 
f 336/39/498 219/44/503 339/37/503 
f 340/46/504 335/40/497 171/42/504 
f 333/314/505 341/316/506 331/312/507 
f 342/317/508 331/312/507 341/316/506 
f 331/312/507 342/317/508 343/318/509 
f 329/310/510 331/312/507 343/318/511 
f 326/307/512 344/319/513 325/306/514 
f 344/319/513 326/307/512 345/320/515 
f 328/309/516 345/320/515 326/307/512 
f 345/320/515 328/309/516 346/321/517 
f 329/310/510 346/321/517 328/309/516 
f 346/321/517 329/310/510 347/322/518 
f 343/318/509 347/322/518 329/310/510 
f 346/321/517 347/322/518 348/323/519 
f 349/324/520 348/323/519 347/322/521 
f 348/323/519 349/324/520 350/325/522 
f 351/326/523 348/323/519 350/325/524 
f 295/274/525 350/325/524 352/327/526 
f 350/325/524 295/274/525 351/326/523 
f 296/275/527 351/326/523 295/274/525 
f 351/326/523 296/275/527 353/328/528 
f 297/276/529 353/328/528 296/275/527 
f 353/328/528 297/276/529 124/106/140 
f 130/112/530 124/106/140 297/276/529 
f 295/274/525 352/327/531 291/270/532 
f 291/270/532 354/329/533 289/268/534 
f 354/329/533 291/270/532 355/330/535 
f 352/327/526 355/330/535 291/270/532 
f 321/302/536 356/331/537 357/332/538 
f 356/331/537 321/302/536 79/61/539 
f 322/303/540 79/61/539 321/302/536 
f 79/61/539 322/303/540 80/62/541 
f 323/304/542 80/62/541 322/303/540 
f 80/62/541 323/304/542 87/69/104 
f 344/319/513 87/69/104 323/304/542 
f 87/69/104 344/319/513 97/79/103 
f 358/333/543 97/79/103 344/319/513 
f 124/106/140 97/79/103 358/333/543 
f 323/304/542 325/306/544 344/319/513 
f 79/61/539 82/64/545 356/331/537 
f 359/334/546 82/64/545 360/335/547 
f 82/64/545 359/334/546 356/331/548 
f 83/65/549 360/335/550 82/64/545 
f 361/336/551 85/67/106 98/80/552 
f 85/67/106 361/336/551 84/66/553 
f 362/337/554 84/66/553 361/336/551 
f 84/66/553 362/337/554 83/65/549 
f 363/338/555 83/65/549 362/337/554 
f 83/65/549 363/338/555 360/335/550 
f 364/339/556 360/335/550 363/338/555 
f 363/338/555 365/340/557 364/339/558 
f 366/341/559 367/342/560 365/340/557 
f 368/343/561 365/340/557 367/342/560 
f 365/340/557 368/343/561 364/339/556 
f 340/46/499 337/41/499 335/40/499 
f 343/318/562 342/317/563 369/344/564 
f 341/316/565 369/344/564 342/317/563 
f 369/344/564 341/316/565 370/345/566 
f 311/290/567 370/345/566 341/316/565 
f 371/346/568 343/318/569 369/344/564 
f 372/347/570 370/345/566 311/290/570 
f 349/324/571 373/348/572 350/325/573 
f 373/348/572 349/324/571 374/349/574 
f 374/349/574 349/324/571 371/346/568 
f 347/322/575 371/346/568 349/324/571 
f 371/346/568 347/322/575 343/318/562 
f 373/348/572 375/350/576 352/327/577 
f 352/327/578 350/325/573 373/348/579 
f 375/350/576 355/330/580 352/327/578 
f 355/330/580 375/350/576 354/329/581 
f 376/351/582 354/329/581 375/350/576 
f 354/329/581 376/351/582 286/264/583 
f 377/352/584 286/264/584 376/351/582 
f 222/60/585 339/37/585 219/44/585 
f 378/353/586 379/354/587 380/355/588 
f 381/356/589 380/355/588 379/354/587 
f 382/357/590 383/358/591 379/354/587 
f 381/356/589 379/354/587 383/358/591 
f 384/359/592 378/353/586 385/360/593 
f 380/355/588 385/360/593 378/353/586 
f 386/361/594 384/362/595 385/360/593 
f 19/19/596 383/358/591 382/363/597 
f 387/364/598 384/362/598 386/361/594 
f 19/19/596 382/363/599 388/365/599 
f 389/366/600 390/367/601 391/368/602 
f 392/369/603 391/368/602 390/367/601 
f 391/368/602 392/369/603 393/370/604 
f 393/370/604 394/371/605 395/372/606 
f 395/372/607 391/368/602 393/370/608 
f 396/373/609 395/372/607 394/371/605 
f 396/373/610 394/371/605 397/374/611 
f 398/375/612 397/374/611 394/371/605 
f 397/374/611 398/375/612 98/80/613 
f 98/80/613 398/375/612 361/336/614 
f 399/376/615 361/336/614 398/375/612 
f 361/336/614 399/376/615 362/337/616 
f 362/337/617 399/376/615 363/338/618 
f 363/338/618 400/377/619 365/340/620 
f 400/377/621 363/338/622 399/376/615 
f 365/340/620 401/378/623 366/341/624 
f 401/378/623 365/340/620 402/379/625 
f 400/377/621 402/379/625 365/340/620 
f 159/42/626 403/40/627 160/43/626 
f 404/39/628 403/40/627 405/41/629 
f 403/40/627 404/39/628 406/38/630 
f 231/44/631 404/39/628 228/45/631 
f 406/38/632 160/43/632 403/40/627 
f 405/41/633 228/45/633 404/39/628 
f 407/37/630 406/38/630 404/39/628 
f 404/39/628 231/44/634 407/37/634 
f 408/46/635 403/40/627 159/42/635 
f 364/339/636 368/343/637 409/380/638 
f 367/342/639 409/380/638 368/343/637 
f 409/380/638 367/342/639 410/381/640 
f 386/361/641 410/381/640 367/342/639 
f 411/382/642 364/339/643 409/380/638 
f 412/383/644 410/381/640 386/361/644 
f 359/334/645 413/384/646 356/331/647 
f 413/384/646 359/334/645 414/385/648 
f 414/385/648 359/334/645 411/382/642 
f 360/335/649 411/382/642 359/334/645 
f 411/382/642 360/335/649 364/339/636 
f 413/384/646 415/386/650 357/332/651 
f 357/332/652 356/331/647 413/384/653 
f 415/386/650 416/387/654 357/332/652 
f 416/387/654 415/386/650 417/388/655 
f 418/389/656 417/388/655 415/386/650 
f 417/388/655 418/389/656 312/292/657 
f 419/390/658 312/292/658 418/389/656 
f 408/46/629 405/41/629 403/40/629 
f 420/391/659 421/392/660 422/393/661 
f 423/394/662 422/393/661 421/392/660 
f 424/395/663 425/396/664 421/392/660 
f 423/394/662 421/392/660 425/396/664 
f 426/397/665 420/391/659 427/398/666 
f 422/393/661 427/398/666 420/391/659 
f 428/399/667 426/400/668 427/398/666 
f 429/401/669 425/396/664 424/402/670 
f 430/403/671 426/400/671 428/399/667 
f 429/401/669 424/402/672 431/404/672 
f 122/104/673 432/405/674 119/101/675 
f 433/406/676 119/101/675 432/405/674 
f 119/101/675 433/406/676 434/407/677 
f 434/407/677 435/408/678 110/92/679 
f 110/92/680 119/101/675 434/407/681 
f 114/96/682 110/92/680 435/408/678 
f 114/96/683 435/408/678 105/87/684 
f 436/409/685 105/87/684 435/408/678 
f 105/87/684 436/409/685 106/88/686 
f 106/88/686 436/409/685 437/410/687 
f 438/411/688 437/410/687 436/409/685 
f 437/410/687 438/411/688 439/412/689 
f 439/412/690 438/411/688 440/413/691 
f 440/413/691 441/414/692 442/415/693 
f 441/414/694 440/413/695 438/411/688 
f 442/415/693 443/416/696 444/417/697 
f 443/416/696 442/415/693 445/418/698 
f 441/414/694 445/418/698 442/415/693 
f 234/60/699 407/37/699 231/44/699 
f 444/417/700 446/419/701 442/415/702 
f 447/420/703 442/415/702 446/419/701 
f 442/415/702 447/420/703 448/421/704 
f 440/413/705 442/415/702 448/421/706 
f 437/410/707 102/84/117 106/88/708 
f 102/84/117 437/410/707 449/422/709 
f 439/412/710 449/422/709 437/410/707 
f 449/422/709 439/412/710 450/423/711 
f 440/413/705 450/423/711 439/412/710 
f 450/423/711 440/413/705 451/424/712 
f 448/421/704 451/424/712 440/413/705 
f 450/423/711 451/424/712 452/425/713 
f 453/426/714 452/425/713 454/427/715 
f 455/428/716 452/425/713 451/424/717 
f 455/428/716 454/427/715 452/425/718 
f 147/129/719 454/427/715 456/429/720 
f 454/427/715 147/129/719 453/426/714 
f 145/127/721 453/426/714 147/129/719 
f 453/426/714 145/127/721 457/430/722 
f 103/85/111 457/430/722 145/127/721 
f 457/430/722 103/85/111 100/82/111 
f 147/129/719 456/429/723 148/130/724 
f 148/130/724 458/431/725 149/131/726 
f 458/431/725 148/130/724 459/432/727 
f 456/429/720 459/432/727 148/130/724 
f 164/42/728 460/40/729 159/43/728 
f 338/46/730 460/40/729 164/42/730 
f 408/38/731 159/43/731 460/40/729 
f 405/37/732 408/38/732 461/39/733 
f 460/40/729 461/39/733 408/38/732 
f 461/39/733 460/40/729 339/41/734 
f 461/39/733 225/44/735 405/37/735 
f 225/44/736 461/39/733 222/45/736 
f 339/41/737 222/45/737 461/39/733 
f 448/421/738 447/420/739 462/433/740 
f 446/419/741 462/433/740 447/420/739 
f 462/433/740 446/419/741 463/434/742 
f 428/399/743 463/434/742 446/419/741 
f 464/435/744 448/421/745 462/433/740 
f 465/436/746 463/434/742 428/399/746 
f 464/435/744 451/424/747 448/421/738 
f 451/424/747 464/435/744 455/428/748 
f 466/437/749 455/428/748 464/435/744 
f 467/438/750 455/428/748 466/437/749 
f 455/428/748 467/438/750 454/427/751 
f 467/438/750 468/439/752 456/429/753 
f 456/429/754 454/427/751 467/438/755 
f 468/439/752 459/432/756 456/429/754 
f 459/432/756 468/439/752 458/431/757 
f 469/440/758 458/431/757 468/439/752 
f 458/431/757 469/440/758 63/57/759 
f 470/441/760 63/57/760 469/440/758 
f 338/46/734 339/41/734 460/40/734 
f 124/106/761 358/333/762 471/442/763 
f 344/319/764 471/442/763 358/333/762 
f 345/320/765 471/442/763 344/319/764 
f 346/321/766 471/442/763 345/320/765 
f 348/323/767 471/442/763 346/321/766 
f 471/442/763 348/323/767 351/326/768 
f 471/442/763 351/326/769 353/328/769 
f 471/442/763 353/328/770 124/106/770 
f 228/60/771 405/37/771 225/44/771 
f 115/97/772 107/89/773 472/443/774 
f 108/90/775 472/443/774 107/89/773 
f 472/443/774 108/90/775 109/91/776 
f 472/443/774 113/95/777 115/97/777 
f 126/108/778 472/443/774 109/91/779 
f 472/443/774 126/108/778 120/102/780 
f 472/443/774 116/98/781 113/95/782 
f 116/98/781 472/443/774 120/102/783 
f 457/430/784 100/82/785 473/444/786 
f 101/83/787 473/444/786 100/82/785 
f 473/444/786 101/83/787 102/84/788 
f 473/444/786 453/426/789 457/430/789 
f 449/422/790 473/444/786 102/84/791 
f 473/444/786 449/422/790 450/423/792 
f 473/444/786 452/425/793 453/426/794 
f 452/425/793 473/444/786 450/423/795 
f 474/445/796 475/446/796 476/447/796 
f 476/447/796 475/446/796 477/448/796 
f 477/448/796 475/446/796 478/449/796 
f 478/449/796 475/446/796 479/450/796 
f 479/450/796 475/446/796 480/451/796 
f 481/452/796 480/451/796 475/446/796 
f 475/446/796 482/453/796 481/452/796 
f 482/453/796 475/446/796 483/454/796 
f 483/454/796 475/446/796 484/455/796 
f 484/455/796 475/446/796 485/456/796 
f 485/456/796 475/446/796 486/457/796 
f 486/457/796 475/446/796 487/458/796 
f 487/458/796 475/446/796 488/459/796 
f 488/459/796 475/446/796 489/460/796 
f 489/460/796 475/446/796 490/461/796 
f 490/461/796 475/446/796 474/445/796 
f 491/460/797 492/446/797 493/459/797 
f 493/459/797 492/446/797 494/458/797 
f 494/458/797 492/446/797 495/457/797 
f 495/457/797 492/446/797 496/456/797 
f 496/456/797 492/446/797 497/455/797 
f 498/454/797 497/455/797 492/446/797 
f 498/454/797 492/446/797 499/453/797 
f 499/453/797 492/446/797 500/452/797 
f 500/452/797 492/446/797 501/451/797 
f 501/451/797 492/446/797 502/450/797 
f 502/450/797 492/446/797 503/449/797 
f 503/449/797 492/446/797 504/448/797 
f 504/448/797 492/446/797 505/447/797 
f 505/447/797 492/446/797 506/445/797 
f 506/445/797 492/446/797 507/461/797 
f 507/461/797 492/446/797 491/460/797 
f 508/38/798 509/43/798 510/40/799 
f 176/42/800 510/40/799 509/43/800 
f 184/46/801 510/40/799 176/42/801 
f 511/39/802 510/40/799 187/41/803 
f 510/40/799 511/39/802 508/38/804 
f 201/44/805 511/39/802 198/45/805 
f 512/37/804 508/38/804 511/39/802 
f 187/41/806 198/45/806 511/39/802 
f 511/39/802 201/44/807 512/37/807 
f 513/462/808 514/463/808 515/464/808 
f 516/465/808 515/464/808 514/463/808 
f 514/462/809 517/463/809 516/464/809 
f 518/465/809 516/464/809 517/463/809 
f 519/462/810 520/463/810 521/464/810 
f 522/465/810 521/464/810 520/463/810 
f 523/462/811 524/463/811 525/464/811 
f 526/465/811 525/464/811 524/463/811 
f 524/462/812 527/463/812 526/464/812 
f 528/465/812 526/464/812 527/463/812 
f 527/462/813 519/463/813 528/464/813 
f 521/465/813 528/464/813 519/463/813 
f 517/462/814 523/463/814 518/464/814 
f 525/465/814 518/464/814 523/463/814 
f 520/462/815 529/463/815 522/464/815 
f 530/465/815 522/464/815 529/463/815 
f 529/462/816 531/463/816 530/464/816 
f 532/465/816 530/464/816 531/463/816 
f 533/462/817 513/463/817 534/464/817 
f 515/465/817 534/464/817 513/463/817 
f 531/462/818 535/463/818 532/464/818 
f 536/465/818 532/464/818 535/463/818 
f 535/462/819 537/463/819 536/464/819 
f 538/465/819 536/464/819 537/463/819 
f 537/462/820 539/463/820 538/464/820 
f 540/465/820 538/464/820 539/463/820 
f 539/462/821 541/463/821 540/464/821 
f 542/465/821 540/464/821 541/463/821 
f 541/462/179 543/463/179 542/464/179 
f 544/465/179 542/464/179 543/463/179 
f 543/462/822 545/463/822 544/464/822 
f 546/465/822 544/464/822 545/463/822 
f 545/462/823 547/463/823 546/464/823 
f 548/465/823 546/464/823 547/463/823 
f 547/462/824 533/463/824 548/464/824 
f 534/465/824 548/464/824 533/463/824 
f 285/262/825 549/466/826 133/115/827 
f 550/467/828 133/115/827 549/466/826 
f 133/115/827 550/467/828 134/116/829 
f 129/111/830 134/116/829 550/467/828 
f 551/468/831 129/111/832 550/467/828 
f 552/469/833 549/466/826 285/262/833 
f 551/468/831 118/100/834 129/111/830 
f 118/100/834 551/468/831 117/99/835 
f 553/470/836 117/99/835 551/468/831 
f 554/471/837 117/99/835 553/470/836 
f 117/99/835 554/471/837 111/93/838 
f 554/471/837 555/472/839 112/94/840 
f 112/94/841 111/93/838 554/471/842 
f 555/472/839 123/105/843 112/94/841 
f 123/105/843 555/472/839 121/103/844 
f 556/473/845 121/103/844 555/472/839 
f 121/103/844 556/473/845 429/401/846 
f 557/474/847 429/401/847 556/473/845 
f 184/46/803 187/41/803 510/40/803 
f 558/475/848 140/122/849 559/476/850 
f 140/122/849 558/475/848 56/49/851 
f 560/477/852 56/49/851 558/475/848 
f 56/49/851 560/477/852 54/47/853 
f 142/124/854 559/476/855 140/122/849 
f 559/476/850 142/124/854 561/478/856 
f 138/120/857 561/478/858 142/124/854 
f 561/478/856 138/120/859 562/479/860 
f 562/479/860 136/118/861 563/480/862 
f 136/118/861 562/479/860 138/120/857 
f 136/118/861 143/125/863 563/480/864 
f 143/125/863 144/126/865 563/480/866 
f 144/126/865 146/128/867 563/481/868 
f 146/128/867 151/133/869 564/482/870 
f 151/133/869 150/132/871 565/483/872 
f 64/59/873 566/484/874 150/132/871 
f 566/484/874 64/59/873 567/485/875 
f 61/58/876 567/485/875 64/59/873 
f 566/484/874 565/483/877 150/132/878 
f 565/483/877 564/482/879 151/133/880 
f 564/482/879 563/481/881 146/128/881 
f 204/60/882 512/37/882 201/44/882 
f 388/365/883 568/486/884 390/367/885 
f 568/486/884 388/365/883 569/487/886 
f 382/363/887 569/487/886 388/365/883 
f 392/369/888 390/367/885 570/488/889 
f 568/486/884 570/488/890 390/367/891 
f 393/370/892 392/369/888 571/489/893 
f 570/488/890 571/489/894 392/369/895 
f 394/371/896 393/370/892 572/490/897 
f 398/375/898 394/371/896 572/491/899 
f 571/489/894 572/490/900 393/370/900 
f 399/376/901 398/375/898 572/491/902 
f 573/492/903 399/376/901 572/491/904 
f 399/376/901 573/492/903 400/377/905 
f 574/493/906 400/377/907 573/492/903 
f 575/494/908 402/379/909 574/493/906 
f 400/377/905 574/493/910 402/379/909 
f 402/379/909 575/494/911 401/378/912 
f 576/495/913 401/378/912 575/494/908 
f 401/378/912 576/495/913 387/364/914 
f 577/496/915 387/364/914 576/495/913 
f 387/364/914 577/496/915 384/362/916 
f 173/42/917 578/40/918 171/43/917 
f 579/39/919 578/40/918 580/41/812 
f 578/40/918 579/39/919 340/38/920 
f 213/44/921 579/39/919 210/45/921 
f 340/38/922 171/43/922 578/40/918 
f 580/41/921 210/45/921 579/39/919 
f 337/37/920 340/38/920 579/39/919 
f 579/39/919 213/44/923 337/37/923 
f 581/46/924 578/40/918 173/42/924 
f 141/123/925 7/7/926 5/5/927 
f 7/7/926 141/123/925 56/49/928 
f 140/122/929 56/49/928 141/123/925 
f 581/46/812 580/41/812 578/40/812 
f 582/497/930 441/414/931 583/498/932 
f 584/499/933 445/418/934 582/497/930 
f 583/498/932 438/411/935 585/500/936 
f 438/411/935 583/498/932 441/414/937 
f 441/414/937 582/497/938 445/418/934 
f 438/411/935 436/409/939 585/500/940 
f 445/418/934 584/499/941 443/416/942 
f 436/409/939 435/408/943 585/500/944 
f 435/408/943 434/407/945 585/501/946 
f 434/407/945 433/406/947 586/502/948 
f 433/406/947 432/405/949 587/503/950 
f 430/403/951 588/504/952 426/400/953 
f 588/504/952 430/403/951 589/505/954 
f 443/416/942 589/505/954 430/403/951 
f 589/505/954 443/416/942 584/499/933 
f 431/404/955 590/506/956 432/405/949 
f 590/506/956 431/404/955 591/507/957 
f 424/402/958 591/507/957 431/404/955 
f 590/506/956 587/503/959 432/405/960 
f 587/503/959 586/502/961 433/406/962 
f 586/502/961 585/501/963 434/407/963 
f 216/60/923 337/37/923 213/44/923 
f 149/131/964 64/59/965 150/132/610 
f 64/59/965 149/131/964 63/57/966 
f 458/431/967 63/57/966 149/131/964 
f 509/42/968 592/40/969 173/43/968 
f 593/39/970 592/40/969 512/41/971 
f 592/40/969 593/39/970 581/38/972 
f 207/44/973 593/39/970 204/45/973 
f 581/38/974 173/43/974 592/40/969 
f 512/41/975 204/45/975 593/39/970 
f 580/37/972 581/38/972 593/39/970 
f 593/39/970 207/44/976 580/37/976 
f 508/46/977 592/40/969 509/42/977 
f 444/417/978 428/399/979 446/419/980 
f 428/399/979 444/417/978 430/403/981 
f 443/416/982 430/403/981 444/417/978 
f 508/46/971 512/41/971 592/40/971 
f 122/104/983 431/404/984 432/405/985 
f 431/404/984 122/104/983 429/401/986 
f 121/103/987 429/401/986 122/104/983 
f 210/60/976 580/37/976 207/44/976 
f 366/341/988 386/361/989 367/342/990 
f 386/361/989 366/341/988 387/364/991 
f 401/378/992 387/364/991 366/341/988 
f 165/42/993 594/40/993 168/43/993 
f 395/372/994 11/11/191 14/14/995 
f 11/11/191 395/372/994 88/70/190 
f 396/373/996 88/70/190 395/372/994 
f 88/70/190 396/373/996 89/71/997 
f 397/374/998 89/71/997 396/373/996 
f 89/71/997 397/374/998 96/78/102 
f 98/80/552 96/78/102 397/374/998 
f 395/372/994 14/14/999 391/368/1000 
f 391/368/1000 17/17/1001 389/366/1002 
f 17/17/1001 391/368/1000 16/16/1003 
f 14/14/995 16/16/1003 391/368/1000 
f 595/38/993 168/43/993 594/40/993 
f 389/366/1004 388/365/1005 390/367/1006 
f 388/365/1005 389/366/1004 19/19/1007 
f 17/17/1008 19/19/1007 389/366/1004 
f 596/46/1009 594/40/1009 165/42/1009 
f 333/314/1010 311/290/1011 341/316/1012 
f 311/290/1011 333/314/1010 313/294/1013 
f 332/313/1014 313/294/1013 333/314/1010 
f 594/40/1015 597/39/1015 595/38/1015 
f 598/508/1016 332/313/1017 599/509/1018 
f 332/313/1017 598/508/1016 313/294/1019 
f 600/510/1020 313/294/1019 598/508/1016 
f 313/294/1019 600/510/1020 309/291/1021 
f 334/315/1022 599/509/1023 332/313/1017 
f 599/509/1018 334/315/1022 601/511/1024 
f 330/311/1025 601/511/1026 334/315/1022 
f 601/511/1024 330/311/1027 602/512/1028 
f 602/512/1028 327/308/1029 603/513/1030 
f 327/308/1029 602/512/1028 330/311/1025 
f 327/308/1029 324/305/1031 603/513/1032 
f 324/305/1031 320/301/1033 603/513/1034 
f 320/301/1033 319/300/1035 603/514/1036 
f 319/300/1035 318/299/1037 604/515/1038 
f 318/299/1037 316/297/1039 605/516/1040 
f 314/295/1041 606/517/1042 316/297/1039 
f 606/517/1042 314/295/1041 607/518/1043 
f 307/293/1044 607/518/1043 314/295/1041 
f 606/517/1042 605/516/1045 316/297/1046 
f 605/516/1045 604/515/1047 318/299/1048 
f 604/515/1047 603/514/1049 319/300/1049 
f 608/37/1015 595/38/1015 597/39/1015 
f 317/298/1050 417/388/1051 315/296/1052 
f 417/388/1051 317/298/1050 416/387/1053 
f 357/332/538 416/387/1053 317/298/1050 
f 321/302/536 357/332/1054 317/298/1050 
f 315/296/1055 314/295/1056 316/297/1057 
f 314/295/1056 315/296/1055 312/292/1058 
f 417/388/1059 312/292/1058 315/296/1055 
f 596/46/1060 609/41/1060 594/40/1060 
f 597/39/1060 594/40/1060 609/41/1060 
f 597/39/1061 243/44/1061 608/37/1061 
f 132/114/1062 285/262/1063 133/115/1064 
f 285/262/1063 132/114/1062 287/266/1065 
f 301/280/1066 287/266/1065 132/114/1062 
f 246/60/1067 608/37/1067 243/44/1067 
f 610/519/1068 301/280/1069 302/281/1070 
f 301/280/1069 610/519/1068 287/266/1071 
f 611/520/1072 287/266/1071 610/519/1068 
f 287/266/1071 611/520/1072 283/263/1073 
f 302/281/1070 300/279/1074 612/521/1075 
f 612/521/1075 300/279/1076 613/522/1077 
f 613/522/1077 299/278/1078 614/523/1079 
f 299/278/1078 613/522/1077 300/279/1074 
f 299/278/1078 298/277/1080 614/523/1081 
f 298/277/1080 294/273/1082 614/523/1083 
f 294/273/1082 293/272/1084 614/524/1085 
f 293/272/1084 292/271/1086 615/525/1087 
f 292/271/1086 290/269/1088 616/526/1089 
f 288/267/1090 617/527/1091 290/269/1088 
f 617/527/1091 288/267/1090 618/528/1092 
f 281/265/1093 618/528/1092 288/267/1090 
f 617/527/1091 616/526/1094 290/269/1095 
f 616/526/1094 615/525/1096 292/271/1097 
f 615/525/1096 614/524/1098 293/272/1098 
f 609/41/1099 240/45/1099 597/39/1099 
f 289/268/1100 288/267/1101 290/269/1102 
f 288/267/1101 289/268/1100 286/264/1103 
f 354/329/1104 286/264/1103 289/268/1100 
f 243/44/1105 597/39/1105 240/45/1105 
f 619/529/1106 620/530/1107 621/531/1108 
f 620/530/1107 619/529/1106 622/532/1109 
f 623/533/796 622/532/1109 619/529/1106 
f 622/532/1109 623/533/796 624/534/796 
f 625/535/379 621/531/1108 620/530/1110 
f 625/535/379 620/530/1107 626/536/1111 
f 620/530/1107 627/537/796 626/536/796 
f 627/537/796 628/538/796 626/536/1111 
f 629/539/796 628/538/796 627/537/796 
f 629/539/796 627/537/796 630/540/796 
f 627/537/796 631/541/796 630/540/796 
f 631/541/796 632/542/796 630/540/796 
f 633/543/796 632/542/796 631/541/796 
f 633/543/796 631/541/796 634/544/796 
f 631/541/796 635/545/796 634/544/796 
f 635/545/796 636/546/796 634/544/796 
f 637/547/796 636/546/796 635/545/796 
f 637/547/796 635/545/796 638/548/796 
f 635/545/796 639/549/1109 638/548/796 
f 639/549/1109 640/550/796 638/548/796 
f 641/551/796 640/550/796 639/549/796 
f 641/551/796 639/549/1109 642/552/1112 
f 639/549/1109 643/553/1106 642/552/1113 
f 643/553/1106 644/554/1114 642/552/1112 
f 645/555/1115 644/554/1114 643/553/1116 
f 645/555/1115 643/553/1106 646/556/796 
f 643/553/1106 647/557/796 646/556/796 
f 647/557/796 648/558/796 646/556/796 
f 649/559/796 648/558/796 647/557/796 
f 649/559/796 647/557/796 650/560/796 
f 647/557/796 651/561/796 650/560/796 
f 651/561/796 652/562/796 650/560/796 
f 653/563/796 652/562/796 651/561/796 
f 653/563/796 651/561/796 654/564/796 
f 651/561/796 655/565/796 654/564/796 
f 655/565/796 656/566/796 654/564/796 
f 657/567/796 656/566/796 655/565/796 
f 657/567/796 655/565/796 658/568/796 
f 655/565/796 622/532/1109 658/568/796 
f 622/532/1109 624/534/796 658/568/796 
f 659/569/1117 660/570/1117 661/571/1117 
f 160/42/1118 662/40/1119 165/43/1118 
f 663/39/1120 662/40/1119 407/41/1121 
f 662/40/1119 663/39/1120 596/38/1122 
f 237/44/1123 663/39/1120 234/45/1123 
f 596/38/1118 165/43/1118 662/40/1119 
f 407/41/1124 234/45/1124 663/39/1120 
f 609/37/1122 596/38/1122 663/39/1120 
f 663/39/1120 237/44/1125 609/37/1125 
f 406/46/1126 662/40/1119 160/42/1126 
f 664/572/1127 665/571/1127 660/573/1127 
f 406/46/1121 407/41/1121 662/40/1121 
f 661/569/1128 660/573/1128 665/571/1128 
f 240/60/1125 609/37/1125 237/44/1125 
f 665/569/1129 664/570/1129 666/571/1129 
f 75/42/1130 667/40/1131 50/43/1130 
f 668/39/1132 667/40/1131 69/41/1133 
f 667/40/1131 668/39/1132 53/38/1134 
f 262/44/1135 668/39/1132 259/45/1135 
f 53/38/1136 50/43/1136 667/40/1131 
f 69/41/1137 259/45/1137 668/39/1132 
f 49/37/1134 53/38/1134 668/39/1132 
f 668/39/1132 262/44/1138 49/37/1138 
f 70/46/1139 667/40/1131 75/42/1139 
f 669/572/1140 670/571/1140 664/573/1140 
f 70/46/1133 69/41/1133 667/40/1133 
f 666/569/1141 664/573/1141 670/571/1141 
f 52/60/1142 49/37/1142 262/44/1142 
f 670/569/1143 669/570/1143 671/571/1143 
f 39/39/43 44/44/1144 37/37/1144 
f 41/41/1145 45/45/1145 39/39/43 
f 186/60/1146 37/37/1146 44/44/1146 
f 672/572/1147 673/571/1147 669/573/1147 
f 53/46/53 49/41/53 48/40/53 
f 671/569/1148 669/573/1148 673/571/1148 
f 47/39/51 51/44/1149 41/37/1149 
f 49/41/1150 52/45/1150 47/39/51 
f 45/60/1151 41/37/1151 51/44/1151 
f 673/569/1152 672/570/1152 674/571/1152 
f 168/42/1153 675/40/1153 154/43/1153 
f 676/569/1154 677/570/1154 678/571/1154 
f 156/38/1155 154/43/1155 675/40/1155 
f 679/572/1156 680/571/1156 677/573/1156 
f 595/46/1157 675/40/1157 168/42/1157 
f 678/569/1158 677/573/1158 680/571/1158 
f 675/40/1159 65/39/1159 156/38/1159 
f 67/37/1159 156/38/1159 65/39/1159 
f 595/46/1160 608/41/1160 675/40/1160 
f 680/569/1161 679/570/1161 681/571/1161 
f 65/39/1160 675/40/1160 608/41/1160 
f 682/572/1162 683/571/1162 679/573/1162 
f 608/41/1163 246/45/1163 65/39/1163 
f 681/569/1164 679/573/1164 683/571/1164 
f 66/44/1165 65/39/1165 246/45/1165 
f 683/569/1166 682/570/1166 684/571/1166 
f 78/46/76 73/41/76 72/40/76 
f 685/572/1167 686/571/1167 682/573/1167 
f 71/39/74 76/44/1168 69/37/1168 
f 73/41/78 77/45/78 71/39/74 
f 259/60/1169 69/37/1169 76/44/1169 
f 684/569/1167 682/573/1167 686/571/1167 
f 156/46/182 67/41/182 153/40/182 
f 686/569/1170 685/570/1170 687/571/1170 
f 152/39/180 155/44/1171 73/37/1171 
f 67/41/184 68/45/184 152/39/180 
f 77/60/1171 73/37/1171 155/44/1171 
f 688/572/1172 689/571/1172 685/573/1172 
f 74/155/246 75/164/246 178/157/239 
f 687/569/1173 685/573/1173 689/571/1173 
f 154/154/232 174/151/233 168/145/232 
f 689/569/1174 688/570/1174 690/571/1174 
f 165/142/225 168/145/225 163/140/221 
f 691/572/1175 692/571/1175 688/573/1175 
f 173/150/229 171/148/229 170/147/228 
f 690/569/1176 688/573/1176 692/571/1176 
f 509/574/231 173/150/231 172/149/230 
f 509/574/235 172/149/230 176/153/235 
f 43/161/238 176/153/238 177/156/237 
f 692/569/1177 691/570/1177 693/571/1177 
f 186/173/1178 194/174/267 185/176/1178 
f 694/572/1179 695/571/1179 691/573/1179 
f 696/575/1180 697/576/1181 698/577/1182 
f 699/578/1183 697/576/1181 700/579/1184 
f 697/576/1181 699/578/1183 698/577/1182 
f 701/580/1185 698/577/1182 699/578/1183 
f 702/581/1186 703/582/1187 704/583/1188 
f 705/584/1189 703/582/1187 706/585/1190 
f 703/582/1187 705/584/1189 704/583/1188 
f 707/586/1191 704/583/1188 705/584/1189 
f 708/587/1192 709/588/1193 710/589/1192 
f 711/586/1193 709/588/1193 712/590/1194 
f 709/588/1193 711/586/1193 710/589/1192 
f 713/583/1195 710/589/1192 711/586/1193 
f 714/591/1196 715/592/1197 716/593/1198 
f 717/580/1199 715/592/1197 718/594/1200 
f 715/592/1197 717/580/1199 716/593/1198 
f 719/577/1201 716/593/1198 717/580/1199 
f 720/595/1202 721/594/1203 722/580/1204 
f 721/594/1203 720/595/1202 723/582/1202 
f 723/582/1202 720/595/1202 724/596/1205 
f 725/597/1206 724/596/1205 720/595/1202 
f 693/569/1207 691/573/1207 695/571/1207 
f 726/598/1208 727/599/1209 728/600/1208 
f 729/601/1210 727/599/1209 726/598/1211 
f 727/599/1209 729/601/1210 730/602/1212 
f 731/603/1213 727/599/1209 730/602/1213 
f 728/600/1214 727/599/1209 731/603/1214 
f 695/569/1215 694/570/1215 732/571/1215 
f 733/604/1216 660/605/1217 734/604/1218 
f 660/605/1219 733/604/1216 664/605/1219 
f 735/605/1220 734/604/1218 660/605/1220 
f 736/604/1221 664/605/1222 733/604/1216 
f 734/604/1218 735/605/1223 737/604/1224 
f 664/605/1225 736/604/1221 669/605/1225 
f 738/605/1226 737/604/1224 735/605/1226 
f 739/604/1227 669/605/1225 736/604/1221 
f 737/604/1224 738/605/1228 740/604/1229 
f 669/605/1230 739/604/1227 672/606/1230 
f 741/605/1231 740/604/1229 738/605/1231 
f 742/569/1232 672/606/1233 739/604/1227 
f 740/604/1229 741/605/1234 743/569/1235 
f 672/606/1236 742/569/1232 677/606/1236 
f 744/606/1237 743/569/1235 741/605/1237 
f 745/569/1238 677/606/1239 742/569/1232 
f 743/569/1235 744/606/1240 746/569/1241 
f 677/606/1242 745/569/1238 679/607/1242 
f 694/606/1243 746/569/1241 744/606/1243 
f 747/569/1244 679/607/1242 745/569/1238 
f 746/569/1241 694/606/1245 748/569/1246 
f 679/607/1247 747/569/1244 682/607/1247 
f 691/607/1248 748/569/1246 694/606/1248 
f 749/569/1249 682/607/1247 747/569/1244 
f 748/569/1246 691/607/1250 750/569/1251 
f 682/607/1252 749/569/1249 685/607/1252 
f 688/607/1253 750/569/1251 691/607/1253 
f 751/569/1254 685/607/1255 749/569/1249 
f 750/569/1251 688/607/1256 751/569/1254 
f 685/607/1256 751/569/1254 688/607/1256 
f 752/608/1257 753/609/1258 754/610/1259 
f 753/609/1258 752/608/1257 755/611/1260 
f 754/610/1261 756/612/1262 757/613/1263 
f 756/612/1262 754/610/1261 753/609/1258 
f 757/613/1264 758/614/1265 759/615/1266 
f 758/614/1265 757/613/1264 756/612/1262 
f 759/615/1267 760/616/1268 761/617/1269 
f 760/616/1268 759/615/1267 758/614/1265 
f 761/617/1270 762/618/1271 763/619/1272 
f 762/618/1271 761/617/1270 760/616/1268 
f 763/619/1273 764/620/1274 765/621/1275 
f 764/620/1274 763/619/1273 762/618/1271 
f 765/621/1276 766/622/1277 767/623/1278 
f 766/622/1277 765/621/1276 764/620/1274 
f 767/623/1279 768/624/1280 769/625/1281 
f 768/624/1280 767/623/1279 766/622/1277 
f 769/625/1282 770/626/1283 771/627/1284 
f 770/626/1283 769/625/1282 768/624/1280 
f 771/627/1285 772/628/1286 773/629/1287 
f 772/628/1286 771/627/1285 770/626/1283 
f 773/629/1288 774/630/1289 775/631/1290 
f 774/630/1289 773/629/1288 772/628/1286 
f 775/631/1291 776/632/1292 777/633/1293 
f 776/632/1292 775/631/1291 774/630/1289 
f 777/633/1294 778/634/1295 779/635/1296 
f 778/634/1295 777/633/1294 776/632/1292 
f 779/635/1297 780/636/1298 781/637/1299 
f 780/636/1298 779/635/1297 778/634/1295 
f 781/637/1300 782/638/1301 783/639/1302 
f 782/638/1301 781/637/1300 780/636/1298 
f 783/639/1303 784/640/1304 785/641/1305 
f 784/640/1304 783/639/1303 782/638/1301 
f 785/641/1306 786/642/1307 787/643/1308 
f 786/642/1307 785/641/1306 784/640/1304 
f 787/643/1309 788/644/1310 789/645/1311 
f 788/644/1310 787/643/1309 786/642/1307 
f 789/645/1312 790/646/1313 791/647/1314 
f 790/646/1313 789/645/1312 788/644/1310 
f 791/647/1315 792/648/1316 793/649/1317 
f 792/648/1316 791/647/1315 790/646/1313 
f 793/649/1318 794/650/1319 795/651/1320 
f 794/650/1319 793/649/1318 792/648/1316 
f 795/651/1321 796/652/1322 797/653/1323 
f 796/652/1322 795/651/1321 794/650/1319 
f 797/653/1324 798/654/1325 799/655/1326 
f 798/654/1325 797/653/1324 796/652/1322 
f 799/655/1327 800/656/1328 801/657/1329 
f 800/656/1328 799/655/1327 798/654/1325 
f 801/657/1330 802/658/1331 803/659/1332 
f 802/658/1331 801/657/1330 800/656/1328 
f 803/659/1333 804/660/1334 805/661/1335 
f 804/660/1334 803/659/1333 802/658/1331 
f 805/661/1336 806/662/1337 807/663/1338 
f 806/662/1337 805/661/1336 804/660/1334 
f 808/664/1339 755/611/1260 752/608/1340 
f 755/611/1260 808/664/1339 809/665/1341 
f 810/666/1342 809/665/1341 808/664/1339 
f 809/665/1341 810/666/1342 811/667/1343 
f 807/663/1344 811/667/1343 810/666/1342 
f 811/667/1343 807/663/1344 806/662/1337 
f 812/668/1345 813/669/1345 767/623/1346 
f 767/623/1346 769/625/1347 814/670/1348 
f 765/621/1349 767/623/1346 813/669/1350 
f 815/671/1351 765/621/1349 813/669/1351 
f 767/623/1346 814/670/1352 812/668/1352 
f 763/619/1353 765/621/1349 816/672/1354 
f 817/673/1355 814/670/1355 769/625/1347 
f 815/671/1356 816/672/1356 765/621/1349 
f 818/674/1357 819/675/1357 763/619/1353 
f 763/619/1353 816/672/1358 818/674/1358 
f 761/617/1359 763/619/1353 819/675/1360 
f 761/617/1359 819/675/1361 820/676/1361 
f 820/676/1362 821/677/1362 761/617/1359 
f 759/615/1363 761/617/1359 821/677/1364 
f 822/678/1365 823/679/1365 759/615/1363 
f 759/615/1363 821/677/1366 822/678/1366 
f 757/613/1367 759/615/1363 823/679/1368 
f 757/613/1367 823/679/1369 824/680/1369 
f 824/680/1370 825/681/1370 757/613/1367 
f 754/610/1371 757/613/1367 825/681/1370 
f 826/682/1372 827/683/1372 754/610/1371 
f 754/610/1371 825/681/1373 826/682/1373 
f 752/608/1374 754/610/1371 827/683/1372 
f 752/608/1374 827/683/1375 828/684/1375 
f 828/684/1376 829/685/1376 752/608/1374 
f 808/664/1377 752/608/1374 829/685/1376 
f 808/664/1377 829/685/1378 830/686/1378 
f 808/664/1377 830/686/1379 810/666/1380 
f 810/666/1380 831/687/1381 807/663/1382 
f 832/688/1383 810/666/1380 830/686/1383 
f 833/689/1381 807/663/1382 831/687/1381 
f 810/666/1380 832/688/1384 831/687/1384 
f 834/690/1385 807/663/1382 833/689/1385 
f 807/663/1382 834/690/1386 805/661/1387 
f 835/691/1386 805/661/1387 834/690/1386 
f 805/661/1387 836/692/1388 803/659/1389 
f 836/692/323 805/661/1387 835/691/323 
f 803/659/1389 837/693/1390 801/657/1391 
f 838/694/1392 803/659/1389 836/692/1392 
f 801/657/1391 839/695/1393 799/655/1394 
f 837/693/1395 803/659/1389 838/694/1395 
f 799/655/1394 840/696/1396 797/653/1397 
f 841/697/1398 799/655/1394 839/695/1398 
f 797/653/1397 842/698/1399 795/651/1400 
f 843/699/1401 797/653/1397 840/696/1401 
f 793/649/1402 795/651/1400 844/700/1403 
f 845/701/1404 793/649/1402 844/700/1404 
f 846/702/1405 844/700/1405 795/651/1400 
f 793/649/1402 845/701/1406 791/647/1407 
f 791/647/1407 847/703/1408 789/645/1409 
f 848/704/1410 791/647/1407 845/701/1410 
f 789/645/1409 849/705/1411 787/643/1412 
f 847/703/1413 791/647/1407 848/704/1413 
f 787/643/1412 850/706/1414 785/641/1415 
f 851/707/1416 789/645/1409 847/703/1416 
f 785/641/1415 852/708/1417 783/639/1418 
f 849/705/1419 789/645/1409 851/707/1419 
f 783/639/1418 853/709/1420 781/637/1421 
f 854/710/1417 783/639/1418 852/708/1417 
f 781/637/1421 855/711/1422 779/635/1423 
f 856/712/1424 857/713/1424 779/635/1423 
f 858/714/1425 779/635/1423 855/711/1425 
f 777/633/1426 779/635/1423 857/713/1427 
f 779/635/1423 858/714/1428 856/712/1428 
f 859/715/1429 860/716/1429 777/633/1426 
f 777/633/1426 857/713/1430 859/715/1430 
f 775/631/1431 777/633/1426 860/716/1429 
f 775/631/1431 860/716/1432 861/717/1432 
f 861/717/1433 862/718/1433 775/631/1431 
f 773/629/1434 775/631/1431 862/718/1435 
f 863/719/1436 864/720/1436 773/629/1434 
f 773/629/1434 862/718/1437 863/719/1437 
f 771/627/1438 773/629/1434 864/720/1436 
f 771/627/1438 864/720/1439 865/721/1439 
f 865/721/1440 866/722/1440 771/627/1438 
f 769/625/1347 771/627/1438 866/722/1441 
f 769/625/1347 866/722/381 817/673/381 
f 744/572/1442 867/571/1442 694/573/1442 
f 868/723/1443 787/643/1412 849/705/1443 
f 850/706/1444 787/643/1412 868/723/1444 
f 869/724/1414 785/641/1415 850/706/1414 
f 852/708/1445 785/641/1415 869/724/1445 
f 853/709/1446 783/639/1418 854/710/1446 
f 732/569/1447 694/573/1447 867/571/1447 
f 870/725/1420 781/637/1421 853/709/1420 
f 855/711/1448 781/637/1421 870/725/1448 
f 871/726/1390 801/657/1391 837/693/1390 
f 839/695/1449 801/657/1391 871/726/1449 
f 840/696/309 799/655/1394 841/697/309 
f 867/569/1450 744/570/1450 872/571/1450 
f 842/698/1451 797/653/1397 843/699/1451 
f 741/572/1452 873/571/1452 744/573/1452 
f 874/727/1453 795/651/1400 842/698/1453 
f 846/702/1454 795/651/1400 874/727/1454 
f 830/728/1455 829/728/1455 875/729/1456 
f 875/729/1456 876/729/1457 831/728/1458 
f 832/728/1459 830/728/1459 875/729/1456 
f 833/728/1458 831/728/1458 876/729/1457 
f 831/728/1460 832/728/1460 875/729/1456 
f 876/729/1457 877/729/1461 836/728/1462 
f 837/728/1463 838/728/1463 877/729/1461 
f 838/728/1462 836/728/1462 877/729/1461 
f 871/728/1464 837/728/1464 877/729/1461 
f 877/729/1461 878/730/1465 839/728/1466 
f 840/731/1467 841/728/1467 878/730/1465 
f 841/728/1468 839/728/1468 878/730/1465 
f 843/731/1469 840/731/1469 878/730/1465 
f 878/730/1465 879/730/1470 842/731/1471 
f 846/731/1472 874/731/1472 879/730/1470 
f 874/731/1473 842/731/1473 879/730/1470 
f 844/731/1474 846/731/1474 879/730/1470 
f 879/730/1470 880/732/1475 845/731/1476 
f 847/733/1477 848/733/1477 880/732/1475 
f 848/733/1478 845/731/1478 880/732/1475 
f 851/733/1479 847/733/1479 880/732/1475 
f 880/732/1475 881/732/1480 849/733/1481 
f 850/733/1482 868/733/1482 881/732/1480 
f 868/733/1483 849/733/1483 881/732/1480 
f 869/733/1484 850/733/1484 881/732/1480 
f 881/732/1480 882/732/1485 852/733/1486 
f 853/733/1487 854/733/1487 882/732/1485 
f 854/733/1486 852/733/1486 882/732/1485 
f 870/734/1488 853/733/1488 882/732/1485 
f 882/732/1485 883/732/1489 855/734/1490 
f 856/734/1491 858/734/1491 883/732/1489 
f 858/734/1492 855/734/1492 883/732/1489 
f 857/734/1493 856/734/1493 883/732/1489 
f 883/732/1489 884/732/1494 859/733/1495 
f 861/733/1496 860/733/1496 884/732/1494 
f 860/733/1497 859/733/1497 884/732/1494 
f 862/733/1498 861/733/1498 884/732/1494 
f 884/732/1494 885/732/1499 863/733/1500 
f 865/733/1501 864/733/1501 885/732/1499 
f 864/733/1500 863/733/1500 885/732/1499 
f 866/733/1502 865/733/1502 885/732/1499 
f 885/732/1499 886/730/1503 817/733/1504 
f 812/731/1505 814/733/1505 886/730/1503 
f 814/733/1504 817/733/1504 886/730/1503 
f 813/731/1506 812/731/1506 886/730/1503 
f 886/730/1503 887/730/1507 815/731/1508 
f 818/731/1509 816/731/1509 887/730/1507 
f 816/731/1510 815/731/1510 887/730/1507 
f 819/731/1511 818/731/1511 887/730/1507 
f 887/730/1507 888/729/1512 820/731/1513 
f 822/728/1514 821/728/1514 888/729/1512 
f 821/728/1515 820/731/1515 888/729/1512 
f 823/728/1516 822/728/1516 888/729/1512 
f 888/729/1512 889/729/1517 824/728/1518 
f 826/728/1519 825/728/1519 889/729/1517 
f 825/728/1520 824/728/1520 889/729/1517 
f 827/728/1521 826/728/1521 889/729/1517 
f 889/729/1517 875/729/1456 828/728/1522 
f 828/728/1523 827/728/1523 889/729/1517 
f 829/728/1524 828/728/1524 875/729/1456 
f 824/728/1525 823/728/1525 888/729/1512 
f 872/569/1452 744/573/1452 873/571/1452 
f 820/731/1526 819/731/1526 887/730/1507 
f 873/569/1527 741/570/1527 890/571/1527 
f 815/731/1528 813/731/1528 886/730/1503 
f 738/572/1529 891/571/1529 741/573/1529 
f 817/733/1530 866/733/1530 885/732/1499 
f 890/569/1531 741/573/1531 891/571/1531 
f 863/733/1532 862/733/1532 884/732/1494 
f 891/569/1533 738/570/1533 892/571/1533 
f 859/733/1534 857/734/1534 883/732/1489 
f 735/572/1535 893/571/1535 738/573/1535 
f 855/734/1536 870/734/1536 882/732/1485 
f 892/569/1535 738/573/1535 893/571/1535 
f 852/733/1537 869/733/1537 881/732/1480 
f 893/569/1538 735/570/1538 894/571/1538 
f 849/733/1539 851/733/1539 880/732/1475 
f 660/572/1540 659/571/1540 735/573/1540 
f 845/731/1541 844/731/1541 879/730/1470 
f 894/569/1542 735/573/1542 659/571/1542 
f 842/731/1543 843/731/1543 878/730/1465 
f 677/572/1544 676/571/1544 672/573/1544 
f 839/728/1545 871/728/1545 877/729/1461 
f 674/569/1546 672/573/1546 676/571/1546 
f 834/728/1547 833/728/1547 876/729/1457 
f 836/728/1548 835/728/1548 876/729/1457 
f 835/728/1549 834/728/1549 876/729/1457 
# 0 polygons - 1339 triangles

