# 3ds Max Wavefront OBJ Exporter v0.99 - (c)2007 guruware
# File Created: 05.04.2025 21:16:28

mtllib alumbradopublicocdmxversioncompugrafica.mtl

#
# object polySurface60
#

v  0.3518 0.0526 -0.2434
v  0.1344 0.0526 -0.3938
v  0.1344 0.7299 -0.3938
v  0.3518 0.7299 -0.2434
v  -0.1344 0.0526 -0.3938
v  -0.1344 0.7299 -0.3938
v  -0.3518 0.0526 -0.2434
v  -0.3518 0.7299 -0.2434
v  -0.4348 0.0526 -0.0000
v  -0.4348 0.7299 -0.0000
v  -0.3518 0.0526 0.2434
v  -0.3518 0.7299 0.2434
v  -0.1344 0.0526 0.3938
v  -0.1344 0.7299 0.3938
v  0.1344 0.0526 0.3938
v  0.1344 0.7299 0.3938
v  0.3518 0.0526 0.2434
v  0.3518 0.7299 0.2434
v  0.4348 0.0526 -0.0000
v  0.4348 0.7299 -0.0000
v  -0.0908 0.8392 0.2662
v  -0.2378 0.8392 0.1645
v  -0.2939 0.8392 -0.0000
v  -0.2378 0.8392 -0.1645
v  -0.0908 0.8392 -0.2662
v  0.0908 0.8392 -0.2662
v  0.2378 0.8392 -0.1645
v  0.2939 0.8392 -0.0000
v  0.2378 0.8392 0.1645
v  0.0908 0.8392 0.2662
v  -0.1146 0.9766 0.3359
v  -0.3001 0.9766 0.2076
v  -0.3709 0.9766 -0.0000
v  -0.3001 0.9766 -0.2076
v  -0.1146 0.9766 -0.3359
v  0.1146 0.9766 -0.3359
v  0.3001 0.9766 -0.2076
v  0.3709 0.9766 -0.0000
v  0.3001 0.9766 0.2076
v  0.1146 0.9766 0.3359
v  0.3266 0.9766 -0.2259
v  0.1247 0.9766 -0.3656
v  0.1247 1.0284 -0.3656
v  0.3266 1.0284 -0.2259
v  -0.1247 0.9766 -0.3656
v  -0.1247 1.0284 -0.3656
v  -0.3266 0.9766 -0.2259
v  -0.3266 1.0284 -0.2259
v  -0.4037 0.9766 -0.0000
v  -0.4037 1.0284 -0.0000
v  -0.3266 0.9766 0.2259
v  -0.3266 1.0284 0.2259
v  -0.1247 0.9766 0.3656
v  -0.1247 1.0284 0.3656
v  0.1247 0.9766 0.3656
v  0.1247 1.0284 0.3656
v  0.3266 0.9766 0.2259
v  0.3266 1.0284 0.2259
v  0.4037 0.9766 -0.0000
v  0.4037 1.0284 -0.0000
v  0.3001 1.0284 -0.2076
v  0.1146 1.0284 -0.3359
v  0.0789 1.1097 -0.2311
v  0.2064 1.1097 -0.1428
v  -0.1146 1.0284 -0.3359
v  -0.0789 1.1097 -0.2311
v  -0.3001 1.0284 -0.2076
v  -0.2064 1.1097 -0.1428
v  -0.3709 1.0284 -0.0000
v  -0.2552 1.1097 -0.0000
v  -0.3001 1.0284 0.2076
v  -0.2064 1.1097 0.1428
v  -0.1146 1.0284 0.3359
v  -0.0789 1.1097 0.2311
v  0.1146 1.0284 0.3359
v  0.0789 1.1097 0.2311
v  0.3001 1.0284 0.2076
v  0.2064 1.1097 0.1428
v  0.3709 1.0284 -0.0000
v  0.2552 1.1097 -0.0000
v  -0.0656 1.2012 0.1924
v  0.0657 1.2012 0.1924
v  0.0619 1.3079 0.1815
v  -0.0619 1.3079 0.1815
v  -0.1719 1.2012 0.1189
v  -0.1621 1.3079 0.1122
v  -0.2124 1.2012 -0.0000
v  -0.2004 1.3079 -0.0000
v  -0.1719 1.2012 -0.1189
v  -0.1621 1.3079 -0.1122
v  -0.0656 1.2012 -0.1924
v  -0.0619 1.3079 -0.1815
v  0.0657 1.2012 -0.1924
v  0.0619 1.3079 -0.1815
v  0.1719 1.2012 -0.1189
v  0.1621 1.3079 -0.1122
v  0.2124 1.2012 -0.0000
v  0.2004 1.3079 -0.0000
v  0.1719 1.2012 0.1189
v  0.1621 1.3079 0.1122
v  0.1886 1.3079 -0.1305
v  0.0721 1.3079 -0.2112
v  0.0721 1.3768 -0.2112
v  0.1886 1.3768 -0.1305
v  -0.0721 1.3079 -0.2112
v  -0.0721 1.3768 -0.2112
v  -0.1886 1.3079 -0.1305
v  -0.1886 1.3768 -0.1305
v  -0.2332 1.3079 -0.0000
v  -0.2332 1.3768 -0.0000
v  -0.1886 1.3079 0.1305
v  -0.1886 1.3768 0.1305
v  -0.0721 1.3079 0.2112
v  -0.0721 1.3768 0.2112
v  0.0721 1.3079 0.2112
v  0.0721 1.3768 0.2112
v  0.1886 1.3079 0.1305
v  0.1886 1.3768 0.1305
v  0.2332 1.3079 -0.0000
v  0.2332 1.3768 -0.0000
v  0.0619 1.3768 -0.1815
v  0.1621 1.3768 -0.1122
v  -0.0619 1.3768 -0.1815
v  -0.1621 1.3768 -0.1122
v  -0.2004 1.3768 -0.0000
v  -0.1621 1.3768 0.1122
v  -0.0619 1.3768 0.1815
v  0.0619 1.3768 0.1815
v  0.1621 1.3768 0.1122
v  0.2004 1.3768 -0.0000
v  0.0482 5.2053 -0.1411
v  0.1261 5.2053 -0.0872
v  -0.0482 5.2053 -0.1411
v  -0.1261 5.2053 -0.0872
v  -0.1558 5.2053 -0.0000
v  -0.1261 5.2053 0.0872
v  -0.0482 5.2053 0.1411
v  0.0482 5.2053 0.1411
v  0.1261 5.2053 0.0872
v  0.1558 5.2053 -0.0000
v  -0.1531 5.2057 0.1059
v  -0.0585 5.2057 0.1714
v  -0.0584 5.2469 0.1710
v  -0.1528 5.2469 0.1057
v  -0.1893 5.2057 -0.0000
v  -0.1888 5.2469 -0.0000
v  -0.1531 5.2057 -0.1059
v  -0.1528 5.2469 -0.1057
v  -0.0585 5.2057 -0.1714
v  -0.0584 5.2469 -0.1710
v  0.0585 5.2057 -0.1714
v  0.0584 5.2469 -0.1710
v  0.1531 5.2057 -0.1059
v  0.1528 5.2469 -0.1057
v  0.1893 5.2057 -0.0000
v  0.1888 5.2469 -0.0000
v  0.1531 5.2057 0.1059
v  0.1528 5.2469 0.1057
v  0.0585 5.2057 0.1714
v  0.0584 5.2469 0.1710
v  0.0462 5.7857 0.1354
v  0.1209 5.7857 0.0837
v  0.0991 5.8143 0.0686
v  0.0379 5.8143 0.1110
v  -0.0462 5.7857 0.1354
v  -0.0379 5.8143 0.1110
v  -0.1209 5.7857 0.0837
v  -0.0991 5.8143 0.0686
v  -0.1495 5.7857 0.0000
v  -0.1226 5.8143 -0.0000
v  -0.1209 5.7857 -0.0837
v  -0.0991 5.8143 -0.0686
v  -0.0462 5.7857 -0.1354
v  -0.0379 5.8143 -0.1110
v  0.0462 5.7857 -0.1354
v  0.0379 5.8143 -0.1110
v  0.1209 5.7857 -0.0837
v  0.0991 5.8143 -0.0686
v  0.1495 5.7857 -0.0000
v  0.1226 5.8143 -0.0000
v  0.0631 11.1361 0.0436
v  0.0241 11.1361 0.0706
v  -0.0241 11.1361 0.0706
v  -0.0631 11.1361 0.0436
v  -0.0780 11.1361 0.0000
v  -0.0631 11.1361 -0.0436
v  -0.0241 11.1361 -0.0706
v  0.0241 11.1361 -0.0706
v  0.0631 11.1361 -0.0436
v  0.0780 11.1361 -0.0000
v  -0.0463 5.7401 0.1358
v  0.0463 5.7401 0.1358
v  -0.1213 5.7401 0.0839
v  -0.1500 5.7401 0.0000
v  -0.1213 5.7401 -0.0839
v  -0.0463 5.7401 -0.1358
v  0.0463 5.7401 -0.1358
v  0.1213 5.7401 -0.0839
v  0.1500 5.7401 -0.0000
v  0.1213 5.7401 0.0839
v  -0.0568 5.7045 0.1665
v  0.0568 5.7045 0.1665
v  0.0567 5.7405 0.1661
v  -0.0567 5.7405 0.1661
v  -0.1487 5.7045 0.1029
v  -0.1484 5.7405 0.1027
v  -0.1838 5.7045 0.0000
v  -0.1834 5.7405 0.0000
v  -0.1487 5.7045 -0.1029
v  -0.1484 5.7405 -0.1027
v  -0.0568 5.7045 -0.1665
v  -0.0567 5.7405 -0.1661
v  0.0568 5.7045 -0.1665
v  0.0567 5.7405 -0.1661
v  0.1487 5.7045 -0.1029
v  0.1484 5.7405 -0.1027
v  0.1838 5.7045 -0.0000
v  0.1834 5.7405 -0.0000
v  0.1487 5.7045 0.1029
v  0.1484 5.7405 0.1027
v  -0.0480 5.2465 0.1407
v  0.0480 5.2465 0.1407
v  0.0465 5.7042 0.1362
v  -0.0465 5.7042 0.1362
v  -0.1257 5.2465 0.0870
v  -0.1217 5.7042 0.0842
v  -0.1554 5.2465 -0.0000
v  -0.1504 5.7042 0.0000
v  -0.1257 5.2465 -0.0870
v  -0.1217 5.7042 -0.0842
v  -0.0480 5.2465 -0.1407
v  -0.0465 5.7042 -0.1362
v  0.0480 5.2465 -0.1407
v  0.0465 5.7042 -0.1362
v  0.1257 5.2465 -0.0870
v  0.1217 5.7042 -0.0842
v  0.1554 5.2465 -0.0000
v  0.1504 5.7042 -0.0000
v  0.1257 5.2465 0.0870
v  0.1217 5.7042 0.0842
v  -0.0878 11.1363 0.0608
v  -0.0336 11.1363 0.0983
v  -0.0328 11.8140 0.0961
v  -0.0858 11.8140 0.0594
v  -0.1086 11.1363 0.0000
v  -0.1061 11.8140 0.0000
v  -0.0878 11.1363 -0.0608
v  -0.0858 11.8140 -0.0594
v  -0.0336 11.1363 -0.0983
v  -0.0328 11.8140 -0.0961
v  0.0336 11.1363 -0.0983
v  0.0328 11.8140 -0.0961
v  0.0878 11.1363 -0.0608
v  0.0858 11.8140 -0.0594
v  0.1086 11.1363 -0.0000
v  0.1061 11.8140 -0.0000
v  0.0878 11.1363 0.0608
v  0.0858 11.8140 0.0594
v  0.0336 11.1363 0.0983
v  0.0328 11.8140 0.0961
v  -0.0233 11.8138 0.0683
v  -0.0611 11.8138 0.0422
v  -0.0755 11.8138 0.0000
v  -0.0611 11.8138 -0.0422
v  -0.0233 11.8138 -0.0683
v  0.0233 11.8138 -0.0683
v  0.0611 11.8138 -0.0422
v  0.0755 11.8138 -0.0000
v  0.0611 11.8138 0.0422
v  0.0233 11.8138 0.0683
v  0.0144 12.0616 -0.0421
v  0.0376 12.0616 -0.0260
v  -0.0144 12.0616 -0.0421
v  -0.0376 12.0616 -0.0260
v  -0.0464 12.0616 0.0000
v  -0.0376 12.0616 0.0260
v  -0.0144 12.0616 0.0421
v  0.0144 12.0616 0.0421
v  0.0376 12.0616 0.0260
v  0.0465 12.0616 0.0000
v  -0.0103 12.2175 0.0302
v  0.0103 12.2175 0.0302
v  0.0000 12.4852 0.0000
v  -0.0269 12.2175 0.0187
v  -0.0333 12.2175 -0.0000
v  -0.0269 12.2175 -0.0186
v  -0.0103 12.2175 -0.0302
v  0.0103 12.2175 -0.0302
v  0.0270 12.2175 -0.0186
v  0.0333 12.2175 0.0000
v  0.0270 12.2175 0.0186
v  -0.0187 12.0628 0.0549
v  0.0187 12.0628 0.0549
v  0.0168 12.1392 0.0491
v  -0.0167 12.1392 0.0491
v  -0.0491 12.0628 0.0339
v  -0.0439 12.1392 0.0303
v  -0.0606 12.0628 -0.0000
v  -0.0542 12.1392 -0.0000
v  -0.0491 12.0628 -0.0339
v  -0.0439 12.1392 -0.0303
v  -0.0187 12.0628 -0.0549
v  -0.0167 12.1392 -0.0491
v  0.0187 12.0628 -0.0549
v  0.0168 12.1392 -0.0491
v  0.0491 12.0628 -0.0339
v  0.0439 12.1392 -0.0303
v  0.0607 12.0628 0.0000
v  0.0542 12.1392 0.0000
v  0.0491 12.0628 0.0339
v  0.0439 12.1392 0.0303
v  -0.0147 12.2187 0.0430
v  0.0147 12.2187 0.0430
v  -0.0384 12.2187 0.0266
v  -0.0475 12.2187 -0.0000
v  -0.0384 12.2187 -0.0266
v  -0.0147 12.2187 -0.0430
v  0.0147 12.2187 -0.0430
v  0.0384 12.2187 -0.0266
v  0.0475 12.2187 0.0000
v  0.0384 12.2187 0.0266
v  0.0163 12.1562 0.0478
v  0.0427 12.1562 0.0295
v  -0.0163 12.1562 0.0478
v  -0.0427 12.1562 0.0295
v  -0.0528 12.1562 -0.0000
v  -0.0427 12.1562 -0.0295
v  -0.0163 12.1562 -0.0478
v  0.0163 12.1562 -0.0478
v  0.0427 12.1562 -0.0295
v  0.0528 12.1562 0.0000
v  0.0332 12.1437 0.0972
v  0.0868 12.1437 0.0601
v  0.0857 12.1607 0.0593
v  0.0327 12.1607 0.0959
v  -0.0332 12.1437 0.0972
v  -0.0327 12.1607 0.0959
v  -0.0868 12.1437 0.0601
v  -0.0857 12.1607 0.0593
v  -0.1073 12.1437 -0.0000
v  -0.1059 12.1607 -0.0000
v  -0.0868 12.1437 -0.0601
v  -0.0857 12.1607 -0.0593
v  -0.0332 12.1437 -0.0972
v  -0.0327 12.1607 -0.0959
v  0.0332 12.1437 -0.0972
v  0.0327 12.1607 -0.0959
v  0.0868 12.1437 -0.0601
v  0.0857 12.1607 -0.0593
v  0.1073 12.1437 0.0000
v  0.1059 12.1607 0.0000
v  -3.5891 11.7254 -0.0303
v  -3.5891 11.7598 -0.0378
v  0.9001 11.7598 -0.0378
v  0.9001 11.7254 -0.0303
v  -3.5891 11.7875 -0.0168
v  0.9001 11.7875 -0.0168
v  -3.5891 11.7875 0.0168
v  0.9001 11.7875 0.0168
v  -3.5891 11.7598 0.0378
v  0.9001 11.7598 0.0378
v  -3.5891 11.7254 0.0303
v  0.9001 11.7254 0.0303
v  -3.5891 11.7101 -0.0000
v  0.9001 11.7101 -0.0000
v  -3.5891 11.7508 -0.0000
v  1.1915 11.7508 -0.0000
v  -2.2797 11.0345 -0.2785
v  -2.4554 11.0345 -0.5088
v  -2.7047 11.2367 -0.2407
v  -2.6216 11.2367 -0.1318
v  -2.7143 11.0345 -0.6511
v  -2.8272 11.2367 -0.3081
v  -3.0117 11.0345 -0.6809
v  -2.9679 11.2367 -0.3222
v  -3.2960 11.0345 -0.5929
v  -3.1025 11.2367 -0.2805
v  -3.5182 11.0345 -0.4024
v  -3.2076 11.2367 -0.1904
v  -3.6398 11.0345 -0.1423
v  -3.2651 11.2367 -0.0674
v  -3.6398 11.0345 0.1423
v  -3.2651 11.2367 0.0674
v  -3.5182 11.0345 0.4024
v  -3.2076 11.2367 0.1904
v  -3.2960 11.0345 0.5929
v  -3.1025 11.2367 0.2805
v  -3.0117 11.0345 0.6809
v  -2.9679 11.2367 0.3222
v  -2.7143 11.0345 0.6511
v  -2.8272 11.2367 0.3081
v  -2.4554 11.0345 0.5088
v  -2.7047 11.2367 0.2407
v  -2.2797 11.0345 0.2785
v  -2.6216 11.2367 0.1318
v  -2.2175 11.0345 -0.0000
v  -2.5922 11.2367 -0.0000
v  -2.4595 11.0064 -0.5044
v  -2.2853 11.0064 -0.2761
v  -2.9324 11.1624 -0.0000
v  -2.7162 11.0064 -0.6456
v  -3.0110 11.0064 -0.6751
v  -3.2930 11.0064 -0.5879
v  -3.5133 11.0064 -0.3990
v  -3.6338 11.0064 -0.1411
v  -3.6338 11.0064 0.1411
v  -3.5133 11.0064 0.3990
v  -3.2930 11.0064 0.5879
v  -3.0110 11.0064 0.6751
v  -2.7162 11.0064 0.6456
v  -2.4595 11.0064 0.5044
v  -2.2853 11.0064 0.2761
v  -2.2237 11.0064 -0.0000
v  -2.8447 11.3609 0.2574
v  -2.9623 11.3609 0.2692
v  -3.0747 11.3609 0.2344
v  -3.1625 11.3609 0.1591
v  -3.2106 11.3609 0.0563
v  -3.2106 11.3609 -0.0563
v  -3.1625 11.3609 -0.1591
v  -3.0747 11.3609 -0.2344
v  -2.9623 11.3609 -0.2692
v  -2.8447 11.3609 -0.2574
v  -2.7424 11.3609 -0.2011
v  -2.6729 11.3609 -0.1101
v  -2.6483 11.3609 -0.0000
v  -2.6729 11.3609 0.1101
v  -2.7424 11.3609 0.2011
v  -2.9539 11.4702 0.1949
v  -3.0353 11.4702 0.1697
v  -3.0989 11.4702 0.1152
v  -3.1337 11.4702 0.0407
v  -3.1337 11.4702 -0.0407
v  -3.0989 11.4702 -0.1152
v  -3.0353 11.4702 -0.1697
v  -2.9539 11.4702 -0.1949
v  -2.8688 11.4702 -0.1864
v  -2.7947 11.4702 -0.1456
v  -2.7444 11.4702 -0.0797
v  -2.7266 11.4702 -0.0000
v  -2.7444 11.4702 0.0797
v  -2.7947 11.4702 0.1456
v  -2.8688 11.4702 0.1864
v  -2.9103 11.5060 0.0602
v  -2.9378 11.5060 0.0629
v  -2.9641 11.5060 0.0548
v  -2.9846 11.5060 0.0372
v  -2.9958 11.5060 0.0132
v  -2.9958 11.5060 -0.0132
v  -2.9846 11.5060 -0.0372
v  -2.9641 11.5060 -0.0548
v  -2.9378 11.5060 -0.0629
v  -2.9103 11.5060 -0.0602
v  -2.8864 11.5060 -0.0470
v  -2.8702 11.5060 -0.0257
v  -2.8644 11.5060 -0.0000
v  -2.8702 11.5060 0.0257
v  -2.8864 11.5060 0.0470
v  -2.8864 11.6447 -0.0470
v  -2.8702 11.6447 -0.0257
v  -2.9103 11.6447 -0.0602
v  -2.9378 11.6447 -0.0629
v  -2.9641 11.6447 -0.0548
v  -2.9846 11.6447 -0.0372
v  -2.9958 11.6447 -0.0132
v  -2.9958 11.6447 0.0132
v  -2.9846 11.6447 0.0372
v  -2.9641 11.6447 0.0548
v  -2.9378 11.6447 0.0629
v  -2.9103 11.6447 0.0602
v  -2.8864 11.6447 0.0470
v  -2.8702 11.6447 0.0257
v  -2.8644 11.6447 -0.0000
v  -2.9308 12.0788 0.0000
v  -0.7405 11.5808 0.0195
v  -0.6838 11.6967 0.0194
v  -0.6829 11.6977 -0.0194
v  -0.7405 11.5807 -0.0193
v  -0.2038 11.3966 -0.0194
v  -0.1655 11.4354 -0.0194
v  -0.0984 11.2647 -0.0193
v  -0.1505 11.2448 -0.0194
v  -0.1655 11.4354 0.0194
v  -0.0984 11.2647 0.0194
v  -0.2038 11.3965 0.0194
v  -0.1506 11.2454 0.0194
v  -0.5123 11.6553 0.0194
v  -0.5093 11.7148 0.0194
v  -0.6004 11.7224 0.0194
v  -0.5796 11.6689 0.0194
v  -0.5093 11.7148 -0.0194
v  -0.6004 11.7224 -0.0194
v  -0.5123 11.6553 -0.0194
v  -0.5796 11.6688 -0.0194
v  -0.6894 11.5733 -0.0193
v  -0.6894 11.5734 0.0195
v  -0.6366 11.6496 -0.0194
v  -0.6360 11.6500 0.0194
v  -0.0940 11.1802 0.0194
v  -0.0939 11.1803 -0.0194
v  -0.1831 11.1359 0.0194
v  -0.1831 11.1359 -0.0194
v  -0.1677 11.0907 -0.0194
v  -0.1678 11.0907 0.0194
v  -0.1488 11.1897 0.0194
v  -0.1488 11.1905 -0.0194
v  -0.3405 11.5653 0.0194
v  -0.3405 11.5653 -0.0194
v  -0.3210 11.6151 -0.0194
v  -0.3210 11.6151 0.0194
v  0.7529 11.5665 -0.0194
v  0.7005 11.6845 -0.0193
v  0.6997 11.6854 0.0194
v  0.7529 11.5664 0.0193
v  0.2097 11.4025 0.0194
v  0.1729 11.4427 0.0194
v  0.0994 11.2746 0.0194
v  0.1507 11.2528 0.0194
v  0.1729 11.4427 -0.0194
v  0.0994 11.2746 -0.0194
v  0.2097 11.4024 -0.0194
v  0.1508 11.2534 -0.0193
v  0.5275 11.6495 -0.0193
v  0.5268 11.7091 -0.0193
v  0.6181 11.7133 -0.0193
v  0.5949 11.6605 -0.0194
v  0.5268 11.7091 0.0195
v  0.6182 11.7132 0.0195
v  0.5276 11.6495 0.0195
v  0.5949 11.6605 0.0194
v  0.7015 11.5609 0.0194
v  0.7016 11.5610 -0.0194
v  0.6512 11.6392 0.0194
v  0.6505 11.6395 -0.0194
v  0.0918 11.1904 -0.0194
v  0.0918 11.1904 0.0194
v  0.1792 11.1427 -0.0193
v  0.1792 11.1428 0.0195
v  0.1622 11.0982 0.0195
v  0.1622 11.0982 -0.0193
v  0.1470 11.1978 -0.0193
v  0.1469 11.1986 0.0194
v  0.3525 11.5659 -0.0193
v  0.3525 11.5659 0.0194
v  0.3349 11.6165 0.0194
v  0.3349 11.6165 -0.0193
# 546 vertices

vn 0.5878 0.0000 -0.8090
vn 0.5832 0.1245 -0.8027
vn -0.0000 0.0000 -1.0000
vn -0.0000 0.1245 -0.9922
vn -0.5878 0.0000 -0.8090
vn -0.5832 0.1245 -0.8027
vn -0.9511 0.0000 -0.3090
vn -0.9437 0.1245 -0.3066
vn -0.9511 0.0000 0.3090
vn -0.9437 0.1245 0.3066
vn -0.5878 0.0000 0.8090
vn -0.5832 0.1245 0.8027
vn 0.0000 0.0000 1.0000
vn 0.0000 0.1245 0.9922
vn 0.5878 0.0000 0.8090
vn 0.5832 0.1245 0.8027
vn 0.9511 0.0000 0.3090
vn 0.9437 0.1245 0.3066
vn 0.9511 0.0000 -0.3090
vn 0.9437 0.1245 -0.3066
vn -0.5614 0.2962 0.7727
vn -0.9084 0.2962 0.2951
vn -0.9084 0.2962 -0.2951
vn -0.5614 0.2962 -0.7727
vn -0.0000 0.2962 -0.9551
vn 0.0000 0.2962 -0.9551
vn 0.5614 0.2962 -0.7727
vn 0.9084 0.2962 -0.2951
vn 0.9084 0.2962 -0.2952
vn 0.9084 0.2962 0.2951
vn 0.5614 0.2962 0.7727
vn 0.0000 0.2962 0.9551
vn -0.0000 0.2962 0.9551
vn -0.5187 -0.4704 0.7139
vn -0.8393 -0.4704 0.2727
vn -0.8393 -0.4704 -0.2727
vn -0.5187 -0.4704 -0.7139
vn 0.0000 -0.4704 -0.8824
vn 0.5187 -0.4704 -0.7139
vn 0.8393 -0.4704 -0.2727
vn 0.8393 -0.4704 0.2727
vn 0.5187 -0.4704 0.7139
vn 0.0000 -0.4704 0.8824
vn 0.0000 0.0000 -1.0000
vn 0.3493 0.8042 -0.4808
vn 0.4175 0.7039 -0.5747
vn -0.0000 0.8042 -0.5943
vn -0.0000 0.7038 -0.7103
vn 0.0000 0.7038 -0.7103
vn -0.3493 0.8042 -0.4808
vn -0.4175 0.7039 -0.5747
vn -0.4175 0.7038 -0.5747
vn -0.5652 0.8042 -0.1836
vn -0.6756 0.7039 -0.2195
vn -0.5652 0.8042 0.1836
vn -0.6756 0.7039 0.2195
vn -0.3493 0.8042 0.4808
vn -0.4175 0.7038 0.5747
vn -0.4175 0.7039 0.5747
vn 0.0000 0.8042 0.5943
vn 0.0000 0.7038 0.7103
vn -0.0000 0.7038 0.7103
vn 0.3493 0.8042 0.4808
vn 0.4175 0.7039 0.5747
vn 0.5652 0.8042 0.1837
vn 0.6756 0.7039 0.2195
vn 0.5652 0.8042 -0.1837
vn 0.6756 0.7039 -0.2195
vn -0.0000 0.2713 0.9625
vn 0.0000 0.2713 0.9625
vn 0.0000 0.1069 0.9943
vn -0.5657 0.2713 0.7787
vn -0.5844 0.1069 0.8044
vn -0.9154 0.2713 0.2974
vn -0.9456 0.1069 0.3072
vn -0.9154 0.2713 -0.2974
vn -0.9456 0.1069 -0.3072
vn -0.5657 0.2714 -0.7787
vn -0.5657 0.2713 -0.7787
vn -0.5844 0.1069 -0.8044
vn 0.0000 0.2714 -0.9625
vn 0.0000 0.2713 -0.9625
vn 0.0000 0.1069 -0.9943
vn 0.5657 0.2713 -0.7787
vn 0.5657 0.2714 -0.7787
vn 0.5844 0.1069 -0.8044
vn 0.9154 0.2713 -0.2974
vn 0.9154 0.2714 -0.2974
vn 0.9456 0.1069 -0.3073
vn 0.9154 0.2713 0.2974
vn 0.9456 0.1069 0.3073
vn 0.5657 0.2713 0.7787
vn 0.5844 0.1069 0.8044
vn -0.9511 -0.0000 0.3090
vn 0.0000 -1.0000 -0.0000
vn 0.0000 1.0000 -0.0000
vn -0.0000 1.0000 -0.0000
vn -0.0000 -1.0000 0.0000
vn 0.0000 1.0000 0.0000
vn 0.0000 -1.0000 0.0000
vn -0.0000 1.0000 0.0000
vn 0.5877 0.0111 -0.8090
vn 0.0000 0.0111 -0.9999
vn -0.5878 0.0111 -0.8090
vn -0.9510 0.0111 -0.3090
vn -0.9510 0.0111 0.3090
vn -0.5878 0.0111 0.8090
vn -0.0000 0.0111 0.9999
vn 0.5878 0.0111 0.8090
vn 0.9510 0.0111 0.3090
vn 0.9510 0.0111 -0.3090
vn -0.5878 0.0104 0.8090
vn -0.9510 0.0104 0.3090
vn -0.9510 0.0104 -0.3090
vn -0.5878 0.0104 -0.8090
vn 0.0000 0.0104 -0.9999
vn 0.5878 0.0104 -0.8090
vn 0.9510 0.0104 -0.3090
vn 0.9510 0.0104 0.3090
vn 0.5878 0.0104 0.8090
vn -0.0000 0.0104 0.9999
vn 0.5625 0.2892 0.7745
vn 0.5627 0.2892 0.7744
vn 0.5877 0.0153 0.8089
vn -0.0002 0.2892 0.9573
vn -0.0000 0.2892 0.9573
vn -0.0000 0.0153 0.9999
vn -0.5628 0.2892 0.7743
vn -0.5627 0.2892 0.7744
vn -0.5877 0.0153 0.8089
vn -0.9105 0.2892 0.2957
vn -0.9104 0.2892 0.2958
vn -0.9509 0.0153 0.3090
vn -0.9104 0.2892 -0.2960
vn -0.9104 0.2892 -0.2958
vn -0.9509 0.0153 -0.3090
vn -0.5625 0.2892 -0.7745
vn -0.5627 0.2892 -0.7744
vn -0.5877 0.0153 -0.8089
vn 0.0002 0.2892 -0.9573
vn 0.0000 0.2892 -0.9573
vn -0.0000 0.0153 -0.9999
vn 0.0000 0.0153 -0.9999
vn 0.5628 0.2892 -0.7743
vn 0.5627 0.2892 -0.7744
vn 0.5877 0.0153 -0.8089
vn 0.9105 0.2892 -0.2957
vn 0.9104 0.2892 -0.2958
vn 0.9509 0.0153 -0.3090
vn 0.9104 0.2892 0.2960
vn 0.9104 0.2892 0.2958
vn 0.9509 0.0153 0.3090
vn 0.5878 0.0080 0.8090
vn -0.0000 0.0080 1.0000
vn -0.5878 0.0080 0.8090
vn -0.9510 0.0080 0.3090
vn -0.9510 0.0080 -0.3090
vn -0.5878 0.0080 -0.8090
vn 0.0000 0.0080 -1.0000
vn 0.5878 0.0080 -0.8090
vn 0.9510 0.0080 -0.3090
vn 0.9510 0.0080 0.3090
vn 0.5877 0.0104 -0.8090
vn -0.0089 -0.9999 0.0065
vn -0.0034 -0.9999 0.0105
vn 0.0034 0.9999 -0.0104
vn 0.0088 0.9999 -0.0064
vn -0.0110 -0.9999 -0.0000
vn 0.0109 0.9999 -0.0000
vn -0.0089 -0.9999 -0.0065
vn 0.0088 0.9999 0.0064
vn -0.0034 -0.9999 -0.0105
vn 0.0034 0.9999 0.0104
vn 0.0034 -0.9999 -0.0105
vn -0.0034 0.9999 0.0104
vn 0.0089 -0.9999 -0.0065
vn -0.0088 0.9999 0.0064
vn 0.0110 -0.9999 0.0000
vn -0.0109 0.9999 0.0000
vn 0.0089 -0.9999 0.0065
vn -0.0088 0.9999 -0.0064
vn 0.0034 -0.9999 0.0105
vn -0.0034 0.9999 -0.0104
vn -0.0034 -0.9999 0.0104
vn 0.0034 -0.9999 0.0104
vn -0.0089 -0.9999 0.0064
vn 0.0089 0.9999 -0.0064
vn -0.0089 -0.9999 -0.0064
vn 0.0089 0.9999 0.0064
vn -0.0034 -0.9999 -0.0104
vn 0.0034 -0.9999 -0.0104
vn 0.0089 -0.9999 -0.0064
vn -0.0089 0.9999 0.0064
vn 0.0109 -0.9999 0.0000
vn 0.0089 -0.9999 0.0064
vn -0.0089 0.9999 -0.0064
vn -0.5878 0.0035 0.8090
vn -0.9510 0.0035 0.3090
vn -0.9510 0.0035 -0.3090
vn -0.5878 0.0035 -0.8090
vn 0.0000 0.0035 -1.0000
vn 0.5878 0.0035 -0.8090
vn 0.9510 0.0035 -0.3090
vn 0.9510 0.0035 0.3090
vn 0.5878 0.0035 0.8090
vn -0.0000 0.0035 1.0000
vn -0.0057 -1.0000 0.0041
vn -0.0022 -1.0000 0.0067
vn 0.0022 1.0000 -0.0067
vn 0.0057 1.0000 -0.0041
vn -0.0070 -1.0000 -0.0000
vn 0.0070 1.0000 -0.0000
vn -0.0057 -1.0000 -0.0041
vn 0.0057 1.0000 0.0041
vn -0.0022 -1.0000 -0.0067
vn 0.0022 1.0000 0.0067
vn 0.0022 -1.0000 -0.0067
vn -0.0022 1.0000 0.0067
vn 0.0057 -1.0000 -0.0041
vn -0.0057 1.0000 0.0041
vn 0.0070 -1.0000 0.0000
vn -0.0070 1.0000 -0.0000
vn 0.0057 -1.0000 0.0041
vn -0.0057 1.0000 -0.0041
vn 0.0022 -1.0000 0.0067
vn -0.0022 1.0000 -0.0067
vn 0.5842 0.1107 -0.8040
vn 0.0000 0.1107 -0.9939
vn -0.5842 0.1107 -0.8040
vn -0.9452 0.1107 -0.3071
vn -0.9452 0.1107 0.3071
vn -0.5842 0.1107 0.8040
vn 0.0000 0.1107 0.9939
vn 0.5842 0.1107 0.8040
vn 0.9452 0.1107 0.3072
vn 0.9452 0.1107 -0.3071
vn 0.0003 0.1175 0.9931
vn -0.5839 0.1175 0.8033
vn -0.9445 0.1175 0.3068
vn -0.9445 0.1175 -0.3069
vn -0.5838 0.1175 -0.8034
vn 0.0000 0.1175 -0.9931
vn 0.5837 0.1175 -0.8034
vn 0.9445 0.1175 -0.3069
vn 0.9445 0.1175 0.3069
vn 0.5837 0.1175 0.8034
vn 0.0001 0.0798 0.9968
vn -0.5860 0.0799 0.8064
vn -0.9480 0.0799 0.3080
vn -0.9480 0.0799 -0.3080
vn -0.5859 0.0799 -0.8064
vn -0.0000 0.0799 -0.9968
vn 0.5859 0.0799 -0.8064
vn 0.9480 0.0798 -0.3080
vn 0.9480 0.0798 0.3080
vn 0.5859 0.0798 0.8064
vn -0.0258 -0.9965 0.0796
vn 0.0259 -0.9965 0.0796
vn -0.0260 0.9965 -0.0798
vn 0.0259 0.9965 -0.0798
vn -0.0259 0.9965 -0.0798
vn -0.0678 -0.9965 0.0491
vn 0.0679 0.9965 -0.0493
vn -0.0839 -0.9965 -0.0000
vn 0.0839 0.9965 0.0000
vn -0.0678 -0.9965 -0.0492
vn 0.0679 0.9965 0.0493
vn -0.0259 -0.9965 -0.0796
vn 0.0259 0.9965 0.0798
vn 0.0259 -0.9965 -0.0796
vn -0.0259 0.9965 0.0798
vn 0.0677 -0.9965 -0.0492
vn -0.0679 0.9965 0.0493
vn 0.0837 -0.9965 -0.0000
vn 0.0837 -0.9965 0.0000
vn -0.0839 0.9965 -0.0000
vn 0.0677 -0.9965 0.0492
vn -0.0679 0.9965 -0.0493
vn 0.0002 0.0798 0.9968
vn -0.5860 0.0798 0.8064
vn -0.9480 0.0799 0.3079
vn 0.9480 0.0799 -0.3081
vn 0.9480 0.0799 0.3081
vn 0.0259 -0.9965 0.0798
vn 0.0679 -0.9965 0.0493
vn -0.0259 -0.9965 0.0798
vn 0.0260 0.9965 -0.0798
vn -0.0679 -0.9965 0.0493
vn -0.0839 -0.9965 0.0000
vn 0.0839 0.9965 -0.0000
vn -0.0679 -0.9965 -0.0493
vn -0.0259 -0.9965 -0.0798
vn 0.0259 -0.9965 -0.0798
vn 0.0679 -0.9965 -0.0493
vn 0.0839 -0.9965 -0.0000
vn -0.0839 0.9965 0.0000
vn 0.0000 -0.2225 -0.9749
vn 0.0038 -0.2225 -0.9749
vn 0.0000 0.6235 -0.7818
vn 0.0038 0.6235 -0.7818
vn 0.0038 1.0000 -0.0000
vn 0.0000 0.6235 0.7818
vn 0.0038 0.6235 0.7818
vn 0.0000 -0.2225 0.9749
vn 0.0038 -0.2225 0.9749
vn 0.0000 -0.9010 0.4339
vn 0.0038 -0.9010 0.4339
vn 0.0038 -0.9009 0.4339
vn 0.0000 -0.9010 -0.4339
vn 0.0038 -0.9010 -0.4339
vn 0.0038 -0.9009 -0.4339
vn -1.0000 0.0000 -0.0000
vn -1.0000 0.0000 0.0000
vn 0.1249 -0.2208 -0.9673
vn 0.1249 0.6186 -0.7757
vn 0.1249 0.9922 -0.0000
vn 0.1249 0.6186 0.7757
vn 0.1249 -0.2208 0.9673
vn 0.1249 -0.8939 0.4305
vn 0.1249 -0.8939 -0.4305
vn 0.4335 0.8802 -0.1932
vn 0.3166 0.8807 -0.3522
vn 0.3666 0.8369 -0.4065
vn 0.5010 0.8363 -0.2228
vn 0.1454 0.8815 -0.4492
vn 0.1692 0.8378 -0.5191
vn -0.0497 0.8824 -0.4679
vn -0.0564 0.8388 -0.5414
vn -0.2348 0.8832 -0.4059
vn -0.2711 0.8398 -0.4704
vn -0.3786 0.8839 -0.2747
vn -0.4381 0.8406 -0.3187
vn -0.4569 0.8842 -0.0970
vn -0.5292 0.8410 -0.1126
vn -0.4569 0.8842 0.0970
vn -0.5292 0.8410 0.1126
vn -0.3786 0.8839 0.2747
vn -0.4381 0.8406 0.3186
vn -0.2348 0.8832 0.4059
vn -0.2711 0.8398 0.4704
vn -0.0497 0.8824 0.4679
vn -0.0564 0.8388 0.5414
vn 0.1454 0.8815 0.4492
vn 0.1692 0.8378 0.5191
vn 0.3166 0.8807 0.3522
vn 0.3665 0.8369 0.4065
vn 0.4335 0.8802 0.1932
vn 0.5010 0.8363 0.2228
vn 0.4750 0.8800 0.0000
vn 0.5486 0.8361 -0.0000
vn -0.1435 -0.9767 0.1595
vn -0.1963 -0.9766 0.0874
vn -0.0012 -1.0000 -0.0000
vn -0.0660 -0.9768 0.2037
vn 0.0225 -0.9769 0.2125
vn 0.1067 -0.9770 0.1846
vn 0.1722 -0.9771 0.1250
vn 0.2080 -0.9771 0.0442
vn 0.2080 -0.9771 -0.0442
vn 0.1722 -0.9771 -0.1250
vn 0.1067 -0.9770 -0.1846
vn 0.0225 -0.9769 -0.2125
vn -0.0660 -0.9768 -0.2037
vn -0.1435 -0.9767 -0.1595
vn -0.1963 -0.9766 -0.0874
vn -0.2150 -0.9766 0.0000
vn 0.2705 0.4827 0.8330
vn -0.0917 0.4826 0.8710
vn -0.4380 0.4826 0.7585
vn -0.7087 0.4825 0.5148
vn -0.8568 0.4825 0.1821
vn -0.8568 0.4825 -0.1821
vn -0.7087 0.4825 -0.5148
vn -0.4380 0.4826 -0.7585
vn -0.0917 0.4826 -0.8710
vn 0.2705 0.4827 -0.8330
vn 0.5859 0.4828 -0.6509
vn 0.8000 0.4828 -0.3562
vn 0.8757 0.4828 -0.0000
vn 0.8000 0.4828 0.3562
vn 0.5859 0.4828 0.6509
vn -0.0695 0.7477 0.6604
vn -0.3317 0.7484 0.5743
vn -0.5360 0.7491 0.3893
vn -0.6477 0.7494 0.1376
vn -0.6477 0.7494 -0.1376
vn -0.5360 0.7491 -0.3893
vn -0.3317 0.7484 -0.5743
vn -0.0696 0.7477 -0.6604
vn 0.2053 0.7468 -0.6325
vn 0.4454 0.7461 -0.4949
vn 0.6087 0.7456 -0.2711
vn 0.6666 0.7455 -0.0000
vn 0.6087 0.7456 0.2711
vn 0.4454 0.7461 0.4949
vn 0.2053 0.7468 0.6325
vn 0.0776 0.9683 0.2375
vn -0.0256 0.9686 0.2475
vn -0.1236 0.9688 0.2147
vn -0.1997 0.9690 0.1454
vn -0.2411 0.9691 0.0513
vn -0.2411 0.9691 -0.0513
vn -0.1997 0.9690 -0.1454
vn -0.1236 0.9688 -0.2147
vn -0.0256 0.9686 -0.2474
vn 0.0776 0.9683 -0.2375
vn 0.1680 0.9680 -0.1861
vn 0.2297 0.9679 -0.1021
vn 0.2516 0.9678 0.0000
vn 0.2297 0.9679 0.1021
vn 0.1680 0.9680 0.1861
vn 0.9135 0.0000 -0.4067
vn 0.6691 0.0000 -0.7431
vn 0.6663 0.0923 -0.7400
vn 0.9096 0.0923 -0.4050
vn 0.3090 -0.0000 -0.9511
vn 0.3077 0.0923 -0.9470
vn -0.1045 -0.0000 -0.9945
vn -0.1041 0.0923 -0.9903
vn -0.5000 0.0000 -0.8660
vn -0.4979 0.0923 -0.8623
vn -0.8090 -0.0000 -0.5878
vn -0.8056 0.0923 -0.5853
vn -0.9781 -0.0000 -0.2079
vn -0.9740 0.0923 -0.2070
vn -0.9781 -0.0000 0.2079
vn -0.9740 0.0923 0.2070
vn -0.8090 -0.0000 0.5878
vn -0.8056 0.0922 0.5853
vn -0.5000 -0.0000 0.8660
vn -0.4979 0.0922 0.8623
vn -0.1045 -0.0000 0.9945
vn -0.1041 0.0922 0.9903
vn 0.3090 -0.0000 0.9511
vn 0.3077 0.0923 0.9470
vn 0.6691 0.0000 0.7431
vn 0.6663 0.0923 0.7400
vn 0.9135 0.0000 0.4067
vn 0.9096 0.0923 0.4050
vn 1.0000 0.0000 -0.0000
vn 0.9957 0.0923 0.0000
vn 0.6537 -0.2137 -0.7260
vn 0.8924 -0.2140 -0.3973
vn 0.3019 -0.2133 -0.9292
vn -0.1021 -0.2128 -0.9717
vn -0.4886 -0.2123 -0.8463
vn -0.7906 -0.2120 -0.5744
vn -0.9560 -0.2118 -0.2032
vn -0.9560 -0.2118 0.2032
vn -0.7906 -0.2120 0.5744
vn -0.4886 -0.2123 0.8463
vn -0.1021 -0.2128 0.9717
vn 0.3019 -0.2133 0.9292
vn 0.6537 -0.2137 0.7260
vn 0.8924 -0.2140 0.3973
vn 0.9768 -0.2141 -0.0000
vn -0.8977 0.4406 -0.0043
vn 0.0003 0.0001 -1.0000
vn 0.0002 0.0000 -1.0000
vn 0.0004 0.0001 -1.0000
vn 0.8440 0.5363 0.0002
vn 0.8441 0.5361 0.0002
vn 0.9629 0.2700 0.0003
vn 0.9628 0.2702 0.0003
vn -0.0002 -0.0000 1.0000
vn -0.0003 -0.0001 1.0000
vn -0.0004 -0.0001 1.0000
vn -0.8601 -0.5102 0.0003
vn -0.8600 -0.5103 0.0003
vn -0.9665 -0.2565 -0.0011
vn -0.9659 -0.2588 -0.0001
vn 0.0002 0.0003 1.0000
vn 0.0002 0.0004 1.0000
vn 0.0002 0.0006 1.0000
vn 0.3585 0.9335 -0.0004
vn -0.1008 0.9949 0.0035
vn -0.1007 0.9949 0.0035
vn -0.0002 -0.0004 -1.0000
vn -0.0002 -0.0003 -1.0000
vn -0.0002 -0.0006 -1.0000
vn -0.3975 -0.9176 0.0004
vn -0.3975 -0.9176 0.0005
vn -0.1968 -0.9804 0.0007
vn -0.1432 -0.9897 0.0011
vn -0.0001 -0.0007 -1.0000
vn -0.2908 0.9567 0.0077
vn 0.3189 -0.9478 0.0019
vn 0.6537 -0.7568 -0.0016
vn 0.6588 -0.7524 -0.0010
vn 0.0001 0.0007 1.0000
vn 0.9986 0.0524 0.0003
vn -0.9467 -0.3220 -0.0007
vn -0.8450 0.5348 0.0045
vn 0.0005 0.0002 -1.0000
vn 0.0005 0.0004 -1.0000
vn 0.7716 -0.6361 -0.0002
vn -0.0005 -0.0002 1.0000
vn -0.0005 -0.0004 1.0000
vn -0.9995 -0.0316 -0.0030
vn 0.8211 -0.5708 -0.0038
vn -0.6428 -0.7660 0.0001
vn -0.6427 -0.7661 0.0001
vn 0.0001 -0.0001 -1.0000
vn 0.6307 0.7760 -0.0000
vn 0.6308 0.7760 -0.0001
vn -0.0001 0.0001 1.0000
vn 0.9135 0.4067 0.0043
vn -0.0002 0.0001 1.0000
vn -0.0002 0.0000 1.0000
vn -0.0004 0.0001 1.0000
vn -0.8234 0.5674 -0.0002
vn -0.8235 0.5673 -0.0002
vn -0.9521 0.3058 -0.0003
vn -0.9520 0.3060 -0.0003
vn 0.0002 -0.0000 -1.0000
vn 0.0003 -0.0001 -1.0000
vn 0.0004 -0.0001 -1.0000
vn 0.8404 -0.5420 -0.0003
vn 0.8403 -0.5421 -0.0003
vn 0.9563 -0.2925 0.0011
vn 0.9556 -0.2947 0.0001
vn -0.0001 0.0003 -1.0000
vn -0.0002 0.0004 -1.0000
vn -0.0001 0.0006 -1.0000
vn -0.0002 0.0006 -1.0000
vn -0.3234 0.9463 0.0004
vn -0.3233 0.9463 0.0004
vn 0.1378 0.9904 -0.0035
vn 0.1378 0.9905 -0.0035
vn 0.0002 -0.0004 1.0000
vn 0.0001 -0.0003 1.0000
vn 0.0002 -0.0006 1.0000
vn 0.0001 -0.0006 1.0000
vn 0.3636 -0.9316 -0.0004
vn 0.3636 -0.9316 -0.0005
vn 0.1613 -0.9869 -0.0006
vn 0.1062 -0.9943 -0.0011
vn 0.0001 -0.0007 1.0000
vn 0.3264 0.9452 -0.0077
vn -0.3541 -0.9352 -0.0019
vn -0.6799 -0.7333 0.0017
vn -0.6848 -0.7287 0.0010
vn -0.0001 0.0007 -1.0000
vn -0.9960 0.0897 -0.0004
vn 0.9340 -0.3572 0.0007
vn 0.8644 0.5029 -0.0044
vn -0.0005 0.0003 1.0000
vn -0.0005 0.0002 1.0000
vn -0.0005 0.0005 1.0000
vn -0.7948 -0.6069 0.0002
vn 0.0005 -0.0002 -1.0000
vn 0.0005 -0.0003 -1.0000
vn 0.0005 -0.0005 -1.0000
vn 0.9976 -0.0690 0.0030
vn -0.8396 -0.5432 0.0038
vn 0.6137 -0.7895 -0.0001
vn 0.6137 -0.7896 -0.0001
vn -0.0001 -0.0001 1.0000
vn -0.6012 0.7991 0.0000
vn -0.6013 0.7990 0.0001
vn 0.0001 0.0001 -1.0000
# 561 vertex normals

vt 0.5142 0.0010 0.0000
vt 0.5414 0.0010 0.0000
vt 0.5414 0.1096 0.0000
vt 0.5142 0.1096 0.0000
vt 0.6307 0.1492 0.0000
vt 0.5844 0.1492 0.0000
vt 0.5844 0.0406 0.0000
vt 0.6307 0.0406 0.0000
vt 0.6736 0.0010 0.0000
vt 0.7008 0.0010 0.0000
vt 0.7008 0.1096 0.0000
vt 0.6736 0.1096 0.0000
vt 0.7449 0.0010 0.0000
vt 0.7449 0.1096 0.0000
vt 0.7890 0.0010 0.0000
vt 0.7890 0.1096 0.0000
vt 0.8162 0.0010 0.0000
vt 0.8162 0.1096 0.0000
vt 0.8592 0.0010 0.0000
vt 0.9055 0.0010 0.0000
vt 0.9055 0.1096 0.0000
vt 0.8592 0.1096 0.0000
vt 0.3988 0.0010 0.0000
vt 0.4260 0.0010 0.0000
vt 0.4260 0.1096 0.0000
vt 0.3988 0.1096 0.0000
vt 0.4701 0.0010 0.0000
vt 0.4701 0.1096 0.0000
vt 0.8217 0.1096 0.0000
vt 0.8667 0.1272 0.0000
vt 0.8414 0.1272 0.0000
vt 0.7747 0.1272 0.0000
vt 0.7449 0.1272 0.0000
vt 0.7151 0.1272 0.0000
vt 0.5469 0.0406 0.0000
vt 0.5666 0.0230 0.0000
vt 0.5919 0.0230 0.0000
vt 0.6232 0.0230 0.0000
vt 0.6682 0.0406 0.0000
vt 0.6486 0.0230 0.0000
vt 0.4999 0.1272 0.0000
vt 0.4701 0.1272 0.0000
vt 0.4403 0.1272 0.0000
vt 0.9430 0.1096 0.0000
vt 0.9234 0.1272 0.0000
vt 0.8980 0.1272 0.0000
vt 0.7931 0.1272 0.0000
vt 0.8057 0.1492 0.0000
vt 0.7825 0.1492 0.0000
vt 0.7449 0.1492 0.0000
vt 0.7073 0.1492 0.0000
vt 0.6967 0.1272 0.0000
vt 0.6841 0.1492 0.0000
vt 0.5878 0.0010 0.0000
vt 0.6273 0.0010 0.0000
vt 0.5183 0.1272 0.0000
vt 0.5309 0.1492 0.0000
vt 0.5077 0.1492 0.0000
vt 0.4701 0.1492 0.0000
vt 0.4325 0.1492 0.0000
vt 0.4219 0.1272 0.0000
vt 0.4093 0.1492 0.0000
vt 0.9021 0.1492 0.0000
vt 0.8626 0.1492 0.0000
vt 0.7169 0.1746 0.0000
vt 0.7169 0.1510 0.0000
vt 0.7259 0.1510 0.0000
vt 0.7259 0.1746 0.0000
vt 0.2323 0.9435 0.0000
vt 0.2323 0.9835 0.0000
vt 0.2234 0.9835 0.0000
vt 0.2234 0.9435 0.0000
vt 0.7039 0.2742 0.0000
vt 0.7039 0.2507 0.0000
vt 0.7128 0.2507 0.0000
vt 0.7128 0.2742 0.0000
vt 0.7039 0.2126 0.0000
vt 0.7128 0.2126 0.0000
vt 0.7039 0.1746 0.0000
vt 0.7128 0.1746 0.0000
vt 0.7039 0.1510 0.0000
vt 0.7128 0.1510 0.0000
vt 0.2370 0.7321 0.0000
vt 0.2370 0.6921 0.0000
vt 0.2459 0.6921 0.0000
vt 0.2459 0.7321 0.0000
vt 0.7169 0.2742 0.0000
vt 0.7169 0.2507 0.0000
vt 0.7259 0.2507 0.0000
vt 0.7259 0.2742 0.0000
vt 0.7169 0.2126 0.0000
vt 0.7259 0.2126 0.0000
vt 0.9704 0.1677 0.0000
vt 0.9936 0.1974 0.0000
vt 0.9746 0.2031 0.0000
vt 0.9587 0.1827 0.0000
vt 0.9936 0.2342 0.0000
vt 0.9746 0.2284 0.0000
vt 0.9704 0.2639 0.0000
vt 0.9587 0.2489 0.0000
vt 0.5406 0.2249 0.0000
vt 0.5406 0.1900 0.0000
vt 0.5546 0.1900 0.0000
vt 0.5546 0.2140 0.0000
vt 0.5406 0.1550 0.0000
vt 0.5546 0.1659 0.0000
vt 0.8952 0.2639 0.0000
vt 0.8720 0.2342 0.0000
vt 0.8909 0.2284 0.0000
vt 0.9069 0.2489 0.0000
vt 0.8720 0.1974 0.0000
vt 0.8909 0.2031 0.0000
vt 0.8952 0.1677 0.0000
vt 0.9069 0.1827 0.0000
vt 0.4882 0.2249 0.0000
vt 0.4882 0.1900 0.0000
vt 0.5023 0.1900 0.0000
vt 0.5023 0.2140 0.0000
vt 0.4882 0.1550 0.0000
vt 0.5023 0.1659 0.0000
vt 0.5141 0.2454 0.0000
vt 0.5367 0.2454 0.0000
vt 0.5361 0.2625 0.0000
vt 0.5147 0.2625 0.0000
vt 0.5704 0.1699 0.0000
vt 0.5704 0.1575 0.0000
vt 0.5888 0.1594 0.0000
vt 0.5888 0.1711 0.0000
vt 0.5704 0.1900 0.0000
vt 0.5888 0.1900 0.0000
vt 0.5704 0.2100 0.0000
vt 0.5888 0.2088 0.0000
vt 0.5704 0.2224 0.0000
vt 0.5888 0.2205 0.0000
vt 0.5699 0.2478 0.0000
vt 0.5472 0.2478 0.0000
vt 0.5479 0.2307 0.0000
vt 0.5692 0.2307 0.0000
vt 0.5180 0.1699 0.0000
vt 0.5180 0.1575 0.0000
vt 0.5364 0.1594 0.0000
vt 0.5364 0.1711 0.0000
vt 0.5180 0.1900 0.0000
vt 0.5364 0.1900 0.0000
vt 0.5180 0.2100 0.0000
vt 0.5364 0.2088 0.0000
vt 0.5180 0.2224 0.0000
vt 0.5364 0.2205 0.0000
vt 0.5118 0.2307 0.0000
vt 0.5390 0.2307 0.0000
vt 0.5546 0.1510 0.0000
vt 0.5546 0.2289 0.0000
vt 0.5721 0.2625 0.0000
vt 0.5449 0.2625 0.0000
vt 0.5023 0.1510 0.0000
vt 0.5023 0.2289 0.0000
vt 0.1593 0.8819 0.0000
vt 0.1593 0.8683 0.0000
vt 0.1712 0.8683 0.0000
vt 0.1712 0.8819 0.0000
vt 0.5900 0.2616 0.0000
vt 0.5900 0.2847 0.0000
vt 0.5781 0.2847 0.0000
vt 0.5781 0.2616 0.0000
vt 0.1433 0.9394 0.0000
vt 0.1433 0.9258 0.0000
vt 0.1552 0.9258 0.0000
vt 0.1552 0.9394 0.0000
vt 0.1433 0.9038 0.0000
vt 0.1552 0.9038 0.0000
vt 0.1433 0.8819 0.0000
vt 0.1552 0.8819 0.0000
vt 0.1433 0.8683 0.0000
vt 0.1552 0.8683 0.0000
vt 0.5956 0.2847 0.0000
vt 0.5956 0.2616 0.0000
vt 0.6075 0.2616 0.0000
vt 0.6075 0.2847 0.0000
vt 0.1593 0.9394 0.0000
vt 0.1593 0.9258 0.0000
vt 0.1712 0.9258 0.0000
vt 0.1712 0.9394 0.0000
vt 0.1593 0.9038 0.0000
vt 0.1712 0.9038 0.0000
vt 0.7586 0.1677 0.0000
vt 0.7354 0.1974 0.0000
vt 0.7300 0.1958 0.0000
vt 0.7553 0.1634 0.0000
vt 0.9737 0.1634 0.0000
vt 0.9990 0.1958 0.0000
vt 0.7354 0.2342 0.0000
vt 0.7300 0.2358 0.0000
vt 0.9990 0.2358 0.0000
vt 0.7586 0.2639 0.0000
vt 0.7553 0.2682 0.0000
vt 0.9737 0.2682 0.0000
vt 0.7962 0.2753 0.0000
vt 0.7962 0.2805 0.0000
vt 0.9328 0.2753 0.0000
vt 0.9328 0.2805 0.0000
vt 0.8338 0.2639 0.0000
vt 0.8371 0.2682 0.0000
vt 0.8919 0.2682 0.0000
vt 0.8571 0.2342 0.0000
vt 0.8624 0.2358 0.0000
vt 0.8666 0.2358 0.0000
vt 0.8571 0.1974 0.0000
vt 0.8624 0.1958 0.0000
vt 0.8666 0.1958 0.0000
vt 0.8338 0.1677 0.0000
vt 0.8371 0.1634 0.0000
vt 0.8919 0.1634 0.0000
vt 0.7962 0.1563 0.0000
vt 0.7962 0.1510 0.0000
vt 0.9328 0.1563 0.0000
vt 0.9328 0.1510 0.0000
vt 0.4255 0.1624 0.0000
vt 0.4130 0.1785 0.0000
vt 0.4076 0.1769 0.0000
vt 0.4222 0.1582 0.0000
vt 0.3981 0.6443 0.0000
vt 0.3855 0.6283 0.0000
vt 0.3889 0.6240 0.0000
vt 0.4035 0.6427 0.0000
vt 0.4130 0.1984 0.0000
vt 0.4076 0.2000 0.0000
vt 0.3981 0.6642 0.0000
vt 0.4035 0.6658 0.0000
vt 0.4255 0.2144 0.0000
vt 0.4222 0.2187 0.0000
vt 0.3855 0.6803 0.0000
vt 0.3889 0.6845 0.0000
vt 0.4458 0.2206 0.0000
vt 0.4458 0.2258 0.0000
vt 0.3652 0.6864 0.0000
vt 0.3652 0.6917 0.0000
vt 0.4662 0.2144 0.0000
vt 0.4695 0.2187 0.0000
vt 0.3449 0.6803 0.0000
vt 0.3416 0.6845 0.0000
vt 0.4787 0.1984 0.0000
vt 0.4841 0.2000 0.0000
vt 0.3323 0.6642 0.0000
vt 0.3270 0.6658 0.0000
vt 0.4787 0.1785 0.0000
vt 0.4841 0.1769 0.0000
vt 0.3323 0.6443 0.0000
vt 0.3270 0.6427 0.0000
vt 0.4662 0.1624 0.0000
vt 0.4695 0.1582 0.0000
vt 0.3449 0.6283 0.0000
vt 0.3416 0.6240 0.0000
vt 0.4458 0.1563 0.0000
vt 0.4458 0.1510 0.0000
vt 0.3652 0.6221 0.0000
vt 0.3652 0.6169 0.0000
vt 0.2571 0.0010 0.0000
vt 0.2696 0.0010 0.0000
vt 0.2623 0.6150 0.0000
vt 0.2525 0.6150 0.0000
vt 0.2954 0.6150 0.0000
vt 0.2740 0.6150 0.0000
vt 0.2764 0.0010 0.0000
vt 0.2930 0.0010 0.0000
vt 0.3013 0.0010 0.0000
vt 0.3139 0.0010 0.0000
vt 0.3184 0.6150 0.0000
vt 0.3086 0.6150 0.0000
vt 0.3342 0.0010 0.0000
vt 0.3342 0.6150 0.0000
vt 0.3545 0.0010 0.0000
vt 0.3500 0.6150 0.0000
vt 0.3671 0.0010 0.0000
vt 0.3598 0.6150 0.0000
vt 0.3715 0.0010 0.0000
vt 0.3928 0.0010 0.0000
vt 0.3905 0.6150 0.0000
vt 0.3739 0.6150 0.0000
vt 0.2039 0.0010 0.0000
vt 0.2164 0.0010 0.0000
vt 0.2210 0.6150 0.0000
vt 0.2112 0.6150 0.0000
vt 0.2367 0.0010 0.0000
vt 0.2367 0.6150 0.0000
vt 0.1298 0.9419 0.0000
vt 0.1298 0.9308 0.0000
vt 0.1369 0.9309 0.0000
vt 0.1369 0.9419 0.0000
vt 0.1298 0.9597 0.0000
vt 0.1369 0.9597 0.0000
vt 0.1298 0.9776 0.0000
vt 0.1369 0.9775 0.0000
vt 0.1298 0.9886 0.0000
vt 0.1369 0.9885 0.0000
vt 0.6456 0.2616 0.0000
vt 0.6456 0.2803 0.0000
vt 0.6385 0.2803 0.0000
vt 0.6385 0.2616 0.0000
vt 0.1415 0.9523 0.0000
vt 0.1415 0.9413 0.0000
vt 0.1486 0.9413 0.0000
vt 0.1486 0.9523 0.0000
vt 0.1415 0.9701 0.0000
vt 0.1486 0.9701 0.0000
vt 0.1415 0.9880 0.0000
vt 0.1486 0.9879 0.0000
vt 0.1415 0.9990 0.0000
vt 0.1486 0.9989 0.0000
vt 0.6502 0.2803 0.0000
vt 0.6502 0.2616 0.0000
vt 0.6573 0.2616 0.0000
vt 0.6573 0.2803 0.0000
vt 0.0298 0.0083 0.0000
vt 0.0427 0.0083 0.0000
vt 0.0390 0.0129 0.0000
vt 0.0284 0.0129 0.0000
vt 0.0139 0.0083 0.0000
vt 0.0153 0.0129 0.0000
vt 0.0010 0.0083 0.0000
vt 0.0048 0.0129 0.0000
vt 0.0726 0.0083 0.0000
vt 0.0877 0.0083 0.0000
vt 0.0850 0.0129 0.0000
vt 0.0726 0.0129 0.0000
vt 0.0574 0.0083 0.0000
vt 0.0601 0.0129 0.0000
vt 0.1154 0.8591 0.0000
vt 0.1025 0.8591 0.0000
vt 0.1063 0.8545 0.0000
vt 0.1169 0.8545 0.0000
vt 0.1314 0.8591 0.0000
vt 0.1299 0.8545 0.0000
vt 0.1443 0.8591 0.0000
vt 0.1405 0.8545 0.0000
vt 0.1739 0.0083 0.0000
vt 0.1891 0.0083 0.0000
vt 0.1863 0.0129 0.0000
vt 0.1739 0.0129 0.0000
vt 0.1588 0.0083 0.0000
vt 0.1615 0.0129 0.0000
vt 0.1538 0.0129 0.0000
vt 0.1660 0.8664 0.0000
vt 0.1611 0.8664 0.0000
vt 0.0260 0.8664 0.0000
vt 0.0177 0.8664 0.0000
vt 0.0927 0.0129 0.0000
vt 0.0854 0.8664 0.0000
vt 0.0805 0.8664 0.0000
vt 0.0726 0.8664 0.0000
vt 0.0647 0.8664 0.0000
vt 0.0525 0.0129 0.0000
vt 0.0598 0.8664 0.0000
vt 0.1192 0.0010 0.0000
vt 0.1276 0.0010 0.0000
vt 0.1940 0.0129 0.0000
vt 0.1867 0.8664 0.0000
vt 0.1818 0.8664 0.0000
vt 0.1739 0.8664 0.0000
vt 0.0139 0.0010 0.0000
vt 0.0298 0.0010 0.0000
vt 0.0878 0.0010 0.0000
vt 0.0972 0.0010 0.0000
vt 0.0971 0.0083 0.0000
vt 0.0726 0.0010 0.0000
vt 0.0574 0.0010 0.0000
vt 0.0480 0.0010 0.0000
vt 0.0480 0.0083 0.0000
vt 0.1314 0.8664 0.0000
vt 0.1154 0.8664 0.0000
vt 0.1891 0.0010 0.0000
vt 0.1985 0.0010 0.0000
vt 0.1984 0.0083 0.0000
vt 0.1739 0.0010 0.0000
vt 0.1587 0.0010 0.0000
vt 0.1493 0.0010 0.0000
vt 0.1494 0.0083 0.0000
vt 0.6970 0.2943 0.0000
vt 0.6970 0.2760 0.0000
vt 0.7032 0.2761 0.0000
vt 0.7032 0.2942 0.0000
vt 0.1532 0.9520 0.0000
vt 0.1532 0.9413 0.0000
vt 0.1594 0.9413 0.0000
vt 0.1594 0.9520 0.0000
vt 0.1532 0.9693 0.0000
vt 0.1594 0.9693 0.0000
vt 0.1532 0.9866 0.0000
vt 0.1594 0.9866 0.0000
vt 0.1532 0.9973 0.0000
vt 0.1594 0.9973 0.0000
vt 0.7149 0.2760 0.0000
vt 0.7149 0.2943 0.0000
vt 0.7087 0.2942 0.0000
vt 0.7087 0.2761 0.0000
vt 0.1649 0.9520 0.0000
vt 0.1649 0.9413 0.0000
vt 0.1711 0.9413 0.0000
vt 0.1711 0.9520 0.0000
vt 0.1649 0.9693 0.0000
vt 0.1711 0.9693 0.0000
vt 0.1649 0.9866 0.0000
vt 0.1711 0.9866 0.0000
vt 0.1649 0.9973 0.0000
vt 0.1711 0.9973 0.0000
vt 0.3063 0.6169 0.0000
vt 0.3228 0.6169 0.0000
vt 0.3226 0.6903 0.0000
vt 0.3065 0.6903 0.0000
vt 0.2924 0.6169 0.0000
vt 0.3021 0.6169 0.0000
vt 0.3013 0.6903 0.0000
vt 0.2919 0.6903 0.0000
vt 0.2766 0.6169 0.0000
vt 0.2766 0.6903 0.0000
vt 0.2609 0.6169 0.0000
vt 0.2614 0.6903 0.0000
vt 0.2512 0.6169 0.0000
vt 0.2520 0.6903 0.0000
vt 0.2470 0.6903 0.0000
vt 0.2305 0.6903 0.0000
vt 0.2307 0.6169 0.0000
vt 0.2467 0.6169 0.0000
vt 0.2166 0.8683 0.0000
vt 0.2263 0.8683 0.0000
vt 0.2255 0.9417 0.0000
vt 0.2161 0.9417 0.0000
vt 0.2008 0.8683 0.0000
vt 0.2008 0.9417 0.0000
vt 0.1851 0.8683 0.0000
vt 0.1856 0.9417 0.0000
vt 0.1753 0.8683 0.0000
vt 0.1762 0.9417 0.0000
vt 0.1239 0.9189 0.0000
vt 0.1337 0.9064 0.0000
vt 0.1392 0.9080 0.0000
vt 0.1273 0.9232 0.0000
vt 0.0165 0.9063 0.0000
vt 0.0262 0.9187 0.0000
vt 0.0228 0.9231 0.0000
vt 0.0110 0.9079 0.0000
vt 0.1081 0.9236 0.0000
vt 0.1081 0.9290 0.0000
vt 0.0420 0.9235 0.0000
vt 0.0420 0.9288 0.0000
vt 0.0923 0.9189 0.0000
vt 0.0889 0.9232 0.0000
vt 0.0577 0.9187 0.0000
vt 0.0611 0.9231 0.0000
vt 0.0825 0.9064 0.0000
vt 0.0771 0.9080 0.0000
vt 0.0674 0.9063 0.0000
vt 0.0729 0.9079 0.0000
vt 0.0825 0.8909 0.0000
vt 0.0771 0.8892 0.0000
vt 0.0674 0.8909 0.0000
vt 0.0729 0.8892 0.0000
vt 0.0923 0.8784 0.0000
vt 0.0889 0.8741 0.0000
vt 0.0577 0.8784 0.0000
vt 0.0611 0.8741 0.0000
vt 0.1081 0.8736 0.0000
vt 0.1081 0.8683 0.0000
vt 0.0420 0.8736 0.0000
vt 0.0420 0.8683 0.0000
vt 0.1239 0.8784 0.0000
vt 0.1273 0.8741 0.0000
vt 0.0262 0.8784 0.0000
vt 0.0228 0.8741 0.0000
vt 0.1337 0.8909 0.0000
vt 0.1392 0.8892 0.0000
vt 0.0165 0.8909 0.0000
vt 0.0110 0.8892 0.0000
vt 0.0558 0.9676 0.0000
vt 0.0558 0.9527 0.0000
vt 0.0613 0.9511 0.0000
vt 0.0613 0.9693 0.0000
vt 0.0710 0.9528 0.0000
vt 0.0710 0.9677 0.0000
vt 0.0655 0.9694 0.0000
vt 0.0655 0.9512 0.0000
vt 0.0464 0.9797 0.0000
vt 0.0498 0.9840 0.0000
vt 0.0804 0.9797 0.0000
vt 0.0770 0.9841 0.0000
vt 0.0311 0.9843 0.0000
vt 0.0311 0.9897 0.0000
vt 0.0956 0.9843 0.0000
vt 0.0956 0.9897 0.0000
vt 0.0159 0.9797 0.0000
vt 0.0125 0.9840 0.0000
vt 0.1108 0.9797 0.0000
vt 0.1142 0.9841 0.0000
vt 0.0065 0.9676 0.0000
vt 0.0010 0.9693 0.0000
vt 0.1202 0.9677 0.0000
vt 0.1257 0.9694 0.0000
vt 0.0065 0.9527 0.0000
vt 0.0010 0.9511 0.0000
vt 0.1202 0.9528 0.0000
vt 0.1257 0.9512 0.0000
vt 0.0159 0.9407 0.0000
vt 0.0125 0.9363 0.0000
vt 0.1108 0.9408 0.0000
vt 0.1142 0.9365 0.0000
vt 0.0311 0.9361 0.0000
vt 0.0311 0.9307 0.0000
vt 0.0956 0.9362 0.0000
vt 0.0956 0.9308 0.0000
vt 0.0464 0.9407 0.0000
vt 0.0498 0.9363 0.0000
vt 0.0804 0.9408 0.0000
vt 0.0770 0.9365 0.0000
vt 0.6929 0.1510 0.0000
vt 0.6997 0.1510 0.0000
vt 0.6993 0.2597 0.0000
vt 0.6927 0.2597 0.0000
vt 0.6819 0.1510 0.0000
vt 0.6819 0.2597 0.0000
vt 0.6709 0.1510 0.0000
vt 0.6712 0.2597 0.0000
vt 0.6641 0.1510 0.0000
vt 0.6645 0.2597 0.0000
vt 0.6600 0.2597 0.0000
vt 0.6484 0.2597 0.0000
vt 0.6485 0.1510 0.0000
vt 0.6598 0.1510 0.0000
vt 0.6375 0.1510 0.0000
vt 0.6443 0.1510 0.0000
vt 0.6439 0.2597 0.0000
vt 0.6372 0.2597 0.0000
vt 0.6265 0.1510 0.0000
vt 0.6265 0.2597 0.0000
vt 0.6154 0.1510 0.0000
vt 0.6157 0.2597 0.0000
vt 0.6086 0.1510 0.0000
vt 0.6091 0.2597 0.0000
vt 0.5929 0.1510 0.0000
vt 0.6045 0.1510 0.0000
vt 0.6044 0.2597 0.0000
vt 0.5931 0.2597 0.0000
vt 0.3621 0.7211 0.0000
vt 0.3670 0.7148 0.0000
vt 0.3720 0.7163 0.0000
vt 0.3652 0.7250 0.0000
vt 0.4233 0.2484 0.0000
vt 0.4280 0.2545 0.0000
vt 0.4249 0.2585 0.0000
vt 0.4183 0.2499 0.0000
vt 0.3542 0.7234 0.0000
vt 0.3542 0.7283 0.0000
vt 0.4357 0.2568 0.0000
vt 0.4357 0.2617 0.0000
vt 0.3463 0.7211 0.0000
vt 0.3432 0.7250 0.0000
vt 0.4433 0.2545 0.0000
vt 0.4464 0.2585 0.0000
vt 0.3414 0.7148 0.0000
vt 0.3364 0.7163 0.0000
vt 0.4480 0.2484 0.0000
vt 0.4531 0.2499 0.0000
vt 0.3414 0.7071 0.0000
vt 0.3364 0.7056 0.0000
vt 0.4480 0.2410 0.0000
vt 0.4531 0.2394 0.0000
vt 0.3463 0.7008 0.0000
vt 0.3432 0.6968 0.0000
vt 0.4433 0.2349 0.0000
vt 0.4464 0.2309 0.0000
vt 0.3542 0.6984 0.0000
vt 0.3542 0.6935 0.0000
vt 0.4357 0.2326 0.0000
vt 0.4357 0.2277 0.0000
vt 0.3621 0.7008 0.0000
vt 0.3652 0.6968 0.0000
vt 0.4280 0.2349 0.0000
vt 0.4249 0.2309 0.0000
vt 0.3670 0.7071 0.0000
vt 0.3720 0.7056 0.0000
vt 0.4233 0.2410 0.0000
vt 0.4183 0.2394 0.0000
vt 0.2707 0.6921 0.0000
vt 0.2754 0.6921 0.0000
vt 0.2707 0.7319 0.0000
vt 0.2677 0.7319 0.0000
vt 0.2879 0.7319 0.0000
vt 0.2799 0.7319 0.0000
vt 0.2814 0.6921 0.0000
vt 0.2864 0.6921 0.0000
vt 0.2935 0.6921 0.0000
vt 0.2983 0.6921 0.0000
vt 0.3012 0.7319 0.0000
vt 0.2983 0.7319 0.0000
vt 0.3059 0.6921 0.0000
vt 0.3059 0.7319 0.0000
vt 0.3136 0.6921 0.0000
vt 0.3106 0.7319 0.0000
vt 0.3183 0.6921 0.0000
vt 0.3135 0.7319 0.0000
vt 0.3228 0.6935 0.0000
vt 0.3308 0.6935 0.0000
vt 0.3293 0.7333 0.0000
vt 0.3243 0.7333 0.0000
vt 0.2507 0.6921 0.0000
vt 0.2554 0.6921 0.0000
vt 0.2583 0.7319 0.0000
vt 0.2554 0.7319 0.0000
vt 0.2630 0.6921 0.0000
vt 0.2630 0.7319 0.0000
vt 0.1766 0.9435 0.0000
vt 0.1801 0.9435 0.0000
vt 0.1784 0.9865 0.0000
vt 0.1932 0.9435 0.0000
vt 0.1953 0.9435 0.0000
vt 0.1899 0.9865 0.0000
vt 0.1899 0.9435 0.0000
vt 0.1865 0.9435 0.0000
vt 0.1844 0.9435 0.0000
vt 0.2035 0.9865 0.0000
vt 0.2000 0.9865 0.0000
vt 0.2018 0.9435 0.0000
vt 0.2166 0.9435 0.0000
vt 0.2187 0.9435 0.0000
vt 0.2132 0.9865 0.0000
vt 0.2132 0.9435 0.0000
vt 0.2099 0.9435 0.0000
vt 0.2078 0.9435 0.0000
vt 0.7730 0.2824 0.0000
vt 0.7794 0.2824 0.0000
vt 0.7791 0.2946 0.0000
vt 0.7733 0.2946 0.0000
vt 0.6619 0.2651 0.0000
vt 0.6619 0.2616 0.0000
vt 0.6751 0.2626 0.0000
vt 0.6751 0.2657 0.0000
vt 0.6619 0.2708 0.0000
vt 0.6751 0.2708 0.0000
vt 0.6619 0.2765 0.0000
vt 0.6751 0.2759 0.0000
vt 0.6619 0.2801 0.0000
vt 0.6751 0.2791 0.0000
vt 0.7911 0.2946 0.0000
vt 0.7847 0.2946 0.0000
vt 0.7850 0.2824 0.0000
vt 0.7908 0.2824 0.0000
vt 0.6794 0.2651 0.0000
vt 0.6794 0.2616 0.0000
vt 0.6926 0.2626 0.0000
vt 0.6926 0.2657 0.0000
vt 0.6794 0.2708 0.0000
vt 0.6926 0.2708 0.0000
vt 0.6794 0.2765 0.0000
vt 0.6926 0.2759 0.0000
vt 0.6794 0.2801 0.0000
vt 0.6926 0.2791 0.0000
vt 0.6307 0.2736 0.0000
vt 0.6307 0.2690 0.0000
vt 0.6331 0.2683 0.0000
vt 0.6331 0.2743 0.0000
vt 0.7539 0.2883 0.0000
vt 0.7539 0.2916 0.0000
vt 0.7515 0.2923 0.0000
vt 0.7515 0.2876 0.0000
vt 0.6278 0.2773 0.0000
vt 0.6293 0.2792 0.0000
vt 0.7560 0.2943 0.0000
vt 0.7545 0.2962 0.0000
vt 0.6231 0.2787 0.0000
vt 0.6231 0.2810 0.0000
vt 0.7593 0.2953 0.0000
vt 0.7593 0.2976 0.0000
vt 0.6184 0.2773 0.0000
vt 0.6170 0.2792 0.0000
vt 0.7627 0.2943 0.0000
vt 0.7641 0.2962 0.0000
vt 0.6155 0.2736 0.0000
vt 0.6132 0.2743 0.0000
vt 0.7648 0.2916 0.0000
vt 0.7671 0.2923 0.0000
vt 0.6155 0.2690 0.0000
vt 0.6132 0.2683 0.0000
vt 0.7648 0.2883 0.0000
vt 0.7671 0.2876 0.0000
vt 0.6184 0.2653 0.0000
vt 0.6170 0.2634 0.0000
vt 0.7627 0.2857 0.0000
vt 0.7641 0.2838 0.0000
vt 0.6231 0.2638 0.0000
vt 0.6231 0.2616 0.0000
vt 0.7593 0.2846 0.0000
vt 0.7593 0.2824 0.0000
vt 0.6278 0.2653 0.0000
vt 0.6293 0.2634 0.0000
vt 0.7560 0.2857 0.0000
vt 0.7545 0.2838 0.0000
vt 0.7204 0.2985 0.0000
vt 0.7204 0.2954 0.0000
vt 0.7311 0.2949 0.0000
vt 0.7311 0.2977 0.0000
vt 0.8120 0.2824 0.0000
vt 0.8176 0.2824 0.0000
vt 0.8173 0.2924 0.0000
vt 0.8122 0.2924 0.0000
vt 0.7359 0.2854 0.0000
vt 0.7359 0.2824 0.0000
vt 0.7467 0.2832 0.0000
vt 0.7467 0.2859 0.0000
vt 0.7359 0.2904 0.0000
vt 0.7467 0.2904 0.0000
vt 0.7359 0.2954 0.0000
vt 0.7467 0.2949 0.0000
vt 0.7359 0.2985 0.0000
vt 0.7467 0.2977 0.0000
vt 0.8293 0.2924 0.0000
vt 0.8236 0.2924 0.0000
vt 0.8239 0.2824 0.0000
vt 0.8290 0.2824 0.0000
vt 0.7204 0.2854 0.0000
vt 0.7204 0.2824 0.0000
vt 0.7311 0.2832 0.0000
vt 0.7311 0.2859 0.0000
vt 0.7204 0.2904 0.0000
vt 0.7311 0.2904 0.0000
vt 0.4962 0.2635 0.0000
vt 0.4962 0.2572 0.0000
vt 0.4991 0.2571 0.0000
vt 0.4991 0.2632 0.0000
vt 0.7964 0.2930 0.0000
vt 0.7964 0.2824 0.0000
vt 0.7993 0.2824 0.0000
vt 0.7993 0.2929 0.0000
vt 0.5040 0.2370 0.0000
vt 0.5040 0.2307 0.0000
vt 0.5069 0.2309 0.0000
vt 0.5069 0.2371 0.0000
vt 0.5040 0.2471 0.0000
vt 0.5069 0.2471 0.0000
vt 0.5040 0.2572 0.0000
vt 0.5069 0.2571 0.0000
vt 0.5040 0.2635 0.0000
vt 0.5069 0.2632 0.0000
vt 0.8071 0.2824 0.0000
vt 0.8071 0.2930 0.0000
vt 0.8042 0.2929 0.0000
vt 0.8042 0.2824 0.0000
vt 0.4962 0.2370 0.0000
vt 0.4962 0.2307 0.0000
vt 0.4991 0.2309 0.0000
vt 0.4991 0.2371 0.0000
vt 0.4962 0.2471 0.0000
vt 0.4991 0.2471 0.0000
vt 0.4038 0.7080 0.0000
vt 0.4004 0.7037 0.0000
vt 0.4058 0.6968 0.0000
vt 0.4125 0.7054 0.0000
vt 0.4693 0.2409 0.0000
vt 0.4660 0.2451 0.0000
vt 0.4572 0.2425 0.0000
vt 0.4639 0.2340 0.0000
vt 0.4038 0.7134 0.0000
vt 0.4125 0.7161 0.0000
vt 0.4660 0.2503 0.0000
vt 0.4572 0.2530 0.0000
vt 0.4004 0.7178 0.0000
vt 0.4058 0.7247 0.0000
vt 0.4693 0.2546 0.0000
vt 0.4639 0.2615 0.0000
vt 0.3949 0.7194 0.0000
vt 0.3949 0.7279 0.0000
vt 0.4746 0.2562 0.0000
vt 0.4746 0.2647 0.0000
vt 0.3894 0.7178 0.0000
vt 0.3841 0.7247 0.0000
vt 0.4800 0.2546 0.0000
vt 0.4853 0.2615 0.0000
vt 0.3860 0.7134 0.0000
vt 0.3773 0.7161 0.0000
vt 0.4833 0.2503 0.0000
vt 0.4920 0.2530 0.0000
vt 0.3860 0.7080 0.0000
vt 0.3773 0.7054 0.0000
vt 0.4833 0.2451 0.0000
vt 0.4920 0.2425 0.0000
vt 0.3894 0.7037 0.0000
vt 0.3841 0.6968 0.0000
vt 0.4800 0.2409 0.0000
vt 0.4853 0.2340 0.0000
vt 0.3949 0.7020 0.0000
vt 0.3949 0.6935 0.0000
vt 0.4746 0.2392 0.0000
vt 0.4746 0.2307 0.0000
vt 0.0906 0.9990 0.0000
vt 0.0010 0.9990 0.0000
vt 0.0010 0.0618 0.0000
vt 0.0906 0.0618 0.0000
vt 0.3642 0.9990 0.0000
vt 0.3069 0.9990 0.0000
vt 0.3069 0.0618 0.0000
vt 0.3642 0.0618 0.0000
vt 0.2150 0.9990 0.0000
vt 0.2150 0.0618 0.0000
vt 0.1577 0.9990 0.0000
vt 0.1577 0.0618 0.0000
vt 0.5121 0.9990 0.0000
vt 0.4225 0.9990 0.0000
vt 0.4225 0.0618 0.0000
vt 0.5121 0.0618 0.0000
vt 0.7426 0.9990 0.0000
vt 0.6598 0.9990 0.0000
vt 0.6598 0.0618 0.0000
vt 0.7426 0.0618 0.0000
vt 0.5770 0.9990 0.0000
vt 0.5770 0.0618 0.0000
vt 0.9271 0.0176 0.0000
vt 0.8375 0.0159 0.0000
vt 0.9036 0.0093 0.0000
vt 0.9990 0.0130 0.0000
vt 0.9990 0.0056 0.0000
vt 0.9271 0.0010 0.0000
vt 0.8375 0.0026 0.0000
vt 0.7976 0.0093 0.0000
vt 0.0246 0.0010 0.0000
vt 0.2610 0.0010 0.0000
vt 0.4885 0.0010 0.0000
vt 0.6598 0.0010 0.0000
vt 0.5048 0.3534 0.0000
vt 0.4397 0.4380 0.0000
vt 0.3474 0.3395 0.0000
vt 0.3782 0.2995 0.0000
vt 0.3438 0.4903 0.0000
vt 0.3020 0.3643 0.0000
vt 0.2337 0.5012 0.0000
vt 0.2499 0.3694 0.0000
vt 0.1283 0.4689 0.0000
vt 0.2000 0.3541 0.0000
vt 0.0460 0.3989 0.0000
vt 0.1611 0.3210 0.0000
vt 0.0010 0.3034 0.0000
vt 0.1398 0.2758 0.0000
vt 0.0010 0.1988 0.0000
vt 0.1398 0.2263 0.0000
vt 0.0460 0.1033 0.0000
vt 0.1611 0.1811 0.0000
vt 0.1283 0.0333 0.0000
vt 0.2000 0.1480 0.0000
vt 0.2337 0.0010 0.0000
vt 0.2499 0.1328 0.0000
vt 0.3438 0.0119 0.0000
vt 0.3020 0.1379 0.0000
vt 0.4397 0.0642 0.0000
vt 0.3474 0.1627 0.0000
vt 0.5048 0.1488 0.0000
vt 0.3782 0.2027 0.0000
vt 0.5278 0.2511 0.0000
vt 0.3891 0.2511 0.0000
vt 0.9116 0.5657 0.0000
vt 0.9762 0.6496 0.0000
vt 0.7365 0.7510 0.0000
vt 0.8165 0.5139 0.0000
vt 0.7073 0.5031 0.0000
vt 0.6029 0.5351 0.0000
vt 0.5213 0.6045 0.0000
vt 0.4766 0.6992 0.0000
vt 0.4766 0.8029 0.0000
vt 0.5213 0.8976 0.0000
vt 0.6029 0.9670 0.0000
vt 0.7073 0.9990 0.0000
vt 0.8165 0.9882 0.0000
vt 0.9116 0.9363 0.0000
vt 0.9762 0.8524 0.0000
vt 0.9990 0.7510 0.0000
vt 0.0928 0.7947 0.0000
vt 0.0928 0.7455 0.0000
vt 0.1388 0.7516 0.0000
vt 0.1388 0.7928 0.0000
vt 0.0928 0.8418 0.0000
vt 0.1388 0.8321 0.0000
vt 0.3279 0.5362 0.0000
vt 0.3279 0.5031 0.0000
vt 0.3740 0.5200 0.0000
vt 0.3740 0.5477 0.0000
vt 0.3279 0.5814 0.0000
vt 0.3740 0.5854 0.0000
vt 0.3279 0.6309 0.0000
vt 0.3740 0.6268 0.0000
vt 0.3279 0.6761 0.0000
vt 0.3740 0.6645 0.0000
vt 0.3279 0.7092 0.0000
vt 0.3740 0.6922 0.0000
vt 0.1895 0.7973 0.0000
vt 0.1895 0.8444 0.0000
vt 0.1435 0.8347 0.0000
vt 0.1435 0.7954 0.0000
vt 0.1895 0.7481 0.0000
vt 0.1435 0.7542 0.0000
vt 0.1895 0.7053 0.0000
vt 0.1435 0.7184 0.0000
vt 0.0010 0.7427 0.0000
vt 0.0010 0.7027 0.0000
vt 0.0470 0.7172 0.0000
vt 0.0470 0.7507 0.0000
vt 0.0010 0.7911 0.0000
vt 0.0470 0.7911 0.0000
vt 0.0010 0.8395 0.0000
vt 0.0470 0.8316 0.0000
vt 0.0010 0.8795 0.0000
vt 0.0470 0.8650 0.0000
vt 0.0928 0.7027 0.0000
vt 0.1388 0.7158 0.0000
vt 0.0313 0.5158 0.0000
vt 0.0729 0.5031 0.0000
vt 0.0760 0.5303 0.0000
vt 0.0459 0.5396 0.0000
vt 0.4144 0.5438 0.0000
vt 0.4144 0.5638 0.0000
vt 0.4144 0.5911 0.0000
vt 0.4144 0.6211 0.0000
vt 0.4144 0.6484 0.0000
vt 0.4144 0.6685 0.0000
vt 0.0729 0.7008 0.0000
vt 0.0313 0.6880 0.0000
vt 0.0459 0.6643 0.0000
vt 0.0760 0.6735 0.0000
vt 0.1165 0.6965 0.0000
vt 0.1076 0.6704 0.0000
vt 0.1544 0.6758 0.0000
vt 0.1350 0.6554 0.0000
vt 0.0875 0.7376 0.0000
vt 0.0875 0.7618 0.0000
vt 0.0875 0.7911 0.0000
vt 0.0875 0.8204 0.0000
vt 0.0875 0.8446 0.0000
vt 0.1165 0.5074 0.0000
vt 0.1544 0.5281 0.0000
vt 0.1350 0.5484 0.0000
vt 0.1076 0.5335 0.0000
vt 0.0922 0.5798 0.0000
vt 0.0820 0.5788 0.0000
vt 0.0723 0.5818 0.0000
vt 0.0223 0.5596 0.0000
vt 0.0647 0.5883 0.0000
vt 0.0094 0.5870 0.0000
vt 0.0605 0.5971 0.0000
vt 0.0094 0.6169 0.0000
vt 0.0605 0.6068 0.0000
vt 0.0223 0.6442 0.0000
vt 0.0647 0.6156 0.0000
vt 0.0723 0.6221 0.0000
vt 0.0820 0.6250 0.0000
vt 0.0922 0.6240 0.0000
vt 0.1010 0.6192 0.0000
vt 0.1537 0.6312 0.0000
vt 0.1071 0.6114 0.0000
vt 0.1602 0.6019 0.0000
vt 0.1092 0.6019 0.0000
vt 0.1537 0.5727 0.0000
vt 0.1071 0.5925 0.0000
vt 0.1010 0.5847 0.0000
vt 0.3104 0.5031 0.0000
vt 0.3187 0.5031 0.0000
vt 0.3187 0.5516 0.0000
vt 0.3104 0.5516 0.0000
vt 0.3238 0.5031 0.0000
vt 0.3238 0.5516 0.0000
vt 0.2640 0.7034 0.0000
vt 0.2538 0.7034 0.0000
vt 0.2538 0.6549 0.0000
vt 0.2640 0.6549 0.0000
vt 0.2441 0.7034 0.0000
vt 0.2441 0.6549 0.0000
vt 0.1973 0.5031 0.0000
vt 0.2041 0.5031 0.0000
vt 0.2041 0.5516 0.0000
vt 0.1973 0.5516 0.0000
vt 0.2135 0.5031 0.0000
vt 0.2135 0.5516 0.0000
vt 0.2237 0.5031 0.0000
vt 0.2237 0.5516 0.0000
vt 0.2331 0.5031 0.0000
vt 0.2331 0.5516 0.0000
vt 0.2399 0.5031 0.0000
vt 0.2399 0.5516 0.0000
vt 0.1644 0.5031 0.0000
vt 0.1741 0.5031 0.0000
vt 0.1741 0.5516 0.0000
vt 0.1644 0.5516 0.0000
vt 0.1843 0.5031 0.0000
vt 0.1843 0.5516 0.0000
vt 0.2770 0.5031 0.0000
vt 0.2821 0.5031 0.0000
vt 0.2821 0.5516 0.0000
vt 0.2770 0.5516 0.0000
vt 0.2904 0.5031 0.0000
vt 0.2904 0.5516 0.0000
vt 0.3004 0.5031 0.0000
vt 0.3004 0.5516 0.0000
vt 0.1932 0.5516 0.0000
vt 0.1767 0.7034 0.0000
vt 0.2186 0.7034 0.0000
vt 0.2564 0.5031 0.0000
vt 0.2728 0.6549 0.0000
vt 0.3004 0.7034 0.0000
vt 0.4580 0.5031 0.0000
vt 0.4580 0.5877 0.0000
vt 0.4476 0.5885 0.0000
vt 0.4476 0.5047 0.0000
vt 0.4331 0.5936 0.0000
vt 0.4331 0.5031 0.0000
vt 0.4435 0.5045 0.0000
vt 0.4435 0.5943 0.0000
vt 0.4331 0.6976 0.0000
vt 0.4435 0.6974 0.0000
vt 0.4331 0.7971 0.0000
vt 0.4435 0.7960 0.0000
vt 0.4725 0.8687 0.0000
vt 0.4725 0.9386 0.0000
vt 0.4621 0.9368 0.0000
vt 0.4621 0.8674 0.0000
vt 0.4725 0.7731 0.0000
vt 0.4621 0.7727 0.0000
vt 0.4725 0.6686 0.0000
vt 0.4621 0.6690 0.0000
vt 0.4725 0.5730 0.0000
vt 0.4621 0.5743 0.0000
vt 0.4725 0.5031 0.0000
vt 0.4621 0.5049 0.0000
vt 0.4289 0.6976 0.0000
vt 0.4289 0.7971 0.0000
vt 0.4186 0.7960 0.0000
vt 0.4186 0.6974 0.0000
vt 0.4289 0.5936 0.0000
vt 0.4186 0.5943 0.0000
vt 0.4289 0.5031 0.0000
vt 0.4186 0.5045 0.0000
vt 0.4580 0.7922 0.0000
vt 0.4580 0.8768 0.0000
vt 0.4476 0.8752 0.0000
vt 0.4476 0.7914 0.0000
vt 0.4580 0.6899 0.0000
vt 0.4476 0.6899 0.0000
vt 0.1523 0.7915 0.0000
vt 0.1522 0.8684 0.0000
vt 0.1259 0.8690 0.0000
vt 0.1260 0.7914 0.0000
vt 0.8016 0.5144 0.0000
vt 0.7765 0.4890 0.0000
vt 0.8867 0.4445 0.0000
vt 0.8996 0.4790 0.0000
vt 0.1753 0.6702 0.0000
vt 0.1490 0.6702 0.0000
vt 0.1490 0.5569 0.0000
vt 0.1753 0.5570 0.0000
vt 0.4020 0.4890 0.0000
vt 0.3769 0.5144 0.0000
vt 0.2793 0.4791 0.0000
vt 0.2918 0.4445 0.0000
vt 0.1144 0.6444 0.0000
vt 0.0881 0.6444 0.0000
vt 0.0881 0.5438 0.0000
vt 0.1144 0.5442 0.0000
vt 0.5439 0.7190 0.0000
vt 0.5823 0.7170 0.0000
vt 0.5872 0.7775 0.0000
vt 0.5526 0.7637 0.0000
vt 0.0636 0.8833 0.0000
vt 0.0899 0.8833 0.0000
vt 0.0899 0.9437 0.0000
vt 0.0636 0.9437 0.0000
vt 0.5962 0.7171 0.0000
vt 0.6346 0.7190 0.0000
vt 0.6259 0.7637 0.0000
vt 0.5913 0.7775 0.0000
vt 0.0010 0.8231 0.0000
vt 0.0273 0.8231 0.0000
vt 0.0273 0.8678 0.0000
vt 0.0010 0.8678 0.0000
vt 0.0011 0.9406 0.0000
vt 0.0273 0.9406 0.0000
vt 0.0274 0.9745 0.0000
vt 0.0011 0.9745 0.0000
vt 0.6383 0.8015 0.0000
vt 0.6073 0.8322 0.0000
vt 0.0898 0.9985 0.0000
vt 0.0636 0.9990 0.0000
vt 0.0273 0.9051 0.0000
vt 0.0010 0.9056 0.0000
vt 0.5706 0.8328 0.0000
vt 0.5404 0.8011 0.0000
vt 0.1490 0.5009 0.0000
vt 0.1753 0.5009 0.0000
vt 0.1144 0.4715 0.0000
vt 0.0881 0.4715 0.0000
vt 0.0881 0.4416 0.0000
vt 0.1144 0.4416 0.0000
vt 0.1144 0.5072 0.0000
vt 0.0881 0.5078 0.0000
vt 0.9346 0.4779 0.0000
vt 0.9412 0.4415 0.0000
vt 0.9990 0.4905 0.0000
vt 0.9698 0.5007 0.0000
vt 0.1491 0.4416 0.0000
vt 0.1754 0.4416 0.0000
vt 0.2373 0.4416 0.0000
vt 0.2434 0.4780 0.0000
vt 0.2087 0.5007 0.0000
vt 0.1795 0.4905 0.0000
vt 0.4958 0.8704 0.0000
vt 0.4910 0.8365 0.0000
vt 0.6828 0.8704 0.0000
vt 0.6876 0.8365 0.0000
vt 0.1144 0.7563 0.0000
vt 0.0881 0.7563 0.0000
vt 0.6928 0.6051 0.0000
vt 0.6606 0.5922 0.0000
vt 0.1753 0.7894 0.0000
vt 0.1490 0.7894 0.0000
vt 0.5179 0.5921 0.0000
vt 0.4858 0.6051 0.0000
vt 0.0010 0.7092 0.0000
vt 0.0273 0.7091 0.0000
vt 0.0636 0.7584 0.0000
vt 0.0898 0.7584 0.0000
vt 0.1211 0.7874 0.0000
vt 0.1210 0.8657 0.0000
vt 0.0947 0.8664 0.0000
vt 0.0948 0.7874 0.0000
vt 0.1974 0.3613 0.0000
vt 0.2234 0.3857 0.0000
vt 0.1149 0.4345 0.0000
vt 0.1008 0.4004 0.0000
vt 0.1448 0.6701 0.0000
vt 0.1186 0.6701 0.0000
vt 0.1185 0.5586 0.0000
vt 0.1448 0.5586 0.0000
vt 0.5773 0.3857 0.0000
vt 0.6033 0.3613 0.0000
vt 0.6995 0.4003 0.0000
vt 0.6858 0.4345 0.0000
vt 0.0839 0.6434 0.0000
vt 0.0577 0.6434 0.0000
vt 0.0577 0.5441 0.0000
vt 0.0839 0.5445 0.0000
vt 0.4438 0.1505 0.0000
vt 0.4054 0.1510 0.0000
vt 0.4027 0.0904 0.0000
vt 0.4367 0.1058 0.0000
vt 0.0587 0.8691 0.0000
vt 0.0324 0.8691 0.0000
vt 0.0324 0.8085 0.0000
vt 0.0587 0.8085 0.0000
vt 0.3953 0.1509 0.0000
vt 0.3568 0.1504 0.0000
vt 0.3639 0.1058 0.0000
vt 0.3979 0.0904 0.0000
vt 0.0535 0.5910 0.0000
vt 0.0272 0.5910 0.0000
vt 0.0272 0.5463 0.0000
vt 0.0535 0.5463 0.0000
vt 0.0534 0.4756 0.0000
vt 0.0271 0.4756 0.0000
vt 0.0271 0.4416 0.0000
vt 0.0534 0.4416 0.0000
vt 0.3501 0.0685 0.0000
vt 0.3800 0.0363 0.0000
vt 0.0324 0.7544 0.0000
vt 0.0587 0.7539 0.0000
vt 0.0272 0.5094 0.0000
vt 0.0534 0.5090 0.0000
vt 0.4213 0.0357 0.0000
vt 0.4503 0.0689 0.0000
vt 0.1185 0.5027 0.0000
vt 0.1448 0.5027 0.0000
vt 0.0839 0.4711 0.0000
vt 0.0576 0.4711 0.0000
vt 0.0576 0.4416 0.0000
vt 0.0839 0.4416 0.0000
vt 0.0839 0.5076 0.0000
vt 0.0577 0.5082 0.0000
vt 0.0658 0.4029 0.0000
vt 0.0605 0.4395 0.0000
vt 0.0010 0.3928 0.0000
vt 0.0298 0.3815 0.0000
vt 0.1186 0.4416 0.0000
vt 0.1449 0.4416 0.0000
vt 0.7401 0.4395 0.0000
vt 0.7354 0.4029 0.0000
vt 0.7709 0.3815 0.0000
vt 0.7997 0.3928 0.0000
vt 0.4974 0.0010 0.0000
vt 0.5010 0.0350 0.0000
vt 0.3032 0.0010 0.0000
vt 0.2996 0.0350 0.0000
vt 0.0839 0.7518 0.0000
vt 0.0576 0.7518 0.0000
vt 0.3029 0.2665 0.0000
vt 0.3355 0.2782 0.0000
vt 0.1449 0.7854 0.0000
vt 0.1186 0.7853 0.0000
vt 0.4651 0.2782 0.0000
vt 0.4978 0.2665 0.0000
vt 0.0535 0.7071 0.0000
vt 0.0272 0.7071 0.0000
vt 0.0587 0.9964 0.0000
vt 0.0324 0.9963 0.0000
# 1203 texture coords

o polySurface60
g polySurface60
usemtl 02___Default
s off
f 1/1/1 2/2/1 3/3/2 
f 3/3/2 4/4/2 1/1/1 
f 2/5/3 5/6/3 6/7/4 
f 6/7/4 3/8/4 2/5/3 
f 5/9/5 7/10/5 8/11/6 
f 8/11/6 6/12/6 5/9/5 
f 7/10/7 9/13/7 10/14/8 
f 10/14/8 8/11/8 7/10/7 
f 9/13/9 11/15/9 12/16/10 
f 12/16/10 10/14/10 9/13/9 
f 11/15/11 13/17/11 14/18/12 
f 14/18/12 12/16/12 11/15/11 
f 13/19/13 15/20/13 16/21/14 
f 16/21/14 14/22/14 13/19/13 
f 15/23/15 17/24/15 18/25/16 
f 18/25/16 16/26/16 15/23/15 
f 17/24/17 19/27/17 20/28/18 
f 20/28/18 18/25/18 17/24/17 
f 19/27/19 1/1/19 4/4/20 
f 4/4/20 20/28/20 19/27/19 
f 12/29/12 14/22/12 21/30/21 
f 21/30/21 22/31/21 12/29/12 
f 10/14/10 12/16/10 22/32/22 
f 22/32/22 23/33/22 10/14/10 
f 8/11/8 10/14/8 23/33/23 
f 23/33/23 24/34/23 8/11/8 
f 6/7/6 8/35/6 24/36/24 
f 24/36/24 25/37/24 6/7/6 
f 3/8/4 6/7/4 25/37/25 
f 25/37/25 26/38/26 3/8/4 
f 4/39/2 3/8/2 26/38/27 
f 26/38/27 27/40/27 4/39/2 
f 20/28/20 4/4/20 27/41/28 
f 27/41/28 28/42/29 20/28/20 
f 18/25/18 20/28/18 28/42/30 
f 28/42/30 29/43/30 18/25/18 
f 16/21/16 18/44/16 29/45/31 
f 29/45/31 30/46/31 16/21/16 
f 14/22/14 16/21/14 30/46/32 
f 30/46/32 21/30/33 14/22/14 
f 22/32/21 21/47/21 31/48/34 
f 31/48/34 32/49/34 22/32/21 
f 23/33/22 22/32/22 32/49/35 
f 32/49/35 33/50/35 23/33/22 
f 24/34/23 23/33/23 33/50/36 
f 33/50/36 34/51/36 24/34/23 
f 25/52/24 24/34/24 34/51/37 
f 34/51/37 35/53/37 25/52/24 
f 26/38/26 25/37/25 35/54/38 
f 35/54/38 36/55/38 26/38/26 
f 27/41/27 26/56/27 36/57/39 
f 36/57/39 37/58/39 27/41/27 
f 28/42/29 27/41/28 37/58/40 
f 37/58/40 38/59/40 28/42/29 
f 29/43/30 28/42/30 38/59/41 
f 38/59/41 39/60/41 29/43/30 
f 30/61/31 29/43/31 39/60/42 
f 39/60/42 40/62/42 30/61/31 
f 21/30/33 30/46/32 40/63/43 
f 40/63/43 31/64/43 21/30/33 
f 41/65/1 42/66/1 43/67/1 
f 43/67/1 44/68/1 41/65/1 
f 42/69/44 45/70/44 46/71/44 
f 46/71/44 43/72/44 42/69/44 
f 45/73/5 47/74/5 48/75/5 
f 48/75/5 46/76/5 45/73/5 
f 47/74/7 49/77/7 50/78/7 
f 50/78/7 48/75/7 47/74/7 
f 49/77/9 51/79/9 52/80/9 
f 52/80/9 50/78/9 49/77/9 
f 51/79/11 53/81/11 54/82/11 
f 54/82/11 52/80/11 51/79/11 
f 53/83/13 55/84/13 56/85/13 
f 56/85/13 54/86/13 53/83/13 
f 55/87/15 57/88/15 58/89/15 
f 58/89/15 56/90/15 55/87/15 
f 57/88/17 59/91/17 60/92/17 
f 60/92/17 58/89/17 57/88/17 
f 59/91/19 41/65/19 44/68/19 
f 44/68/19 60/92/19 59/91/19 
f 61/93/45 62/94/45 63/95/46 
f 63/95/46 64/96/46 61/93/45 
f 62/94/47 65/97/47 66/98/48 
f 66/98/48 63/95/49 62/94/47 
f 65/97/50 67/99/50 68/100/51 
f 68/100/51 66/98/52 65/97/50 
f 67/101/53 69/102/53 70/103/54 
f 70/103/54 68/104/54 67/101/53 
f 69/102/55 71/105/55 72/106/56 
f 72/106/56 70/103/56 69/102/55 
f 71/107/57 73/108/57 74/109/58 
f 74/109/58 72/110/59 71/107/57 
f 73/108/60 75/111/60 76/112/61 
f 76/112/61 74/109/62 73/108/60 
f 75/111/63 77/113/63 78/114/64 
f 78/114/64 76/112/64 75/111/63 
f 77/115/65 79/116/65 80/117/66 
f 80/117/66 78/118/66 77/115/65 
f 79/116/67 61/119/67 64/120/68 
f 64/120/68 80/117/68 79/116/67 
f 81/121/69 82/122/70 83/123/71 
f 83/123/71 84/124/71 81/121/69 
f 85/125/72 81/126/72 84/127/73 
f 84/127/73 86/128/73 85/125/72 
f 87/129/74 85/125/74 86/128/75 
f 86/128/75 88/130/75 87/129/74 
f 89/131/76 87/129/76 88/130/77 
f 88/130/77 90/132/77 89/131/76 
f 91/133/78 89/131/79 90/132/80 
f 90/132/80 92/134/80 91/133/78 
f 93/135/81 91/136/82 92/137/83 
f 92/137/83 94/138/83 93/135/81 
f 95/139/84 93/140/85 94/141/86 
f 94/141/86 96/142/86 95/139/84 
f 97/143/87 95/139/88 96/142/89 
f 96/142/89 98/144/89 97/143/87 
f 99/145/90 97/143/90 98/144/91 
f 98/144/91 100/146/91 99/145/90 
f 82/147/92 99/145/92 100/146/93 
f 100/146/93 83/148/93 82/147/92 
f 74/149/62 76/150/61 82/122/70 
f 82/122/70 81/121/69 74/149/62 
f 72/106/59 74/151/58 81/126/72 
f 81/126/72 85/125/72 72/106/59 
f 70/103/56 72/106/56 85/125/74 
f 85/125/74 87/129/74 70/103/56 
f 68/104/54 70/103/54 87/129/76 
f 87/129/76 89/131/76 68/104/54 
f 66/152/52 68/104/51 89/131/79 
f 89/131/79 91/133/78 66/152/52 
f 63/153/49 66/154/48 91/136/82 
f 91/136/82 93/135/81 63/153/49 
f 64/120/46 63/155/46 93/140/85 
f 93/140/85 95/139/84 64/120/46 
f 80/117/68 64/120/68 95/139/88 
f 95/139/88 97/143/87 80/117/68 
f 78/118/66 80/117/66 97/143/90 
f 97/143/90 99/145/90 78/118/66 
f 76/156/64 78/118/64 99/145/92 
f 99/145/92 82/147/92 76/156/64 
f 101/157/1 102/158/1 103/159/1 
f 103/159/1 104/160/1 101/157/1 
f 102/161/44 105/162/44 106/163/44 
f 106/163/44 103/164/44 102/161/44 
f 105/165/5 107/166/5 108/167/5 
f 108/167/5 106/168/5 105/165/5 
f 107/166/7 109/169/7 110/170/7 
f 110/170/7 108/167/7 107/166/7 
f 109/169/94 111/171/94 112/172/94 
f 112/172/94 110/170/94 109/169/94 
f 111/171/11 113/173/11 114/174/11 
f 114/174/11 112/172/11 111/171/11 
f 113/175/13 115/176/13 116/177/13 
f 116/177/13 114/178/13 113/175/13 
f 115/179/15 117/180/15 118/181/15 
f 118/181/15 116/182/15 115/179/15 
f 117/180/17 119/183/17 120/184/17 
f 120/184/17 118/181/17 117/180/17 
f 119/183/19 101/157/19 104/160/19 
f 104/160/19 120/184/19 119/183/19 
f 37/185/95 36/186/95 42/187/95 
f 42/187/95 41/188/95 37/185/95 
f 62/94/96 61/93/96 44/189/96 
f 44/189/96 43/190/96 62/94/96 
f 36/186/95 35/191/95 45/192/95 
f 45/192/95 42/187/95 36/186/95 
f 65/97/96 62/94/96 43/190/96 
f 43/190/96 46/193/96 65/97/96 
f 35/191/95 34/194/95 47/195/95 
f 47/195/95 45/192/95 35/191/95 
f 67/99/96 65/97/96 46/193/96 
f 46/193/96 48/196/96 67/99/96 
f 34/194/95 33/197/95 49/198/95 
f 49/198/95 47/195/95 34/194/95 
f 69/199/97 67/99/96 48/196/96 
f 48/196/96 50/200/97 69/199/97 
f 33/197/95 32/201/95 51/202/95 
f 51/202/95 49/198/95 33/197/95 
f 71/107/97 69/199/97 50/200/97 
f 50/200/97 52/203/97 71/107/97 
f 32/201/95 31/204/95 53/205/95 
f 53/205/95 51/202/95 32/201/95 
f 73/108/96 71/107/97 52/203/97 
f 52/203/97 54/206/96 73/108/96 
f 31/204/95 40/207/95 55/208/95 
f 55/208/95 53/205/95 31/204/95 
f 75/111/96 73/108/96 54/206/96 
f 54/206/96 56/209/96 75/111/96 
f 40/207/95 39/210/95 57/211/95 
f 57/211/95 55/208/95 40/207/95 
f 77/113/96 75/111/96 56/209/96 
f 56/209/96 58/212/96 77/113/96 
f 39/210/95 38/213/95 59/214/95 
f 59/214/95 57/211/95 39/210/95 
f 79/215/96 77/113/96 58/212/96 
f 58/212/96 60/216/96 79/215/96 
f 38/213/95 37/185/95 41/188/95 
f 41/188/95 59/214/95 38/213/95 
f 61/93/96 79/215/96 60/216/96 
f 60/216/96 44/189/96 61/93/96 
f 96/217/98 94/218/98 102/219/98 
f 102/219/98 101/220/98 96/217/98 
f 121/221/99 122/222/96 104/223/96 
f 104/223/96 103/224/99 121/221/99 
f 94/218/98 92/225/95 105/226/95 
f 105/226/95 102/219/98 94/218/98 
f 123/227/99 121/221/99 103/224/99 
f 103/224/99 106/228/99 123/227/99 
f 92/225/95 90/229/95 107/230/95 
f 107/230/95 105/226/95 92/225/95 
f 124/231/99 123/227/99 106/228/99 
f 106/228/99 108/232/99 124/231/99 
f 90/229/95 88/233/95 109/234/95 
f 109/234/95 107/230/95 90/229/95 
f 125/235/99 124/231/99 108/232/99 
f 108/232/99 110/236/99 125/235/99 
f 88/233/95 86/237/95 111/238/95 
f 111/238/95 109/234/95 88/233/95 
f 126/239/96 125/235/99 110/236/99 
f 110/236/99 112/240/96 126/239/96 
f 86/237/95 84/241/95 113/242/95 
f 113/242/95 111/238/95 86/237/95 
f 127/243/97 126/239/96 112/240/96 
f 112/240/96 114/244/97 127/243/97 
f 84/241/95 83/245/100 115/246/100 
f 115/246/100 113/242/95 84/241/95 
f 128/247/101 127/243/97 114/244/97 
f 114/244/97 116/248/101 128/247/101 
f 83/245/100 100/249/100 117/250/100 
f 117/250/100 115/246/100 83/245/100 
f 129/251/96 128/247/101 116/248/101 
f 116/248/101 118/252/96 129/251/96 
f 100/249/100 98/253/100 119/254/98 
f 119/254/98 117/250/100 100/249/100 
f 130/255/96 129/251/96 118/252/96 
f 118/252/96 120/256/96 130/255/96 
f 98/253/100 96/217/98 101/220/98 
f 101/220/98 119/254/98 98/253/100 
f 122/222/96 130/255/96 120/256/96 
f 120/256/96 104/223/96 122/222/96 
f 122/257/102 121/258/102 131/259/102 
f 131/259/102 132/260/102 122/257/102 
f 121/261/103 123/262/103 133/263/103 
f 133/263/103 131/264/103 121/261/103 
f 123/265/104 124/266/104 134/267/104 
f 134/267/104 133/268/104 123/265/104 
f 124/266/105 125/269/105 135/270/105 
f 135/270/105 134/267/105 124/266/105 
f 125/269/106 126/271/106 136/272/106 
f 136/272/106 135/270/106 125/269/106 
f 126/271/107 127/273/107 137/274/107 
f 137/274/107 136/272/107 126/271/107 
f 127/275/108 128/276/108 138/277/108 
f 138/277/108 137/278/108 127/275/108 
f 128/279/109 129/280/109 139/281/109 
f 139/281/109 138/282/109 128/279/109 
f 129/280/110 130/283/110 140/284/110 
f 140/284/110 139/281/110 129/280/110 
f 130/283/111 122/257/111 132/260/111 
f 132/260/111 140/284/111 130/283/111 
f 141/285/112 142/286/112 143/287/112 
f 143/287/112 144/288/112 141/285/112 
f 145/289/113 141/285/113 144/288/113 
f 144/288/113 146/290/113 145/289/113 
f 147/291/114 145/289/114 146/290/114 
f 146/290/114 148/292/114 147/291/114 
f 149/293/115 147/291/115 148/292/115 
f 148/292/115 150/294/115 149/293/115 
f 151/295/116 149/296/116 150/297/116 
f 150/297/116 152/298/116 151/295/116 
f 153/299/117 151/300/117 152/301/117 
f 152/301/117 154/302/117 153/299/117 
f 155/303/118 153/299/118 154/302/118 
f 154/302/118 156/304/118 155/303/118 
f 157/305/119 155/303/119 156/304/119 
f 156/304/119 158/306/119 157/305/119 
f 159/307/120 157/305/120 158/306/120 
f 158/306/120 160/308/120 159/307/120 
f 142/309/121 159/310/121 160/311/121 
f 160/311/121 143/312/121 142/309/121 
f 161/313/122 162/314/123 163/315/124 
f 163/315/124 164/316/124 161/313/122 
f 165/317/125 161/313/126 164/316/127 
f 164/316/127 166/318/127 165/317/125 
f 167/319/128 165/317/129 166/318/130 
f 166/318/130 168/320/130 167/319/128 
f 169/321/131 167/322/132 168/323/133 
f 168/323/133 170/324/133 169/321/131 
f 171/325/134 169/321/135 170/324/136 
f 170/324/136 172/326/136 171/325/134 
f 173/327/137 171/328/138 172/329/139 
f 172/329/139 174/330/139 173/327/137 
f 175/331/140 173/327/141 174/330/142 
f 174/330/142 176/332/143 175/331/140 
f 177/333/144 175/331/145 176/332/146 
f 176/332/146 178/334/146 177/333/144 
f 179/335/147 177/336/148 178/337/149 
f 178/337/149 180/338/149 179/335/147 
f 162/339/150 179/335/151 180/338/152 
f 180/338/152 163/340/152 162/339/150 
f 164/341/124 163/340/124 181/342/153 
f 181/342/153 182/343/153 164/341/124 
f 166/318/127 164/316/127 182/344/154 
f 182/344/154 183/345/154 166/318/127 
f 168/323/130 166/346/130 183/347/155 
f 183/347/155 184/348/155 168/323/130 
f 170/324/133 168/323/133 184/348/156 
f 184/348/156 185/349/156 170/324/133 
f 172/326/136 170/324/136 185/349/157 
f 185/349/157 186/350/157 172/326/136 
f 174/351/139 172/326/139 186/350/158 
f 186/350/158 187/352/158 174/351/139 
f 176/332/143 174/330/142 187/353/159 
f 187/353/159 188/354/159 176/332/143 
f 178/337/146 176/355/146 188/356/160 
f 188/356/160 189/357/160 178/337/146 
f 180/338/149 178/337/149 189/357/161 
f 189/357/161 190/358/161 180/338/149 
f 163/340/152 180/338/152 190/358/162 
f 190/358/162 181/342/162 163/340/152 
f 191/359/121 192/360/121 161/313/126 
f 161/313/126 165/317/125 191/359/121 
f 193/361/112 191/362/112 165/363/129 
f 165/363/129 167/322/128 193/361/112 
f 194/364/113 193/361/113 167/322/132 
f 167/322/132 169/321/131 194/364/113 
f 195/365/114 194/364/114 169/321/135 
f 169/321/135 171/325/134 195/365/114 
f 196/366/115 195/365/115 171/325/138 
f 171/325/138 173/367/137 196/366/115 
f 197/368/116 196/369/116 173/327/141 
f 173/327/141 175/331/140 197/368/116 
f 198/370/117 197/371/117 175/372/145 
f 175/372/145 177/336/144 198/370/117 
f 199/373/118 198/370/118 177/336/148 
f 177/336/148 179/335/147 199/373/118 
f 200/374/119 199/373/119 179/335/151 
f 179/335/151 162/339/150 200/374/119 
f 192/375/120 200/374/120 162/339/123 
f 162/339/123 161/376/122 192/375/120 
f 201/377/121 202/378/121 203/379/121 
f 203/379/121 204/380/121 201/377/121 
f 205/381/112 201/382/112 204/383/112 
f 204/383/112 206/384/112 205/381/112 
f 207/385/113 205/381/113 206/384/113 
f 206/384/113 208/386/113 207/385/113 
f 209/387/114 207/385/114 208/386/114 
f 208/386/114 210/388/114 209/387/114 
f 211/389/115 209/387/115 210/388/115 
f 210/388/115 212/390/115 211/389/115 
f 213/391/116 211/392/116 212/393/116 
f 212/393/116 214/394/116 213/391/116 
f 215/395/117 213/396/117 214/397/117 
f 214/397/117 216/398/117 215/395/117 
f 217/399/118 215/395/118 216/398/118 
f 216/398/118 218/400/118 217/399/118 
f 219/401/119 217/399/119 218/400/119 
f 218/400/119 220/402/119 219/401/119 
f 202/403/120 219/401/120 220/402/120 
f 220/402/120 203/404/120 202/403/120 
f 221/405/121 222/406/121 223/407/121 
f 223/407/121 224/408/121 221/405/121 
f 225/409/112 221/410/112 224/411/112 
f 224/411/112 226/412/112 225/409/112 
f 227/413/113 225/409/113 226/412/113 
f 226/412/113 228/414/113 227/413/113 
f 229/415/114 227/413/114 228/414/114 
f 228/414/114 230/416/114 229/415/114 
f 231/417/115 229/415/115 230/416/115 
f 230/416/115 232/418/115 231/417/115 
f 233/419/116 231/420/116 232/421/116 
f 232/421/116 234/422/116 233/419/116 
f 235/423/163 233/424/163 234/425/163 
f 234/425/163 236/426/163 235/423/163 
f 237/427/118 235/423/118 236/426/118 
f 236/426/118 238/428/118 237/427/118 
f 239/429/119 237/427/119 238/428/119 
f 238/428/119 240/430/119 239/429/119 
f 222/431/120 239/429/120 240/430/120 
f 240/430/120 223/432/120 222/431/120 
f 136/433/164 137/434/165 142/435/165 
f 142/435/165 141/436/164 136/433/164 
f 221/437/166 225/438/167 144/439/167 
f 144/439/167 143/440/166 221/437/166 
f 135/441/168 136/433/164 141/436/164 
f 141/436/164 145/442/168 135/441/168 
f 225/438/167 227/443/169 146/444/169 
f 146/444/169 144/439/167 225/438/167 
f 134/445/170 135/441/168 145/442/168 
f 145/442/168 147/446/170 134/445/170 
f 227/443/169 229/447/171 148/448/171 
f 148/448/171 146/444/169 227/443/169 
f 133/449/172 134/445/170 147/446/170 
f 147/446/170 149/450/172 133/449/172 
f 229/447/171 231/451/173 150/452/173 
f 150/452/173 148/448/171 229/447/171 
f 131/453/174 133/449/172 149/450/172 
f 149/450/172 151/454/174 131/453/174 
f 231/451/173 233/455/175 152/456/175 
f 152/456/175 150/452/173 231/451/173 
f 132/457/176 131/453/174 151/454/174 
f 151/454/174 153/458/176 132/457/176 
f 233/455/175 235/459/177 154/460/177 
f 154/460/177 152/456/175 233/455/175 
f 140/461/178 132/457/176 153/458/176 
f 153/458/176 155/462/178 140/461/178 
f 235/459/177 237/463/179 156/464/179 
f 156/464/179 154/460/177 235/459/177 
f 139/465/180 140/461/178 155/462/178 
f 155/462/178 157/466/180 139/465/180 
f 237/463/179 239/467/181 158/468/181 
f 158/468/181 156/464/179 237/463/179 
f 138/469/182 139/465/180 157/466/180 
f 157/466/180 159/470/182 138/469/182 
f 239/467/181 222/471/183 160/472/183 
f 160/472/183 158/468/181 239/467/181 
f 137/434/165 138/469/182 159/470/182 
f 159/470/182 142/435/165 137/434/165 
f 222/471/183 221/437/166 143/440/166 
f 143/440/166 160/472/183 222/471/183 
f 224/473/184 223/474/185 202/475/185 
f 202/475/185 201/476/184 224/473/184 
f 192/477/183 191/478/166 204/479/166 
f 204/479/166 203/480/183 192/477/183 
f 226/481/186 224/473/184 201/476/184 
f 201/476/184 205/482/186 226/481/186 
f 191/478/166 193/483/187 206/484/187 
f 206/484/187 204/479/166 191/478/166 
f 228/485/168 226/481/186 205/482/186 
f 205/482/186 207/486/168 228/485/168 
f 193/483/187 194/487/169 208/488/169 
f 208/488/169 206/484/187 193/483/187 
f 230/489/188 228/485/168 207/486/168 
f 207/486/168 209/490/188 230/489/188 
f 194/487/169 195/491/189 210/492/189 
f 210/492/189 208/488/169 194/487/169 
f 232/493/190 230/489/188 209/490/188 
f 209/490/188 211/494/190 232/493/190 
f 195/491/189 196/495/173 212/496/173 
f 212/496/173 210/492/189 195/491/189 
f 234/497/191 232/493/190 211/494/190 
f 211/494/190 213/498/191 234/497/191 
f 196/495/173 197/499/175 214/500/175 
f 214/500/175 212/496/173 196/495/173 
f 236/501/192 234/497/191 213/498/191 
f 213/498/191 215/502/192 236/501/192 
f 197/499/175 198/503/193 216/504/193 
f 216/504/193 214/500/175 197/499/175 
f 238/505/194 236/501/192 215/502/192 
f 215/502/192 217/506/194 238/505/194 
f 198/503/193 199/507/179 218/508/179 
f 218/508/179 216/504/193 198/503/193 
f 240/509/195 238/505/194 217/506/194 
f 217/506/194 219/510/195 240/509/195 
f 199/507/179 200/511/196 220/512/196 
f 220/512/196 218/508/179 199/507/179 
f 223/474/185 240/509/195 219/510/195 
f 219/510/195 202/475/185 223/474/185 
f 200/511/196 192/477/183 203/480/183 
f 203/480/183 220/512/196 200/511/196 
f 241/513/197 242/514/197 243/515/197 
f 243/515/197 244/516/197 241/513/197 
f 245/517/198 241/513/198 244/516/198 
f 244/516/198 246/518/198 245/517/198 
f 247/519/199 245/517/199 246/518/199 
f 246/518/199 248/520/199 247/519/199 
f 249/521/200 247/519/200 248/520/200 
f 248/520/200 250/522/200 249/521/200 
f 251/523/201 249/524/201 250/525/201 
f 250/525/201 252/526/201 251/523/201 
f 253/527/202 251/528/202 252/529/202 
f 252/529/202 254/530/202 253/527/202 
f 255/531/203 253/527/203 254/530/203 
f 254/530/203 256/532/203 255/531/203 
f 257/533/204 255/531/204 256/532/204 
f 256/532/204 258/534/204 257/533/204 
f 259/535/205 257/533/205 258/534/205 
f 258/534/205 260/536/205 259/535/205 
f 242/537/206 259/538/206 260/539/206 
f 260/539/206 243/540/206 242/537/206 
f 184/541/207 183/542/208 242/543/208 
f 242/543/208 241/544/207 184/541/207 
f 261/545/209 262/546/210 244/547/210 
f 244/547/210 243/548/209 261/545/209 
f 185/549/211 184/541/207 241/544/207 
f 241/544/207 245/550/211 185/549/211 
f 262/546/210 263/551/212 246/552/212 
f 246/552/212 244/547/210 262/546/210 
f 186/553/213 185/549/211 245/550/211 
f 245/550/211 247/554/213 186/553/213 
f 263/551/212 264/555/214 248/556/214 
f 248/556/214 246/552/212 263/551/212 
f 187/557/215 186/553/213 247/554/213 
f 247/554/213 249/558/215 187/557/215 
f 264/555/214 265/559/216 250/560/216 
f 250/560/216 248/556/214 264/555/214 
f 188/561/217 187/557/215 249/558/215 
f 249/558/215 251/562/217 188/561/217 
f 265/559/216 266/563/218 252/564/218 
f 252/564/218 250/560/216 265/559/216 
f 189/565/219 188/561/217 251/562/217 
f 251/562/217 253/566/219 189/565/219 
f 266/563/218 267/567/220 254/568/220 
f 254/568/220 252/564/218 266/563/218 
f 190/569/221 189/565/219 253/566/219 
f 253/566/219 255/570/221 190/569/221 
f 267/567/220 268/571/222 256/572/222 
f 256/572/222 254/568/220 267/567/220 
f 181/573/223 190/569/221 255/570/221 
f 255/570/221 257/574/223 181/573/223 
f 268/571/222 269/575/224 258/576/224 
f 258/576/224 256/572/222 268/571/222 
f 182/577/225 181/573/223 257/574/223 
f 257/574/223 259/578/225 182/577/225 
f 269/575/224 270/579/226 260/580/226 
f 260/580/226 258/576/224 269/575/224 
f 183/542/208 182/577/225 259/578/225 
f 259/578/225 242/543/208 183/542/208 
f 270/579/226 261/545/209 243/548/209 
f 243/548/209 260/580/226 270/579/226 
f 267/581/227 266/582/227 271/583/227 
f 271/583/227 272/584/227 267/581/227 
f 266/585/228 265/586/228 273/587/228 
f 273/587/228 271/588/228 266/585/228 
f 265/589/229 264/590/229 274/591/229 
f 274/591/229 273/592/229 265/589/229 
f 264/590/230 263/593/230 275/594/230 
f 275/594/230 274/591/230 264/590/230 
f 263/593/231 262/595/231 276/596/231 
f 276/596/231 275/594/231 263/593/231 
f 262/595/232 261/597/232 277/598/232 
f 277/598/232 276/596/232 262/595/232 
f 261/599/233 270/600/233 278/601/233 
f 278/601/233 277/602/233 261/599/233 
f 270/603/234 269/604/234 279/605/234 
f 279/605/234 278/606/234 270/603/234 
f 269/604/235 268/607/235 280/608/235 
f 280/608/235 279/605/235 269/604/235 
f 268/607/236 267/581/236 272/584/236 
f 272/584/236 280/608/236 268/607/236 
f 281/609/237 282/610/237 283/611/237 
f 284/612/238 281/613/238 283/614/238 
f 285/615/239 284/612/239 283/614/239 
f 286/616/240 285/615/240 283/614/240 
f 287/617/241 286/616/241 283/614/241 
f 288/618/242 287/619/242 283/620/242 
f 289/621/243 288/622/243 283/623/243 
f 290/624/244 289/621/244 283/623/244 
f 291/625/245 290/624/245 283/623/245 
f 282/626/246 291/625/246 283/623/246 
f 292/627/247 293/628/247 294/629/247 
f 294/629/247 295/630/247 292/627/247 
f 296/631/248 292/632/248 295/633/248 
f 295/633/248 297/634/248 296/631/248 
f 298/635/249 296/631/249 297/634/249 
f 297/634/249 299/636/249 298/635/249 
f 300/637/250 298/635/250 299/636/250 
f 299/636/250 301/638/250 300/637/250 
f 302/639/251 300/637/251 301/638/251 
f 301/638/251 303/640/251 302/639/251 
f 304/641/252 302/642/252 303/643/252 
f 303/643/252 305/644/252 304/641/252 
f 306/645/253 304/646/253 305/647/253 
f 305/647/253 307/648/253 306/645/253 
f 308/649/254 306/645/254 307/648/254 
f 307/648/254 309/650/254 308/649/254 
f 310/651/255 308/649/255 309/650/255 
f 309/650/255 311/652/255 310/651/255 
f 293/653/256 310/651/256 311/652/256 
f 311/652/256 294/654/256 293/653/256 
f 277/655/257 278/656/258 293/657/258 
f 293/657/258 292/658/257 277/655/257 
f 282/659/259 281/660/260 312/661/260 
f 312/661/260 313/662/261 282/659/259 
f 276/663/262 277/655/257 292/658/257 
f 292/658/257 296/664/262 276/663/262 
f 281/660/260 284/665/263 314/666/263 
f 314/666/263 312/661/260 281/660/260 
f 275/667/264 276/663/262 296/664/262 
f 296/664/262 298/668/264 275/667/264 
f 284/665/263 285/669/265 315/670/265 
f 315/670/265 314/666/263 284/665/263 
f 274/671/266 275/667/264 298/668/264 
f 298/668/264 300/672/266 274/671/266 
f 285/669/265 286/673/267 316/674/267 
f 316/674/267 315/670/265 285/669/265 
f 273/675/268 274/671/266 300/672/266 
f 300/672/266 302/676/268 273/675/268 
f 286/673/267 287/677/269 317/678/269 
f 317/678/269 316/674/267 286/673/267 
f 271/679/270 273/675/268 302/676/268 
f 302/676/268 304/680/270 271/679/270 
f 287/677/269 288/681/271 318/682/271 
f 318/682/271 317/678/269 287/677/269 
f 272/683/272 271/679/270 304/680/270 
f 304/680/270 306/684/272 272/683/272 
f 288/681/271 289/685/273 319/686/273 
f 319/686/273 318/682/271 288/681/271 
f 280/687/274 272/683/272 306/684/272 
f 306/684/272 308/688/275 280/687/274 
f 289/685/273 290/689/276 320/690/276 
f 320/690/276 319/686/273 289/685/273 
f 279/691/277 280/687/274 308/688/275 
f 308/688/275 310/692/277 279/691/277 
f 290/689/276 291/693/278 321/694/278 
f 321/694/278 320/690/276 290/689/276 
f 278/656/258 279/691/277 310/692/277 
f 310/692/277 293/657/258 278/656/258 
f 291/693/278 282/659/259 313/662/261 
f 313/662/261 321/694/278 291/693/278 
f 322/695/256 323/696/256 321/697/256 
f 321/697/256 313/698/256 322/695/256 
f 324/699/279 322/700/279 313/701/279 
f 313/701/279 312/702/279 324/699/279 
f 325/703/280 324/704/280 312/705/280 
f 312/705/280 314/706/280 325/703/280 
f 326/707/281 325/703/281 314/706/281 
f 314/706/281 315/708/281 326/707/281 
f 327/709/250 326/707/250 315/708/250 
f 315/708/250 316/710/250 327/709/250 
f 328/711/251 327/709/251 316/710/251 
f 316/710/251 317/712/251 328/711/251 
f 329/713/252 328/714/252 317/715/252 
f 317/715/252 318/716/252 329/713/252 
f 330/717/253 329/718/253 318/719/253 
f 318/719/253 319/720/253 330/717/253 
f 331/721/282 330/717/282 319/720/282 
f 319/720/282 320/722/282 331/721/282 
f 323/696/283 331/721/283 320/722/283 
f 320/722/283 321/697/283 323/696/283 
f 332/723/256 333/724/256 334/725/256 
f 334/725/256 335/726/256 332/723/256 
f 336/727/247 332/728/247 335/729/247 
f 335/729/247 337/730/247 336/727/247 
f 338/731/248 336/732/248 337/733/248 
f 337/733/248 339/734/248 338/731/248 
f 340/735/249 338/731/249 339/734/249 
f 339/734/249 341/736/249 340/735/249 
f 342/737/250 340/735/250 341/736/250 
f 341/736/250 343/738/250 342/737/250 
f 344/739/251 342/737/251 343/738/251 
f 343/738/251 345/740/251 344/739/251 
f 346/741/252 344/742/252 345/743/252 
f 345/743/252 347/744/252 346/741/252 
f 348/745/253 346/746/253 347/747/253 
f 347/747/253 349/748/253 348/745/253 
f 350/749/254 348/745/254 349/748/254 
f 349/748/254 351/750/254 350/749/254 
f 333/724/255 350/749/255 351/750/255 
f 351/750/255 334/725/255 333/724/255 
f 294/751/284 311/752/285 333/753/285 
f 333/753/285 332/754/284 294/751/284 
f 323/755/278 322/756/261 335/757/261 
f 335/757/261 334/758/278 323/755/278 
f 295/759/286 294/751/284 332/754/284 
f 332/754/284 336/760/286 295/759/286 
f 322/756/261 324/761/287 337/762/287 
f 337/762/287 335/757/261 322/756/261 
f 297/763/288 295/759/286 336/760/286 
f 336/760/286 338/764/288 297/763/288 
f 324/761/287 325/765/263 339/766/263 
f 339/766/263 337/762/287 324/761/287 
f 299/767/289 297/763/288 338/764/288 
f 338/764/288 340/768/289 299/767/289 
f 325/765/263 326/769/290 341/770/290 
f 341/770/290 339/766/263 325/765/263 
f 301/771/291 299/767/289 340/768/289 
f 340/768/289 342/772/291 301/771/291 
f 326/769/290 327/773/267 343/774/267 
f 343/774/267 341/770/290 326/769/290 
f 303/775/292 301/771/291 342/772/291 
f 342/772/291 344/776/292 303/775/292 
f 327/773/267 328/777/269 345/778/269 
f 345/778/269 343/774/267 327/773/267 
f 305/779/293 303/775/292 344/776/292 
f 344/776/292 346/780/293 305/779/293 
f 328/777/269 329/781/271 347/782/271 
f 347/782/271 345/778/269 328/777/269 
f 307/783/294 305/779/293 346/780/293 
f 346/780/293 348/784/294 307/783/294 
f 329/781/271 330/785/273 349/786/273 
f 349/786/273 347/782/271 329/781/271 
f 309/787/295 307/783/294 348/784/294 
f 348/784/294 350/788/295 309/787/295 
f 330/785/273 331/789/296 351/790/296 
f 351/790/296 349/786/273 330/785/273 
f 311/752/285 309/787/295 350/788/295 
f 350/788/295 333/753/285 311/752/285 
f 331/789/296 323/755/278 334/758/278 
f 334/758/278 351/790/296 331/789/296 
f 352/791/297 353/792/297 354/793/298 
f 354/793/298 355/794/298 352/791/297 
f 353/795/299 356/796/299 357/797/300 
f 357/797/300 354/798/300 353/795/299 
f 356/796/96 358/799/96 359/800/301 
f 359/800/301 357/797/301 356/796/96 
f 358/799/302 360/801/302 361/802/303 
f 361/802/303 359/800/303 358/799/302 
f 360/803/304 362/804/304 363/805/305 
f 363/805/305 361/806/305 360/803/304 
f 362/807/306 364/808/306 365/809/307 
f 365/809/307 363/810/308 362/807/306 
f 364/808/309 352/811/309 355/812/310 
f 355/812/310 365/809/311 364/808/309 
f 353/813/312 352/814/312 366/815/312 
f 356/816/313 353/813/312 366/815/312 
f 358/817/312 356/816/313 366/815/312 
f 360/818/312 358/817/312 366/815/312 
f 362/819/313 360/818/312 366/815/312 
f 364/820/312 362/819/313 366/815/312 
f 352/814/312 364/820/312 366/815/312 
f 355/794/298 354/793/298 367/821/314 
f 354/798/300 357/797/300 367/822/315 
f 357/797/301 359/800/301 367/822/316 
f 359/800/303 361/802/303 367/822/317 
f 361/806/305 363/805/305 367/823/318 
f 363/810/308 365/809/307 367/824/319 
f 365/809/311 355/812/310 367/824/320 
f 368/825/321 369/826/322 370/827/323 
f 370/827/323 371/828/324 368/825/321 
f 369/826/322 372/829/325 373/830/326 
f 373/830/326 370/827/323 369/826/322 
f 372/829/325 374/831/327 375/832/328 
f 375/832/328 373/830/326 372/829/325 
f 374/831/327 376/833/329 377/834/330 
f 377/834/330 375/832/328 374/831/327 
f 376/833/329 378/835/331 379/836/332 
f 379/836/332 377/834/330 376/833/329 
f 378/835/331 380/837/333 381/838/334 
f 381/838/334 379/836/332 378/835/331 
f 380/837/333 382/839/335 383/840/336 
f 383/840/336 381/838/334 380/837/333 
f 382/839/335 384/841/337 385/842/338 
f 385/842/338 383/840/336 382/839/335 
f 384/841/337 386/843/339 387/844/340 
f 387/844/340 385/842/338 384/841/337 
f 386/843/339 388/845/341 389/846/342 
f 389/846/342 387/844/340 386/843/339 
f 388/845/341 390/847/343 391/848/344 
f 391/848/344 389/846/342 388/845/341 
f 390/847/343 392/849/345 393/850/346 
f 393/850/346 391/848/344 390/847/343 
f 392/849/345 394/851/347 395/852/348 
f 395/852/348 393/850/346 392/849/345 
f 394/851/347 396/853/349 397/854/350 
f 397/854/350 395/852/348 394/851/347 
f 396/853/349 368/825/321 371/828/324 
f 371/828/324 397/854/350 396/853/349 
f 398/855/351 399/856/352 400/857/353 
f 401/858/354 398/855/351 400/857/353 
f 402/859/355 401/858/354 400/857/353 
f 403/860/356 402/859/355 400/857/353 
f 404/861/357 403/860/356 400/857/353 
f 405/862/358 404/861/357 400/857/353 
f 406/863/359 405/862/358 400/857/353 
f 407/864/360 406/863/359 400/857/353 
f 408/865/361 407/864/360 400/857/353 
f 409/866/362 408/865/361 400/857/353 
f 410/867/363 409/866/362 400/857/353 
f 411/868/364 410/867/363 400/857/353 
f 412/869/365 411/868/364 400/857/353 
f 413/870/366 412/869/365 400/857/353 
f 399/856/352 413/870/366 400/857/353 
f 389/871/342 391/872/344 414/873/367 
f 414/873/367 415/874/368 389/871/342 
f 387/875/340 389/871/342 415/874/368 
f 415/874/368 416/876/369 387/875/340 
f 385/877/338 387/878/340 416/879/369 
f 416/879/369 417/880/370 385/877/338 
f 383/881/336 385/877/338 417/880/370 
f 417/880/370 418/882/371 383/881/336 
f 381/883/334 383/881/336 418/882/371 
f 418/882/371 419/884/372 381/883/334 
f 379/885/332 381/883/334 419/884/372 
f 419/884/372 420/886/373 379/885/332 
f 377/887/330 379/885/332 420/886/373 
f 420/886/373 421/888/374 377/887/330 
f 375/889/328 377/890/330 421/891/374 
f 421/891/374 422/892/375 375/889/328 
f 373/893/326 375/889/328 422/892/375 
f 422/892/375 423/894/376 373/893/326 
f 370/895/323 373/893/326 423/894/376 
f 423/894/376 424/896/377 370/895/323 
f 371/897/324 370/898/323 424/899/377 
f 424/899/377 425/900/378 371/897/324 
f 397/901/350 371/897/324 425/900/378 
f 425/900/378 426/902/379 397/901/350 
f 395/903/348 397/901/350 426/902/379 
f 426/902/379 427/904/380 395/903/348 
f 393/905/346 395/903/348 427/904/380 
f 427/904/380 428/906/381 393/905/346 
f 391/872/344 393/907/346 428/908/381 
f 428/908/381 414/873/367 391/872/344 
f 416/909/369 415/910/368 429/911/382 
f 429/911/382 430/912/383 416/909/369 
f 417/880/370 416/879/369 430/913/383 
f 430/913/383 431/914/384 417/880/370 
f 418/882/371 417/880/370 431/914/384 
f 431/914/384 432/915/385 418/882/371 
f 419/884/372 418/882/371 432/915/385 
f 432/915/385 433/916/386 419/884/372 
f 420/886/373 419/884/372 433/916/386 
f 433/916/386 434/917/387 420/886/373 
f 421/888/374 420/886/373 434/917/387 
f 434/917/387 435/918/388 421/888/374 
f 422/919/375 421/920/374 435/921/388 
f 435/921/388 436/922/389 422/919/375 
f 423/923/376 422/919/375 436/922/389 
f 436/922/389 437/924/390 423/923/376 
f 424/925/377 423/923/376 437/924/390 
f 437/924/390 438/926/391 424/925/377 
f 425/900/378 424/899/377 438/927/391 
f 438/927/391 439/928/392 425/900/378 
f 426/902/379 425/900/378 439/928/392 
f 439/928/392 440/929/393 426/902/379 
f 427/904/380 426/902/379 440/929/393 
f 440/929/393 441/930/394 427/904/380 
f 428/906/381 427/904/380 441/930/394 
f 441/930/394 442/931/395 428/906/381 
f 414/932/367 428/933/381 442/934/395 
f 442/934/395 443/935/396 414/932/367 
f 415/910/368 414/932/367 443/935/396 
f 443/935/396 429/911/382 415/910/368 
f 429/911/382 443/935/396 444/936/397 
f 444/936/397 445/937/398 429/911/382 
f 430/912/383 429/911/382 445/937/398 
f 445/937/398 446/938/399 430/912/383 
f 431/939/384 430/912/383 446/938/399 
f 446/938/399 447/940/400 431/939/384 
f 432/941/385 431/939/384 447/940/400 
f 447/940/400 448/942/401 432/941/385 
f 433/943/386 432/941/385 448/942/401 
f 448/942/401 449/944/402 433/943/386 
f 434/945/387 433/943/386 449/944/402 
f 449/944/402 450/946/403 434/945/387 
f 435/921/388 434/945/387 450/946/403 
f 450/946/403 451/947/404 435/921/388 
f 436/922/389 435/921/388 451/947/404 
f 451/947/404 452/948/405 436/922/389 
f 437/924/390 436/922/389 452/948/405 
f 452/948/405 453/949/406 437/924/390 
f 438/926/391 437/924/390 453/949/406 
f 453/949/406 454/950/407 438/926/391 
f 439/951/392 438/926/391 454/950/407 
f 454/950/407 455/952/408 439/951/392 
f 440/953/393 439/951/392 455/952/408 
f 455/952/408 456/954/409 440/953/393 
f 441/955/394 440/953/393 456/954/409 
f 456/954/409 457/956/410 441/955/394 
f 442/934/395 441/955/394 457/956/410 
f 457/956/410 458/957/411 442/934/395 
f 443/935/396 442/934/395 458/957/411 
f 458/957/411 444/936/397 443/935/396 
f 455/958/412 454/959/413 459/960/414 
f 459/960/414 460/961/415 455/958/412 
f 454/959/413 453/962/416 461/963/417 
f 461/963/417 459/960/414 454/959/413 
f 453/964/416 452/965/418 462/966/419 
f 462/966/419 461/967/417 453/964/416 
f 452/965/418 451/968/420 463/969/421 
f 463/969/421 462/966/419 452/965/418 
f 451/970/420 450/971/422 464/972/423 
f 464/972/423 463/973/421 451/970/420 
f 450/971/422 449/974/424 465/975/425 
f 465/975/425 464/972/423 450/971/422 
f 449/974/424 448/976/426 466/977/427 
f 466/977/427 465/975/425 449/974/424 
f 448/976/426 447/978/428 467/979/429 
f 467/979/429 466/977/427 448/976/426 
f 447/978/428 446/980/430 468/981/431 
f 468/981/431 467/979/429 447/978/428 
f 446/982/430 445/983/432 469/984/433 
f 469/984/433 468/985/431 446/982/430 
f 445/983/432 444/986/434 470/987/435 
f 470/987/435 469/984/433 445/983/432 
f 444/988/434 458/989/436 471/990/437 
f 471/990/437 470/991/435 444/988/434 
f 458/989/436 457/992/438 472/993/439 
f 472/993/439 471/990/437 458/989/436 
f 457/992/438 456/994/440 473/995/441 
f 473/995/441 472/993/439 457/992/438 
f 456/994/440 455/958/412 460/961/415 
f 460/961/415 473/995/441 456/994/440 
f 470/987/435 471/996/437 474/997/96 
f 469/984/433 470/987/435 474/997/96 
f 468/985/431 469/984/433 474/997/96 
f 467/979/429 468/981/431 474/998/96 
f 466/977/427 467/979/429 474/998/96 
f 465/975/425 466/977/427 474/998/96 
f 464/972/423 465/975/425 474/998/96 
f 463/973/421 464/972/423 474/998/96 
f 462/966/419 463/969/421 474/999/96 
f 461/967/417 462/966/419 474/999/96 
f 459/1000/414 461/967/417 474/999/96 
f 460/961/415 459/960/414 474/1001/96 
f 473/995/441 460/961/415 474/1001/96 
f 472/993/439 473/995/441 474/1001/96 
f 471/990/437 472/993/439 474/1001/96 
f 369/1002/442 368/1003/443 399/1004/443 
f 399/1004/443 398/1005/442 369/1002/442 
f 372/1006/444 369/1007/442 398/1008/442 
f 398/1008/442 401/1009/444 372/1006/444 
f 374/1010/445 372/1006/444 401/1009/444 
f 401/1009/444 402/1011/445 374/1010/445 
f 376/1012/446 374/1010/445 402/1011/445 
f 402/1011/445 403/1013/446 376/1012/446 
f 378/1014/447 376/1015/446 403/1016/446 
f 403/1016/446 404/1017/447 378/1014/447 
f 380/1018/448 378/1014/447 404/1017/447 
f 404/1017/447 405/1019/448 380/1018/448 
f 382/1020/449 380/1018/448 405/1019/448 
f 405/1019/448 406/1021/449 382/1020/449 
f 384/1022/450 382/1020/449 406/1021/449 
f 406/1021/449 407/1023/450 384/1022/450 
f 386/1024/451 384/1022/450 407/1023/450 
f 407/1023/450 408/1025/451 386/1024/451 
f 388/1026/452 386/1027/451 408/1028/451 
f 408/1028/451 409/1029/452 388/1026/452 
f 390/1030/453 388/1026/452 409/1029/452 
f 409/1029/452 410/1031/453 390/1030/453 
f 392/1032/454 390/1030/453 410/1031/453 
f 410/1031/453 411/1033/454 392/1032/454 
f 394/1034/455 392/1035/454 411/1036/454 
f 411/1036/454 412/1037/455 394/1034/455 
f 396/1038/456 394/1034/455 412/1037/455 
f 412/1037/455 413/1039/456 396/1038/456 
f 368/1003/443 396/1038/456 413/1039/456 
f 413/1039/456 399/1004/443 368/1003/443 
f 475/1040/457 476/1041/457 477/1042/457 
f 477/1042/457 478/1043/457 475/1040/457 
f 479/1044/458 480/1045/459 481/1046/460 
f 481/1046/460 482/1047/460 479/1044/458 
f 480/1048/461 483/1049/462 484/1050/463 
f 484/1050/463 481/1051/464 480/1048/461 
f 483/1052/465 485/1053/466 486/1054/467 
f 486/1054/467 484/1055/467 483/1052/465 
f 485/1056/468 479/1057/469 482/1058/470 
f 482/1058/470 486/1059/471 485/1056/468 
f 487/1060/472 488/1061/473 489/1062/474 
f 489/1062/474 490/1063/474 487/1060/472 
f 488/1064/475 491/1065/475 492/1066/476 
f 492/1066/476 489/1067/477 488/1064/475 
f 491/1068/478 493/1069/479 494/1070/480 
f 494/1070/480 492/1071/480 491/1068/478 
f 493/1072/481 487/1073/482 490/1074/483 
f 490/1074/483 494/1075/483 493/1072/481 
f 495/1076/484 496/1077/484 475/1078/484 
f 475/1078/484 478/1079/484 495/1076/484 
f 497/1080/485 477/1081/485 492/1071/480 
f 492/1071/480 494/1070/480 497/1080/485 
f 489/1067/477 492/1066/476 477/1082/486 
f 477/1082/486 476/1083/486 489/1067/477 
f 494/1075/487 490/1074/487 498/1084/488 
f 498/1084/488 497/1085/489 494/1075/487 
f 476/1086/490 498/1087/490 490/1063/474 
f 490/1063/474 489/1062/474 476/1086/490 
f 481/1051/464 484/1050/463 499/1088/491 
f 499/1088/491 500/1089/491 481/1051/464 
f 501/1090/492 502/1091/492 503/1092/492 
f 503/1092/492 504/1093/492 501/1090/492 
f 505/1094/493 506/1095/493 502/1091/493 
f 502/1091/493 501/1090/493 505/1094/493 
f 506/1096/494 500/1097/494 503/1098/495 
f 503/1098/495 502/1099/495 506/1096/494 
f 500/1089/496 499/1088/496 504/1100/496 
f 504/1100/496 503/1101/496 500/1089/496 
f 499/1102/497 505/1103/497 501/1104/498 
f 501/1104/498 504/1105/498 499/1102/497 
f 484/1055/467 486/1054/467 505/1103/497 
f 505/1103/497 499/1102/497 484/1055/467 
f 486/1059/471 482/1058/470 506/1095/499 
f 506/1095/499 505/1094/499 486/1059/471 
f 500/1097/494 506/1096/494 482/1047/460 
f 482/1047/460 481/1046/460 500/1097/494 
f 475/1106/474 496/1107/474 498/1087/490 
f 498/1087/490 476/1086/490 475/1106/474 
f 497/1085/489 498/1084/488 496/1077/500 
f 496/1077/500 495/1076/500 497/1085/489 
f 478/1108/480 477/1081/485 497/1080/485 
f 497/1080/485 495/1109/480 478/1108/480 
f 479/1057/469 485/1056/468 507/1110/501 
f 507/1110/501 508/1111/502 479/1057/469 
f 508/1112/503 509/1113/503 480/1045/459 
f 480/1045/459 479/1044/458 508/1112/503 
f 483/1049/462 480/1048/461 509/1114/504 
f 509/1114/504 510/1115/505 483/1049/462 
f 485/1053/466 483/1052/465 510/1116/506 
f 510/1116/506 507/1117/506 485/1053/466 
f 508/1118/502 507/1119/501 487/1073/482 
f 487/1073/482 493/1072/481 508/1118/502 
f 493/1069/479 491/1068/478 509/1113/503 
f 509/1113/503 508/1112/503 493/1069/479 
f 510/1120/505 509/1121/504 491/1065/475 
f 491/1065/475 488/1064/475 510/1120/505 
f 507/1117/506 510/1116/506 488/1061/473 
f 488/1061/473 487/1060/472 507/1117/506 
f 511/1122/507 512/1123/507 513/1124/507 
f 513/1124/507 514/1125/507 511/1122/507 
f 515/1126/508 516/1127/509 517/1128/510 
f 517/1128/510 518/1129/510 515/1126/508 
f 516/1130/511 519/1131/512 520/1132/513 
f 520/1132/513 517/1133/514 516/1130/511 
f 519/1134/515 521/1135/516 522/1136/517 
f 522/1136/517 520/1137/517 519/1134/515 
f 521/1138/518 515/1139/519 518/1140/520 
f 518/1140/520 522/1141/521 521/1138/518 
f 523/1142/522 524/1143/523 525/1144/524 
f 525/1144/524 526/1145/525 523/1142/522 
f 524/1146/526 527/1147/527 528/1148/528 
f 528/1148/528 525/1149/529 524/1146/526 
f 527/1150/530 529/1151/531 530/1152/532 
f 530/1152/532 528/1153/533 527/1150/530 
f 529/1154/534 523/1155/535 526/1156/536 
f 526/1156/536 530/1157/536 529/1154/534 
f 531/1158/537 532/1159/537 511/1160/537 
f 511/1160/537 514/1161/537 531/1158/537 
f 533/1162/538 513/1163/538 528/1153/533 
f 528/1153/533 530/1152/532 533/1162/538 
f 525/1149/529 528/1148/528 513/1164/539 
f 513/1164/539 512/1165/539 525/1149/529 
f 530/1157/540 526/1156/540 534/1166/541 
f 534/1166/541 533/1167/542 530/1157/540 
f 512/1168/543 534/1169/543 526/1145/525 
f 526/1145/525 525/1144/524 512/1168/543 
f 517/1133/514 520/1132/513 535/1170/544 
f 535/1170/544 536/1171/544 517/1133/514 
f 537/1172/545 538/1173/545 539/1174/545 
f 539/1174/545 540/1175/545 537/1172/545 
f 541/1176/546 542/1177/546 538/1173/546 
f 538/1173/546 537/1172/546 541/1176/546 
f 542/1178/547 536/1179/548 539/1180/549 
f 539/1180/549 538/1181/549 542/1178/547 
f 536/1171/550 535/1170/550 540/1182/550 
f 540/1182/550 539/1183/550 536/1171/550 
f 535/1184/551 541/1185/552 537/1186/553 
f 537/1186/553 540/1187/553 535/1184/551 
f 520/1137/517 522/1136/517 541/1185/552 
f 541/1185/552 535/1184/551 520/1137/517 
f 522/1141/521 518/1140/520 542/1177/554 
f 542/1177/554 541/1176/554 522/1141/521 
f 536/1179/548 542/1178/547 518/1129/510 
f 518/1129/510 517/1128/510 536/1179/548 
f 511/1188/525 532/1189/525 534/1169/543 
f 534/1169/543 512/1168/543 511/1188/525 
f 533/1167/542 534/1166/541 532/1159/555 
f 532/1159/555 531/1158/555 533/1167/542 
f 514/1190/532 513/1163/538 533/1162/538 
f 533/1162/538 531/1191/532 514/1190/532 
f 515/1139/519 521/1138/518 543/1192/556 
f 543/1192/556 544/1193/557 515/1139/519 
f 544/1194/558 545/1195/558 516/1127/509 
f 516/1127/509 515/1126/508 544/1194/558 
f 519/1131/512 516/1130/511 545/1196/559 
f 545/1196/559 546/1197/560 519/1131/512 
f 521/1135/516 519/1134/515 546/1198/561 
f 546/1198/561 543/1199/561 521/1135/516 
f 544/1200/557 543/1201/556 523/1155/535 
f 523/1155/535 529/1154/534 544/1200/557 
f 529/1151/531 527/1150/530 545/1195/558 
f 545/1195/558 544/1194/558 529/1151/531 
f 546/1202/560 545/1203/559 527/1147/527 
f 527/1147/527 524/1146/526 546/1202/560 
f 543/1199/561 546/1198/561 524/1143/523 
f 524/1143/523 523/1142/522 543/1199/561 
# 1064 faces

#
# object Lampara_B
#

v  -2.7544 10.3899 -0.0539
v  -2.7804 10.3899 -0.1025
v  -2.7433 10.4736 -0.1334
v  -2.7095 10.4736 -0.0701
v  -2.8209 10.3899 -0.1410
v  -2.7960 10.4736 -0.1835
v  -2.8719 10.3899 -0.1658
v  -2.8624 10.4736 -0.2158
v  -2.9285 10.3899 -0.1743
v  -2.9361 10.4736 -0.2269
v  -2.9851 10.3899 -0.1658
v  -3.0097 10.4736 -0.2158
v  -3.0361 10.3899 -0.1410
v  -3.0761 10.4736 -0.1835
v  -3.0766 10.3899 -0.1025
v  -3.1288 10.4736 -0.1334
v  -3.1026 10.3899 -0.0539
v  -3.1627 10.4736 -0.0701
v  -3.1116 10.3899 -0.0000
v  -3.1743 10.4736 -0.0000
v  -3.1026 10.3899 0.0539
v  -3.1627 10.4736 0.0701
v  -3.0766 10.3899 0.1025
v  -3.1288 10.4736 0.1334
v  -3.0361 10.3899 0.1410
v  -3.0761 10.4736 0.1835
v  -2.9851 10.3899 0.1658
v  -3.0097 10.4736 0.2158
v  -2.9285 10.3899 0.1743
v  -2.9361 10.4736 0.2269
v  -2.8719 10.3899 0.1658
v  -2.8624 10.4736 0.2158
v  -2.8209 10.3899 0.1410
v  -2.7960 10.4736 0.1835
v  -2.7804 10.3899 0.1025
v  -2.7433 10.4736 0.1334
v  -2.7544 10.3899 0.0539
v  -2.7095 10.4736 0.0701
v  -2.7454 10.3899 -0.0000
v  -2.6978 10.4736 -0.0000
v  -2.9361 10.3008 -0.0000
v  -2.6595 10.7616 0.1913
v  -2.6110 10.7616 0.1006
v  -2.5926 11.1645 0.1063
v  -2.6439 11.1645 0.2021
v  -2.7352 10.7616 0.2633
v  -2.7238 11.1645 0.2782
v  -2.8304 10.7616 0.3095
v  -2.8245 11.1645 0.3271
v  -2.9361 10.7616 0.3255
v  -2.9361 11.1645 0.3439
v  -3.0417 10.7616 0.3095
v  -3.0477 11.1645 0.3271
v  -3.1370 10.7616 0.2633
v  -3.1483 11.1645 0.2782
v  -3.2126 10.7616 0.1913
v  -3.2282 11.1645 0.2021
v  -3.2611 10.7616 0.1006
v  -3.2795 11.1645 0.1063
v  -3.2779 10.7616 -0.0000
v  -3.2972 11.1645 -0.0000
v  -3.2611 10.7616 -0.1006
v  -3.2795 11.1645 -0.1063
v  -3.2126 10.7616 -0.1913
v  -3.2282 11.1645 -0.2021
v  -3.1370 10.7616 -0.2633
v  -3.1483 11.1645 -0.2782
v  -3.0417 10.7616 -0.3095
v  -3.0477 11.1645 -0.3271
v  -2.9361 10.7616 -0.3255
v  -2.9361 11.1645 -0.3439
v  -2.8304 10.7616 -0.3095
v  -2.8245 11.1645 -0.3271
v  -2.7352 10.7616 -0.2633
v  -2.7238 11.1645 -0.2782
v  -2.6595 10.7616 -0.1913
v  -2.6439 11.1645 -0.2021
v  -2.6110 10.7616 -0.1006
v  -2.5926 11.1645 -0.1063
v  -2.5943 10.7616 -0.0000
v  -2.5749 11.1645 -0.0000
# 81 vertices

vn 0.8258 -0.4973 -0.2660
vn 0.7006 -0.5054 -0.5037
vn 0.7517 -0.3685 -0.5470
vn 0.8847 -0.3668 -0.2878
vn 0.5068 -0.5180 -0.6891
vn 0.5450 -0.3711 -0.7518
vn 0.2670 -0.5334 -0.8026
vn 0.2855 -0.3743 -0.8823
vn 0.0059 -0.5499 -0.8352
vn -0.0012 -0.3779 -0.9259
vn -0.2496 -0.5659 -0.7858
vn -0.2867 -0.3813 -0.8788
vn -0.4752 -0.5799 -0.6618
vn -0.5434 -0.3845 -0.7463
vn -0.6509 -0.5906 -0.4769
vn -0.7464 -0.3869 -0.5415
vn -0.7621 -0.5974 -0.2497
vn -0.8765 -0.3885 -0.2844
vn -0.8002 -0.5997 -0.0000
vn -0.9212 -0.3890 0.0000
vn -0.7622 -0.5974 0.2492
vn -0.8764 -0.3885 0.2844
vn -0.6510 -0.5906 0.4768
vn -0.7464 -0.3869 0.5415
vn -0.4752 -0.5799 0.6618
vn -0.5434 -0.3845 0.7463
vn -0.2495 -0.5659 0.7858
vn -0.2867 -0.3813 0.8788
vn 0.0059 -0.5499 0.8352
vn -0.0012 -0.3779 0.9259
vn 0.2671 -0.5334 0.8026
vn 0.2855 -0.3743 0.8823
vn 0.5069 -0.5180 0.6890
vn 0.5450 -0.3711 0.7518
vn 0.7003 -0.5055 0.5041
vn 0.7517 -0.3685 0.5470
vn 0.8258 -0.4973 0.2660
vn 0.8847 -0.3668 0.2878
vn 0.8692 -0.4944 -0.0000
vn 0.9305 -0.3662 -0.0000
vn 0.3453 -0.9047 -0.2495
vn 0.4034 -0.9056 -0.1306
vn -0.0081 -1.0000 -0.0000
vn 0.2531 -0.9033 -0.3465
vn 0.1351 -0.9014 -0.4114
vn 0.0014 -0.8992 -0.4375
vn -0.1353 -0.8970 -0.4209
vn -0.2609 -0.8949 -0.3620
vn -0.3633 -0.8932 -0.2650
vn -0.4296 -0.8921 -0.1401
vn -0.4526 -0.8917 0.0000
vn -0.4296 -0.8921 0.1401
vn -0.3633 -0.8932 0.2650
vn -0.2613 -0.8949 0.3617
vn -0.1353 -0.8970 0.4209
vn 0.0019 -0.8992 0.4375
vn 0.1355 -0.9014 0.4113
vn 0.2535 -0.9033 0.3462
vn 0.3451 -0.9047 0.2498
vn 0.4034 -0.9056 0.1306
vn 0.4234 -0.9060 0.0000
vn 0.7988 -0.1587 0.5803
vn 0.9390 -0.1587 0.3051
vn 0.9500 -0.0480 0.3087
vn 0.8081 -0.0480 0.5871
vn 0.5803 -0.1587 0.7988
vn 0.5871 -0.0480 0.8081
vn 0.3051 -0.1587 0.9390
vn 0.3087 -0.0480 0.9500
vn -0.0000 -0.1587 0.9873
vn 0.0000 -0.0480 0.9988
vn -0.3051 -0.1587 0.9390
vn -0.3087 -0.0480 0.9500
vn -0.5803 -0.1587 0.7988
vn -0.5871 -0.0480 0.8081
vn -0.7988 -0.1587 0.5803
vn -0.8081 -0.0480 0.5871
vn -0.9390 -0.1587 0.3051
vn -0.9500 -0.0480 0.3087
vn -0.9873 -0.1587 -0.0000
vn -0.9988 -0.0480 0.0000
vn -0.9390 -0.1587 -0.3051
vn -0.9500 -0.0480 -0.3087
vn -0.7988 -0.1587 -0.5803
vn -0.8081 -0.0480 -0.5871
vn -0.5803 -0.1587 -0.7988
vn -0.5871 -0.0480 -0.8081
vn -0.3051 -0.1587 -0.9390
vn -0.3087 -0.0480 -0.9500
vn 0.0000 -0.1587 -0.9873
vn -0.0000 -0.0480 -0.9988
vn 0.3051 -0.1587 -0.9390
vn 0.3087 -0.0480 -0.9500
vn 0.5803 -0.1587 -0.7988
vn 0.5871 -0.0480 -0.8081
vn 0.7988 -0.1587 -0.5803
vn 0.8081 -0.0480 -0.5871
vn 0.9390 -0.1587 -0.3051
vn 0.9500 -0.0480 -0.3087
vn 0.9873 -0.1587 0.0000
vn 0.9988 -0.0480 0.0000
# 101 vertex normals

vt 0.2536 0.0010 0.0000
vt 0.2905 0.0010 0.0000
vt 0.3140 0.0579 0.0000
vt 0.2659 0.0579 0.0000
vt 0.3199 0.0010 0.0000
vt 0.3522 0.0579 0.0000
vt 0.3212 0.5906 0.0000
vt 0.2842 0.5730 0.0000
vt 0.2911 0.5373 0.0000
vt 0.3392 0.5603 0.0000
vt 0.2432 0.5669 0.0000
vt 0.2377 0.5294 0.0000
vt 0.2022 0.5730 0.0000
vt 0.1844 0.5373 0.0000
vt 0.1653 0.5906 0.0000
vt 0.1363 0.5603 0.0000
vt 0.5343 0.0010 0.0000
vt 0.5636 0.0010 0.0000
vt 0.5401 0.0579 0.0000
vt 0.5020 0.0579 0.0000
vt 0.6006 0.0010 0.0000
vt 0.5882 0.0579 0.0000
vt 0.6415 0.0010 0.0000
vt 0.6415 0.0579 0.0000
vt 0.6825 0.0010 0.0000
vt 0.6949 0.0579 0.0000
vt 0.7195 0.0010 0.0000
vt 0.7430 0.0579 0.0000
vt 0.7488 0.0010 0.0000
vt 0.7811 0.0579 0.0000
vt 0.1653 0.7920 0.0000
vt 0.2022 0.8097 0.0000
vt 0.1844 0.8453 0.0000
vt 0.1363 0.8223 0.0000
vt 0.2432 0.8158 0.0000
vt 0.2377 0.8533 0.0000
vt 0.2842 0.8097 0.0000
vt 0.2911 0.8453 0.0000
vt 0.3212 0.7920 0.0000
vt 0.3392 0.8223 0.0000
vt 0.1053 0.0010 0.0000
vt 0.1347 0.0010 0.0000
vt 0.1112 0.0579 0.0000
vt 0.0730 0.0579 0.0000
vt 0.1716 0.0010 0.0000
vt 0.1593 0.0579 0.0000
vt 0.2126 0.0010 0.0000
vt 0.2126 0.0579 0.0000
vt 0.3505 0.6182 0.0000
vt 0.3693 0.6529 0.0000
vt 0.2377 0.6913 0.0000
vt 0.1360 0.6182 0.0000
vt 0.1171 0.6529 0.0000
vt 0.1106 0.6913 0.0000
vt 0.1171 0.7298 0.0000
vt 0.1360 0.7645 0.0000
vt 0.3505 0.7645 0.0000
vt 0.3693 0.7298 0.0000
vt 0.3758 0.6913 0.0000
vt 0.0671 0.2536 0.0000
vt 0.1361 0.2536 0.0000
vt 0.1318 0.5275 0.0000
vt 0.0589 0.5275 0.0000
vt 0.0123 0.2536 0.0000
vt 0.0010 0.5275 0.0000
vt 0.9218 0.7251 0.0000
vt 0.9908 0.7251 0.0000
vt 0.9990 0.9990 0.0000
vt 0.9261 0.9990 0.0000
vt 0.8453 0.7251 0.0000
vt 0.8453 0.9990 0.0000
vt 0.7688 0.7251 0.0000
vt 0.7645 0.9990 0.0000
vt 0.6998 0.7251 0.0000
vt 0.6915 0.9990 0.0000
vt 0.7870 0.2536 0.0000
vt 0.8418 0.2536 0.0000
vt 0.8531 0.5275 0.0000
vt 0.7953 0.5275 0.0000
vt 0.7180 0.2536 0.0000
vt 0.7224 0.5275 0.0000
vt 0.6415 0.2536 0.0000
vt 0.6415 0.5275 0.0000
vt 0.5651 0.2536 0.0000
vt 0.5607 0.5275 0.0000
vt 0.4961 0.2536 0.0000
vt 0.4878 0.5275 0.0000
vt 0.4413 0.2536 0.0000
vt 0.4300 0.5275 0.0000
vt 0.4572 0.8033 0.0000
vt 0.3882 0.8033 0.0000
vt 0.3800 0.5294 0.0000
vt 0.4529 0.5294 0.0000
vt 0.5337 0.8033 0.0000
vt 0.5337 0.5294 0.0000
vt 0.6102 0.8033 0.0000
vt 0.6145 0.5294 0.0000
vt 0.6792 0.8033 0.0000
vt 0.6874 0.5294 0.0000
vt 0.3581 0.2536 0.0000
vt 0.4128 0.2536 0.0000
vt 0.4242 0.5275 0.0000
vt 0.3663 0.5275 0.0000
vt 0.2891 0.2536 0.0000
vt 0.2934 0.5275 0.0000
vt 0.2126 0.2536 0.0000
vt 0.2126 0.5275 0.0000
vt 0.7920 0.5294 0.0000
vt 0.8453 0.5294 0.0000
vt 0.7439 0.5294 0.0000
vt 0.4804 0.9990 0.0000
vt 0.4323 0.9990 0.0000
vt 0.5337 0.9990 0.0000
vt 0.5870 0.9990 0.0000
vt 0.6351 0.9990 0.0000
vt 0.8986 0.5294 0.0000
vt 0.9467 0.5294 0.0000
# 117 texture coords

o Lampara_B
g Lampara_B
usemtl light
s off
f 547/1204/562 548/1205/563 549/1206/564 
f 549/1206/564 550/1207/565 547/1204/562 
f 548/1205/563 551/1208/566 552/1209/567 
f 552/1209/567 549/1206/564 548/1205/563 
f 551/1210/566 553/1211/568 554/1212/569 
f 554/1212/569 552/1213/567 551/1210/566 
f 553/1211/568 555/1214/570 556/1215/571 
f 556/1215/571 554/1212/569 553/1211/568 
f 555/1214/570 557/1216/572 558/1217/573 
f 558/1217/573 556/1215/571 555/1214/570 
f 557/1216/572 559/1218/574 560/1219/575 
f 560/1219/575 558/1217/573 557/1216/572 
f 559/1220/574 561/1221/576 562/1222/577 
f 562/1222/577 560/1223/575 559/1220/574 
f 561/1221/576 563/1224/578 564/1225/579 
f 564/1225/579 562/1222/577 561/1221/576 
f 563/1224/578 565/1226/580 566/1227/581 
f 566/1227/581 564/1225/579 563/1224/578 
f 565/1226/580 567/1228/582 568/1229/583 
f 568/1229/583 566/1227/581 565/1226/580 
f 567/1228/582 569/1230/584 570/1231/585 
f 570/1231/585 568/1229/583 567/1228/582 
f 569/1230/584 571/1232/586 572/1233/587 
f 572/1233/587 570/1231/585 569/1230/584 
f 571/1234/586 573/1235/588 574/1236/589 
f 574/1236/589 572/1237/587 571/1234/586 
f 573/1235/588 575/1238/590 576/1239/591 
f 576/1239/591 574/1236/589 573/1235/588 
f 575/1238/590 577/1240/592 578/1241/593 
f 578/1241/593 576/1239/591 575/1238/590 
f 577/1240/592 579/1242/594 580/1243/595 
f 580/1243/595 578/1241/593 577/1240/592 
f 579/1244/594 581/1245/596 582/1246/597 
f 582/1246/597 580/1247/595 579/1244/594 
f 581/1245/596 583/1248/598 584/1249/599 
f 584/1249/599 582/1246/597 581/1245/596 
f 583/1248/598 585/1250/600 586/1251/601 
f 586/1251/601 584/1249/599 583/1248/598 
f 585/1250/600 547/1204/562 550/1207/565 
f 550/1207/565 586/1251/601 585/1250/600 
f 548/1252/602 547/1253/603 587/1254/604 
f 551/1210/605 548/1252/602 587/1254/604 
f 553/1211/606 551/1210/605 587/1254/604 
f 555/1214/607 553/1211/606 587/1254/604 
f 557/1216/608 555/1214/607 587/1254/604 
f 559/1218/609 557/1216/608 587/1254/604 
f 561/1255/610 559/1218/609 587/1254/604 
f 563/1256/611 561/1255/610 587/1254/604 
f 565/1257/612 563/1256/611 587/1254/604 
f 567/1258/613 565/1257/612 587/1254/604 
f 569/1259/614 567/1258/613 587/1254/604 
f 571/1234/615 569/1259/614 587/1254/604 
f 573/1235/616 571/1234/615 587/1254/604 
f 575/1238/617 573/1235/616 587/1254/604 
f 577/1240/618 575/1238/617 587/1254/604 
f 579/1242/619 577/1240/618 587/1254/604 
f 581/1260/620 579/1242/619 587/1254/604 
f 583/1261/621 581/1260/620 587/1254/604 
f 585/1262/622 583/1261/621 587/1254/604 
f 547/1253/603 585/1262/622 587/1254/604 
f 588/1263/623 589/1264/624 590/1265/625 
f 590/1265/625 591/1266/626 588/1263/623 
f 592/1267/627 588/1263/623 591/1266/626 
f 591/1266/626 593/1268/628 592/1267/627 
f 594/1269/629 592/1270/627 593/1271/628 
f 593/1271/628 595/1272/630 594/1269/629 
f 596/1273/631 594/1269/629 595/1272/630 
f 595/1272/630 597/1274/632 596/1273/631 
f 598/1275/633 596/1273/631 597/1274/632 
f 597/1274/632 599/1276/634 598/1275/633 
f 600/1277/635 598/1275/633 599/1276/634 
f 599/1276/634 601/1278/636 600/1277/635 
f 602/1279/637 600/1280/635 601/1281/636 
f 601/1281/636 603/1282/638 602/1279/637 
f 604/1283/639 602/1279/637 603/1282/638 
f 603/1282/638 605/1284/640 604/1283/639 
f 606/1285/641 604/1283/639 605/1284/640 
f 605/1284/640 607/1286/642 606/1285/641 
f 608/1287/643 606/1285/641 607/1286/642 
f 607/1286/642 609/1288/644 608/1287/643 
f 610/1289/645 608/1287/643 609/1288/644 
f 609/1288/644 611/1290/646 610/1289/645 
f 612/1291/647 610/1289/645 611/1290/646 
f 611/1290/646 613/1292/648 612/1291/647 
f 614/1293/649 612/1294/647 613/1295/648 
f 613/1295/648 615/1296/650 614/1293/649 
f 616/1297/651 614/1293/649 615/1296/650 
f 615/1296/650 617/1298/652 616/1297/651 
f 618/1299/653 616/1297/651 617/1298/652 
f 617/1298/652 619/1300/654 618/1299/653 
f 620/1301/655 618/1299/653 619/1300/654 
f 619/1300/654 621/1302/656 620/1301/655 
f 622/1303/657 620/1304/655 621/1305/656 
f 621/1305/656 623/1306/658 622/1303/657 
f 624/1307/659 622/1303/657 623/1306/658 
f 623/1306/658 625/1308/660 624/1307/659 
f 626/1309/661 624/1307/659 625/1308/660 
f 625/1308/660 627/1310/662 626/1309/661 
f 589/1264/624 626/1309/661 627/1310/662 
f 627/1310/662 590/1265/625 589/1264/624 
f 574/1311/589 576/1312/591 596/1273/631 
f 596/1273/631 598/1275/633 574/1311/589 
f 572/1313/587 574/1311/589 598/1275/633 
f 598/1275/633 600/1277/635 572/1313/587 
f 570/1231/585 572/1233/587 600/1280/635 
f 600/1280/635 602/1279/637 570/1231/585 
f 568/1229/583 570/1231/585 602/1279/637 
f 602/1279/637 604/1283/639 568/1229/583 
f 566/1227/581 568/1229/583 604/1283/639 
f 604/1283/639 606/1285/641 566/1227/581 
f 564/1225/579 566/1227/581 606/1285/641 
f 606/1285/641 608/1287/643 564/1225/579 
f 562/1222/577 564/1225/579 608/1287/643 
f 608/1287/643 610/1289/645 562/1222/577 
f 560/1223/575 562/1222/577 610/1289/645 
f 610/1289/645 612/1291/647 560/1223/575 
f 558/1314/573 560/1315/575 612/1294/647 
f 612/1294/647 614/1293/649 558/1314/573 
f 556/1316/571 558/1314/573 614/1293/649 
f 614/1293/649 616/1297/651 556/1316/571 
f 554/1317/569 556/1316/571 616/1297/651 
f 616/1297/651 618/1299/653 554/1317/569 
f 552/1318/567 554/1317/569 618/1299/653 
f 618/1299/653 620/1301/655 552/1318/567 
f 549/1206/564 552/1209/567 620/1304/655 
f 620/1304/655 622/1303/657 549/1206/564 
f 550/1207/565 549/1206/564 622/1303/657 
f 622/1303/657 624/1307/659 550/1207/565 
f 586/1251/601 550/1207/565 624/1307/659 
f 624/1307/659 626/1309/661 586/1251/601 
f 584/1249/599 586/1251/601 626/1309/661 
f 626/1309/661 589/1264/624 584/1249/599 
f 582/1246/597 584/1249/599 589/1264/624 
f 589/1264/624 588/1263/623 582/1246/597 
f 580/1247/595 582/1246/597 588/1263/623 
f 588/1263/623 592/1267/627 580/1247/595 
f 578/1319/593 580/1320/595 592/1270/627 
f 592/1270/627 594/1269/629 578/1319/593 
f 576/1312/591 578/1319/593 594/1269/629 
f 594/1269/629 596/1273/631 576/1312/591 
# 140 faces

